feedback_id,viewing_id,applicant_id,property_id,timestamp,rating,sentiment,objections,comments
F-1,V-1,A-DEMO-SARAH,P-DEMO-01,2026-08-09 13:00:00,5,0.85,PRICE|TERMS,"Sarah liked the Canary Wharf location, balcony, gym and concierge, but asked for clarity on tenancy terms and value versus budget."
F-2,V-2,A-DEMO-SARAH,P-1143,2026-05-23 17:00:00,3,0.0,PRICE,Applicant liked aspects of the property but raised price sensitivity versus budget.
F-3,V-3,A-DEMO-SARAH,P-1711,2026-05-08 11:00:00,5,1.0,PRICE,"Positive viewing feedback. Applicant liked the layout and Canary Wharf location, with questions about tenancy terms."
F-4,V-4,A-DEMO-SARAH,P-1217,2026-07-23 15:00:00,3,0.0,PRICE,Applicant liked aspects of the property but raised price sensitivity versus budget.
F-5,V-5,A-DEMO-SARAH,P-1698,2026-07-30 17:00:00,5,1.0,PRICE,"Positive viewing feedback. Applicant liked the layout and Canary Wharf location, with questions about tenancy terms."
F-6,V-6,A-DEMO-SARAH,P-1144,2026-07-25 16:00:00,4,0.5,PRICE,"Positive viewing feedback. Applicant liked the layout and Canary Wharf location, with questions about tenancy terms."
F-7,V-7,A-1000,P-2795,2026-06-17 14:00:00,4,0.5,PRICE,"Positive viewing feedback. Applicant liked the layout and Chelsea location, with questions about tenancy terms."
F-8,V-8,A-1000,P-2983,2026-07-06 16:00:00,4,0.5,,"Positive viewing feedback. Applicant liked the layout and Clapham location, with questions about tenancy terms."
F-9,V-9,A-1000,P-1333,2026-06-15 12:00:00,4,0.5,PRICE,"Positive viewing feedback. Applicant liked the layout and Chelsea location, with questions about tenancy terms."
F-10,V-10,A-1000,P-2337,2026-06-11 14:00:00,2,-0.5,CONDITION|TERMS,Applicant had reservations and asked for better matching alternatives.
F-11,V-11,A-1000,P-2109,2026-05-11 17:00:00,4,0.5,,"Positive viewing feedback. Applicant liked the layout and Clapham location, with questions about tenancy terms."
F-12,V-12,A-1000,P-2335,2026-07-14 13:00:00,3,0.0,PRICE|TRANSPORT,Applicant liked aspects of the property but raised price sensitivity versus budget.
F-13,V-13,A-1000,P-1724,2026-05-03 10:00:00,5,1.0,,"Positive viewing feedback. Applicant liked the layout and Clapham location, with questions about tenancy terms."
F-14,V-14,A-1000,P-2893,2026-07-19 11:00:00,4,0.5,,"Positive viewing feedback. Applicant liked the layout and Clapham location, with questions about tenancy terms."
F-15,V-16,A-1001,P-2304,2026-07-16 13:00:00,5,1.0,TRANSPORT,"Positive viewing feedback. Applicant liked the layout and Camden location, with questions about tenancy terms."
F-16,V-17,A-1001,P-1912,2026-06-16 14:00:00,3,0.0,,Applicant had reservations and asked for better matching alternatives.
F-17,V-18,A-1001,P-1810,2026-08-11 13:00:00,5,1.0,,"Positive viewing feedback. Applicant liked the layout and Camden location, with questions about tenancy terms."
F-18,V-19,A-1001,P-1030,2026-07-22 16:00:00,3,0.0,PRICE|TRANSPORT,Applicant liked aspects of the property but raised price sensitivity versus budget.
F-19,V-20,A-1002,P-1043,2026-06-18 11:00:00,2,-0.5,PRICE|AREA,Applicant liked aspects of the property but raised price sensitivity versus budget.
F-20,V-21,A-1002,P-2926,2026-06-17 15:00:00,4,0.5,,"Positive viewing feedback. Applicant liked the layout and Canary Wharf location, with questions about tenancy terms."
F-21,V-23,A-1003,P-1145,2026-06-02 09:00:00,4,0.5,PRICE,"Positive viewing feedback. Applicant liked the layout and Camden location, with questions about tenancy terms."
F-22,V-24,A-1003,P-2092,2026-05-21 12:00:00,5,1.0,,"Positive viewing feedback. Applicant liked the layout and Greenwich location, with questions about tenancy terms."
F-23,V-25,A-1003,P-2443,2026-06-02 09:00:00,4,0.5,PRICE|TERMS,"Positive viewing feedback. Applicant liked the layout and Greenwich location, with questions about tenancy terms."
F-24,V-26,A-1003,P-1063,2026-07-24 16:00:00,4,0.5,PRICE,"Positive viewing feedback. Applicant liked the layout and Camden location, with questions about tenancy terms."
F-25,V-27,A-1003,P-1954,2026-06-07 17:00:00,4,0.5,TRANSPORT,"Positive viewing feedback. Applicant liked the layout and Greenwich location, with questions about tenancy terms."
F-26,V-28,A-1004,P-1032,2026-07-02 16:00:00,3,0.0,PRICE,Applicant liked aspects of the property but raised price sensitivity versus budget.
F-27,V-29,A-1004,P-2705,2026-06-27 11:00:00,5,1.0,,"Positive viewing feedback. Applicant liked the layout and Shoreditch location, with questions about tenancy terms."
F-28,V-30,A-1004,P-2040,2026-05-28 17:00:00,4,0.5,,"Positive viewing feedback. Applicant liked the layout and Shoreditch location, with questions about tenancy terms."
F-29,V-31,A-1004,P-1598,2026-08-03 10:00:00,4,0.5,PRICE|TRANSPORT,"Positive viewing feedback. Applicant liked the layout and Chelsea location, with questions about tenancy terms."
F-30,V-32,A-1004,P-2387,2026-05-31 12:00:00,4,0.5,,"Positive viewing feedback. Applicant liked the layout and Shoreditch location, with questions about tenancy terms."
F-31,V-34,A-1005,P-2619,2026-07-26 09:00:00,5,1.0,,"Positive viewing feedback. Applicant liked the layout and Croydon location, with questions about tenancy terms."
F-32,V-35,A-1005,P-2723,2026-05-17 09:00:00,5,1.0,,"Positive viewing feedback. Applicant liked the layout and Croydon location, with questions about tenancy terms."
F-33,V-36,A-1005,P-1272,2026-06-10 16:00:00,3,0.0,,Applicant had reservations and asked for better matching alternatives.
F-34,V-37,A-1006,P-2765,2026-06-27 16:00:00,4,0.5,PRICE|TRANSPORT,"Positive viewing feedback. Applicant liked the layout and Chelsea location, with questions about tenancy terms."
F-35,V-38,A-1006,P-2129,2026-05-08 10:00:00,2,-0.5,PRICE|AREA,Applicant liked aspects of the property but raised price sensitivity versus budget.
F-36,V-39,A-1006,P-2640,2026-07-23 13:00:00,3,0.0,,Applicant had reservations and asked for better matching alternatives.
F-37,V-40,A-1007,P-1353,2026-08-10 12:00:00,3,0.0,TRANSPORT,Applicant had reservations and asked for better matching alternatives.
F-38,V-41,A-1007,P-1148,2026-08-03 16:00:00,5,1.0,TRANSPORT,"Positive viewing feedback. Applicant liked the layout and Wimbledon location, with questions about tenancy terms."
F-39,V-42,A-1007,P-1629,2026-05-18 09:00:00,4,0.5,PRICE,"Positive viewing feedback. Applicant liked the layout and Camden location, with questions about tenancy terms."
F-40,V-43,A-1008,P-2680,2026-07-24 11:00:00,5,1.0,PRICE,"Positive viewing feedback. Applicant liked the layout and Wimbledon location, with questions about tenancy terms."
F-41,V-44,A-1008,P-1259,2026-07-01 11:00:00,4,0.5,PRICE,"Positive viewing feedback. Applicant liked the layout and Wimbledon location, with questions about tenancy terms."
F-42,V-45,A-1008,P-2341,2026-07-06 10:00:00,4,0.5,,"Positive viewing feedback. Applicant liked the layout and Croydon location, with questions about tenancy terms."
F-43,V-46,A-1008,P-1347,2026-06-17 16:00:00,5,1.0,PRICE,"Positive viewing feedback. Applicant liked the layout and Croydon location, with questions about tenancy terms."
F-44,V-47,A-1009,P-1374,2026-06-16 09:00:00,5,1.0,,"Positive viewing feedback. Applicant liked the layout and Croydon location, with questions about tenancy terms."
F-45,V-48,A-1009,P-2870,2026-05-09 09:00:00,4,0.5,PRICE,"Positive viewing feedback. Applicant liked the layout and Camden location, with questions about tenancy terms."
F-46,V-49,A-1009,P-1505,2026-06-19 15:00:00,2,-0.5,PRICE|SIZE,Applicant liked aspects of the property but raised price sensitivity versus budget.
F-47,V-51,A-1009,P-1615,2026-06-11 17:00:00,3,0.0,PRICE|TRANSPORT,Applicant liked aspects of the property but raised price sensitivity versus budget.
F-48,V-52,A-1010,P-2276,2026-07-11 10:00:00,5,1.0,,"Positive viewing feedback. Applicant liked the layout and Croydon location, with questions about tenancy terms."
F-49,V-53,A-1011,P-1043,2026-07-19 10:00:00,5,1.0,PRICE|TERMS,"Positive viewing feedback. Applicant liked the layout and Canary Wharf location, with questions about tenancy terms."
F-50,V-54,A-1011,P-1487,2026-08-09 16:00:00,4,0.5,PRICE,"Positive viewing feedback. Applicant liked the layout and Shoreditch location, with questions about tenancy terms."
F-51,V-56,A-1011,P-1639,2026-07-04 17:00:00,5,1.0,TRANSPORT,"Positive viewing feedback. Applicant liked the layout and Canary Wharf location, with questions about tenancy terms."
F-52,V-57,A-1012,P-1566,2026-07-01 10:00:00,3,0.0,PRICE,Applicant liked aspects of the property but raised price sensitivity versus budget.
F-53,V-58,A-1012,P-2802,2026-06-07 14:00:00,3,0.0,PRICE|TRANSPORT,Applicant liked aspects of the property but raised price sensitivity versus budget.
F-54,V-59,A-1013,P-2801,2026-07-28 14:00:00,5,1.0,,"Positive viewing feedback. Applicant liked the layout and Croydon location, with questions about tenancy terms."
F-55,V-60,A-1013,P-2985,2026-05-17 12:00:00,3,0.0,,Applicant had reservations and asked for better matching alternatives.
F-56,V-61,A-1013,P-2356,2026-07-24 15:00:00,3,0.0,PRICE,Applicant liked aspects of the property but raised price sensitivity versus budget.
F-57,V-62,A-1014,P-2055,2026-07-25 13:00:00,3,0.0,PRICE,Applicant liked aspects of the property but raised price sensitivity versus budget.
F-58,V-63,A-1014,P-1388,2026-05-25 13:00:00,4,0.5,,"Positive viewing feedback. Applicant liked the layout and Hackney location, with questions about tenancy terms."
F-59,V-64,A-1014,P-2031,2026-08-03 17:00:00,5,1.0,PRICE,"Positive viewing feedback. Applicant liked the layout and Hackney location, with questions about tenancy terms."
F-60,V-65,A-1014,P-1113,2026-07-01 10:00:00,5,1.0,,"Positive viewing feedback. Applicant liked the layout and Greenwich location, with questions about tenancy terms."
F-61,V-66,A-1014,P-2482,2026-08-05 16:00:00,4,0.5,,"Positive viewing feedback. Applicant liked the layout and Hackney location, with questions about tenancy terms."
F-62,V-67,A-1014,P-1925,2026-06-25 10:00:00,3,0.0,,Applicant had reservations and asked for better matching alternatives.
F-63,V-68,A-1014,P-1029,2026-06-27 16:00:00,4,0.5,,"Positive viewing feedback. Applicant liked the layout and Hackney location, with questions about tenancy terms."
F-64,V-69,A-1015,P-2311,2026-08-07 10:00:00,4,0.5,,"Positive viewing feedback. Applicant liked the layout and Camden location, with questions about tenancy terms."
F-65,V-70,A-1015,P-1040,2026-07-02 15:00:00,5,1.0,,"Positive viewing feedback. Applicant liked the layout and Croydon location, with questions about tenancy terms."
F-66,V-71,A-1015,P-2733,2026-07-30 11:00:00,4,0.5,,"Positive viewing feedback. Applicant liked the layout and Croydon location, with questions about tenancy terms."
F-67,V-74,A-1016,P-1252,2026-06-05 12:00:00,3,0.0,PRICE,Applicant liked aspects of the property but raised price sensitivity versus budget.
F-68,V-76,A-1016,P-1733,2026-05-27 09:00:00,4,0.5,,"Positive viewing feedback. Applicant liked the layout and Greenwich location, with questions about tenancy terms."
F-69,V-78,A-1016,P-2154,2026-07-31 13:00:00,4,0.5,PRICE|TRANSPORT,"Positive viewing feedback. Applicant liked the layout and Canary Wharf location, with questions about tenancy terms."
F-70,V-79,A-1017,P-1699,2026-07-21 15:00:00,1,-1.0,PRICE|AREA,Applicant liked aspects of the property but raised price sensitivity versus budget.
F-71,V-80,A-1017,P-2916,2026-06-14 12:00:00,2,-0.5,PRICE|CONDITION,Applicant liked aspects of the property but raised price sensitivity versus budget.
F-72,V-81,A-1018,P-1660,2026-06-05 11:00:00,3,0.0,PRICE,Applicant liked aspects of the property but raised price sensitivity versus budget.
F-73,V-82,A-1018,P-1974,2026-08-11 17:00:00,5,1.0,TERMS,"Positive viewing feedback. Applicant liked the layout and Canary Wharf location, with questions about tenancy terms."
F-74,V-83,A-1018,P-2519,2026-06-19 17:00:00,3,0.0,PRICE,Applicant liked aspects of the property but raised price sensitivity versus budget.
F-75,V-85,A-1019,P-2051,2026-07-26 11:00:00,4,0.5,TERMS,"Positive viewing feedback. Applicant liked the layout and Wimbledon location, with questions about tenancy terms."
F-76,V-86,A-1020,P-1943,2026-07-24 10:00:00,5,1.0,TERMS,"Positive viewing feedback. Applicant liked the layout and Wimbledon location, with questions about tenancy terms."
F-77,V-87,A-1020,P-1578,2026-08-06 10:00:00,5,1.0,,"Positive viewing feedback. Applicant liked the layout and Wimbledon location, with questions about tenancy terms."
F-78,V-88,A-1020,P-1369,2026-05-15 16:00:00,4,0.5,PRICE,"Positive viewing feedback. Applicant liked the layout and Shoreditch location, with questions about tenancy terms."
F-79,V-89,A-1020,P-2498,2026-05-23 09:00:00,5,1.0,,"Positive viewing feedback. Applicant liked the layout and Canary Wharf location, with questions about tenancy terms."
F-80,V-90,A-1020,P-1946,2026-06-05 11:00:00,4,0.5,,"Positive viewing feedback. Applicant liked the layout and Canary Wharf location, with questions about tenancy terms."
F-81,V-91,A-1021,P-2341,2026-07-26 11:00:00,4,0.5,,"Positive viewing feedback. Applicant liked the layout and Croydon location, with questions about tenancy terms."
F-82,V-92,A-1021,P-1975,2026-06-29 11:00:00,3,0.0,PRICE|TRANSPORT,Applicant liked aspects of the property but raised price sensitivity versus budget.
F-83,V-93,A-1021,P-1178,2026-07-30 15:00:00,4,0.5,,"Positive viewing feedback. Applicant liked the layout and Croydon location, with questions about tenancy terms."
F-84,V-94,A-1021,P-1640,2026-05-16 13:00:00,4,0.5,PRICE|TERMS,"Positive viewing feedback. Applicant liked the layout and Croydon location, with questions about tenancy terms."
F-85,V-95,A-1022,P-2470,2026-05-28 16:00:00,4,0.5,,"Positive viewing feedback. Applicant liked the layout and Wimbledon location, with questions about tenancy terms."
F-86,V-96,A-1022,P-1148,2026-07-07 17:00:00,5,1.0,TRANSPORT,"Positive viewing feedback. Applicant liked the layout and Wimbledon location, with questions about tenancy terms."
F-87,V-97,A-1022,P-1099,2026-07-30 16:00:00,4,0.5,PRICE|TRANSPORT|TERMS,"Positive viewing feedback. Applicant liked the layout and Fulham location, with questions about tenancy terms."
F-88,V-98,A-1022,P-1481,2026-07-19 13:00:00,5,1.0,PRICE,"Positive viewing feedback. Applicant liked the layout and Wimbledon location, with questions about tenancy terms."
F-89,V-99,A-1022,P-2409,2026-07-10 15:00:00,4,0.5,PRICE|TERMS,"Positive viewing feedback. Applicant liked the layout and Fulham location, with questions about tenancy terms."
F-90,V-100,A-1023,P-2532,2026-07-02 11:00:00,5,1.0,,"Positive viewing feedback. Applicant liked the layout and Greenwich location, with questions about tenancy terms."
F-91,V-102,A-1023,P-2067,2026-07-15 15:00:00,4,0.5,,"Positive viewing feedback. Applicant liked the layout and Greenwich location, with questions about tenancy terms."
F-92,V-103,A-1024,P-2299,2026-07-14 15:00:00,5,1.0,,"Positive viewing feedback. Applicant liked the layout and Canary Wharf location, with questions about tenancy terms."
F-93,V-104,A-1024,P-1293,2026-07-19 15:00:00,5,1.0,TERMS,"Positive viewing feedback. Applicant liked the layout and Canary Wharf location, with questions about tenancy terms."
F-94,V-105,A-1024,P-2160,2026-05-25 11:00:00,5,1.0,TRANSPORT,"Positive viewing feedback. Applicant liked the layout and Canary Wharf location, with questions about tenancy terms."
F-95,V-106,A-1025,P-1387,2026-05-18 13:00:00,4,0.5,,"Positive viewing feedback. Applicant liked the layout and Shoreditch location, with questions about tenancy terms."
F-96,V-107,A-1025,P-2187,2026-07-25 14:00:00,3,0.0,,Applicant had reservations and asked for better matching alternatives.
F-97,V-108,A-1025,P-2761,2026-05-04 12:00:00,3,0.0,,Applicant had reservations and asked for better matching alternatives.
F-98,V-110,A-1026,P-1167,2026-06-21 10:00:00,5,1.0,,"Positive viewing feedback. Applicant liked the layout and Shoreditch location, with questions about tenancy terms."
F-99,V-111,A-1026,P-1487,2026-07-26 13:00:00,5,1.0,PRICE,"Positive viewing feedback. Applicant liked the layout and Shoreditch location, with questions about tenancy terms."
F-100,V-112,A-1027,P-1592,2026-05-30 16:00:00,4,0.5,TRANSPORT,"Positive viewing feedback. Applicant liked the layout and Clapham location, with questions about tenancy terms."
F-101,V-113,A-1027,P-1305,2026-07-15 14:00:00,5,1.0,,"Positive viewing feedback. Applicant liked the layout and Clapham location, with questions about tenancy terms."
F-102,V-114,A-1027,P-1318,2026-07-06 09:00:00,5,1.0,,"Positive viewing feedback. Applicant liked the layout and Clapham location, with questions about tenancy terms."
F-103,V-115,A-1028,P-2644,2026-05-26 16:00:00,4,0.5,TRANSPORT,"Positive viewing feedback. Applicant liked the layout and Clapham location, with questions about tenancy terms."
F-104,V-116,A-1029,P-2706,2026-06-23 09:00:00,5,1.0,,"Positive viewing feedback. Applicant liked the layout and Fulham location, with questions about tenancy terms."
F-105,V-117,A-1029,P-2101,2026-07-27 09:00:00,2,-0.5,PRICE|CONDITION,Applicant liked aspects of the property but raised price sensitivity versus budget.
F-106,V-118,A-1029,P-2484,2026-07-01 16:00:00,4,0.5,TRANSPORT,"Positive viewing feedback. Applicant liked the layout and Islington location, with questions about tenancy terms."
F-107,V-119,A-1029,P-2672,2026-07-07 10:00:00,3,0.0,TRANSPORT,Applicant had reservations and asked for better matching alternatives.
F-108,V-120,A-1029,P-2032,2026-07-17 14:00:00,3,0.0,,Applicant had reservations and asked for better matching alternatives.
F-109,V-122,A-1030,P-1182,2026-08-09 17:00:00,5,1.0,,"Positive viewing feedback. Applicant liked the layout and Wimbledon location, with questions about tenancy terms."
F-110,V-123,A-1030,P-2587,2026-05-15 17:00:00,4,0.5,,"Positive viewing feedback. Applicant liked the layout and Wimbledon location, with questions about tenancy terms."
F-111,V-124,A-1030,P-1621,2026-05-15 15:00:00,4,0.5,,"Positive viewing feedback. Applicant liked the layout and Wimbledon location, with questions about tenancy terms."
F-112,V-125,A-1030,P-2439,2026-06-30 17:00:00,5,1.0,,"Positive viewing feedback. Applicant liked the layout and Wimbledon location, with questions about tenancy terms."
F-113,V-126,A-1031,P-2835,2026-07-26 09:00:00,3,0.0,,Applicant had reservations and asked for better matching alternatives.
F-114,V-127,A-1031,P-1533,2026-05-23 17:00:00,3,0.0,,Applicant had reservations and asked for better matching alternatives.
F-115,V-128,A-1031,P-1977,2026-06-11 12:00:00,4,0.5,,"Positive viewing feedback. Applicant liked the layout and Hackney location, with questions about tenancy terms."
F-116,V-129,A-1031,P-2331,2026-06-03 17:00:00,4,0.5,TRANSPORT,"Positive viewing feedback. Applicant liked the layout and Greenwich location, with questions about tenancy terms."
F-117,V-130,A-1031,P-1245,2026-07-05 10:00:00,3,0.0,,Applicant had reservations and asked for better matching alternatives.
F-118,V-131,A-1031,P-1643,2026-06-26 17:00:00,5,1.0,,"Positive viewing feedback. Applicant liked the layout and Greenwich location, with questions about tenancy terms."
F-119,V-132,A-1031,P-1921,2026-08-01 11:00:00,5,1.0,TRANSPORT,"Positive viewing feedback. Applicant liked the layout and Greenwich location, with questions about tenancy terms."
F-120,V-133,A-1032,P-2281,2026-07-27 09:00:00,5,1.0,PRICE,"Positive viewing feedback. Applicant liked the layout and Battersea location, with questions about tenancy terms."
F-121,V-134,A-1032,P-2688,2026-08-03 09:00:00,5,1.0,,"Positive viewing feedback. Applicant liked the layout and Croydon location, with questions about tenancy terms."
F-122,V-135,A-1032,P-2756,2026-07-31 12:00:00,4,0.5,TRANSPORT,"Positive viewing feedback. Applicant liked the layout and Croydon location, with questions about tenancy terms."
F-123,V-136,A-1032,P-2167,2026-06-16 14:00:00,5,1.0,TERMS,"Positive viewing feedback. Applicant liked the layout and Croydon location, with questions about tenancy terms."
F-124,V-137,A-1032,P-1347,2026-08-09 13:00:00,4,0.5,,"Positive viewing feedback. Applicant liked the layout and Croydon location, with questions about tenancy terms."
F-125,V-138,A-1033,P-2638,2026-06-20 16:00:00,5,1.0,,"Positive viewing feedback. Applicant liked the layout and Wimbledon location, with questions about tenancy terms."
F-126,V-139,A-1033,P-1856,2026-07-27 14:00:00,5,1.0,,"Positive viewing feedback. Applicant liked the layout and Wimbledon location, with questions about tenancy terms."
F-127,V-140,A-1033,P-1056,2026-07-29 12:00:00,5,1.0,,"Positive viewing feedback. Applicant liked the layout and Wimbledon location, with questions about tenancy terms."
F-128,V-141,A-1033,P-1390,2026-07-21 11:00:00,5,1.0,TRANSPORT,"Positive viewing feedback. Applicant liked the layout and Wimbledon location, with questions about tenancy terms."
F-129,V-142,A-1033,P-2072,2026-08-09 16:00:00,5,1.0,TRANSPORT,"Positive viewing feedback. Applicant liked the layout and Wimbledon location, with questions about tenancy terms."
F-130,V-143,A-1034,P-2704,2026-05-22 16:00:00,5,1.0,TERMS,"Positive viewing feedback. Applicant liked the layout and Croydon location, with questions about tenancy terms."
F-131,V-144,A-1034,P-2486,2026-07-31 09:00:00,3,0.0,,Applicant had reservations and asked for better matching alternatives.
F-132,V-145,A-1036,P-1287,2026-05-06 11:00:00,5,1.0,,"Positive viewing feedback. Applicant liked the layout and Stratford location, with questions about tenancy terms."
F-133,V-146,A-1036,P-2039,2026-07-05 15:00:00,3,0.0,,Applicant had reservations and asked for better matching alternatives.
F-134,V-147,A-1036,P-1174,2026-07-18 14:00:00,5,1.0,,"Positive viewing feedback. Applicant liked the layout and Stratford location, with questions about tenancy terms."
F-135,V-148,A-1036,P-1507,2026-08-07 10:00:00,4,0.5,,"Positive viewing feedback. Applicant liked the layout and Greenwich location, with questions about tenancy terms."
F-136,V-149,A-1036,P-1123,2026-05-03 09:00:00,5,1.0,PRICE,"Positive viewing feedback. Applicant liked the layout and Stratford location, with questions about tenancy terms."
F-137,V-150,A-1036,P-2681,2026-05-09 14:00:00,5,1.0,,"Positive viewing feedback. Applicant liked the layout and Greenwich location, with questions about tenancy terms."
F-138,V-151,A-1036,P-1232,2026-07-25 13:00:00,4,0.5,PRICE,"Positive viewing feedback. Applicant liked the layout and Greenwich location, with questions about tenancy terms."
F-139,V-152,A-1037,P-2420,2026-05-15 11:00:00,4,0.5,TRANSPORT,"Positive viewing feedback. Applicant liked the layout and Clapham location, with questions about tenancy terms."
F-140,V-153,A-1037,P-1142,2026-07-16 11:00:00,5,1.0,,"Positive viewing feedback. Applicant liked the layout and Stratford location, with questions about tenancy terms."
F-141,V-155,A-1037,P-2753,2026-05-17 14:00:00,3,0.0,,Applicant had reservations and asked for better matching alternatives.
F-142,V-156,A-1038,P-2202,2026-05-09 13:00:00,4,0.5,,"Positive viewing feedback. Applicant liked the layout and Clapham location, with questions about tenancy terms."
F-143,V-157,A-1038,P-1294,2026-07-21 09:00:00,4,0.5,,"Positive viewing feedback. Applicant liked the layout and Hackney location, with questions about tenancy terms."
F-144,V-158,A-1038,P-2481,2026-08-11 10:00:00,5,1.0,TRANSPORT,"Positive viewing feedback. Applicant liked the layout and Hackney location, with questions about tenancy terms."
F-145,V-159,A-1038,P-2856,2026-05-24 14:00:00,3,0.0,,Applicant had reservations and asked for better matching alternatives.
F-146,V-160,A-1039,P-2044,2026-07-23 14:00:00,3,0.0,,Applicant had reservations and asked for better matching alternatives.
F-147,V-161,A-1039,P-2924,2026-05-15 10:00:00,5,1.0,TRANSPORT,"Positive viewing feedback. Applicant liked the layout and Hackney location, with questions about tenancy terms."
F-148,V-162,A-1039,P-2145,2026-06-06 13:00:00,5,1.0,,"Positive viewing feedback. Applicant liked the layout and Hackney location, with questions about tenancy terms."
F-149,V-164,A-1039,P-2646,2026-06-08 13:00:00,4,0.5,TRANSPORT,"Positive viewing feedback. Applicant liked the layout and Hackney location, with questions about tenancy terms."
F-150,V-165,A-1039,P-1973,2026-07-10 15:00:00,5,1.0,,"Positive viewing feedback. Applicant liked the layout and Fulham location, with questions about tenancy terms."
F-151,V-166,A-1039,P-1944,2026-05-12 12:00:00,3,0.0,PRICE,Applicant liked aspects of the property but raised price sensitivity versus budget.
F-152,V-167,A-1039,P-2131,2026-05-30 16:00:00,5,1.0,,"Positive viewing feedback. Applicant liked the layout and Fulham location, with questions about tenancy terms."
F-153,V-168,A-1040,P-1360,2026-07-23 16:00:00,4,0.5,,"Positive viewing feedback. Applicant liked the layout and Wimbledon location, with questions about tenancy terms."
F-154,V-169,A-1040,P-2310,2026-05-15 09:00:00,5,1.0,,"Positive viewing feedback. Applicant liked the layout and Stratford location, with questions about tenancy terms."
F-155,V-170,A-1040,P-1259,2026-06-06 11:00:00,5,1.0,,"Positive viewing feedback. Applicant liked the layout and Wimbledon location, with questions about tenancy terms."
F-156,V-171,A-1041,P-2473,2026-06-04 16:00:00,5,1.0,TERMS,"Positive viewing feedback. Applicant liked the layout and Greenwich location, with questions about tenancy terms."
F-157,V-172,A-1041,P-1799,2026-07-18 10:00:00,4,0.5,,"Positive viewing feedback. Applicant liked the layout and Greenwich location, with questions about tenancy terms."
F-158,V-173,A-1041,P-2739,2026-07-15 10:00:00,3,0.0,,Applicant had reservations and asked for better matching alternatives.
F-159,V-174,A-1041,P-2577,2026-06-17 10:00:00,4,0.5,PRICE|TERMS,"Positive viewing feedback. Applicant liked the layout and Greenwich location, with questions about tenancy terms."
F-160,V-175,A-1042,P-1709,2026-08-07 10:00:00,3,0.0,PRICE,Applicant liked aspects of the property but raised price sensitivity versus budget.
F-161,V-176,A-1042,P-1588,2026-05-22 11:00:00,4,0.5,PRICE,"Positive viewing feedback. Applicant liked the layout and Hackney location, with questions about tenancy terms."
F-162,V-177,A-1043,P-1683,2026-06-26 13:00:00,5,1.0,,"Positive viewing feedback. Applicant liked the layout and Greenwich location, with questions about tenancy terms."
F-163,V-178,A-1043,P-1400,2026-05-31 10:00:00,3,0.0,TRANSPORT,Applicant had reservations and asked for better matching alternatives.
F-164,V-181,A-1045,P-1180,2026-06-08 13:00:00,3,0.0,PRICE|TRANSPORT,Applicant liked aspects of the property but raised price sensitivity versus budget.
F-165,V-182,A-1046,P-1913,2026-05-04 15:00:00,5,1.0,PRICE|TERMS,"Positive viewing feedback. Applicant liked the layout and Stratford location, with questions about tenancy terms."
F-166,V-183,A-1046,P-2235,2026-07-20 09:00:00,4,0.5,PRICE,"Positive viewing feedback. Applicant liked the layout and Canary Wharf location, with questions about tenancy terms."
F-167,V-184,A-1046,P-1475,2026-08-11 15:00:00,5,1.0,TRANSPORT,"Positive viewing feedback. Applicant liked the layout and Stratford location, with questions about tenancy terms."
F-168,V-185,A-1046,P-1288,2026-08-06 11:00:00,5,1.0,,"Positive viewing feedback. Applicant liked the layout and Canary Wharf location, with questions about tenancy terms."
F-169,V-186,A-1047,P-2512,2026-06-13 13:00:00,5,1.0,TRANSPORT,"Positive viewing feedback. Applicant liked the layout and Camden location, with questions about tenancy terms."
F-170,V-187,A-1047,P-1087,2026-05-16 17:00:00,3,0.0,,Applicant had reservations and asked for better matching alternatives.
F-171,V-188,A-1047,P-2740,2026-06-29 15:00:00,4,0.5,,"Positive viewing feedback. Applicant liked the layout and Camden location, with questions about tenancy terms."
F-172,V-189,A-1047,P-2642,2026-06-25 13:00:00,4,0.5,,"Positive viewing feedback. Applicant liked the layout and Camden location, with questions about tenancy terms."
F-173,V-190,A-1048,P-2314,2026-07-12 11:00:00,4,0.5,PRICE,"Positive viewing feedback. Applicant liked the layout and Islington location, with questions about tenancy terms."
F-174,V-191,A-1048,P-2944,2026-08-09 16:00:00,5,1.0,,"Positive viewing feedback. Applicant liked the layout and Islington location, with questions about tenancy terms."
F-175,V-192,A-1049,P-1799,2026-05-07 17:00:00,4,0.5,TRANSPORT|TERMS,"Positive viewing feedback. Applicant liked the layout and Greenwich location, with questions about tenancy terms."
F-176,V-193,A-1049,P-2549,2026-07-14 13:00:00,5,1.0,TERMS,"Positive viewing feedback. Applicant liked the layout and Greenwich location, with questions about tenancy terms."
F-177,V-195,A-1049,P-2199,2026-06-04 15:00:00,5,1.0,,"Positive viewing feedback. Applicant liked the layout and Greenwich location, with questions about tenancy terms."
F-178,V-196,A-1050,P-2879,2026-07-02 16:00:00,5,1.0,,"Positive viewing feedback. Applicant liked the layout and Fulham location, with questions about tenancy terms."
F-179,V-197,A-1050,P-2525,2026-08-11 12:00:00,5,1.0,TERMS,"Positive viewing feedback. Applicant liked the layout and Greenwich location, with questions about tenancy terms."
F-180,V-198,A-1050,P-2171,2026-07-26 11:00:00,2,-0.5,SIZE|TERMS,Applicant had reservations and asked for better matching alternatives.
F-181,V-199,A-1051,P-2173,2026-07-05 17:00:00,5,1.0,PRICE|TRANSPORT,"Positive viewing feedback. Applicant liked the layout and Fulham location, with questions about tenancy terms."
F-182,V-200,A-1051,P-2655,2026-05-10 14:00:00,4,0.5,,"Positive viewing feedback. Applicant liked the layout and Croydon location, with questions about tenancy terms."
F-183,V-201,A-1051,P-2325,2026-08-03 16:00:00,4,0.5,,"Positive viewing feedback. Applicant liked the layout and Croydon location, with questions about tenancy terms."
F-184,V-202,A-1051,P-1878,2026-07-17 16:00:00,2,-0.5,TRANSPORT|AREA,Applicant had reservations and asked for better matching alternatives.
F-185,V-203,A-1051,P-1452,2026-08-05 15:00:00,4,0.5,PRICE,"Positive viewing feedback. Applicant liked the layout and Fulham location, with questions about tenancy terms."
F-186,V-204,A-1051,P-1492,2026-06-12 15:00:00,2,-0.5,PRICE|TRANSPORT|SIZE,Applicant liked aspects of the property but raised price sensitivity versus budget.
F-187,V-205,A-1052,P-2270,2026-06-27 12:00:00,4,0.5,,"Positive viewing feedback. Applicant liked the layout and Hackney location, with questions about tenancy terms."
F-188,V-206,A-1052,P-1571,2026-06-18 11:00:00,4,0.5,,"Positive viewing feedback. Applicant liked the layout and Shoreditch location, with questions about tenancy terms."
F-189,V-207,A-1052,P-2854,2026-08-08 13:00:00,2,-0.5,PRICE|SIZE,Applicant liked aspects of the property but raised price sensitivity versus budget.
F-190,V-208,A-1053,P-1292,2026-06-25 09:00:00,3,0.0,,Applicant had reservations and asked for better matching alternatives.
F-191,V-210,A-1053,P-2926,2026-06-03 10:00:00,3,0.0,PRICE,Applicant liked aspects of the property but raised price sensitivity versus budget.
F-192,V-211,A-1053,P-1059,2026-07-04 15:00:00,4,0.5,,"Positive viewing feedback. Applicant liked the layout and Croydon location, with questions about tenancy terms."
F-193,V-212,A-1054,P-2926,2026-07-07 16:00:00,4,0.5,,"Positive viewing feedback. Applicant liked the layout and Canary Wharf location, with questions about tenancy terms."
F-194,V-213,A-1054,P-1901,2026-05-08 14:00:00,4,0.5,,"Positive viewing feedback. Applicant liked the layout and Canary Wharf location, with questions about tenancy terms."
F-195,V-214,A-1054,P-2072,2026-06-25 15:00:00,5,1.0,PRICE|TRANSPORT,"Positive viewing feedback. Applicant liked the layout and Wimbledon location, with questions about tenancy terms."
F-196,V-215,A-1054,P-2036,2026-06-03 13:00:00,5,1.0,,"Positive viewing feedback. Applicant liked the layout and Wimbledon location, with questions about tenancy terms."
F-197,V-216,A-1055,P-1547,2026-08-02 16:00:00,4,0.5,,"Positive viewing feedback. Applicant liked the layout and Hackney location, with questions about tenancy terms."
F-198,V-218,A-1055,P-1410,2026-07-24 09:00:00,4,0.5,TERMS,"Positive viewing feedback. Applicant liked the layout and Wimbledon location, with questions about tenancy terms."
F-199,V-219,A-1056,P-2587,2026-07-22 11:00:00,5,1.0,,"Positive viewing feedback. Applicant liked the layout and Wimbledon location, with questions about tenancy terms."
F-200,V-221,A-1057,P-1707,2026-05-21 11:00:00,3,0.0,PRICE,Applicant liked aspects of the property but raised price sensitivity versus budget.
F-201,V-222,A-1058,P-1426,2026-07-07 14:00:00,5,1.0,,"Positive viewing feedback. Applicant liked the layout and Shoreditch location, with questions about tenancy terms."
F-202,V-224,A-1058,P-2961,2026-08-05 13:00:00,5,1.0,TERMS,"Positive viewing feedback. Applicant liked the layout and Islington location, with questions about tenancy terms."
F-203,V-225,A-1058,P-2746,2026-07-14 13:00:00,5,1.0,PRICE,"Positive viewing feedback. Applicant liked the layout and Islington location, with questions about tenancy terms."
F-204,V-226,A-1058,P-2001,2026-05-25 09:00:00,5,1.0,,"Positive viewing feedback. Applicant liked the layout and Islington location, with questions about tenancy terms."
F-205,V-227,A-1059,P-2080,2026-05-15 13:00:00,5,1.0,,"Positive viewing feedback. Applicant liked the layout and Shoreditch location, with questions about tenancy terms."
F-206,V-228,A-1059,P-2902,2026-05-11 09:00:00,3,0.0,PRICE,Applicant liked aspects of the property but raised price sensitivity versus budget.
F-207,V-229,A-1059,P-1612,2026-07-06 12:00:00,3,0.0,PRICE,Applicant liked aspects of the property but raised price sensitivity versus budget.
F-208,V-230,A-1060,P-2895,2026-07-11 15:00:00,5,1.0,PRICE,"Positive viewing feedback. Applicant liked the layout and Stratford location, with questions about tenancy terms."
F-209,V-231,A-1060,P-2453,2026-07-19 16:00:00,3,0.0,,Applicant had reservations and asked for better matching alternatives.
F-210,V-232,A-1061,P-1244,2026-05-07 09:00:00,4,0.5,,"Positive viewing feedback. Applicant liked the layout and Stratford location, with questions about tenancy terms."
F-211,V-233,A-1061,P-2770,2026-07-16 17:00:00,4,0.5,,"Positive viewing feedback. Applicant liked the layout and Stratford location, with questions about tenancy terms."
F-212,V-234,A-1061,P-1522,2026-05-31 14:00:00,5,1.0,,"Positive viewing feedback. Applicant liked the layout and Stratford location, with questions about tenancy terms."
F-213,V-235,A-1062,P-2137,2026-06-27 17:00:00,5,1.0,TERMS,"Positive viewing feedback. Applicant liked the layout and Hackney location, with questions about tenancy terms."
F-214,V-236,A-1062,P-2184,2026-05-13 14:00:00,5,1.0,,"Positive viewing feedback. Applicant liked the layout and Camden location, with questions about tenancy terms."
F-215,V-237,A-1062,P-1636,2026-06-17 15:00:00,4,0.5,,"Positive viewing feedback. Applicant liked the layout and Camden location, with questions about tenancy terms."
F-216,V-238,A-1062,P-2088,2026-07-25 10:00:00,5,1.0,,"Positive viewing feedback. Applicant liked the layout and Camden location, with questions about tenancy terms."
F-217,V-240,A-1063,P-2645,2026-07-25 15:00:00,4,0.5,,"Positive viewing feedback. Applicant liked the layout and Shoreditch location, with questions about tenancy terms."
F-218,V-241,A-1063,P-2676,2026-07-05 09:00:00,5,1.0,TRANSPORT,"Positive viewing feedback. Applicant liked the layout and Shoreditch location, with questions about tenancy terms."
F-219,V-242,A-1063,P-1843,2026-08-10 12:00:00,4,0.5,,"Positive viewing feedback. Applicant liked the layout and Shoreditch location, with questions about tenancy terms."
F-220,V-243,A-1064,P-2538,2026-06-04 12:00:00,4,0.5,TRANSPORT,"Positive viewing feedback. Applicant liked the layout and Greenwich location, with questions about tenancy terms."
F-221,V-244,A-1064,P-2974,2026-06-05 14:00:00,4,0.5,,"Positive viewing feedback. Applicant liked the layout and Clapham location, with questions about tenancy terms."
F-222,V-245,A-1064,P-1586,2026-06-05 11:00:00,5,1.0,,"Positive viewing feedback. Applicant liked the layout and Clapham location, with questions about tenancy terms."
F-223,V-246,A-1065,P-1806,2026-07-10 17:00:00,5,1.0,PRICE,"Positive viewing feedback. Applicant liked the layout and Greenwich location, with questions about tenancy terms."
F-224,V-247,A-1065,P-1196,2026-07-26 12:00:00,4,0.5,PRICE|TRANSPORT,"Positive viewing feedback. Applicant liked the layout and Shoreditch location, with questions about tenancy terms."
F-225,V-248,A-1065,P-1527,2026-06-21 11:00:00,5,1.0,PRICE,"Positive viewing feedback. Applicant liked the layout and Camden location, with questions about tenancy terms."
F-226,V-249,A-1066,P-2249,2026-07-29 16:00:00,5,1.0,TRANSPORT,"Positive viewing feedback. Applicant liked the layout and Croydon location, with questions about tenancy terms."
F-227,V-250,A-1066,P-2230,2026-06-15 16:00:00,2,-0.5,SIZE,Applicant had reservations and asked for better matching alternatives.
F-228,V-251,A-1066,P-1787,2026-05-18 10:00:00,3,0.0,PRICE|TRANSPORT,Applicant liked aspects of the property but raised price sensitivity versus budget.
F-229,V-252,A-1066,P-2996,2026-07-12 13:00:00,5,1.0,,"Positive viewing feedback. Applicant liked the layout and Shoreditch location, with questions about tenancy terms."
F-230,V-253,A-1067,P-1170,2026-05-30 15:00:00,5,1.0,PRICE,"Positive viewing feedback. Applicant liked the layout and Fulham location, with questions about tenancy terms."
F-231,V-254,A-1067,P-2261,2026-07-11 13:00:00,4,0.5,TERMS,"Positive viewing feedback. Applicant liked the layout and Fulham location, with questions about tenancy terms."
F-232,V-256,A-1067,P-2173,2026-07-07 16:00:00,5,1.0,TRANSPORT,"Positive viewing feedback. Applicant liked the layout and Fulham location, with questions about tenancy terms."
F-233,V-257,A-1067,P-2129,2026-06-26 14:00:00,5,1.0,PRICE,"Positive viewing feedback. Applicant liked the layout and Chelsea location, with questions about tenancy terms."
F-234,V-258,A-1067,P-1734,2026-06-01 14:00:00,4,0.5,PRICE|TRANSPORT,"Positive viewing feedback. Applicant liked the layout and Chelsea location, with questions about tenancy terms."
F-235,V-259,A-1068,P-2855,2026-07-24 14:00:00,4,0.5,PRICE|TRANSPORT,"Positive viewing feedback. Applicant liked the layout and Battersea location, with questions about tenancy terms."
F-236,V-260,A-1068,P-1459,2026-06-18 14:00:00,4,0.5,PRICE,"Positive viewing feedback. Applicant liked the layout and Fulham location, with questions about tenancy terms."
F-237,V-261,A-1068,P-2769,2026-05-13 09:00:00,5,1.0,PRICE,"Positive viewing feedback. Applicant liked the layout and Battersea location, with questions about tenancy terms."
F-238,V-262,A-1068,P-1754,2026-07-22 12:00:00,2,-0.5,PRICE|CONDITION,Applicant liked aspects of the property but raised price sensitivity versus budget.
F-239,V-265,A-1069,P-1034,2026-05-20 15:00:00,3,0.0,PRICE|TRANSPORT,Applicant liked aspects of the property but raised price sensitivity versus budget.
F-240,V-266,A-1070,P-1157,2026-06-08 09:00:00,5,1.0,,"Positive viewing feedback. Applicant liked the layout and Fulham location, with questions about tenancy terms."
F-241,V-267,A-1070,P-1492,2026-08-03 14:00:00,5,1.0,PRICE,"Positive viewing feedback. Applicant liked the layout and Fulham location, with questions about tenancy terms."
F-242,V-269,A-1071,P-1990,2026-06-11 13:00:00,5,1.0,PRICE,"Positive viewing feedback. Applicant liked the layout and Hackney location, with questions about tenancy terms."
F-243,V-270,A-1071,P-2709,2026-07-20 16:00:00,4,0.5,,"Positive viewing feedback. Applicant liked the layout and Hackney location, with questions about tenancy terms."
F-244,V-271,A-1072,P-1978,2026-06-04 10:00:00,4,0.5,TRANSPORT,"Positive viewing feedback. Applicant liked the layout and Hackney location, with questions about tenancy terms."
F-245,V-273,A-1072,P-2382,2026-07-10 10:00:00,4,0.5,,"Positive viewing feedback. Applicant liked the layout and Hackney location, with questions about tenancy terms."
F-246,V-274,A-1072,P-2468,2026-06-27 17:00:00,5,1.0,PRICE|TERMS,"Positive viewing feedback. Applicant liked the layout and Shoreditch location, with questions about tenancy terms."
F-247,V-275,A-1072,P-1238,2026-07-19 16:00:00,4,0.5,,"Positive viewing feedback. Applicant liked the layout and Hackney location, with questions about tenancy terms."
F-248,V-276,A-1073,P-2814,2026-06-02 12:00:00,3,0.0,PRICE,Applicant liked aspects of the property but raised price sensitivity versus budget.
F-249,V-277,A-1073,P-1669,2026-06-24 15:00:00,4,0.5,,"Positive viewing feedback. Applicant liked the layout and Shoreditch location, with questions about tenancy terms."
F-250,V-278,A-1073,P-2730,2026-07-25 13:00:00,5,1.0,,"Positive viewing feedback. Applicant liked the layout and Camden location, with questions about tenancy terms."
F-251,V-279,A-1073,P-1743,2026-08-01 12:00:00,5,1.0,,"Positive viewing feedback. Applicant liked the layout and Shoreditch location, with questions about tenancy terms."
F-252,V-280,A-1074,P-2135,2026-05-05 14:00:00,5,1.0,PRICE,"Positive viewing feedback. Applicant liked the layout and Stratford location, with questions about tenancy terms."
F-253,V-281,A-1074,P-1689,2026-06-05 14:00:00,2,-0.5,PRICE|AREA,Applicant liked aspects of the property but raised price sensitivity versus budget.
F-254,V-282,A-1074,P-2535,2026-06-21 16:00:00,3,0.0,PRICE|TERMS,Applicant liked aspects of the property but raised price sensitivity versus budget.
F-255,V-283,A-1075,P-2249,2026-07-14 09:00:00,4,0.5,PRICE,"Positive viewing feedback. Applicant liked the layout and Croydon location, with questions about tenancy terms."
F-256,V-284,A-1075,P-1891,2026-06-18 14:00:00,4,0.5,PRICE|TERMS,"Positive viewing feedback. Applicant liked the layout and Croydon location, with questions about tenancy terms."
F-257,V-286,A-1076,P-1349,2026-06-06 12:00:00,5,1.0,,"Positive viewing feedback. Applicant liked the layout and Canary Wharf location, with questions about tenancy terms."
F-258,V-288,A-1076,P-1083,2026-06-15 09:00:00,2,-0.5,PRICE|SIZE,Applicant liked aspects of the property but raised price sensitivity versus budget.
F-259,V-289,A-1076,P-2419,2026-07-29 15:00:00,3,0.0,,Applicant had reservations and asked for better matching alternatives.
F-260,V-290,A-1076,P-1846,2026-06-26 12:00:00,4,0.5,PRICE,"Positive viewing feedback. Applicant liked the layout and Canary Wharf location, with questions about tenancy terms."
F-261,V-291,A-1077,P-2481,2026-06-15 17:00:00,4,0.5,TRANSPORT,"Positive viewing feedback. Applicant liked the layout and Hackney location, with questions about tenancy terms."
F-262,V-293,A-1077,P-1705,2026-05-20 12:00:00,3,0.0,,Applicant had reservations and asked for better matching alternatives.
F-263,V-294,A-1077,P-1316,2026-06-22 17:00:00,3,0.0,,Applicant had reservations and asked for better matching alternatives.
F-264,V-295,A-1077,P-2151,2026-07-20 12:00:00,3,0.0,,Applicant had reservations and asked for better matching alternatives.
F-265,V-296,A-1078,P-1722,2026-06-13 15:00:00,2,-0.5,PRICE|CONDITION,Applicant liked aspects of the property but raised price sensitivity versus budget.
F-266,V-297,A-1078,P-2315,2026-06-07 14:00:00,5,1.0,,"Positive viewing feedback. Applicant liked the layout and Canary Wharf location, with questions about tenancy terms."
F-267,V-298,A-1078,P-1729,2026-05-03 15:00:00,4,0.5,,"Positive viewing feedback. Applicant liked the layout and Canary Wharf location, with questions about tenancy terms."
F-268,V-299,A-1078,P-1772,2026-07-24 09:00:00,5,1.0,,"Positive viewing feedback. Applicant liked the layout and Greenwich location, with questions about tenancy terms."
F-269,V-300,A-1078,P-2681,2026-08-07 16:00:00,5,1.0,,"Positive viewing feedback. Applicant liked the layout and Greenwich location, with questions about tenancy terms."
F-270,V-301,A-1079,P-1174,2026-07-17 11:00:00,4,0.5,PRICE,"Positive viewing feedback. Applicant liked the layout and Stratford location, with questions about tenancy terms."
F-271,V-303,A-1080,P-2789,2026-06-06 17:00:00,2,-0.5,TRANSPORT|AREA,Applicant had reservations and asked for better matching alternatives.
F-272,V-305,A-1081,P-2171,2026-07-26 17:00:00,5,1.0,,"Positive viewing feedback. Applicant liked the layout and Greenwich location, with questions about tenancy terms."
F-273,V-306,A-1081,P-2450,2026-06-17 16:00:00,5,1.0,TRANSPORT,"Positive viewing feedback. Applicant liked the layout and Greenwich location, with questions about tenancy terms."
F-274,V-308,A-1082,P-2545,2026-08-09 15:00:00,3,0.0,PRICE,Applicant liked aspects of the property but raised price sensitivity versus budget.
F-275,V-309,A-1082,P-2956,2026-05-26 09:00:00,5,1.0,PRICE,"Positive viewing feedback. Applicant liked the layout and Shoreditch location, with questions about tenancy terms."
F-276,V-310,A-1082,P-1694,2026-07-19 12:00:00,4,0.5,PRICE,"Positive viewing feedback. Applicant liked the layout and Shoreditch location, with questions about tenancy terms."
F-277,V-311,A-1082,P-2912,2026-06-20 15:00:00,3,0.0,,Applicant had reservations and asked for better matching alternatives.
F-278,V-312,A-1083,P-1283,2026-05-12 09:00:00,4,0.5,,"Positive viewing feedback. Applicant liked the layout and Stratford location, with questions about tenancy terms."
F-279,V-313,A-1084,P-2977,2026-06-21 14:00:00,3,0.0,,Applicant had reservations and asked for better matching alternatives.
F-280,V-314,A-1084,P-1174,2026-07-11 12:00:00,4,0.5,,"Positive viewing feedback. Applicant liked the layout and Stratford location, with questions about tenancy terms."
F-281,V-315,A-1084,P-1701,2026-08-08 17:00:00,3,0.0,,Applicant had reservations and asked for better matching alternatives.
F-282,V-316,A-1084,P-2226,2026-07-19 10:00:00,3,0.0,PRICE,Applicant liked aspects of the property but raised price sensitivity versus budget.
F-283,V-317,A-1084,P-1649,2026-06-03 14:00:00,4,0.5,,"Positive viewing feedback. Applicant liked the layout and Stratford location, with questions about tenancy terms."
F-284,V-318,A-1085,P-2672,2026-07-17 17:00:00,5,1.0,,"Positive viewing feedback. Applicant liked the layout and Islington location, with questions about tenancy terms."
F-285,V-319,A-1085,P-1420,2026-05-14 10:00:00,5,1.0,TRANSPORT|TERMS,"Positive viewing feedback. Applicant liked the layout and Islington location, with questions about tenancy terms."
F-286,V-320,A-1085,P-2874,2026-05-13 12:00:00,4,0.5,,"Positive viewing feedback. Applicant liked the layout and Islington location, with questions about tenancy terms."
F-287,V-321,A-1086,P-1392,2026-07-11 11:00:00,5,1.0,PRICE,"Positive viewing feedback. Applicant liked the layout and Canary Wharf location, with questions about tenancy terms."
F-288,V-323,A-1087,P-1379,2026-06-01 13:00:00,5,1.0,,"Positive viewing feedback. Applicant liked the layout and Shoreditch location, with questions about tenancy terms."
F-289,V-324,A-1087,P-2945,2026-06-21 13:00:00,5,1.0,,"Positive viewing feedback. Applicant liked the layout and Shoreditch location, with questions about tenancy terms."
F-290,V-325,A-1087,P-1580,2026-07-12 09:00:00,3,0.0,,Applicant had reservations and asked for better matching alternatives.
F-291,V-326,A-1087,P-1549,2026-06-12 09:00:00,5,1.0,PRICE|TRANSPORT,"Positive viewing feedback. Applicant liked the layout and Chelsea location, with questions about tenancy terms."
F-292,V-327,A-1088,P-2881,2026-07-01 15:00:00,5,1.0,PRICE,"Positive viewing feedback. Applicant liked the layout and Shoreditch location, with questions about tenancy terms."
F-293,V-328,A-1088,P-1297,2026-06-12 15:00:00,5,1.0,,"Positive viewing feedback. Applicant liked the layout and Shoreditch location, with questions about tenancy terms."
F-294,V-329,A-1088,P-1582,2026-08-08 16:00:00,4,0.5,PRICE|TRANSPORT,"Positive viewing feedback. Applicant liked the layout and Shoreditch location, with questions about tenancy terms."
F-295,V-330,A-1089,P-1870,2026-06-08 09:00:00,4,0.5,PRICE,"Positive viewing feedback. Applicant liked the layout and Hackney location, with questions about tenancy terms."
F-296,V-332,A-1089,P-2968,2026-07-27 12:00:00,5,1.0,,"Positive viewing feedback. Applicant liked the layout and Hackney location, with questions about tenancy terms."
F-297,V-334,A-1090,P-2260,2026-05-28 15:00:00,4,0.5,PRICE,"Positive viewing feedback. Applicant liked the layout and Fulham location, with questions about tenancy terms."
F-298,V-335,A-1091,P-1843,2026-07-04 16:00:00,3,0.0,PRICE|TERMS,Applicant liked aspects of the property but raised price sensitivity versus budget.
F-299,V-337,A-1092,P-1141,2026-05-08 10:00:00,4,0.5,PRICE,"Positive viewing feedback. Applicant liked the layout and Islington location, with questions about tenancy terms."
F-300,V-338,A-1092,P-1955,2026-07-08 11:00:00,5,1.0,PRICE,"Positive viewing feedback. Applicant liked the layout and Islington location, with questions about tenancy terms."
F-301,V-339,A-1092,P-1247,2026-07-06 15:00:00,4,0.5,,"Positive viewing feedback. Applicant liked the layout and Islington location, with questions about tenancy terms."
F-302,V-340,A-1093,P-2093,2026-07-16 11:00:00,3,0.0,,Applicant had reservations and asked for better matching alternatives.
F-303,V-341,A-1093,P-1209,2026-07-07 17:00:00,5,1.0,PRICE,"Positive viewing feedback. Applicant liked the layout and Clapham location, with questions about tenancy terms."
F-304,V-342,A-1093,P-2052,2026-05-19 12:00:00,5,1.0,,"Positive viewing feedback. Applicant liked the layout and Croydon location, with questions about tenancy terms."
F-305,V-343,A-1093,P-2152,2026-08-06 15:00:00,3,0.0,TRANSPORT,Applicant had reservations and asked for better matching alternatives.
F-306,V-344,A-1093,P-1491,2026-06-04 12:00:00,4,0.5,TRANSPORT,"Positive viewing feedback. Applicant liked the layout and Croydon location, with questions about tenancy terms."
F-307,V-345,A-1093,P-2815,2026-05-04 17:00:00,4,0.5,TERMS,"Positive viewing feedback. Applicant liked the layout and Croydon location, with questions about tenancy terms."
F-308,V-346,A-1094,P-1394,2026-08-07 13:00:00,4,0.5,PRICE,"Positive viewing feedback. Applicant liked the layout and Chelsea location, with questions about tenancy terms."
F-309,V-347,A-1094,P-2362,2026-05-09 16:00:00,3,0.0,TERMS,Applicant had reservations and asked for better matching alternatives.
F-310,V-348,A-1094,P-2869,2026-06-18 12:00:00,5,1.0,PRICE,"Positive viewing feedback. Applicant liked the layout and Shoreditch location, with questions about tenancy terms."
F-311,V-349,A-1094,P-1487,2026-05-11 13:00:00,4,0.5,PRICE|TRANSPORT,"Positive viewing feedback. Applicant liked the layout and Shoreditch location, with questions about tenancy terms."
F-312,V-350,A-1095,P-2094,2026-05-30 11:00:00,4,0.5,,"Positive viewing feedback. Applicant liked the layout and Croydon location, with questions about tenancy terms."
F-313,V-351,A-1096,P-2556,2026-07-27 17:00:00,4,0.5,PRICE,"Positive viewing feedback. Applicant liked the layout and Camden location, with questions about tenancy terms."
F-314,V-352,A-1096,P-2740,2026-07-18 16:00:00,2,-0.5,PRICE|AREA,Applicant liked aspects of the property but raised price sensitivity versus budget.
F-315,V-353,A-1096,P-1144,2026-07-07 10:00:00,5,1.0,PRICE,"Positive viewing feedback. Applicant liked the layout and Canary Wharf location, with questions about tenancy terms."
F-316,V-354,A-1097,P-2593,2026-07-31 16:00:00,5,1.0,PRICE,"Positive viewing feedback. Applicant liked the layout and Islington location, with questions about tenancy terms."
F-317,V-355,A-1097,P-1588,2026-06-10 12:00:00,4,0.5,,"Positive viewing feedback. Applicant liked the layout and Hackney location, with questions about tenancy terms."
F-318,V-356,A-1097,P-2799,2026-05-03 14:00:00,4,0.5,,"Positive viewing feedback. Applicant liked the layout and Hackney location, with questions about tenancy terms."
F-319,V-357,A-1097,P-1316,2026-05-19 14:00:00,5,1.0,TRANSPORT,"Positive viewing feedback. Applicant liked the layout and Hackney location, with questions about tenancy terms."
F-320,V-359,A-1098,P-2083,2026-07-16 14:00:00,4,0.5,TERMS,"Positive viewing feedback. Applicant liked the layout and Wimbledon location, with questions about tenancy terms."
F-321,V-361,A-1098,P-1289,2026-07-16 09:00:00,5,1.0,,"Positive viewing feedback. Applicant liked the layout and Hackney location, with questions about tenancy terms."
F-322,V-362,A-1098,P-1098,2026-06-07 17:00:00,3,0.0,,Applicant had reservations and asked for better matching alternatives.
F-323,V-363,A-1099,P-1325,2026-08-03 17:00:00,5,1.0,,"Positive viewing feedback. Applicant liked the layout and Hackney location, with questions about tenancy terms."
F-324,V-364,A-1099,P-1389,2026-07-31 17:00:00,4,0.5,TERMS,"Positive viewing feedback. Applicant liked the layout and Clapham location, with questions about tenancy terms."
F-325,V-365,A-1099,P-1728,2026-07-27 14:00:00,4,0.5,PRICE,"Positive viewing feedback. Applicant liked the layout and Clapham location, with questions about tenancy terms."
F-326,V-366,A-1099,P-1046,2026-08-08 09:00:00,4,0.5,TERMS,"Positive viewing feedback. Applicant liked the layout and Clapham location, with questions about tenancy terms."
F-327,V-367,A-1099,P-1456,2026-08-04 14:00:00,5,1.0,PRICE|TRANSPORT,"Positive viewing feedback. Applicant liked the layout and Clapham location, with questions about tenancy terms."
F-328,V-368,A-1099,P-2055,2026-06-13 10:00:00,5,1.0,,"Positive viewing feedback. Applicant liked the layout and Hackney location, with questions about tenancy terms."
F-329,V-369,A-1100,P-2401,2026-07-31 12:00:00,5,1.0,PRICE,"Positive viewing feedback. Applicant liked the layout and Clapham location, with questions about tenancy terms."
F-330,V-370,A-1100,P-2277,2026-05-05 14:00:00,5,1.0,,"Positive viewing feedback. Applicant liked the layout and Clapham location, with questions about tenancy terms."
F-331,V-371,A-1100,P-1015,2026-05-28 12:00:00,2,-0.5,TRANSPORT|AREA,Applicant had reservations and asked for better matching alternatives.
F-332,V-373,A-1100,P-1072,2026-05-25 09:00:00,5,1.0,TRANSPORT,"Positive viewing feedback. Applicant liked the layout and Clapham location, with questions about tenancy terms."
F-333,V-374,A-1101,P-1158,2026-07-30 09:00:00,2,-0.5,AREA,Applicant had reservations and asked for better matching alternatives.
F-334,V-375,A-1102,P-2026,2026-05-16 11:00:00,4,0.5,,"Positive viewing feedback. Applicant liked the layout and Greenwich location, with questions about tenancy terms."
F-335,V-376,A-1102,P-1458,2026-06-25 14:00:00,5,1.0,TERMS,"Positive viewing feedback. Applicant liked the layout and Greenwich location, with questions about tenancy terms."
F-336,V-377,A-1102,P-1695,2026-05-20 16:00:00,4,0.5,,"Positive viewing feedback. Applicant liked the layout and Greenwich location, with questions about tenancy terms."
F-337,V-378,A-1102,P-1083,2026-06-13 12:00:00,3,0.0,PRICE|TERMS,Applicant liked aspects of the property but raised price sensitivity versus budget.
F-338,V-379,A-1102,P-1656,2026-08-09 14:00:00,4,0.5,,"Positive viewing feedback. Applicant liked the layout and Greenwich location, with questions about tenancy terms."
F-339,V-380,A-1102,P-2318,2026-07-29 10:00:00,4,0.5,PRICE|TERMS,"Positive viewing feedback. Applicant liked the layout and Canary Wharf location, with questions about tenancy terms."
F-340,V-382,A-1104,P-2451,2026-06-12 11:00:00,3,0.0,PRICE,Applicant liked aspects of the property but raised price sensitivity versus budget.
F-341,V-383,A-1104,P-1111,2026-07-30 12:00:00,5,1.0,TERMS,"Positive viewing feedback. Applicant liked the layout and Clapham location, with questions about tenancy terms."
F-342,V-384,A-1104,P-2273,2026-05-08 13:00:00,5,1.0,PRICE,"Positive viewing feedback. Applicant liked the layout and Clapham location, with questions about tenancy terms."
F-343,V-385,A-1104,P-1618,2026-07-23 11:00:00,4,0.5,,"Positive viewing feedback. Applicant liked the layout and Wimbledon location, with questions about tenancy terms."
F-344,V-386,A-1104,P-1637,2026-06-06 17:00:00,4,0.5,,"Positive viewing feedback. Applicant liked the layout and Wimbledon location, with questions about tenancy terms."
F-345,V-387,A-1105,P-1873,2026-06-14 10:00:00,5,1.0,PRICE|TERMS,"Positive viewing feedback. Applicant liked the layout and Battersea location, with questions about tenancy terms."
F-346,V-388,A-1105,P-1914,2026-07-16 10:00:00,3,0.0,,Applicant had reservations and asked for better matching alternatives.
F-347,V-389,A-1105,P-1887,2026-08-04 14:00:00,5,1.0,PRICE,"Positive viewing feedback. Applicant liked the layout and Battersea location, with questions about tenancy terms."
F-348,V-390,A-1106,P-2202,2026-05-07 15:00:00,5,1.0,,"Positive viewing feedback. Applicant liked the layout and Clapham location, with questions about tenancy terms."
F-349,V-391,A-1106,P-2431,2026-05-23 16:00:00,4,0.5,PRICE,"Positive viewing feedback. Applicant liked the layout and Clapham location, with questions about tenancy terms."
F-350,V-392,A-1106,P-2220,2026-07-25 09:00:00,3,0.0,PRICE,Applicant liked aspects of the property but raised price sensitivity versus budget.
F-351,V-394,A-1106,P-1010,2026-07-13 10:00:00,3,0.0,PRICE|TRANSPORT,Applicant liked aspects of the property but raised price sensitivity versus budget.
F-352,V-395,A-1107,P-1792,2026-07-16 12:00:00,5,1.0,TRANSPORT|TERMS,"Positive viewing feedback. Applicant liked the layout and Battersea location, with questions about tenancy terms."
F-353,V-396,A-1107,P-1321,2026-06-05 14:00:00,3,0.0,TRANSPORT,Applicant had reservations and asked for better matching alternatives.
F-354,V-397,A-1108,P-2306,2026-07-26 14:00:00,2,-0.5,PRICE|CONDITION,Applicant liked aspects of the property but raised price sensitivity versus budget.
F-355,V-399,A-1108,P-1714,2026-05-15 14:00:00,5,1.0,,"Positive viewing feedback. Applicant liked the layout and Clapham location, with questions about tenancy terms."
F-356,V-400,A-1108,P-2827,2026-06-08 09:00:00,5,1.0,TRANSPORT,"Positive viewing feedback. Applicant liked the layout and Clapham location, with questions about tenancy terms."
F-357,V-401,A-1108,P-2692,2026-06-23 11:00:00,5,1.0,TRANSPORT|TERMS,"Positive viewing feedback. Applicant liked the layout and Shoreditch location, with questions about tenancy terms."
F-358,V-402,A-1108,P-1412,2026-07-03 15:00:00,5,1.0,PRICE|TRANSPORT,"Positive viewing feedback. Applicant liked the layout and Clapham location, with questions about tenancy terms."
F-359,V-403,A-1108,P-2019,2026-07-15 11:00:00,4,0.5,PRICE,"Positive viewing feedback. Applicant liked the layout and Shoreditch location, with questions about tenancy terms."
F-360,V-404,A-1109,P-1718,2026-05-13 09:00:00,4,0.5,,"Positive viewing feedback. Applicant liked the layout and Hackney location, with questions about tenancy terms."
F-361,V-405,A-1109,P-2150,2026-06-12 16:00:00,5,1.0,,"Positive viewing feedback. Applicant liked the layout and Hackney location, with questions about tenancy terms."
F-362,V-406,A-1109,P-1501,2026-07-05 09:00:00,3,0.0,,Applicant had reservations and asked for better matching alternatives.
F-363,V-407,A-1110,P-2721,2026-05-20 17:00:00,4,0.5,,"Positive viewing feedback. Applicant liked the layout and Camden location, with questions about tenancy terms."
F-364,V-408,A-1110,P-2943,2026-05-10 13:00:00,4,0.5,,"Positive viewing feedback. Applicant liked the layout and Camden location, with questions about tenancy terms."
F-365,V-409,A-1110,P-1037,2026-07-02 17:00:00,3,0.0,TRANSPORT,Applicant had reservations and asked for better matching alternatives.
F-366,V-410,A-1110,P-1063,2026-07-20 11:00:00,2,-0.5,AREA|TERMS,Applicant had reservations and asked for better matching alternatives.
F-367,V-411,A-1111,P-1774,2026-07-29 12:00:00,2,-0.5,PRICE|SIZE,Applicant liked aspects of the property but raised price sensitivity versus budget.
F-368,V-412,A-1111,P-1949,2026-08-07 14:00:00,2,-0.5,PRICE|CONDITION,Applicant liked aspects of the property but raised price sensitivity versus budget.
F-369,V-413,A-1111,P-1883,2026-05-25 14:00:00,5,1.0,,"Positive viewing feedback. Applicant liked the layout and Canary Wharf location, with questions about tenancy terms."
F-370,V-414,A-1112,P-2141,2026-07-15 14:00:00,3,0.0,,Applicant had reservations and asked for better matching alternatives.
F-371,V-415,A-1112,P-1410,2026-07-02 09:00:00,4,0.5,PRICE,"Positive viewing feedback. Applicant liked the layout and Wimbledon location, with questions about tenancy terms."
F-372,V-417,A-1113,P-1613,2026-06-01 11:00:00,5,1.0,PRICE,"Positive viewing feedback. Applicant liked the layout and Greenwich location, with questions about tenancy terms."
F-373,V-419,A-1114,P-2533,2026-07-27 11:00:00,5,1.0,TRANSPORT,"Positive viewing feedback. Applicant liked the layout and Canary Wharf location, with questions about tenancy terms."
F-374,V-420,A-1114,P-1036,2026-05-23 15:00:00,2,-0.5,TRANSPORT|CONDITION,Applicant had reservations and asked for better matching alternatives.
F-375,V-421,A-1114,P-2397,2026-06-07 15:00:00,5,1.0,PRICE,"Positive viewing feedback. Applicant liked the layout and Battersea location, with questions about tenancy terms."
F-376,V-422,A-1115,P-2436,2026-06-30 10:00:00,5,1.0,,"Positive viewing feedback. Applicant liked the layout and Chelsea location, with questions about tenancy terms."
F-377,V-423,A-1115,P-2501,2026-05-03 15:00:00,3,0.0,PRICE,Applicant liked aspects of the property but raised price sensitivity versus budget.
F-378,V-424,A-1115,P-2187,2026-05-13 17:00:00,5,1.0,,"Positive viewing feedback. Applicant liked the layout and Shoreditch location, with questions about tenancy terms."
F-379,V-426,A-1115,P-2676,2026-08-01 14:00:00,5,1.0,,"Positive viewing feedback. Applicant liked the layout and Shoreditch location, with questions about tenancy terms."
F-380,V-427,A-1115,P-1445,2026-05-24 14:00:00,3,0.0,,Applicant had reservations and asked for better matching alternatives.
F-381,V-428,A-1116,P-2677,2026-06-19 15:00:00,2,-0.5,PRICE|SIZE,Applicant liked aspects of the property but raised price sensitivity versus budget.
F-382,V-429,A-1116,P-2223,2026-06-15 16:00:00,4,0.5,PRICE,"Positive viewing feedback. Applicant liked the layout and Chelsea location, with questions about tenancy terms."
F-383,V-430,A-1116,P-2157,2026-07-02 11:00:00,3,0.0,PRICE,Applicant liked aspects of the property but raised price sensitivity versus budget.
F-384,V-431,A-1117,P-1846,2026-05-11 13:00:00,3,0.0,PRICE,Applicant liked aspects of the property but raised price sensitivity versus budget.
F-385,V-433,A-1117,P-2671,2026-06-17 10:00:00,5,1.0,,"Positive viewing feedback. Applicant liked the layout and Croydon location, with questions about tenancy terms."
F-386,V-434,A-1117,P-2203,2026-06-04 15:00:00,4,0.5,PRICE,"Positive viewing feedback. Applicant liked the layout and Canary Wharf location, with questions about tenancy terms."
F-387,V-435,A-1117,P-1631,2026-07-28 13:00:00,4,0.5,,"Positive viewing feedback. Applicant liked the layout and Clapham location, with questions about tenancy terms."
F-388,V-436,A-1119,P-2695,2026-05-28 12:00:00,5,1.0,,"Positive viewing feedback. Applicant liked the layout and Camden location, with questions about tenancy terms."
F-389,V-437,A-1119,P-1510,2026-05-04 15:00:00,3,0.0,PRICE,Applicant liked aspects of the property but raised price sensitivity versus budget.
F-390,V-438,A-1119,P-1519,2026-07-01 17:00:00,4,0.5,TRANSPORT,"Positive viewing feedback. Applicant liked the layout and Camden location, with questions about tenancy terms."
F-391,V-439,A-1120,P-2159,2026-08-07 16:00:00,4,0.5,PRICE,"Positive viewing feedback. Applicant liked the layout and Camden location, with questions about tenancy terms."
F-392,V-440,A-1120,P-1148,2026-05-19 12:00:00,4,0.5,PRICE|TRANSPORT,"Positive viewing feedback. Applicant liked the layout and Wimbledon location, with questions about tenancy terms."
F-393,V-442,A-1121,P-2641,2026-07-27 16:00:00,5,1.0,TRANSPORT,"Positive viewing feedback. Applicant liked the layout and Shoreditch location, with questions about tenancy terms."
F-394,V-443,A-1121,P-2843,2026-06-08 15:00:00,4,0.5,PRICE|TERMS,"Positive viewing feedback. Applicant liked the layout and Canary Wharf location, with questions about tenancy terms."
F-395,V-444,A-1122,P-1006,2026-05-03 16:00:00,4,0.5,PRICE|TRANSPORT,"Positive viewing feedback. Applicant liked the layout and Wimbledon location, with questions about tenancy terms."
F-396,V-445,A-1122,P-1739,2026-05-23 11:00:00,4,0.5,,"Positive viewing feedback. Applicant liked the layout and Greenwich location, with questions about tenancy terms."
F-397,V-447,A-1123,P-1478,2026-05-26 16:00:00,5,1.0,PRICE,"Positive viewing feedback. Applicant liked the layout and Croydon location, with questions about tenancy terms."
F-398,V-448,A-1123,P-2200,2026-06-07 17:00:00,4,0.5,PRICE,"Positive viewing feedback. Applicant liked the layout and Croydon location, with questions about tenancy terms."
F-399,V-449,A-1123,P-1257,2026-07-21 12:00:00,4,0.5,PRICE,"Positive viewing feedback. Applicant liked the layout and Croydon location, with questions about tenancy terms."
F-400,V-450,A-1124,P-1846,2026-06-12 15:00:00,4,0.5,PRICE|TERMS,"Positive viewing feedback. Applicant liked the layout and Canary Wharf location, with questions about tenancy terms."
F-401,V-451,A-1124,P-1910,2026-05-18 17:00:00,4,0.5,PRICE|TERMS,"Positive viewing feedback. Applicant liked the layout and Canary Wharf location, with questions about tenancy terms."
F-402,V-452,A-1124,P-1991,2026-06-05 11:00:00,5,1.0,,"Positive viewing feedback. Applicant liked the layout and Stratford location, with questions about tenancy terms."
F-403,V-453,A-1125,P-1257,2026-05-11 10:00:00,5,1.0,,"Positive viewing feedback. Applicant liked the layout and Croydon location, with questions about tenancy terms."
F-404,V-454,A-1125,P-1374,2026-05-27 10:00:00,4,0.5,TERMS,"Positive viewing feedback. Applicant liked the layout and Croydon location, with questions about tenancy terms."
F-405,V-455,A-1125,P-2052,2026-06-15 13:00:00,4,0.5,TERMS,"Positive viewing feedback. Applicant liked the layout and Croydon location, with questions about tenancy terms."
F-406,V-457,A-1126,P-1180,2026-06-28 14:00:00,4,0.5,PRICE|TRANSPORT,"Positive viewing feedback. Applicant liked the layout and Battersea location, with questions about tenancy terms."
F-407,V-458,A-1126,P-1191,2026-08-06 12:00:00,5,1.0,PRICE|TRANSPORT,"Positive viewing feedback. Applicant liked the layout and Hackney location, with questions about tenancy terms."
F-408,V-459,A-1127,P-2634,2026-06-25 13:00:00,4,0.5,,"Positive viewing feedback. Applicant liked the layout and Wimbledon location, with questions about tenancy terms."
F-409,V-460,A-1127,P-2204,2026-05-23 15:00:00,4,0.5,TRANSPORT,"Positive viewing feedback. Applicant liked the layout and Chelsea location, with questions about tenancy terms."
F-410,V-461,A-1127,P-2458,2026-05-16 15:00:00,5,1.0,PRICE,"Positive viewing feedback. Applicant liked the layout and Chelsea location, with questions about tenancy terms."
F-411,V-462,A-1128,P-1724,2026-06-14 17:00:00,4,0.5,,"Positive viewing feedback. Applicant liked the layout and Clapham location, with questions about tenancy terms."
F-412,V-463,A-1128,P-1457,2026-06-06 17:00:00,2,-0.5,PRICE|CONDITION,Applicant liked aspects of the property but raised price sensitivity versus budget.
F-413,V-464,A-1128,P-2193,2026-08-05 12:00:00,5,1.0,PRICE|TRANSPORT,"Positive viewing feedback. Applicant liked the layout and Clapham location, with questions about tenancy terms."
F-414,V-465,A-1129,P-2219,2026-07-01 09:00:00,4,0.5,,"Positive viewing feedback. Applicant liked the layout and Wimbledon location, with questions about tenancy terms."
F-415,V-466,A-1129,P-1674,2026-06-10 17:00:00,5,1.0,PRICE|TRANSPORT,"Positive viewing feedback. Applicant liked the layout and Camden location, with questions about tenancy terms."
F-416,V-467,A-1129,P-2928,2026-05-24 11:00:00,5,1.0,,"Positive viewing feedback. Applicant liked the layout and Wimbledon location, with questions about tenancy terms."
F-417,V-468,A-1129,P-2629,2026-05-18 11:00:00,4,0.5,,"Positive viewing feedback. Applicant liked the layout and Wimbledon location, with questions about tenancy terms."
F-418,V-470,A-1130,P-1971,2026-05-21 12:00:00,4,0.5,,"Positive viewing feedback. Applicant liked the layout and Fulham location, with questions about tenancy terms."
F-419,V-471,A-1130,P-2228,2026-05-10 14:00:00,3,0.0,PRICE,Applicant liked aspects of the property but raised price sensitivity versus budget.
F-420,V-473,A-1131,P-1509,2026-05-27 17:00:00,3,0.0,,Applicant had reservations and asked for better matching alternatives.
F-421,V-474,A-1132,P-1314,2026-05-13 12:00:00,3,0.0,PRICE,Applicant liked aspects of the property but raised price sensitivity versus budget.
F-422,V-477,A-1133,P-2210,2026-05-12 09:00:00,5,1.0,,"Positive viewing feedback. Applicant liked the layout and Camden location, with questions about tenancy terms."
F-423,V-478,A-1133,P-2740,2026-08-08 13:00:00,2,-0.5,PRICE|CONDITION,Applicant liked aspects of the property but raised price sensitivity versus budget.
F-424,V-479,A-1133,P-2304,2026-06-15 12:00:00,5,1.0,PRICE|TRANSPORT,"Positive viewing feedback. Applicant liked the layout and Camden location, with questions about tenancy terms."
F-425,V-481,A-1134,P-1380,2026-07-02 15:00:00,3,0.0,PRICE|TRANSPORT,Applicant liked aspects of the property but raised price sensitivity versus budget.
F-426,V-482,A-1134,P-2299,2026-08-03 09:00:00,5,1.0,,"Positive viewing feedback. Applicant liked the layout and Canary Wharf location, with questions about tenancy terms."
F-427,V-483,A-1134,P-1780,2026-05-23 14:00:00,3,0.0,PRICE,Applicant liked aspects of the property but raised price sensitivity versus budget.
F-428,V-485,A-1135,P-1842,2026-08-06 16:00:00,4,0.5,,"Positive viewing feedback. Applicant liked the layout and Camden location, with questions about tenancy terms."
F-429,V-486,A-1135,P-2337,2026-07-07 17:00:00,4,0.5,TERMS,"Positive viewing feedback. Applicant liked the layout and Clapham location, with questions about tenancy terms."
F-430,V-487,A-1136,P-1142,2026-07-18 14:00:00,5,1.0,,"Positive viewing feedback. Applicant liked the layout and Stratford location, with questions about tenancy terms."
F-431,V-489,A-1136,P-2026,2026-07-17 17:00:00,3,0.0,,Applicant had reservations and asked for better matching alternatives.
F-432,V-490,A-1136,P-2570,2026-05-25 10:00:00,1,-1.0,PRICE|CONDITION,Applicant liked aspects of the property but raised price sensitivity versus budget.
F-433,V-492,A-1137,P-2463,2026-07-30 15:00:00,5,1.0,,"Positive viewing feedback. Applicant liked the layout and Greenwich location, with questions about tenancy terms."
F-434,V-494,A-1138,P-2732,2026-05-18 13:00:00,5,1.0,PRICE|TRANSPORT,"Positive viewing feedback. Applicant liked the layout and Islington location, with questions about tenancy terms."
F-435,V-495,A-1138,P-2742,2026-05-24 12:00:00,5,1.0,TRANSPORT,"Positive viewing feedback. Applicant liked the layout and Islington location, with questions about tenancy terms."
F-436,V-496,A-1138,P-2113,2026-07-30 13:00:00,5,1.0,,"Positive viewing feedback. Applicant liked the layout and Islington location, with questions about tenancy terms."
F-437,V-497,A-1138,P-1319,2026-07-06 10:00:00,5,1.0,PRICE,"Positive viewing feedback. Applicant liked the layout and Islington location, with questions about tenancy terms."
F-438,V-498,A-1138,P-1658,2026-07-04 13:00:00,5,1.0,PRICE|TERMS,"Positive viewing feedback. Applicant liked the layout and Islington location, with questions about tenancy terms."
F-439,V-499,A-1138,P-1490,2026-05-21 13:00:00,3,0.0,TRANSPORT,Applicant had reservations and asked for better matching alternatives.
F-440,V-500,A-1138,P-2330,2026-08-03 12:00:00,4,0.5,,"Positive viewing feedback. Applicant liked the layout and Islington location, with questions about tenancy terms."
F-441,V-501,A-1138,P-2591,2026-06-30 10:00:00,5,1.0,,"Positive viewing feedback. Applicant liked the layout and Islington location, with questions about tenancy terms."
F-442,V-502,A-1138,P-2755,2026-06-18 11:00:00,4,0.5,,"Positive viewing feedback. Applicant liked the layout and Islington location, with questions about tenancy terms."
F-443,V-503,A-1138,P-2874,2026-06-12 16:00:00,3,0.0,PRICE,Applicant liked aspects of the property but raised price sensitivity versus budget.
F-444,V-504,A-1139,P-2922,2026-05-10 14:00:00,5,1.0,,"Positive viewing feedback. Applicant liked the layout and Canary Wharf location, with questions about tenancy terms."
F-445,V-505,A-1139,P-1613,2026-07-03 13:00:00,4,0.5,TRANSPORT,"Positive viewing feedback. Applicant liked the layout and Greenwich location, with questions about tenancy terms."
F-446,V-506,A-1139,P-2660,2026-07-30 15:00:00,4,0.5,TRANSPORT,"Positive viewing feedback. Applicant liked the layout and Greenwich location, with questions about tenancy terms."
F-447,V-507,A-1139,P-2971,2026-05-16 14:00:00,5,1.0,TERMS,"Positive viewing feedback. Applicant liked the layout and Greenwich location, with questions about tenancy terms."
F-448,V-509,A-1140,P-2357,2026-07-01 17:00:00,3,0.0,,Applicant had reservations and asked for better matching alternatives.
F-449,V-510,A-1140,P-2581,2026-05-26 10:00:00,3,0.0,,Applicant had reservations and asked for better matching alternatives.
F-450,V-511,A-1140,P-2202,2026-07-15 17:00:00,5,1.0,,"Positive viewing feedback. Applicant liked the layout and Clapham location, with questions about tenancy terms."
F-451,V-512,A-1140,P-1370,2026-05-03 09:00:00,3,0.0,,Applicant had reservations and asked for better matching alternatives.
F-452,V-513,A-1140,P-2220,2026-06-01 15:00:00,5,1.0,PRICE,"Positive viewing feedback. Applicant liked the layout and Clapham location, with questions about tenancy terms."
F-453,V-514,A-1140,P-1876,2026-06-22 17:00:00,5,1.0,,"Positive viewing feedback. Applicant liked the layout and Clapham location, with questions about tenancy terms."
F-454,V-515,A-1140,P-1376,2026-06-02 15:00:00,5,1.0,PRICE|TRANSPORT,"Positive viewing feedback. Applicant liked the layout and Clapham location, with questions about tenancy terms."
F-455,V-516,A-1140,P-2557,2026-07-06 09:00:00,3,0.0,PRICE,Applicant liked aspects of the property but raised price sensitivity versus budget.
F-456,V-517,A-1141,P-2731,2026-07-08 13:00:00,5,1.0,TERMS,"Positive viewing feedback. Applicant liked the layout and Stratford location, with questions about tenancy terms."
F-457,V-518,A-1141,P-2850,2026-06-28 13:00:00,3,0.0,PRICE,Applicant liked aspects of the property but raised price sensitivity versus budget.
F-458,V-519,A-1141,P-1121,2026-06-13 13:00:00,3,0.0,PRICE,Applicant liked aspects of the property but raised price sensitivity versus budget.
F-459,V-520,A-1142,P-2839,2026-08-10 15:00:00,2,-0.5,PRICE|TRANSPORT|AREA,Applicant liked aspects of the property but raised price sensitivity versus budget.
F-460,V-521,A-1142,P-2473,2026-05-25 15:00:00,5,1.0,,"Positive viewing feedback. Applicant liked the layout and Greenwich location, with questions about tenancy terms."
F-461,V-522,A-1142,P-1384,2026-05-28 09:00:00,4,0.5,PRICE,"Positive viewing feedback. Applicant liked the layout and Chelsea location, with questions about tenancy terms."
F-462,V-523,A-1143,P-1201,2026-07-07 09:00:00,5,1.0,PRICE|TRANSPORT,"Positive viewing feedback. Applicant liked the layout and Stratford location, with questions about tenancy terms."
F-463,V-524,A-1143,P-2576,2026-07-20 13:00:00,4,0.5,PRICE,"Positive viewing feedback. Applicant liked the layout and Stratford location, with questions about tenancy terms."
F-464,V-525,A-1143,P-2250,2026-06-08 15:00:00,4,0.5,TERMS,"Positive viewing feedback. Applicant liked the layout and Stratford location, with questions about tenancy terms."
F-465,V-526,A-1143,P-1434,2026-05-17 16:00:00,4,0.5,,"Positive viewing feedback. Applicant liked the layout and Stratford location, with questions about tenancy terms."
F-466,V-527,A-1144,P-1603,2026-08-09 13:00:00,3,0.0,PRICE,Applicant liked aspects of the property but raised price sensitivity versus budget.
F-467,V-528,A-1144,P-2927,2026-06-14 14:00:00,4,0.5,PRICE,"Positive viewing feedback. Applicant liked the layout and Battersea location, with questions about tenancy terms."
F-468,V-529,A-1144,P-2771,2026-06-18 15:00:00,5,1.0,,"Positive viewing feedback. Applicant liked the layout and Croydon location, with questions about tenancy terms."
F-469,V-530,A-1144,P-2756,2026-06-14 12:00:00,5,1.0,,"Positive viewing feedback. Applicant liked the layout and Croydon location, with questions about tenancy terms."
F-470,V-531,A-1145,P-1255,2026-07-05 12:00:00,4,0.5,,"Positive viewing feedback. Applicant liked the layout and Clapham location, with questions about tenancy terms."
F-471,V-532,A-1145,P-1962,2026-07-14 16:00:00,4,0.5,,"Positive viewing feedback. Applicant liked the layout and Clapham location, with questions about tenancy terms."
F-472,V-533,A-1145,P-1534,2026-05-16 12:00:00,5,1.0,,"Positive viewing feedback. Applicant liked the layout and Clapham location, with questions about tenancy terms."
F-473,V-534,A-1145,P-1625,2026-05-13 15:00:00,4,0.5,TERMS,"Positive viewing feedback. Applicant liked the layout and Clapham location, with questions about tenancy terms."
F-474,V-535,A-1146,P-2423,2026-06-03 11:00:00,3,0.0,PRICE|TRANSPORT,Applicant liked aspects of the property but raised price sensitivity versus budget.
F-475,V-536,A-1146,P-2340,2026-07-25 13:00:00,5,1.0,PRICE|TRANSPORT,"Positive viewing feedback. Applicant liked the layout and Clapham location, with questions about tenancy terms."
F-476,V-537,A-1146,P-2662,2026-06-26 15:00:00,3,0.0,PRICE,Applicant liked aspects of the property but raised price sensitivity versus budget.
F-477,V-538,A-1146,P-2194,2026-06-02 12:00:00,2,-0.5,PRICE|CONDITION,Applicant liked aspects of the property but raised price sensitivity versus budget.
F-478,V-539,A-1147,P-2416,2026-05-14 12:00:00,2,-0.5,PRICE|AREA,Applicant liked aspects of the property but raised price sensitivity versus budget.
F-479,V-540,A-1147,P-1027,2026-06-29 13:00:00,3,0.0,PRICE,Applicant liked aspects of the property but raised price sensitivity versus budget.
F-480,V-541,A-1147,P-2430,2026-05-13 15:00:00,4,0.5,PRICE|TERMS,"Positive viewing feedback. Applicant liked the layout and Camden location, with questions about tenancy terms."
F-481,V-542,A-1147,P-2077,2026-06-12 15:00:00,5,1.0,TERMS,"Positive viewing feedback. Applicant liked the layout and Camden location, with questions about tenancy terms."
F-482,V-544,A-1148,P-2373,2026-05-07 17:00:00,3,0.0,,Applicant had reservations and asked for better matching alternatives.
F-483,V-545,A-1148,P-1045,2026-05-06 15:00:00,5,1.0,PRICE|TRANSPORT,"Positive viewing feedback. Applicant liked the layout and Greenwich location, with questions about tenancy terms."
F-484,V-546,A-1148,P-2067,2026-08-04 16:00:00,5,1.0,TRANSPORT,"Positive viewing feedback. Applicant liked the layout and Greenwich location, with questions about tenancy terms."
F-485,V-547,A-1149,P-2324,2026-07-16 14:00:00,4,0.5,TRANSPORT,"Positive viewing feedback. Applicant liked the layout and Canary Wharf location, with questions about tenancy terms."
F-486,V-548,A-1149,P-2120,2026-05-10 11:00:00,3,0.0,,Applicant had reservations and asked for better matching alternatives.
F-487,V-549,A-1149,P-2656,2026-05-14 13:00:00,4,0.5,,"Positive viewing feedback. Applicant liked the layout and Canary Wharf location, with questions about tenancy terms."
F-488,V-550,A-1149,P-1433,2026-05-17 14:00:00,5,1.0,,"Positive viewing feedback. Applicant liked the layout and Canary Wharf location, with questions about tenancy terms."
F-489,V-551,A-1149,P-1346,2026-07-31 13:00:00,5,1.0,,"Positive viewing feedback. Applicant liked the layout and Canary Wharf location, with questions about tenancy terms."
F-490,V-552,A-1150,P-2797,2026-07-12 15:00:00,4,0.5,PRICE|TRANSPORT,"Positive viewing feedback. Applicant liked the layout and Battersea location, with questions about tenancy terms."
F-491,V-555,A-1151,P-1629,2026-06-25 15:00:00,2,-0.5,PRICE|AREA,Applicant liked aspects of the property but raised price sensitivity versus budget.
F-492,V-556,A-1151,P-2238,2026-07-14 15:00:00,2,-0.5,PRICE|SIZE,Applicant liked aspects of the property but raised price sensitivity versus budget.
F-493,V-557,A-1151,P-1476,2026-06-19 15:00:00,5,1.0,PRICE|TERMS,"Positive viewing feedback. Applicant liked the layout and Camden location, with questions about tenancy terms."
F-494,V-558,A-1152,P-2801,2026-06-29 13:00:00,4,0.5,,"Positive viewing feedback. Applicant liked the layout and Croydon location, with questions about tenancy terms."
F-495,V-559,A-1152,P-2122,2026-07-04 15:00:00,2,-0.5,PRICE|SIZE|TERMS,Applicant liked aspects of the property but raised price sensitivity versus budget.
F-496,V-560,A-1153,P-2815,2026-07-28 17:00:00,4,0.5,,"Positive viewing feedback. Applicant liked the layout and Croydon location, with questions about tenancy terms."
F-497,V-561,A-1153,P-2972,2026-06-21 10:00:00,4,0.5,,"Positive viewing feedback. Applicant liked the layout and Croydon location, with questions about tenancy terms."
F-498,V-562,A-1153,P-1976,2026-07-28 16:00:00,4,0.5,,"Positive viewing feedback. Applicant liked the layout and Croydon location, with questions about tenancy terms."
F-499,V-563,A-1153,P-2923,2026-05-12 10:00:00,3,0.0,PRICE,Applicant liked aspects of the property but raised price sensitivity versus budget.
F-500,V-565,A-1154,P-2695,2026-06-16 11:00:00,5,1.0,,"Positive viewing feedback. Applicant liked the layout and Camden location, with questions about tenancy terms."
F-501,V-566,A-1154,P-2642,2026-08-06 17:00:00,5,1.0,PRICE|TRANSPORT,"Positive viewing feedback. Applicant liked the layout and Camden location, with questions about tenancy terms."
F-502,V-567,A-1154,P-1476,2026-06-29 17:00:00,4,0.5,PRICE,"Positive viewing feedback. Applicant liked the layout and Camden location, with questions about tenancy terms."
F-503,V-568,A-1155,P-1608,2026-08-03 10:00:00,4,0.5,PRICE|TRANSPORT,"Positive viewing feedback. Applicant liked the layout and Battersea location, with questions about tenancy terms."
F-504,V-569,A-1155,P-1352,2026-05-15 09:00:00,5,1.0,TRANSPORT,"Positive viewing feedback. Applicant liked the layout and Battersea location, with questions about tenancy terms."
F-505,V-571,A-1155,P-2855,2026-07-01 11:00:00,5,1.0,,"Positive viewing feedback. Applicant liked the layout and Battersea location, with questions about tenancy terms."
F-506,V-572,A-1155,P-1161,2026-06-30 15:00:00,5,1.0,,"Positive viewing feedback. Applicant liked the layout and Battersea location, with questions about tenancy terms."
F-507,V-573,A-1156,P-2929,2026-07-05 16:00:00,3,0.0,PRICE|TRANSPORT,Applicant liked aspects of the property but raised price sensitivity versus budget.
F-508,V-574,A-1157,P-1733,2026-07-04 12:00:00,4,0.5,,"Positive viewing feedback. Applicant liked the layout and Greenwich location, with questions about tenancy terms."
F-509,V-575,A-1158,P-1784,2026-06-25 13:00:00,3,0.0,PRICE,Applicant liked aspects of the property but raised price sensitivity versus budget.
F-510,V-576,A-1158,P-2486,2026-06-10 11:00:00,5,1.0,TRANSPORT,"Positive viewing feedback. Applicant liked the layout and Clapham location, with questions about tenancy terms."
F-511,V-578,A-1159,P-2644,2026-07-09 14:00:00,4,0.5,,"Positive viewing feedback. Applicant liked the layout and Clapham location, with questions about tenancy terms."
F-512,V-580,A-1159,P-2340,2026-06-05 16:00:00,4,0.5,TRANSPORT,"Positive viewing feedback. Applicant liked the layout and Clapham location, with questions about tenancy terms."
F-513,V-582,A-1160,P-1270,2026-06-29 09:00:00,3,0.0,PRICE,Applicant liked aspects of the property but raised price sensitivity versus budget.
F-514,V-583,A-1160,P-1277,2026-06-05 15:00:00,4,0.5,,"Positive viewing feedback. Applicant liked the layout and Stratford location, with questions about tenancy terms."
F-515,V-586,A-1161,P-1747,2026-06-27 11:00:00,5,1.0,TRANSPORT|TERMS,"Positive viewing feedback. Applicant liked the layout and Stratford location, with questions about tenancy terms."
F-516,V-587,A-1161,P-1645,2026-06-10 12:00:00,4,0.5,,"Positive viewing feedback. Applicant liked the layout and Stratford location, with questions about tenancy terms."
F-517,V-588,A-1161,P-1692,2026-06-18 16:00:00,5,1.0,,"Positive viewing feedback. Applicant liked the layout and Greenwich location, with questions about tenancy terms."
F-518,V-589,A-1161,P-2433,2026-07-05 10:00:00,5,1.0,,"Positive viewing feedback. Applicant liked the layout and Stratford location, with questions about tenancy terms."
F-519,V-590,A-1161,P-1206,2026-08-05 14:00:00,5,1.0,TERMS,"Positive viewing feedback. Applicant liked the layout and Stratford location, with questions about tenancy terms."
F-520,V-591,A-1161,P-1070,2026-07-11 17:00:00,5,1.0,,"Positive viewing feedback. Applicant liked the layout and Stratford location, with questions about tenancy terms."
F-521,V-592,A-1162,P-2851,2026-05-06 11:00:00,3,0.0,PRICE,Applicant liked aspects of the property but raised price sensitivity versus budget.
F-522,V-593,A-1162,P-2598,2026-07-17 14:00:00,4,0.5,,"Positive viewing feedback. Applicant liked the layout and Battersea location, with questions about tenancy terms."
F-523,V-594,A-1162,P-1449,2026-07-22 13:00:00,5,1.0,,"Positive viewing feedback. Applicant liked the layout and Wimbledon location, with questions about tenancy terms."
F-524,V-595,A-1162,P-2101,2026-07-19 10:00:00,4,0.5,PRICE,"Positive viewing feedback. Applicant liked the layout and Fulham location, with questions about tenancy terms."
F-525,V-597,A-1163,P-2307,2026-06-05 16:00:00,5,1.0,PRICE,"Positive viewing feedback. Applicant liked the layout and Canary Wharf location, with questions about tenancy terms."
F-526,V-598,A-1163,P-1577,2026-06-15 12:00:00,5,1.0,TRANSPORT,"Positive viewing feedback. Applicant liked the layout and Canary Wharf location, with questions about tenancy terms."
F-527,V-599,A-1163,P-1092,2026-07-26 17:00:00,4,0.5,PRICE,"Positive viewing feedback. Applicant liked the layout and Canary Wharf location, with questions about tenancy terms."
F-528,V-600,A-1163,P-2168,2026-07-28 15:00:00,5,1.0,PRICE|TRANSPORT,"Positive viewing feedback. Applicant liked the layout and Canary Wharf location, with questions about tenancy terms."
F-529,V-602,A-1164,P-1586,2026-05-06 09:00:00,5,1.0,,"Positive viewing feedback. Applicant liked the layout and Clapham location, with questions about tenancy terms."
F-530,V-604,A-1164,P-2300,2026-06-08 11:00:00,5,1.0,,"Positive viewing feedback. Applicant liked the layout and Islington location, with questions about tenancy terms."
F-531,V-605,A-1164,P-2122,2026-08-03 10:00:00,3,0.0,,Applicant had reservations and asked for better matching alternatives.
F-532,V-606,A-1164,P-1305,2026-07-27 17:00:00,4,0.5,PRICE,"Positive viewing feedback. Applicant liked the layout and Clapham location, with questions about tenancy terms."
F-533,V-608,A-1164,P-2073,2026-05-30 12:00:00,4,0.5,,"Positive viewing feedback. Applicant liked the layout and Clapham location, with questions about tenancy terms."
F-534,V-609,A-1165,P-2973,2026-07-26 17:00:00,5,1.0,TERMS,"Positive viewing feedback. Applicant liked the layout and Croydon location, with questions about tenancy terms."
F-535,V-610,A-1165,P-2889,2026-06-08 14:00:00,2,-0.5,SIZE,Applicant had reservations and asked for better matching alternatives.
F-536,V-611,A-1165,P-1667,2026-05-09 16:00:00,4,0.5,TRANSPORT,"Positive viewing feedback. Applicant liked the layout and Hackney location, with questions about tenancy terms."
F-537,V-612,A-1166,P-2104,2026-05-15 15:00:00,1,-1.0,PRICE|SIZE,Applicant liked aspects of the property but raised price sensitivity versus budget.
F-538,V-613,A-1166,P-1740,2026-07-19 13:00:00,3,0.0,,Applicant had reservations and asked for better matching alternatives.
F-539,V-614,A-1166,P-1455,2026-07-22 16:00:00,5,1.0,,"Positive viewing feedback. Applicant liked the layout and Croydon location, with questions about tenancy terms."
F-540,V-615,A-1166,P-2486,2026-08-05 10:00:00,5,1.0,,"Positive viewing feedback. Applicant liked the layout and Clapham location, with questions about tenancy terms."
F-541,V-617,A-1167,P-1139,2026-06-08 11:00:00,5,1.0,PRICE,"Positive viewing feedback. Applicant liked the layout and Fulham location, with questions about tenancy terms."
F-542,V-618,A-1167,P-2560,2026-06-17 16:00:00,3,0.0,,Applicant had reservations and asked for better matching alternatives.
F-543,V-619,A-1167,P-2896,2026-06-06 09:00:00,5,1.0,,"Positive viewing feedback. Applicant liked the layout and Canary Wharf location, with questions about tenancy terms."
F-544,V-620,A-1169,P-2495,2026-06-05 09:00:00,5,1.0,PRICE,"Positive viewing feedback. Applicant liked the layout and Canary Wharf location, with questions about tenancy terms."
F-545,V-622,A-1169,P-1514,2026-05-08 14:00:00,5,1.0,,"Positive viewing feedback. Applicant liked the layout and Canary Wharf location, with questions about tenancy terms."
F-546,V-623,A-1169,P-1780,2026-07-05 13:00:00,4,0.5,PRICE,"Positive viewing feedback. Applicant liked the layout and Canary Wharf location, with questions about tenancy terms."
F-547,V-624,A-1169,P-2637,2026-06-04 11:00:00,4,0.5,TERMS,"Positive viewing feedback. Applicant liked the layout and Chelsea location, with questions about tenancy terms."
F-548,V-625,A-1170,P-2114,2026-07-04 12:00:00,4,0.5,,"Positive viewing feedback. Applicant liked the layout and Hackney location, with questions about tenancy terms."
F-549,V-628,A-1171,P-2964,2026-07-06 09:00:00,4,0.5,PRICE,"Positive viewing feedback. Applicant liked the layout and Battersea location, with questions about tenancy terms."
F-550,V-629,A-1171,P-2225,2026-07-31 17:00:00,5,1.0,,"Positive viewing feedback. Applicant liked the layout and Battersea location, with questions about tenancy terms."
F-551,V-630,A-1171,P-1031,2026-06-26 13:00:00,4,0.5,PRICE,"Positive viewing feedback. Applicant liked the layout and Battersea location, with questions about tenancy terms."
F-552,V-631,A-1171,P-1861,2026-06-11 15:00:00,4,0.5,TRANSPORT,"Positive viewing feedback. Applicant liked the layout and Battersea location, with questions about tenancy terms."
F-553,V-632,A-1172,P-1046,2026-08-07 10:00:00,1,-1.0,PRICE|AREA,Applicant liked aspects of the property but raised price sensitivity versus budget.
F-554,V-633,A-1172,P-1717,2026-07-30 16:00:00,5,1.0,,"Positive viewing feedback. Applicant liked the layout and Croydon location, with questions about tenancy terms."
F-555,V-634,A-1172,P-2948,2026-07-12 09:00:00,3,0.0,PRICE,Applicant liked aspects of the property but raised price sensitivity versus budget.
F-556,V-635,A-1173,P-1403,2026-05-16 11:00:00,3,0.0,TRANSPORT,Applicant had reservations and asked for better matching alternatives.
F-557,V-636,A-1173,P-1034,2026-06-21 11:00:00,3,0.0,TERMS,Applicant had reservations and asked for better matching alternatives.
F-558,V-637,A-1173,P-1975,2026-08-08 15:00:00,3,0.0,TERMS,Applicant had reservations and asked for better matching alternatives.
F-559,V-639,A-1175,P-2228,2026-07-31 11:00:00,3,0.0,PRICE,Applicant liked aspects of the property but raised price sensitivity versus budget.
F-560,V-640,A-1175,P-2960,2026-07-31 17:00:00,3,0.0,PRICE,Applicant liked aspects of the property but raised price sensitivity versus budget.
F-561,V-641,A-1175,P-1989,2026-07-25 17:00:00,3,0.0,,Applicant had reservations and asked for better matching alternatives.
F-562,V-642,A-1175,P-1140,2026-08-04 14:00:00,4,0.5,PRICE,"Positive viewing feedback. Applicant liked the layout and Fulham location, with questions about tenancy terms."
F-563,V-643,A-1175,P-2669,2026-07-06 13:00:00,5,1.0,PRICE|TERMS,"Positive viewing feedback. Applicant liked the layout and Battersea location, with questions about tenancy terms."
F-564,V-644,A-1176,P-1929,2026-07-25 11:00:00,4,0.5,TRANSPORT,"Positive viewing feedback. Applicant liked the layout and Shoreditch location, with questions about tenancy terms."
F-565,V-645,A-1176,P-1485,2026-06-28 14:00:00,4,0.5,PRICE,"Positive viewing feedback. Applicant liked the layout and Chelsea location, with questions about tenancy terms."
F-566,V-646,A-1176,P-1710,2026-08-08 14:00:00,3,0.0,,Applicant had reservations and asked for better matching alternatives.
F-567,V-647,A-1176,P-2633,2026-06-17 11:00:00,5,1.0,TRANSPORT,"Positive viewing feedback. Applicant liked the layout and Battersea location, with questions about tenancy terms."
F-568,V-648,A-1177,P-2051,2026-07-24 09:00:00,5,1.0,,"Positive viewing feedback. Applicant liked the layout and Wimbledon location, with questions about tenancy terms."
F-569,V-649,A-1177,P-2569,2026-07-06 13:00:00,5,1.0,PRICE,"Positive viewing feedback. Applicant liked the layout and Camden location, with questions about tenancy terms."
F-570,V-652,A-1178,P-2855,2026-07-23 14:00:00,5,1.0,TRANSPORT,"Positive viewing feedback. Applicant liked the layout and Battersea location, with questions about tenancy terms."
F-571,V-654,A-1179,P-2371,2026-08-04 17:00:00,5,1.0,,"Positive viewing feedback. Applicant liked the layout and Shoreditch location, with questions about tenancy terms."
F-572,V-657,A-1180,P-1505,2026-06-12 12:00:00,5,1.0,,"Positive viewing feedback. Applicant liked the layout and Camden location, with questions about tenancy terms."
F-573,V-658,A-1180,P-2698,2026-05-19 10:00:00,5,1.0,TRANSPORT,"Positive viewing feedback. Applicant liked the layout and Camden location, with questions about tenancy terms."
F-574,V-659,A-1180,P-2635,2026-06-10 10:00:00,4,0.5,,"Positive viewing feedback. Applicant liked the layout and Croydon location, with questions about tenancy terms."
F-575,V-660,A-1182,P-1605,2026-07-22 11:00:00,2,-0.5,PRICE|CONDITION,Applicant liked aspects of the property but raised price sensitivity versus budget.
F-576,V-661,A-1182,P-2494,2026-07-29 13:00:00,3,0.0,PRICE,Applicant liked aspects of the property but raised price sensitivity versus budget.
F-577,V-663,A-1183,P-1939,2026-05-05 14:00:00,4,0.5,,"Positive viewing feedback. Applicant liked the layout and Croydon location, with questions about tenancy terms."
F-578,V-664,A-1183,P-1726,2026-07-27 10:00:00,5,1.0,,"Positive viewing feedback. Applicant liked the layout and Croydon location, with questions about tenancy terms."
F-579,V-665,A-1184,P-2727,2026-07-07 15:00:00,3,0.0,,Applicant had reservations and asked for better matching alternatives.
F-580,V-666,A-1184,P-DEMO-01,2026-05-06 10:00:00,4,0.5,TERMS,"Positive viewing feedback. Applicant liked the layout and Canary Wharf location, with questions about tenancy terms."
F-581,V-667,A-1184,P-1949,2026-06-22 10:00:00,5,1.0,TERMS,"Positive viewing feedback. Applicant liked the layout and Canary Wharf location, with questions about tenancy terms."
F-582,V-670,A-1185,P-2690,2026-05-30 17:00:00,5,1.0,,"Positive viewing feedback. Applicant liked the layout and Camden location, with questions about tenancy terms."
F-583,V-671,A-1185,P-1672,2026-07-19 14:00:00,4,0.5,,"Positive viewing feedback. Applicant liked the layout and Camden location, with questions about tenancy terms."
F-584,V-672,A-1185,P-1340,2026-06-06 09:00:00,5,1.0,,"Positive viewing feedback. Applicant liked the layout and Camden location, with questions about tenancy terms."
F-585,V-673,A-1185,P-1850,2026-06-04 14:00:00,3,0.0,TRANSPORT,Applicant had reservations and asked for better matching alternatives.
F-586,V-674,A-1186,P-1229,2026-07-27 12:00:00,4,0.5,PRICE,"Positive viewing feedback. Applicant liked the layout and Clapham location, with questions about tenancy terms."
F-587,V-675,A-1186,P-1534,2026-07-03 12:00:00,5,1.0,,"Positive viewing feedback. Applicant liked the layout and Clapham location, with questions about tenancy terms."
F-588,V-676,A-1186,P-2827,2026-07-26 17:00:00,5,1.0,,"Positive viewing feedback. Applicant liked the layout and Clapham location, with questions about tenancy terms."
F-589,V-678,A-1188,P-1928,2026-07-17 15:00:00,4,0.5,,"Positive viewing feedback. Applicant liked the layout and Greenwich location, with questions about tenancy terms."
F-590,V-679,A-1188,P-2111,2026-07-27 13:00:00,5,1.0,,"Positive viewing feedback. Applicant liked the layout and Greenwich location, with questions about tenancy terms."
F-591,V-680,A-1188,P-2502,2026-08-03 10:00:00,5,1.0,,"Positive viewing feedback. Applicant liked the layout and Greenwich location, with questions about tenancy terms."
F-592,V-681,A-1189,P-2499,2026-05-18 09:00:00,3,0.0,PRICE,Applicant liked aspects of the property but raised price sensitivity versus budget.
F-593,V-682,A-1189,P-1604,2026-07-31 17:00:00,4,0.5,PRICE,"Positive viewing feedback. Applicant liked the layout and Croydon location, with questions about tenancy terms."
F-594,V-683,A-1189,P-1804,2026-07-07 11:00:00,3,0.0,TERMS,Applicant had reservations and asked for better matching alternatives.
F-595,V-684,A-1189,P-2027,2026-06-28 16:00:00,5,1.0,,"Positive viewing feedback. Applicant liked the layout and Croydon location, with questions about tenancy terms."
F-596,V-685,A-1190,P-1141,2026-07-18 17:00:00,4,0.5,,"Positive viewing feedback. Applicant liked the layout and Islington location, with questions about tenancy terms."
F-597,V-686,A-1190,P-2272,2026-06-06 11:00:00,5,1.0,,"Positive viewing feedback. Applicant liked the layout and Islington location, with questions about tenancy terms."
F-598,V-687,A-1190,P-2079,2026-06-24 10:00:00,4,0.5,,"Positive viewing feedback. Applicant liked the layout and Islington location, with questions about tenancy terms."
F-599,V-688,A-1190,P-1768,2026-05-04 13:00:00,4,0.5,,"Positive viewing feedback. Applicant liked the layout and Islington location, with questions about tenancy terms."
F-600,V-689,A-1190,P-1869,2026-06-30 15:00:00,4,0.5,PRICE,"Positive viewing feedback. Applicant liked the layout and Chelsea location, with questions about tenancy terms."
F-601,V-690,A-1191,P-1297,2026-07-08 17:00:00,4,0.5,,"Positive viewing feedback. Applicant liked the layout and Shoreditch location, with questions about tenancy terms."
F-602,V-691,A-1191,P-1095,2026-07-10 11:00:00,5,1.0,,"Positive viewing feedback. Applicant liked the layout and Shoreditch location, with questions about tenancy terms."
F-603,V-692,A-1191,P-1843,2026-08-09 15:00:00,5,1.0,,"Positive viewing feedback. Applicant liked the layout and Shoreditch location, with questions about tenancy terms."
F-604,V-694,A-1192,P-2211,2026-05-16 10:00:00,4,0.5,,"Positive viewing feedback. Applicant liked the layout and Canary Wharf location, with questions about tenancy terms."
F-605,V-695,A-1192,P-1273,2026-05-10 10:00:00,5,1.0,,"Positive viewing feedback. Applicant liked the layout and Canary Wharf location, with questions about tenancy terms."
F-606,V-696,A-1192,P-1987,2026-06-12 09:00:00,5,1.0,PRICE|TRANSPORT,"Positive viewing feedback. Applicant liked the layout and Canary Wharf location, with questions about tenancy terms."
F-607,V-697,A-1193,P-2056,2026-07-24 12:00:00,5,1.0,TERMS,"Positive viewing feedback. Applicant liked the layout and Stratford location, with questions about tenancy terms."
F-608,V-698,A-1193,P-1666,2026-05-21 16:00:00,4,0.5,PRICE|TRANSPORT,"Positive viewing feedback. Applicant liked the layout and Stratford location, with questions about tenancy terms."
F-609,V-699,A-1193,P-2365,2026-05-28 12:00:00,3,0.0,PRICE,Applicant liked aspects of the property but raised price sensitivity versus budget.
F-610,V-700,A-1194,P-2375,2026-06-08 16:00:00,3,0.0,,Applicant had reservations and asked for better matching alternatives.
F-611,V-701,A-1194,P-2127,2026-07-25 12:00:00,5,1.0,,"Positive viewing feedback. Applicant liked the layout and Wimbledon location, with questions about tenancy terms."
F-612,V-702,A-1195,P-2212,2026-06-28 15:00:00,2,-0.5,PRICE|AREA,Applicant liked aspects of the property but raised price sensitivity versus budget.
F-613,V-703,A-1195,P-1472,2026-07-28 15:00:00,5,1.0,PRICE,"Positive viewing feedback. Applicant liked the layout and Canary Wharf location, with questions about tenancy terms."
F-614,V-704,A-1195,P-1684,2026-05-23 14:00:00,4,0.5,,"Positive viewing feedback. Applicant liked the layout and Croydon location, with questions about tenancy terms."
F-615,V-705,A-1196,P-2237,2026-06-12 16:00:00,3,0.0,,Applicant had reservations and asked for better matching alternatives.
F-616,V-706,A-1196,P-1684,2026-06-29 10:00:00,4,0.5,,"Positive viewing feedback. Applicant liked the layout and Croydon location, with questions about tenancy terms."
F-617,V-707,A-1196,P-1618,2026-07-16 15:00:00,4,0.5,,"Positive viewing feedback. Applicant liked the layout and Wimbledon location, with questions about tenancy terms."
F-618,V-708,A-1196,P-1637,2026-06-25 11:00:00,5,1.0,,"Positive viewing feedback. Applicant liked the layout and Wimbledon location, with questions about tenancy terms."
F-619,V-710,A-1197,P-1628,2026-07-04 11:00:00,4,0.5,,"Positive viewing feedback. Applicant liked the layout and Stratford location, with questions about tenancy terms."
F-620,V-711,A-1197,P-2928,2026-07-30 16:00:00,5,1.0,,"Positive viewing feedback. Applicant liked the layout and Wimbledon location, with questions about tenancy terms."
F-621,V-712,A-1197,P-2535,2026-06-06 17:00:00,2,-0.5,SIZE,Applicant had reservations and asked for better matching alternatives.
F-622,V-713,A-1197,P-1798,2026-05-12 17:00:00,5,1.0,TRANSPORT,"Positive viewing feedback. Applicant liked the layout and Wimbledon location, with questions about tenancy terms."
F-623,V-715,A-1198,P-1159,2026-08-11 09:00:00,4,0.5,,"Positive viewing feedback. Applicant liked the layout and Greenwich location, with questions about tenancy terms."
F-624,V-716,A-1198,P-2171,2026-07-10 11:00:00,5,1.0,,"Positive viewing feedback. Applicant liked the layout and Greenwich location, with questions about tenancy terms."
F-625,V-717,A-1199,P-1441,2026-07-15 14:00:00,3,0.0,PRICE,Applicant liked aspects of the property but raised price sensitivity versus budget.
F-626,V-718,A-1199,P-1436,2026-06-13 15:00:00,4,0.5,,"Positive viewing feedback. Applicant liked the layout and Hackney location, with questions about tenancy terms."
F-627,V-719,A-1199,P-2819,2026-07-20 11:00:00,4,0.5,PRICE,"Positive viewing feedback. Applicant liked the layout and Stratford location, with questions about tenancy terms."
F-628,V-720,A-1199,P-1206,2026-07-26 17:00:00,5,1.0,,"Positive viewing feedback. Applicant liked the layout and Stratford location, with questions about tenancy terms."
F-629,V-721,A-1199,P-1732,2026-05-09 16:00:00,5,1.0,,"Positive viewing feedback. Applicant liked the layout and Hackney location, with questions about tenancy terms."
F-630,V-722,A-1199,P-2132,2026-07-25 16:00:00,5,1.0,,"Positive viewing feedback. Applicant liked the layout and Hackney location, with questions about tenancy terms."
F-631,V-723,A-1199,P-1628,2026-05-26 12:00:00,4,0.5,,"Positive viewing feedback. Applicant liked the layout and Stratford location, with questions about tenancy terms."
F-632,V-724,A-1200,P-2446,2026-07-09 16:00:00,5,1.0,,"Positive viewing feedback. Applicant liked the layout and Canary Wharf location, with questions about tenancy terms."
F-633,V-726,A-1200,P-1044,2026-08-05 14:00:00,3,0.0,PRICE,Applicant liked aspects of the property but raised price sensitivity versus budget.
F-634,V-727,A-1200,P-2914,2026-05-25 10:00:00,5,1.0,PRICE|TRANSPORT,"Positive viewing feedback. Applicant liked the layout and Fulham location, with questions about tenancy terms."
F-635,V-729,A-1201,P-2484,2026-08-10 16:00:00,5,1.0,,"Positive viewing feedback. Applicant liked the layout and Islington location, with questions about tenancy terms."
F-636,V-730,A-1201,P-1851,2026-06-08 17:00:00,5,1.0,TRANSPORT,"Positive viewing feedback. Applicant liked the layout and Islington location, with questions about tenancy terms."
F-637,V-732,A-1202,P-2777,2026-07-10 09:00:00,4,0.5,,"Positive viewing feedback. Applicant liked the layout and Greenwich location, with questions about tenancy terms."
F-638,V-733,A-1202,P-2117,2026-05-16 15:00:00,4,0.5,,"Positive viewing feedback. Applicant liked the layout and Battersea location, with questions about tenancy terms."
F-639,V-734,A-1203,P-1417,2026-06-18 13:00:00,4,0.5,,"Positive viewing feedback. Applicant liked the layout and Clapham location, with questions about tenancy terms."
F-640,V-735,A-1203,P-1634,2026-05-28 12:00:00,4,0.5,,"Positive viewing feedback. Applicant liked the layout and Croydon location, with questions about tenancy terms."
F-641,V-736,A-1203,P-1131,2026-07-13 09:00:00,5,1.0,PRICE|TRANSPORT,"Positive viewing feedback. Applicant liked the layout and Croydon location, with questions about tenancy terms."
F-642,V-737,A-1203,P-1064,2026-06-12 16:00:00,4,0.5,PRICE,"Positive viewing feedback. Applicant liked the layout and Clapham location, with questions about tenancy terms."
F-643,V-739,A-1203,P-1604,2026-07-27 11:00:00,5,1.0,,"Positive viewing feedback. Applicant liked the layout and Croydon location, with questions about tenancy terms."
F-644,V-740,A-1204,P-1056,2026-07-11 10:00:00,5,1.0,,"Positive viewing feedback. Applicant liked the layout and Wimbledon location, with questions about tenancy terms."
F-645,V-741,A-1204,P-2279,2026-05-11 13:00:00,3,0.0,,Applicant had reservations and asked for better matching alternatives.
F-646,V-742,A-1205,P-1484,2026-05-15 12:00:00,4,0.5,PRICE,"Positive viewing feedback. Applicant liked the layout and Hackney location, with questions about tenancy terms."
F-647,V-744,A-1205,P-1069,2026-05-27 14:00:00,5,1.0,PRICE,"Positive viewing feedback. Applicant liked the layout and Hackney location, with questions about tenancy terms."
F-648,V-746,A-1206,P-2129,2026-08-10 14:00:00,4,0.5,PRICE,"Positive viewing feedback. Applicant liked the layout and Chelsea location, with questions about tenancy terms."
F-649,V-747,A-1206,P-1715,2026-05-21 13:00:00,3,0.0,PRICE,Applicant liked aspects of the property but raised price sensitivity versus budget.
F-650,V-748,A-1207,P-2395,2026-07-18 12:00:00,5,1.0,PRICE,"Positive viewing feedback. Applicant liked the layout and Battersea location, with questions about tenancy terms."
F-651,V-750,A-1208,P-2748,2026-07-25 10:00:00,3,0.0,PRICE,Applicant liked aspects of the property but raised price sensitivity versus budget.
F-652,V-751,A-1208,P-2253,2026-05-23 11:00:00,5,1.0,,"Positive viewing feedback. Applicant liked the layout and Camden location, with questions about tenancy terms."
F-653,V-752,A-1208,P-1519,2026-07-31 11:00:00,5,1.0,,"Positive viewing feedback. Applicant liked the layout and Camden location, with questions about tenancy terms."
F-654,V-753,A-1208,P-2872,2026-05-12 14:00:00,5,1.0,PRICE|TRANSPORT,"Positive viewing feedback. Applicant liked the layout and Camden location, with questions about tenancy terms."
F-655,V-754,A-1208,P-1282,2026-05-25 11:00:00,4,0.5,PRICE,"Positive viewing feedback. Applicant liked the layout and Battersea location, with questions about tenancy terms."
F-656,V-755,A-1209,P-1532,2026-05-17 14:00:00,5,1.0,TERMS,"Positive viewing feedback. Applicant liked the layout and Greenwich location, with questions about tenancy terms."
F-657,V-757,A-1209,P-1435,2026-05-16 10:00:00,4,0.5,,"Positive viewing feedback. Applicant liked the layout and Stratford location, with questions about tenancy terms."
F-658,V-758,A-1209,P-2979,2026-06-24 10:00:00,3,0.0,,Applicant had reservations and asked for better matching alternatives.
F-659,V-759,A-1209,P-1995,2026-07-18 10:00:00,4,0.5,TRANSPORT,"Positive viewing feedback. Applicant liked the layout and Greenwich location, with questions about tenancy terms."
F-660,V-760,A-1210,P-1886,2026-08-08 09:00:00,3,0.0,PRICE,Applicant liked aspects of the property but raised price sensitivity versus budget.
F-661,V-761,A-1210,P-2954,2026-05-04 16:00:00,5,1.0,,"Positive viewing feedback. Applicant liked the layout and Battersea location, with questions about tenancy terms."
F-662,V-762,A-1210,P-2162,2026-06-05 16:00:00,4,0.5,PRICE|TERMS,"Positive viewing feedback. Applicant liked the layout and Battersea location, with questions about tenancy terms."
F-663,V-763,A-1210,P-2683,2026-07-17 13:00:00,5,1.0,TRANSPORT,"Positive viewing feedback. Applicant liked the layout and Battersea location, with questions about tenancy terms."
F-664,V-765,A-1211,P-1359,2026-07-06 17:00:00,5,1.0,TRANSPORT,"Positive viewing feedback. Applicant liked the layout and Camden location, with questions about tenancy terms."
F-665,V-766,A-1211,P-1557,2026-05-25 13:00:00,5,1.0,TRANSPORT,"Positive viewing feedback. Applicant liked the layout and Islington location, with questions about tenancy terms."
F-666,V-767,A-1211,P-1727,2026-05-10 10:00:00,4,0.5,PRICE,"Positive viewing feedback. Applicant liked the layout and Camden location, with questions about tenancy terms."
F-667,V-768,A-1212,P-1384,2026-07-18 16:00:00,5,1.0,PRICE,"Positive viewing feedback. Applicant liked the layout and Chelsea location, with questions about tenancy terms."
F-668,V-773,A-1213,P-1745,2026-08-08 17:00:00,4,0.5,,"Positive viewing feedback. Applicant liked the layout and Islington location, with questions about tenancy terms."
F-669,V-774,A-1213,P-2758,2026-05-19 15:00:00,5,1.0,,"Positive viewing feedback. Applicant liked the layout and Islington location, with questions about tenancy terms."
F-670,V-777,A-1215,P-1449,2026-07-05 09:00:00,5,1.0,,"Positive viewing feedback. Applicant liked the layout and Wimbledon location, with questions about tenancy terms."
F-671,V-778,A-1215,P-1562,2026-05-17 11:00:00,4,0.5,PRICE|TERMS,"Positive viewing feedback. Applicant liked the layout and Wimbledon location, with questions about tenancy terms."
F-672,V-779,A-1215,P-1360,2026-07-15 09:00:00,5,1.0,,"Positive viewing feedback. Applicant liked the layout and Wimbledon location, with questions about tenancy terms."
F-673,V-781,A-1216,P-1666,2026-08-04 14:00:00,2,-0.5,SIZE,Applicant had reservations and asked for better matching alternatives.
F-674,V-782,A-1217,P-2878,2026-06-14 15:00:00,5,1.0,,"Positive viewing feedback. Applicant liked the layout and Canary Wharf location, with questions about tenancy terms."
F-675,V-783,A-1217,P-1133,2026-05-17 11:00:00,3,0.0,,Applicant had reservations and asked for better matching alternatives.
F-676,V-784,A-1217,P-2712,2026-07-31 17:00:00,5,1.0,,"Positive viewing feedback. Applicant liked the layout and Clapham location, with questions about tenancy terms."
F-677,V-785,A-1217,P-1263,2026-07-20 12:00:00,4,0.5,,"Positive viewing feedback. Applicant liked the layout and Clapham location, with questions about tenancy terms."
F-678,V-786,A-1217,P-2281,2026-05-21 16:00:00,5,1.0,,"Positive viewing feedback. Applicant liked the layout and Battersea location, with questions about tenancy terms."
F-679,V-787,A-1218,P-1604,2026-07-22 14:00:00,5,1.0,TRANSPORT,"Positive viewing feedback. Applicant liked the layout and Croydon location, with questions about tenancy terms."
F-680,V-788,A-1218,P-1502,2026-05-07 10:00:00,5,1.0,,"Positive viewing feedback. Applicant liked the layout and Clapham location, with questions about tenancy terms."
F-681,V-789,A-1218,P-1374,2026-06-22 17:00:00,4,0.5,,"Positive viewing feedback. Applicant liked the layout and Croydon location, with questions about tenancy terms."
F-682,V-790,A-1218,P-1111,2026-06-29 14:00:00,5,1.0,,"Positive viewing feedback. Applicant liked the layout and Clapham location, with questions about tenancy terms."
F-683,V-791,A-1219,P-1591,2026-05-04 09:00:00,5,1.0,TERMS,"Positive viewing feedback. Applicant liked the layout and Camden location, with questions about tenancy terms."
F-684,V-792,A-1219,P-2629,2026-07-26 12:00:00,3,0.0,TERMS,Applicant had reservations and asked for better matching alternatives.
F-685,V-793,A-1219,P-2720,2026-07-08 17:00:00,3,0.0,PRICE|TRANSPORT,Applicant liked aspects of the property but raised price sensitivity versus budget.
F-686,V-794,A-1220,P-1402,2026-07-18 16:00:00,5,1.0,PRICE,"Positive viewing feedback. Applicant liked the layout and Camden location, with questions about tenancy terms."
F-687,V-795,A-1220,P-2573,2026-06-11 14:00:00,3,0.0,PRICE,Applicant liked aspects of the property but raised price sensitivity versus budget.
F-688,V-796,A-1220,P-2182,2026-07-28 14:00:00,5,1.0,TRANSPORT,"Positive viewing feedback. Applicant liked the layout and Greenwich location, with questions about tenancy terms."
F-689,V-797,A-1221,P-2196,2026-06-28 17:00:00,4,0.5,,"Positive viewing feedback. Applicant liked the layout and Islington location, with questions about tenancy terms."
F-690,V-798,A-1221,P-1075,2026-06-07 11:00:00,4,0.5,TRANSPORT,"Positive viewing feedback. Applicant liked the layout and Islington location, with questions about tenancy terms."
F-691,V-800,A-1221,P-2743,2026-05-25 10:00:00,5,1.0,,"Positive viewing feedback. Applicant liked the layout and Islington location, with questions about tenancy terms."
F-692,V-801,A-1222,P-2199,2026-06-18 11:00:00,5,1.0,TRANSPORT,"Positive viewing feedback. Applicant liked the layout and Greenwich location, with questions about tenancy terms."
F-693,V-802,A-1222,P-1601,2026-08-03 09:00:00,3,0.0,PRICE,Applicant liked aspects of the property but raised price sensitivity versus budget.
F-694,V-803,A-1222,P-2328,2026-07-06 17:00:00,5,1.0,,"Positive viewing feedback. Applicant liked the layout and Greenwich location, with questions about tenancy terms."
F-695,V-804,A-1222,P-2844,2026-07-13 10:00:00,5,1.0,,"Positive viewing feedback. Applicant liked the layout and Shoreditch location, with questions about tenancy terms."
F-696,V-805,A-1223,P-1259,2026-05-29 17:00:00,3,0.0,PRICE,Applicant liked aspects of the property but raised price sensitivity versus budget.
F-697,V-806,A-1223,P-1867,2026-05-29 16:00:00,4,0.5,PRICE,"Positive viewing feedback. Applicant liked the layout and Camden location, with questions about tenancy terms."
F-698,V-807,A-1224,P-1730,2026-05-18 12:00:00,4,0.5,,"Positive viewing feedback. Applicant liked the layout and Shoreditch location, with questions about tenancy terms."
F-699,V-809,A-1224,P-2822,2026-08-07 09:00:00,5,1.0,,"Positive viewing feedback. Applicant liked the layout and Canary Wharf location, with questions about tenancy terms."
F-700,V-810,A-1224,P-2007,2026-05-05 17:00:00,4,0.5,TRANSPORT,"Positive viewing feedback. Applicant liked the layout and Shoreditch location, with questions about tenancy terms."
F-701,V-811,A-1225,P-2747,2026-06-14 15:00:00,4,0.5,,"Positive viewing feedback. Applicant liked the layout and Croydon location, with questions about tenancy terms."
F-702,V-812,A-1225,P-1932,2026-07-05 13:00:00,4,0.5,TRANSPORT,"Positive viewing feedback. Applicant liked the layout and Camden location, with questions about tenancy terms."
F-703,V-813,A-1226,P-2052,2026-05-26 12:00:00,4,0.5,PRICE,"Positive viewing feedback. Applicant liked the layout and Croydon location, with questions about tenancy terms."
F-704,V-814,A-1226,P-2865,2026-05-25 09:00:00,5,1.0,TRANSPORT,"Positive viewing feedback. Applicant liked the layout and Croydon location, with questions about tenancy terms."
F-705,V-815,A-1226,P-2374,2026-05-19 12:00:00,4,0.5,TRANSPORT|TERMS,"Positive viewing feedback. Applicant liked the layout and Croydon location, with questions about tenancy terms."
F-706,V-816,A-1227,P-2138,2026-05-22 15:00:00,4,0.5,,"Positive viewing feedback. Applicant liked the layout and Shoreditch location, with questions about tenancy terms."
F-707,V-817,A-1227,P-1710,2026-05-29 10:00:00,5,1.0,PRICE,"Positive viewing feedback. Applicant liked the layout and Battersea location, with questions about tenancy terms."
F-708,V-818,A-1227,P-1750,2026-05-06 13:00:00,5,1.0,PRICE,"Positive viewing feedback. Applicant liked the layout and Battersea location, with questions about tenancy terms."
F-709,V-819,A-1228,P-1362,2026-07-05 12:00:00,3,0.0,PRICE,Applicant liked aspects of the property but raised price sensitivity versus budget.
F-710,V-821,A-1228,P-2704,2026-07-29 10:00:00,3,0.0,,Applicant had reservations and asked for better matching alternatives.
F-711,V-822,A-1228,P-1099,2026-07-17 10:00:00,4,0.5,TRANSPORT,"Positive viewing feedback. Applicant liked the layout and Fulham location, with questions about tenancy terms."
F-712,V-823,A-1229,P-2188,2026-08-02 13:00:00,5,1.0,,"Positive viewing feedback. Applicant liked the layout and Greenwich location, with questions about tenancy terms."
F-713,V-824,A-1229,P-2453,2026-05-26 16:00:00,4,0.5,,"Positive viewing feedback. Applicant liked the layout and Greenwich location, with questions about tenancy terms."
F-714,V-825,A-1230,P-1741,2026-05-22 12:00:00,5,1.0,TRANSPORT,"Positive viewing feedback. Applicant liked the layout and Greenwich location, with questions about tenancy terms."
F-715,V-826,A-1230,P-2496,2026-07-23 10:00:00,3,0.0,PRICE,Applicant liked aspects of the property but raised price sensitivity versus budget.
F-716,V-827,A-1230,P-1847,2026-08-02 15:00:00,4,0.5,TERMS,"Positive viewing feedback. Applicant liked the layout and Greenwich location, with questions about tenancy terms."
F-717,V-828,A-1231,P-2836,2026-06-12 17:00:00,4,0.5,TRANSPORT,"Positive viewing feedback. Applicant liked the layout and Croydon location, with questions about tenancy terms."
F-718,V-829,A-1231,P-1384,2026-06-25 17:00:00,2,-0.5,PRICE|SIZE,Applicant liked aspects of the property but raised price sensitivity versus budget.
F-719,V-830,A-1231,P-1923,2026-07-08 13:00:00,5,1.0,,"Positive viewing feedback. Applicant liked the layout and Croydon location, with questions about tenancy terms."
F-720,V-831,A-1231,P-2932,2026-05-16 17:00:00,4,0.5,,"Positive viewing feedback. Applicant liked the layout and Croydon location, with questions about tenancy terms."
F-721,V-833,A-1232,P-2691,2026-06-27 16:00:00,4,0.5,PRICE|TRANSPORT,"Positive viewing feedback. Applicant liked the layout and Fulham location, with questions about tenancy terms."
F-722,V-834,A-1232,P-1024,2026-07-26 14:00:00,3,0.0,,Applicant had reservations and asked for better matching alternatives.
F-723,V-835,A-1233,P-2050,2026-05-16 13:00:00,5,1.0,,"Positive viewing feedback. Applicant liked the layout and Battersea location, with questions about tenancy terms."
F-724,V-836,A-1233,P-2395,2026-06-17 17:00:00,4,0.5,,"Positive viewing feedback. Applicant liked the layout and Battersea location, with questions about tenancy terms."
F-725,V-837,A-1233,P-2821,2026-05-20 17:00:00,4,0.5,TRANSPORT,"Positive viewing feedback. Applicant liked the layout and Camden location, with questions about tenancy terms."
F-726,V-839,A-1234,P-2323,2026-08-05 13:00:00,3,0.0,PRICE,Applicant liked aspects of the property but raised price sensitivity versus budget.
F-727,V-840,A-1235,P-1265,2026-07-05 13:00:00,5,1.0,PRICE,"Positive viewing feedback. Applicant liked the layout and Islington location, with questions about tenancy terms."
F-728,V-842,A-1235,P-1233,2026-07-23 11:00:00,3,0.0,PRICE,Applicant liked aspects of the property but raised price sensitivity versus budget.
F-729,V-843,A-1235,P-2243,2026-06-25 15:00:00,4,0.5,PRICE,"Positive viewing feedback. Applicant liked the layout and Islington location, with questions about tenancy terms."
F-730,V-844,A-1235,P-1314,2026-06-10 17:00:00,5,1.0,PRICE,"Positive viewing feedback. Applicant liked the layout and Islington location, with questions about tenancy terms."
F-731,V-845,A-1236,P-1161,2026-08-01 10:00:00,5,1.0,,"Positive viewing feedback. Applicant liked the layout and Battersea location, with questions about tenancy terms."
F-732,V-846,A-1236,P-2298,2026-06-24 09:00:00,4,0.5,PRICE,"Positive viewing feedback. Applicant liked the layout and Battersea location, with questions about tenancy terms."
F-733,V-847,A-1236,P-2186,2026-07-27 10:00:00,4,0.5,,"Positive viewing feedback. Applicant liked the layout and Islington location, with questions about tenancy terms."
F-734,V-848,A-1237,P-1839,2026-07-06 09:00:00,3,0.0,TRANSPORT,Applicant had reservations and asked for better matching alternatives.
F-735,V-849,A-1237,P-2194,2026-05-20 17:00:00,5,1.0,TERMS,"Positive viewing feedback. Applicant liked the layout and Clapham location, with questions about tenancy terms."
F-736,V-850,A-1237,P-2321,2026-08-06 15:00:00,5,1.0,TERMS,"Positive viewing feedback. Applicant liked the layout and Hackney location, with questions about tenancy terms."
F-737,V-851,A-1237,P-2284,2026-05-18 11:00:00,4,0.5,TRANSPORT,"Positive viewing feedback. Applicant liked the layout and Clapham location, with questions about tenancy terms."
F-738,V-852,A-1238,P-2083,2026-06-03 09:00:00,5,1.0,PRICE,"Positive viewing feedback. Applicant liked the layout and Wimbledon location, with questions about tenancy terms."
F-739,V-854,A-1238,P-2965,2026-05-12 09:00:00,2,-0.5,PRICE|CONDITION,Applicant liked aspects of the property but raised price sensitivity versus budget.
F-740,V-856,A-1239,P-1193,2026-05-16 14:00:00,5,1.0,,"Positive viewing feedback. Applicant liked the layout and Shoreditch location, with questions about tenancy terms."
F-741,V-857,A-1239,P-1704,2026-07-15 16:00:00,5,1.0,TRANSPORT|TERMS,"Positive viewing feedback. Applicant liked the layout and Islington location, with questions about tenancy terms."
F-742,V-858,A-1239,P-1109,2026-06-14 13:00:00,4,0.5,,"Positive viewing feedback. Applicant liked the layout and Islington location, with questions about tenancy terms."
F-743,V-859,A-1239,P-2412,2026-06-03 16:00:00,5,1.0,,"Positive viewing feedback. Applicant liked the layout and Islington location, with questions about tenancy terms."
F-744,V-861,A-1240,P-1171,2026-06-08 14:00:00,4,0.5,,"Positive viewing feedback. Applicant liked the layout and Shoreditch location, with questions about tenancy terms."
F-745,V-862,A-1240,P-2982,2026-07-30 09:00:00,5,1.0,,"Positive viewing feedback. Applicant liked the layout and Shoreditch location, with questions about tenancy terms."
F-746,V-864,A-1240,P-2493,2026-06-03 10:00:00,5,1.0,TRANSPORT,"Positive viewing feedback. Applicant liked the layout and Shoreditch location, with questions about tenancy terms."
F-747,V-865,A-1241,P-1548,2026-07-15 10:00:00,5,1.0,,"Positive viewing feedback. Applicant liked the layout and Croydon location, with questions about tenancy terms."
F-748,V-866,A-1241,P-2237,2026-05-09 17:00:00,5,1.0,,"Positive viewing feedback. Applicant liked the layout and Croydon location, with questions about tenancy terms."
F-749,V-867,A-1241,P-2152,2026-05-06 11:00:00,5,1.0,TRANSPORT,"Positive viewing feedback. Applicant liked the layout and Croydon location, with questions about tenancy terms."
F-750,V-868,A-1242,P-2865,2026-05-21 09:00:00,4,0.5,PRICE,"Positive viewing feedback. Applicant liked the layout and Croydon location, with questions about tenancy terms."
F-751,V-870,A-1243,P-2835,2026-05-09 15:00:00,3,0.0,PRICE,Applicant liked aspects of the property but raised price sensitivity versus budget.
F-752,V-871,A-1243,P-1055,2026-07-10 16:00:00,4,0.5,PRICE|TRANSPORT,"Positive viewing feedback. Applicant liked the layout and Clapham location, with questions about tenancy terms."
F-753,V-872,A-1243,P-2483,2026-05-10 12:00:00,5,1.0,PRICE,"Positive viewing feedback. Applicant liked the layout and Clapham location, with questions about tenancy terms."
F-754,V-874,A-1244,P-2370,2026-06-01 10:00:00,5,1.0,PRICE,"Positive viewing feedback. Applicant liked the layout and Hackney location, with questions about tenancy terms."
F-755,V-876,A-1245,P-2334,2026-05-07 17:00:00,5,1.0,,"Positive viewing feedback. Applicant liked the layout and Stratford location, with questions about tenancy terms."
F-756,V-877,A-1246,P-2072,2026-07-28 10:00:00,3,0.0,TRANSPORT,Applicant had reservations and asked for better matching alternatives.
F-757,V-878,A-1246,P-1409,2026-07-04 17:00:00,4,0.5,,"Positive viewing feedback. Applicant liked the layout and Wimbledon location, with questions about tenancy terms."
F-758,V-879,A-1246,P-2083,2026-07-03 16:00:00,3,0.0,,Applicant had reservations and asked for better matching alternatives.
F-759,V-882,A-1247,P-1059,2026-08-10 10:00:00,4,0.5,,"Positive viewing feedback. Applicant liked the layout and Croydon location, with questions about tenancy terms."
F-760,V-883,A-1247,P-2747,2026-05-04 10:00:00,2,-0.5,PRICE|TRANSPORT|SIZE|TERMS,Applicant liked aspects of the property but raised price sensitivity versus budget.
F-761,V-884,A-1247,P-1661,2026-05-19 15:00:00,3,0.0,TRANSPORT,Applicant had reservations and asked for better matching alternatives.
F-762,V-885,A-1248,P-2602,2026-07-15 15:00:00,3,0.0,,Applicant had reservations and asked for better matching alternatives.
F-763,V-887,A-1248,P-2039,2026-06-08 17:00:00,5,1.0,,"Positive viewing feedback. Applicant liked the layout and Greenwich location, with questions about tenancy terms."
F-764,V-888,A-1249,P-1754,2026-08-02 12:00:00,4,0.5,,"Positive viewing feedback. Applicant liked the layout and Fulham location, with questions about tenancy terms."
F-765,V-889,A-1249,P-1963,2026-07-22 09:00:00,4,0.5,,"Positive viewing feedback. Applicant liked the layout and Fulham location, with questions about tenancy terms."
F-766,V-890,A-1249,P-2914,2026-08-09 11:00:00,4,0.5,,"Positive viewing feedback. Applicant liked the layout and Fulham location, with questions about tenancy terms."
F-767,V-891,A-1249,P-2527,2026-06-30 10:00:00,3,0.0,PRICE|TRANSPORT,Applicant liked aspects of the property but raised price sensitivity versus budget.
F-768,V-892,A-1250,P-1581,2026-05-18 17:00:00,5,1.0,TRANSPORT,"Positive viewing feedback. Applicant liked the layout and Stratford location, with questions about tenancy terms."
F-769,V-893,A-1250,P-2113,2026-07-14 12:00:00,5,1.0,,"Positive viewing feedback. Applicant liked the layout and Islington location, with questions about tenancy terms."
F-770,V-894,A-1250,P-2049,2026-06-03 13:00:00,3,0.0,PRICE,Applicant liked aspects of the property but raised price sensitivity versus budget.
F-771,V-896,A-1251,P-1439,2026-07-20 10:00:00,4,0.5,,"Positive viewing feedback. Applicant liked the layout and Clapham location, with questions about tenancy terms."
F-772,V-897,A-1251,P-1434,2026-08-11 09:00:00,4,0.5,,"Positive viewing feedback. Applicant liked the layout and Stratford location, with questions about tenancy terms."
F-773,V-899,A-1252,P-2711,2026-08-05 17:00:00,4,0.5,,"Positive viewing feedback. Applicant liked the layout and Battersea location, with questions about tenancy terms."
F-774,V-900,A-1252,P-2716,2026-08-04 13:00:00,5,1.0,,"Positive viewing feedback. Applicant liked the layout and Battersea location, with questions about tenancy terms."
F-775,V-902,A-1252,P-2065,2026-07-20 15:00:00,5,1.0,,"Positive viewing feedback. Applicant liked the layout and Battersea location, with questions about tenancy terms."
F-776,V-903,A-1252,P-2225,2026-05-26 16:00:00,5,1.0,,"Positive viewing feedback. Applicant liked the layout and Battersea location, with questions about tenancy terms."
F-777,V-904,A-1253,P-2728,2026-06-05 13:00:00,5,1.0,,"Positive viewing feedback. Applicant liked the layout and Canary Wharf location, with questions about tenancy terms."
F-778,V-905,A-1253,P-2101,2026-05-17 09:00:00,5,1.0,PRICE,"Positive viewing feedback. Applicant liked the layout and Fulham location, with questions about tenancy terms."
F-779,V-906,A-1253,P-1544,2026-05-27 11:00:00,5,1.0,,"Positive viewing feedback. Applicant liked the layout and Fulham location, with questions about tenancy terms."
F-780,V-907,A-1253,P-1660,2026-06-12 09:00:00,3,0.0,PRICE|TERMS,Applicant liked aspects of the property but raised price sensitivity versus budget.
F-781,V-908,A-1254,P-2480,2026-05-27 13:00:00,5,1.0,,"Positive viewing feedback. Applicant liked the layout and Islington location, with questions about tenancy terms."
F-782,V-909,A-1254,P-2221,2026-05-15 16:00:00,3,0.0,TRANSPORT|TERMS,Applicant had reservations and asked for better matching alternatives.
F-783,V-910,A-1254,P-1233,2026-05-27 15:00:00,4,0.5,PRICE,"Positive viewing feedback. Applicant liked the layout and Islington location, with questions about tenancy terms."
F-784,V-911,A-1254,P-1563,2026-07-09 10:00:00,4,0.5,PRICE,"Positive viewing feedback. Applicant liked the layout and Islington location, with questions about tenancy terms."
F-785,V-912,A-1255,P-1424,2026-06-02 17:00:00,5,1.0,PRICE|TRANSPORT,"Positive viewing feedback. Applicant liked the layout and Wimbledon location, with questions about tenancy terms."
F-786,V-913,A-1255,P-2202,2026-06-04 12:00:00,4,0.5,TRANSPORT,"Positive viewing feedback. Applicant liked the layout and Clapham location, with questions about tenancy terms."
F-787,V-915,A-1257,P-1563,2026-07-18 09:00:00,5,1.0,TRANSPORT,"Positive viewing feedback. Applicant liked the layout and Islington location, with questions about tenancy terms."
F-788,V-916,A-1257,P-1075,2026-07-30 09:00:00,5,1.0,TRANSPORT,"Positive viewing feedback. Applicant liked the layout and Islington location, with questions about tenancy terms."
F-789,V-917,A-1257,P-2234,2026-05-25 10:00:00,5,1.0,,"Positive viewing feedback. Applicant liked the layout and Islington location, with questions about tenancy terms."
F-790,V-918,A-1257,P-2818,2026-06-08 11:00:00,5,1.0,,"Positive viewing feedback. Applicant liked the layout and Hackney location, with questions about tenancy terms."
F-791,V-919,A-1257,P-2803,2026-06-11 13:00:00,5,1.0,,"Positive viewing feedback. Applicant liked the layout and Hackney location, with questions about tenancy terms."
F-792,V-920,A-1257,P-1673,2026-07-04 11:00:00,5,1.0,,"Positive viewing feedback. Applicant liked the layout and Islington location, with questions about tenancy terms."
F-793,V-921,A-1257,P-1058,2026-06-15 16:00:00,4,0.5,,"Positive viewing feedback. Applicant liked the layout and Hackney location, with questions about tenancy terms."
F-794,V-922,A-1258,P-1522,2026-06-05 14:00:00,4,0.5,TRANSPORT,"Positive viewing feedback. Applicant liked the layout and Stratford location, with questions about tenancy terms."
F-795,V-923,A-1258,P-2915,2026-07-19 10:00:00,5,1.0,,"Positive viewing feedback. Applicant liked the layout and Stratford location, with questions about tenancy terms."
F-796,V-924,A-1258,P-1337,2026-08-01 13:00:00,3,0.0,,Applicant had reservations and asked for better matching alternatives.
F-797,V-925,A-1258,P-2692,2026-06-21 11:00:00,5,1.0,TRANSPORT,"Positive viewing feedback. Applicant liked the layout and Shoreditch location, with questions about tenancy terms."
F-798,V-926,A-1258,P-1201,2026-08-09 09:00:00,5,1.0,,"Positive viewing feedback. Applicant liked the layout and Stratford location, with questions about tenancy terms."
F-799,V-928,A-1259,P-2413,2026-07-14 17:00:00,3,0.0,PRICE,Applicant liked aspects of the property but raised price sensitivity versus budget.
F-800,V-929,A-1259,P-2765,2026-06-18 10:00:00,2,-0.5,PRICE|TRANSPORT|AREA,Applicant liked aspects of the property but raised price sensitivity versus budget.
F-801,V-931,A-1260,P-2678,2026-05-17 14:00:00,5,1.0,,"Positive viewing feedback. Applicant liked the layout and Wimbledon location, with questions about tenancy terms."
F-802,V-932,A-1260,P-1306,2026-06-20 17:00:00,4,0.5,,"Positive viewing feedback. Applicant liked the layout and Camden location, with questions about tenancy terms."
F-803,V-933,A-1260,P-2021,2026-07-20 14:00:00,5,1.0,,"Positive viewing feedback. Applicant liked the layout and Wimbledon location, with questions about tenancy terms."
F-804,V-934,A-1260,P-1355,2026-06-10 17:00:00,5,1.0,PRICE|TERMS,"Positive viewing feedback. Applicant liked the layout and Wimbledon location, with questions about tenancy terms."
F-805,V-935,A-1260,P-2470,2026-05-20 15:00:00,5,1.0,,"Positive viewing feedback. Applicant liked the layout and Wimbledon location, with questions about tenancy terms."
F-806,V-936,A-1260,P-2858,2026-07-31 17:00:00,5,1.0,,"Positive viewing feedback. Applicant liked the layout and Canary Wharf location, with questions about tenancy terms."
F-807,V-937,A-1261,P-2662,2026-05-31 17:00:00,5,1.0,,"Positive viewing feedback. Applicant liked the layout and Clapham location, with questions about tenancy terms."
F-808,V-938,A-1261,P-2220,2026-06-12 13:00:00,4,0.5,,"Positive viewing feedback. Applicant liked the layout and Clapham location, with questions about tenancy terms."
F-809,V-939,A-1261,P-2104,2026-05-19 15:00:00,4,0.5,PRICE|TRANSPORT,"Positive viewing feedback. Applicant liked the layout and Clapham location, with questions about tenancy terms."
F-810,V-941,A-1262,P-2766,2026-07-31 10:00:00,4,0.5,,"Positive viewing feedback. Applicant liked the layout and Islington location, with questions about tenancy terms."
F-811,V-943,A-1262,P-2906,2026-08-11 10:00:00,3,0.0,PRICE,Applicant liked aspects of the property but raised price sensitivity versus budget.
F-812,V-944,A-1263,P-1673,2026-06-29 14:00:00,5,1.0,,"Positive viewing feedback. Applicant liked the layout and Islington location, with questions about tenancy terms."
F-813,V-945,A-1263,P-2580,2026-05-04 09:00:00,4,0.5,TRANSPORT,"Positive viewing feedback. Applicant liked the layout and Greenwich location, with questions about tenancy terms."
F-814,V-946,A-1263,P-2746,2026-05-08 17:00:00,4,0.5,PRICE,"Positive viewing feedback. Applicant liked the layout and Islington location, with questions about tenancy terms."
F-815,V-947,A-1264,P-2269,2026-06-22 09:00:00,5,1.0,PRICE,"Positive viewing feedback. Applicant liked the layout and Battersea location, with questions about tenancy terms."
F-816,V-948,A-1264,P-2015,2026-05-16 16:00:00,4,0.5,TRANSPORT,"Positive viewing feedback. Applicant liked the layout and Shoreditch location, with questions about tenancy terms."
F-817,V-950,A-1264,P-2117,2026-07-21 09:00:00,5,1.0,TERMS,"Positive viewing feedback. Applicant liked the layout and Battersea location, with questions about tenancy terms."
F-818,V-951,A-1264,P-2248,2026-06-20 16:00:00,5,1.0,,"Positive viewing feedback. Applicant liked the layout and Battersea location, with questions about tenancy terms."
F-819,V-952,A-1265,P-1462,2026-05-27 15:00:00,3,0.0,PRICE,Applicant liked aspects of the property but raised price sensitivity versus budget.
F-820,V-953,A-1265,P-2698,2026-05-10 16:00:00,5,1.0,,"Positive viewing feedback. Applicant liked the layout and Camden location, with questions about tenancy terms."
F-821,V-954,A-1266,P-1660,2026-07-16 12:00:00,3,0.0,PRICE,Applicant liked aspects of the property but raised price sensitivity versus budget.
F-822,V-955,A-1266,P-1959,2026-05-17 15:00:00,4,0.5,PRICE,"Positive viewing feedback. Applicant liked the layout and Fulham location, with questions about tenancy terms."
F-823,V-956,A-1266,P-1452,2026-05-14 14:00:00,3,0.0,PRICE,Applicant liked aspects of the property but raised price sensitivity versus budget.
F-824,V-957,A-1266,P-2527,2026-06-27 09:00:00,2,-0.5,PRICE|TRANSPORT|CONDITION,Applicant liked aspects of the property but raised price sensitivity versus budget.
F-825,V-958,A-1266,P-2724,2026-06-17 14:00:00,4,0.5,,"Positive viewing feedback. Applicant liked the layout and Fulham location, with questions about tenancy terms."
F-826,V-959,A-1267,P-2654,2026-07-04 12:00:00,4,0.5,PRICE,"Positive viewing feedback. Applicant liked the layout and Camden location, with questions about tenancy terms."
F-827,V-960,A-1267,P-2993,2026-06-04 12:00:00,4,0.5,PRICE,"Positive viewing feedback. Applicant liked the layout and Camden location, with questions about tenancy terms."
F-828,V-961,A-1267,P-1407,2026-07-04 09:00:00,5,1.0,,"Positive viewing feedback. Applicant liked the layout and Stratford location, with questions about tenancy terms."
F-829,V-962,A-1267,P-2887,2026-05-20 15:00:00,5,1.0,PRICE,"Positive viewing feedback. Applicant liked the layout and Camden location, with questions about tenancy terms."
F-830,V-963,A-1267,P-2717,2026-07-16 16:00:00,4,0.5,PRICE|TRANSPORT,"Positive viewing feedback. Applicant liked the layout and Camden location, with questions about tenancy terms."
F-831,V-964,A-1268,P-1597,2026-07-24 13:00:00,3,0.0,,Applicant had reservations and asked for better matching alternatives.
F-832,V-965,A-1268,P-1002,2026-08-03 14:00:00,4,0.5,,"Positive viewing feedback. Applicant liked the layout and Islington location, with questions about tenancy terms."
F-833,V-966,A-1269,P-2033,2026-06-08 14:00:00,4,0.5,PRICE|TRANSPORT,"Positive viewing feedback. Applicant liked the layout and Clapham location, with questions about tenancy terms."
F-834,V-967,A-1269,P-2462,2026-08-01 10:00:00,5,1.0,PRICE,"Positive viewing feedback. Applicant liked the layout and Clapham location, with questions about tenancy terms."
F-835,V-968,A-1269,P-2273,2026-06-20 12:00:00,4,0.5,PRICE,"Positive viewing feedback. Applicant liked the layout and Clapham location, with questions about tenancy terms."
F-836,V-969,A-1269,P-2233,2026-07-02 16:00:00,5,1.0,,"Positive viewing feedback. Applicant liked the layout and Clapham location, with questions about tenancy terms."
F-837,V-970,A-1270,P-1706,2026-05-22 13:00:00,4,0.5,PRICE,"Positive viewing feedback. Applicant liked the layout and Clapham location, with questions about tenancy terms."
F-838,V-971,A-1270,P-1583,2026-08-09 17:00:00,3,0.0,TERMS,Applicant had reservations and asked for better matching alternatives.
F-839,V-972,A-1270,P-1421,2026-06-18 15:00:00,4,0.5,,"Positive viewing feedback. Applicant liked the layout and Croydon location, with questions about tenancy terms."
F-840,V-973,A-1270,P-2921,2026-07-29 11:00:00,5,1.0,,"Positive viewing feedback. Applicant liked the layout and Croydon location, with questions about tenancy terms."
F-841,V-974,A-1270,P-2452,2026-07-28 13:00:00,5,1.0,TRANSPORT,"Positive viewing feedback. Applicant liked the layout and Croydon location, with questions about tenancy terms."
F-842,V-975,A-1271,P-2876,2026-06-08 14:00:00,4,0.5,TERMS,"Positive viewing feedback. Applicant liked the layout and Stratford location, with questions about tenancy terms."
F-843,V-976,A-1271,P-2535,2026-05-21 11:00:00,5,1.0,,"Positive viewing feedback. Applicant liked the layout and Stratford location, with questions about tenancy terms."
F-844,V-977,A-1271,P-1025,2026-07-17 10:00:00,2,-0.5,PRICE|SIZE,Applicant liked aspects of the property but raised price sensitivity versus budget.
F-845,V-978,A-1272,P-2718,2026-05-22 09:00:00,4,0.5,,"Positive viewing feedback. Applicant liked the layout and Fulham location, with questions about tenancy terms."
F-846,V-979,A-1272,P-2967,2026-06-21 16:00:00,4,0.5,,"Positive viewing feedback. Applicant liked the layout and Islington location, with questions about tenancy terms."
F-847,V-980,A-1272,P-1884,2026-05-17 14:00:00,5,1.0,,"Positive viewing feedback. Applicant liked the layout and Islington location, with questions about tenancy terms."
F-848,V-981,A-1272,P-1665,2026-07-06 10:00:00,2,-0.5,TRANSPORT|CONDITION,Applicant had reservations and asked for better matching alternatives.
F-849,V-982,A-1273,P-2203,2026-07-12 16:00:00,4,0.5,,"Positive viewing feedback. Applicant liked the layout and Canary Wharf location, with questions about tenancy terms."
F-850,V-983,A-1273,P-2591,2026-05-23 13:00:00,4,0.5,,"Positive viewing feedback. Applicant liked the layout and Islington location, with questions about tenancy terms."
F-851,V-984,A-1273,P-2001,2026-07-22 17:00:00,5,1.0,TERMS,"Positive viewing feedback. Applicant liked the layout and Islington location, with questions about tenancy terms."
F-852,V-986,A-1274,P-2535,2026-07-31 10:00:00,4,0.5,,"Positive viewing feedback. Applicant liked the layout and Stratford location, with questions about tenancy terms."
F-853,V-987,A-1274,P-1556,2026-05-03 10:00:00,3,0.0,,Applicant had reservations and asked for better matching alternatives.
F-854,V-989,A-1275,P-1528,2026-07-22 10:00:00,2,-0.5,TRANSPORT|CONDITION,Applicant had reservations and asked for better matching alternatives.
F-855,V-990,A-1275,P-1554,2026-05-06 16:00:00,4,0.5,PRICE,"Positive viewing feedback. Applicant liked the layout and Wimbledon location, with questions about tenancy terms."
F-856,V-991,A-1275,P-1744,2026-07-07 13:00:00,5,1.0,,"Positive viewing feedback. Applicant liked the layout and Croydon location, with questions about tenancy terms."
F-857,V-992,A-1275,P-2331,2026-05-30 16:00:00,1,-1.0,PRICE|TRANSPORT|AREA,Applicant liked aspects of the property but raised price sensitivity versus budget.
F-858,V-993,A-1276,P-1287,2026-06-25 16:00:00,5,1.0,,"Positive viewing feedback. Applicant liked the layout and Stratford location, with questions about tenancy terms."
F-859,V-995,A-1277,P-2718,2026-07-04 15:00:00,5,1.0,,"Positive viewing feedback. Applicant liked the layout and Fulham location, with questions about tenancy terms."
F-860,V-996,A-1277,P-1391,2026-06-21 16:00:00,5,1.0,TRANSPORT,"Positive viewing feedback. Applicant liked the layout and Fulham location, with questions about tenancy terms."
F-861,V-998,A-1277,P-1323,2026-07-02 17:00:00,5,1.0,PRICE,"Positive viewing feedback. Applicant liked the layout and Battersea location, with questions about tenancy terms."
F-862,V-999,A-1279,P-1402,2026-07-14 17:00:00,5,1.0,TRANSPORT,"Positive viewing feedback. Applicant liked the layout and Camden location, with questions about tenancy terms."
F-863,V-1000,A-1279,P-1620,2026-08-02 11:00:00,3,0.0,TRANSPORT,Applicant had reservations and asked for better matching alternatives.
F-864,V-1001,A-1279,P-2936,2026-05-21 10:00:00,5,1.0,,"Positive viewing feedback. Applicant liked the layout and Camden location, with questions about tenancy terms."
F-865,V-1002,A-1279,P-1542,2026-06-19 13:00:00,5,1.0,TRANSPORT,"Positive viewing feedback. Applicant liked the layout and Fulham location, with questions about tenancy terms."
F-866,V-1005,A-1280,P-2470,2026-05-12 13:00:00,5,1.0,,"Positive viewing feedback. Applicant liked the layout and Wimbledon location, with questions about tenancy terms."
F-867,V-1006,A-1281,P-2300,2026-06-02 11:00:00,5,1.0,,"Positive viewing feedback. Applicant liked the layout and Islington location, with questions about tenancy terms."
F-868,V-1007,A-1281,P-1295,2026-08-08 10:00:00,4,0.5,TRANSPORT,"Positive viewing feedback. Applicant liked the layout and Islington location, with questions about tenancy terms."
F-869,V-1008,A-1281,P-2743,2026-07-10 13:00:00,5,1.0,,"Positive viewing feedback. Applicant liked the layout and Islington location, with questions about tenancy terms."
F-870,V-1009,A-1282,P-1462,2026-08-02 10:00:00,5,1.0,PRICE|TERMS,"Positive viewing feedback. Applicant liked the layout and Camden location, with questions about tenancy terms."
F-871,V-1011,A-1282,P-2179,2026-05-03 12:00:00,4,0.5,PRICE,"Positive viewing feedback. Applicant liked the layout and Camden location, with questions about tenancy terms."
F-872,V-1012,A-1282,P-2917,2026-05-08 14:00:00,3,0.0,PRICE,Applicant liked aspects of the property but raised price sensitivity versus budget.
F-873,V-1013,A-1283,P-1702,2026-06-05 17:00:00,4,0.5,,"Positive viewing feedback. Applicant liked the layout and Canary Wharf location, with questions about tenancy terms."
F-874,V-1014,A-1283,P-1676,2026-05-26 09:00:00,4,0.5,,"Positive viewing feedback. Applicant liked the layout and Canary Wharf location, with questions about tenancy terms."
F-875,V-1015,A-1283,P-1659,2026-05-05 17:00:00,3,0.0,,Applicant had reservations and asked for better matching alternatives.
F-876,V-1016,A-1283,P-2158,2026-06-04 15:00:00,5,1.0,PRICE|TERMS,"Positive viewing feedback. Applicant liked the layout and Canary Wharf location, with questions about tenancy terms."
F-877,V-1017,A-1283,P-1147,2026-06-19 12:00:00,5,1.0,,"Positive viewing feedback. Applicant liked the layout and Canary Wharf location, with questions about tenancy terms."
F-878,V-1019,A-1284,P-2921,2026-05-29 14:00:00,5,1.0,,"Positive viewing feedback. Applicant liked the layout and Croydon location, with questions about tenancy terms."
F-879,V-1020,A-1284,P-1611,2026-05-30 16:00:00,5,1.0,TRANSPORT,"Positive viewing feedback. Applicant liked the layout and Croydon location, with questions about tenancy terms."
F-880,V-1021,A-1284,P-2617,2026-07-31 15:00:00,4,0.5,,"Positive viewing feedback. Applicant liked the layout and Croydon location, with questions about tenancy terms."
F-881,V-1022,A-1285,P-2145,2026-07-18 09:00:00,4,0.5,TRANSPORT,"Positive viewing feedback. Applicant liked the layout and Hackney location, with questions about tenancy terms."
F-882,V-1023,A-1285,P-1373,2026-06-05 17:00:00,3,0.0,TRANSPORT,Applicant had reservations and asked for better matching alternatives.
F-883,V-1025,A-1286,P-2834,2026-06-13 17:00:00,5,1.0,PRICE,"Positive viewing feedback. Applicant liked the layout and Battersea location, with questions about tenancy terms."
F-884,V-1026,A-1286,P-1499,2026-06-03 14:00:00,5,1.0,,"Positive viewing feedback. Applicant liked the layout and Battersea location, with questions about tenancy terms."
F-885,V-1027,A-1286,P-1886,2026-05-07 12:00:00,4,0.5,,"Positive viewing feedback. Applicant liked the layout and Battersea location, with questions about tenancy terms."
F-886,V-1028,A-1287,P-1804,2026-06-27 09:00:00,5,1.0,,"Positive viewing feedback. Applicant liked the layout and Croydon location, with questions about tenancy terms."
F-887,V-1029,A-1288,P-1227,2026-08-05 15:00:00,3,0.0,PRICE|TERMS,Applicant liked aspects of the property but raised price sensitivity versus budget.
F-888,V-1030,A-1288,P-2480,2026-06-14 17:00:00,4,0.5,,"Positive viewing feedback. Applicant liked the layout and Islington location, with questions about tenancy terms."
F-889,V-1032,A-1288,P-2471,2026-05-23 17:00:00,3,0.0,PRICE,Applicant liked aspects of the property but raised price sensitivity versus budget.
F-890,V-1033,A-1288,P-2211,2026-05-31 11:00:00,5,1.0,TERMS,"Positive viewing feedback. Applicant liked the layout and Canary Wharf location, with questions about tenancy terms."
F-891,V-1034,A-1288,P-1338,2026-06-19 14:00:00,5,1.0,,"Positive viewing feedback. Applicant liked the layout and Islington location, with questions about tenancy terms."
F-892,V-1035,A-1288,P-1090,2026-07-04 09:00:00,5,1.0,TRANSPORT,"Positive viewing feedback. Applicant liked the layout and Canary Wharf location, with questions about tenancy terms."
F-893,V-1036,A-1288,P-1247,2026-05-16 14:00:00,5,1.0,TRANSPORT,"Positive viewing feedback. Applicant liked the layout and Islington location, with questions about tenancy terms."
F-894,V-1037,A-1288,P-2020,2026-06-13 13:00:00,5,1.0,PRICE|TRANSPORT,"Positive viewing feedback. Applicant liked the layout and Canary Wharf location, with questions about tenancy terms."
F-895,V-1039,A-1289,P-1225,2026-05-16 13:00:00,3,0.0,PRICE|TERMS,Applicant liked aspects of the property but raised price sensitivity versus budget.
F-896,V-1040,A-1290,P-2626,2026-05-27 09:00:00,4,0.5,,"Positive viewing feedback. Applicant liked the layout and Shoreditch location, with questions about tenancy terms."
F-897,V-1041,A-1290,P-2017,2026-07-12 10:00:00,3,0.0,PRICE,Applicant liked aspects of the property but raised price sensitivity versus budget.
F-898,V-1042,A-1291,P-1523,2026-06-12 16:00:00,5,1.0,TRANSPORT,"Positive viewing feedback. Applicant liked the layout and Greenwich location, with questions about tenancy terms."
F-899,V-1043,A-1291,P-1352,2026-05-16 09:00:00,5,1.0,PRICE|TRANSPORT,"Positive viewing feedback. Applicant liked the layout and Battersea location, with questions about tenancy terms."
F-900,V-1044,A-1291,P-2269,2026-05-25 09:00:00,5,1.0,PRICE,"Positive viewing feedback. Applicant liked the layout and Battersea location, with questions about tenancy terms."
F-901,V-1045,A-1291,P-1499,2026-05-31 12:00:00,4,0.5,PRICE|TRANSPORT,"Positive viewing feedback. Applicant liked the layout and Battersea location, with questions about tenancy terms."
F-902,V-1047,A-1291,P-2065,2026-07-02 13:00:00,5,1.0,,"Positive viewing feedback. Applicant liked the layout and Battersea location, with questions about tenancy terms."
F-903,V-1048,A-1291,P-1759,2026-07-03 14:00:00,4,0.5,,"Positive viewing feedback. Applicant liked the layout and Greenwich location, with questions about tenancy terms."
F-904,V-1049,A-1292,P-1804,2026-06-23 11:00:00,5,1.0,TERMS,"Positive viewing feedback. Applicant liked the layout and Croydon location, with questions about tenancy terms."
F-905,V-1051,A-1293,P-2250,2026-07-13 13:00:00,5,1.0,,"Positive viewing feedback. Applicant liked the layout and Stratford location, with questions about tenancy terms."
F-906,V-1053,A-1293,P-2625,2026-06-22 12:00:00,2,-0.5,PRICE|AREA,Applicant liked aspects of the property but raised price sensitivity versus budget.
F-907,V-1055,A-1294,P-2124,2026-05-07 09:00:00,3,0.0,,Applicant had reservations and asked for better matching alternatives.
F-908,V-1056,A-1294,P-1301,2026-07-27 17:00:00,5,1.0,,"Positive viewing feedback. Applicant liked the layout and Croydon location, with questions about tenancy terms."
F-909,V-1057,A-1294,P-2369,2026-06-13 15:00:00,4,0.5,,"Positive viewing feedback. Applicant liked the layout and Croydon location, with questions about tenancy terms."
F-910,V-1058,A-1295,P-1941,2026-05-17 17:00:00,3,0.0,PRICE|TRANSPORT|TERMS,Applicant liked aspects of the property but raised price sensitivity versus budget.
F-911,V-1059,A-1295,P-1366,2026-05-13 10:00:00,2,-0.5,SIZE,Applicant had reservations and asked for better matching alternatives.
F-912,V-1060,A-1296,P-1278,2026-05-08 11:00:00,4,0.5,,"Positive viewing feedback. Applicant liked the layout and Greenwich location, with questions about tenancy terms."
F-913,V-1061,A-1296,P-1643,2026-06-03 14:00:00,4,0.5,,"Positive viewing feedback. Applicant liked the layout and Greenwich location, with questions about tenancy terms."
F-914,V-1062,A-1296,P-1656,2026-06-16 15:00:00,4,0.5,,"Positive viewing feedback. Applicant liked the layout and Greenwich location, with questions about tenancy terms."
F-915,V-1063,A-1296,P-2473,2026-07-27 14:00:00,4,0.5,,"Positive viewing feedback. Applicant liked the layout and Greenwich location, with questions about tenancy terms."
F-916,V-1064,A-1297,P-2848,2026-08-09 11:00:00,5,1.0,TERMS,"Positive viewing feedback. Applicant liked the layout and Canary Wharf location, with questions about tenancy terms."
F-917,V-1065,A-1297,P-1027,2026-05-16 17:00:00,5,1.0,,"Positive viewing feedback. Applicant liked the layout and Camden location, with questions about tenancy terms."
F-918,V-1066,A-1297,P-2101,2026-07-22 15:00:00,1,-1.0,PRICE|SIZE,Applicant liked aspects of the property but raised price sensitivity versus budget.
F-919,V-1067,A-1297,P-2154,2026-06-30 14:00:00,2,-0.5,PRICE|TRANSPORT|CONDITION,Applicant liked aspects of the property but raised price sensitivity versus budget.
F-920,V-1069,A-1298,P-2614,2026-06-29 10:00:00,4,0.5,,"Positive viewing feedback. Applicant liked the layout and Fulham location, with questions about tenancy terms."
F-921,V-1070,A-1298,P-1889,2026-06-16 11:00:00,5,1.0,PRICE|TRANSPORT,"Positive viewing feedback. Applicant liked the layout and Fulham location, with questions about tenancy terms."
F-922,V-1071,A-1298,P-1982,2026-07-03 11:00:00,5,1.0,PRICE|TRANSPORT|TERMS,"Positive viewing feedback. Applicant liked the layout and Fulham location, with questions about tenancy terms."
F-923,V-1072,A-1299,P-1281,2026-05-30 17:00:00,3,0.0,PRICE,Applicant liked aspects of the property but raised price sensitivity versus budget.
F-924,V-1073,A-1300,P-2589,2026-07-15 10:00:00,3,0.0,,Applicant had reservations and asked for better matching alternatives.
F-925,V-1074,A-1300,P-2918,2026-08-07 09:00:00,4,0.5,TERMS,"Positive viewing feedback. Applicant liked the layout and Wimbledon location, with questions about tenancy terms."
F-926,V-1075,A-1300,P-2541,2026-07-24 12:00:00,3,0.0,PRICE,Applicant liked aspects of the property but raised price sensitivity versus budget.
F-927,V-1076,A-1300,P-1642,2026-08-01 15:00:00,5,1.0,PRICE,"Positive viewing feedback. Applicant liked the layout and Battersea location, with questions about tenancy terms."
F-928,V-1077,A-1300,P-1007,2026-07-18 12:00:00,3,0.0,,Applicant had reservations and asked for better matching alternatives.
F-929,V-1078,A-1300,P-1117,2026-05-28 09:00:00,5,1.0,,"Positive viewing feedback. Applicant liked the layout and Wimbledon location, with questions about tenancy terms."
F-930,V-1080,A-1301,P-2525,2026-06-24 14:00:00,5,1.0,,"Positive viewing feedback. Applicant liked the layout and Greenwich location, with questions about tenancy terms."
F-931,V-1081,A-1301,P-1832,2026-05-20 17:00:00,5,1.0,,"Positive viewing feedback. Applicant liked the layout and Hackney location, with questions about tenancy terms."
F-932,V-1083,A-1302,P-2830,2026-05-11 14:00:00,4,0.5,TRANSPORT,"Positive viewing feedback. Applicant liked the layout and Camden location, with questions about tenancy terms."
F-933,V-1084,A-1302,P-1912,2026-07-03 17:00:00,4,0.5,,"Positive viewing feedback. Applicant liked the layout and Camden location, with questions about tenancy terms."
F-934,V-1085,A-1302,P-1381,2026-07-08 15:00:00,4,0.5,TERMS,"Positive viewing feedback. Applicant liked the layout and Hackney location, with questions about tenancy terms."
F-935,V-1086,A-1302,P-2620,2026-06-17 13:00:00,4,0.5,,"Positive viewing feedback. Applicant liked the layout and Hackney location, with questions about tenancy terms."
F-936,V-1087,A-1303,P-2502,2026-07-03 16:00:00,2,-0.5,SIZE,Applicant had reservations and asked for better matching alternatives.
F-937,V-1088,A-1303,P-2450,2026-05-04 12:00:00,5,1.0,,"Positive viewing feedback. Applicant liked the layout and Greenwich location, with questions about tenancy terms."
F-938,V-1090,A-1303,P-1723,2026-05-14 17:00:00,5,1.0,,"Positive viewing feedback. Applicant liked the layout and Greenwich location, with questions about tenancy terms."
F-939,V-1091,A-1304,P-1002,2026-06-27 14:00:00,4,0.5,,"Positive viewing feedback. Applicant liked the layout and Islington location, with questions about tenancy terms."
F-940,V-1092,A-1304,P-2359,2026-06-12 15:00:00,3,0.0,TRANSPORT,Applicant had reservations and asked for better matching alternatives.
F-941,V-1094,A-1304,P-2521,2026-05-10 17:00:00,4,0.5,,"Positive viewing feedback. Applicant liked the layout and Islington location, with questions about tenancy terms."
F-942,V-1095,A-1304,P-1983,2026-06-18 12:00:00,3,0.0,PRICE,Applicant liked aspects of the property but raised price sensitivity versus budget.
F-943,V-1097,A-1305,P-1485,2026-06-30 11:00:00,3,0.0,PRICE,Applicant liked aspects of the property but raised price sensitivity versus budget.
F-944,V-1098,A-1305,P-1579,2026-05-19 15:00:00,5,1.0,PRICE,"Positive viewing feedback. Applicant liked the layout and Chelsea location, with questions about tenancy terms."
F-945,V-1099,A-1305,P-1903,2026-05-15 16:00:00,5,1.0,PRICE,"Positive viewing feedback. Applicant liked the layout and Chelsea location, with questions about tenancy terms."
F-946,V-1100,A-1305,P-2256,2026-05-06 13:00:00,5,1.0,,"Positive viewing feedback. Applicant liked the layout and Wimbledon location, with questions about tenancy terms."
F-947,V-1101,A-1305,P-2141,2026-06-18 13:00:00,3,0.0,,Applicant had reservations and asked for better matching alternatives.
F-948,V-1102,A-1305,P-2107,2026-06-13 13:00:00,5,1.0,,"Positive viewing feedback. Applicant liked the layout and Clapham location, with questions about tenancy terms."
F-949,V-1103,A-1306,P-1397,2026-05-26 10:00:00,3,0.0,,Applicant had reservations and asked for better matching alternatives.
F-950,V-1104,A-1306,P-2976,2026-06-14 10:00:00,4,0.5,,"Positive viewing feedback. Applicant liked the layout and Wimbledon location, with questions about tenancy terms."
F-951,V-1106,A-1306,P-1557,2026-06-12 09:00:00,5,1.0,PRICE|TRANSPORT,"Positive viewing feedback. Applicant liked the layout and Islington location, with questions about tenancy terms."
F-952,V-1107,A-1307,P-1134,2026-08-09 09:00:00,5,1.0,,"Positive viewing feedback. Applicant liked the layout and Wimbledon location, with questions about tenancy terms."
F-953,V-1108,A-1307,P-1981,2026-05-31 17:00:00,5,1.0,TRANSPORT,"Positive viewing feedback. Applicant liked the layout and Wimbledon location, with questions about tenancy terms."
F-954,V-1109,A-1307,P-1304,2026-07-15 09:00:00,5,1.0,,"Positive viewing feedback. Applicant liked the layout and Wimbledon location, with questions about tenancy terms."
F-955,V-1110,A-1307,P-2449,2026-07-09 10:00:00,4,0.5,PRICE,"Positive viewing feedback. Applicant liked the layout and Wimbledon location, with questions about tenancy terms."
F-956,V-1111,A-1307,P-2005,2026-06-19 17:00:00,5,1.0,,"Positive viewing feedback. Applicant liked the layout and Wimbledon location, with questions about tenancy terms."
F-957,V-1112,A-1307,P-1807,2026-05-09 14:00:00,3,0.0,,Applicant had reservations and asked for better matching alternatives.
F-958,V-1113,A-1308,P-1122,2026-05-30 13:00:00,3,0.0,,Applicant had reservations and asked for better matching alternatives.
F-959,V-1114,A-1309,P-1654,2026-05-22 15:00:00,4,0.5,TRANSPORT,"Positive viewing feedback. Applicant liked the layout and Fulham location, with questions about tenancy terms."
F-960,V-1115,A-1309,P-1672,2026-07-09 15:00:00,5,1.0,,"Positive viewing feedback. Applicant liked the layout and Camden location, with questions about tenancy terms."
F-961,V-1117,A-1309,P-2816,2026-08-02 13:00:00,2,-0.5,PRICE|CONDITION|TERMS,Applicant liked aspects of the property but raised price sensitivity versus budget.
F-962,V-1119,A-1310,P-1704,2026-05-11 14:00:00,5,1.0,PRICE,"Positive viewing feedback. Applicant liked the layout and Islington location, with questions about tenancy terms."
F-963,V-1120,A-1310,P-2134,2026-08-07 10:00:00,5,1.0,TRANSPORT,"Positive viewing feedback. Applicant liked the layout and Camden location, with questions about tenancy terms."
F-964,V-1121,A-1310,P-2521,2026-08-04 16:00:00,5,1.0,,"Positive viewing feedback. Applicant liked the layout and Islington location, with questions about tenancy terms."
F-965,V-1122,A-1311,P-2512,2026-05-06 16:00:00,5,1.0,TRANSPORT|TERMS,"Positive viewing feedback. Applicant liked the layout and Camden location, with questions about tenancy terms."
F-966,V-1123,A-1311,P-2179,2026-05-09 12:00:00,3,0.0,,Applicant had reservations and asked for better matching alternatives.
F-967,V-1124,A-1311,P-2209,2026-06-04 15:00:00,5,1.0,TRANSPORT,"Positive viewing feedback. Applicant liked the layout and Clapham location, with questions about tenancy terms."
F-968,V-1125,A-1311,P-2088,2026-06-07 14:00:00,4,0.5,,"Positive viewing feedback. Applicant liked the layout and Camden location, with questions about tenancy terms."
F-969,V-1126,A-1312,P-1268,2026-05-10 10:00:00,4,0.5,,"Positive viewing feedback. Applicant liked the layout and Stratford location, with questions about tenancy terms."
F-970,V-1127,A-1312,P-1799,2026-05-07 16:00:00,3,0.0,PRICE|TERMS,Applicant liked aspects of the property but raised price sensitivity versus budget.
F-971,V-1128,A-1312,P-1404,2026-08-06 10:00:00,4,0.5,,"Positive viewing feedback. Applicant liked the layout and Greenwich location, with questions about tenancy terms."
F-972,V-1129,A-1312,P-1358,2026-08-11 11:00:00,4,0.5,,"Positive viewing feedback. Applicant liked the layout and Stratford location, with questions about tenancy terms."
F-973,V-1130,A-1312,P-2206,2026-07-22 10:00:00,5,1.0,PRICE|TERMS,"Positive viewing feedback. Applicant liked the layout and Stratford location, with questions about tenancy terms."
F-974,V-1131,A-1313,P-2516,2026-05-07 17:00:00,5,1.0,,"Positive viewing feedback. Applicant liked the layout and Greenwich location, with questions about tenancy terms."
F-975,V-1132,A-1313,P-1823,2026-06-27 11:00:00,5,1.0,,"Positive viewing feedback. Applicant liked the layout and Croydon location, with questions about tenancy terms."
F-976,V-1133,A-1313,P-2921,2026-06-30 10:00:00,5,1.0,,"Positive viewing feedback. Applicant liked the layout and Croydon location, with questions about tenancy terms."
F-977,V-1134,A-1313,P-2361,2026-05-18 16:00:00,4,0.5,,"Positive viewing feedback. Applicant liked the layout and Croydon location, with questions about tenancy terms."
F-978,V-1135,A-1314,P-2880,2026-07-11 11:00:00,3,0.0,TRANSPORT,Applicant had reservations and asked for better matching alternatives.
F-979,V-1136,A-1314,P-2693,2026-08-01 12:00:00,3,0.0,PRICE,Applicant liked aspects of the property but raised price sensitivity versus budget.
F-980,V-1137,A-1314,P-2019,2026-05-06 17:00:00,5,1.0,,"Positive viewing feedback. Applicant liked the layout and Shoreditch location, with questions about tenancy terms."
F-981,V-1138,A-1315,P-1780,2026-05-14 12:00:00,4,0.5,,"Positive viewing feedback. Applicant liked the layout and Canary Wharf location, with questions about tenancy terms."
F-982,V-1139,A-1315,P-2919,2026-05-22 12:00:00,4,0.5,,"Positive viewing feedback. Applicant liked the layout and Clapham location, with questions about tenancy terms."
F-983,V-1140,A-1315,P-1544,2026-07-09 17:00:00,5,1.0,PRICE,"Positive viewing feedback. Applicant liked the layout and Fulham location, with questions about tenancy terms."
F-984,V-1141,A-1315,P-2712,2026-06-12 09:00:00,5,1.0,PRICE,"Positive viewing feedback. Applicant liked the layout and Clapham location, with questions about tenancy terms."
F-985,V-1142,A-1315,P-2950,2026-05-24 10:00:00,5,1.0,,"Positive viewing feedback. Applicant liked the layout and Clapham location, with questions about tenancy terms."
F-986,V-1143,A-1316,P-1186,2026-07-26 17:00:00,4,0.5,TRANSPORT,"Positive viewing feedback. Applicant liked the layout and Greenwich location, with questions about tenancy terms."
F-987,V-1144,A-1316,P-2115,2026-05-17 15:00:00,5,1.0,,"Positive viewing feedback. Applicant liked the layout and Greenwich location, with questions about tenancy terms."
F-988,V-1145,A-1317,P-1640,2026-07-06 10:00:00,2,-0.5,SIZE,Applicant had reservations and asked for better matching alternatives.
F-989,V-1147,A-1317,P-1820,2026-07-13 17:00:00,5,1.0,TRANSPORT,"Positive viewing feedback. Applicant liked the layout and Croydon location, with questions about tenancy terms."
F-990,V-1148,A-1318,P-DEMO-01,2026-06-11 10:00:00,5,1.0,,"Positive viewing feedback. Applicant liked the layout and Canary Wharf location, with questions about tenancy terms."
F-991,V-1149,A-1318,P-2566,2026-06-28 11:00:00,3,0.0,,Applicant had reservations and asked for better matching alternatives.
F-992,V-1150,A-1318,P-2472,2026-05-25 17:00:00,3,0.0,PRICE,Applicant liked aspects of the property but raised price sensitivity versus budget.
F-993,V-1151,A-1318,P-2699,2026-06-18 17:00:00,1,-1.0,PRICE|AREA,Applicant liked aspects of the property but raised price sensitivity versus budget.
F-994,V-1152,A-1319,P-1817,2026-05-08 09:00:00,5,1.0,PRICE,"Positive viewing feedback. Applicant liked the layout and Fulham location, with questions about tenancy terms."
F-995,V-1153,A-1319,P-1437,2026-07-18 17:00:00,4,0.5,,"Positive viewing feedback. Applicant liked the layout and Islington location, with questions about tenancy terms."
F-996,V-1154,A-1319,P-1892,2026-05-06 13:00:00,3,0.0,PRICE|TRANSPORT,Applicant liked aspects of the property but raised price sensitivity versus budget.
F-997,V-1155,A-1319,P-2128,2026-07-08 16:00:00,5,1.0,PRICE|TRANSPORT|TERMS,"Positive viewing feedback. Applicant liked the layout and Fulham location, with questions about tenancy terms."
F-998,V-1156,A-1319,P-2706,2026-05-08 15:00:00,5,1.0,PRICE,"Positive viewing feedback. Applicant liked the layout and Fulham location, with questions about tenancy terms."
F-999,V-1157,A-1320,P-1191,2026-06-07 14:00:00,4,0.5,,"Positive viewing feedback. Applicant liked the layout and Hackney location, with questions about tenancy terms."
F-1000,V-1158,A-1320,P-1271,2026-07-18 11:00:00,4,0.5,PRICE,"Positive viewing feedback. Applicant liked the layout and Chelsea location, with questions about tenancy terms."
F-1001,V-1159,A-1320,P-2321,2026-06-24 13:00:00,4,0.5,,"Positive viewing feedback. Applicant liked the layout and Hackney location, with questions about tenancy terms."
F-1002,V-1160,A-1321,P-2206,2026-05-14 10:00:00,5,1.0,TERMS,"Positive viewing feedback. Applicant liked the layout and Stratford location, with questions about tenancy terms."
F-1003,V-1162,A-1321,P-2101,2026-08-02 14:00:00,4,0.5,PRICE|TRANSPORT,"Positive viewing feedback. Applicant liked the layout and Fulham location, with questions about tenancy terms."
F-1004,V-1163,A-1321,P-2455,2026-08-01 15:00:00,4,0.5,PRICE,"Positive viewing feedback. Applicant liked the layout and Fulham location, with questions about tenancy terms."
F-1005,V-1164,A-1321,P-2095,2026-07-19 11:00:00,3,0.0,,Applicant had reservations and asked for better matching alternatives.
F-1006,V-1166,A-1321,P-1950,2026-07-13 14:00:00,4,0.5,,"Positive viewing feedback. Applicant liked the layout and Stratford location, with questions about tenancy terms."
F-1007,V-1168,A-1322,P-2688,2026-07-23 13:00:00,5,1.0,,"Positive viewing feedback. Applicant liked the layout and Croydon location, with questions about tenancy terms."
F-1008,V-1169,A-1322,P-2085,2026-06-18 09:00:00,4,0.5,PRICE,"Positive viewing feedback. Applicant liked the layout and Hackney location, with questions about tenancy terms."
F-1009,V-1170,A-1322,P-2093,2026-05-07 09:00:00,4,0.5,,"Positive viewing feedback. Applicant liked the layout and Croydon location, with questions about tenancy terms."
F-1010,V-1171,A-1323,P-1935,2026-06-03 15:00:00,4,0.5,,"Positive viewing feedback. Applicant liked the layout and Stratford location, with questions about tenancy terms."
F-1011,V-1172,A-1323,P-1685,2026-07-16 13:00:00,5,1.0,,"Positive viewing feedback. Applicant liked the layout and Stratford location, with questions about tenancy terms."
F-1012,V-1173,A-1323,P-1829,2026-08-01 17:00:00,4,0.5,TRANSPORT,"Positive viewing feedback. Applicant liked the layout and Stratford location, with questions about tenancy terms."
F-1013,V-1174,A-1323,P-1217,2026-06-14 09:00:00,4,0.5,TERMS,"Positive viewing feedback. Applicant liked the layout and Stratford location, with questions about tenancy terms."
F-1014,V-1175,A-1324,P-1742,2026-06-02 12:00:00,5,1.0,PRICE|TRANSPORT,"Positive viewing feedback. Applicant liked the layout and Shoreditch location, with questions about tenancy terms."
F-1015,V-1176,A-1324,P-2710,2026-05-20 14:00:00,5,1.0,,"Positive viewing feedback. Applicant liked the layout and Shoreditch location, with questions about tenancy terms."
F-1016,V-1177,A-1325,P-2629,2026-05-28 12:00:00,3,0.0,,Applicant had reservations and asked for better matching alternatives.
F-1017,V-1178,A-1325,P-1637,2026-07-01 10:00:00,4,0.5,,"Positive viewing feedback. Applicant liked the layout and Wimbledon location, with questions about tenancy terms."
F-1018,V-1179,A-1326,P-1372,2026-07-22 10:00:00,2,-0.5,PRICE|CONDITION,Applicant liked aspects of the property but raised price sensitivity versus budget.
F-1019,V-1180,A-1326,P-1619,2026-07-19 12:00:00,4,0.5,,"Positive viewing feedback. Applicant liked the layout and Islington location, with questions about tenancy terms."
F-1020,V-1181,A-1326,P-1400,2026-07-12 13:00:00,4,0.5,PRICE|TRANSPORT,"Positive viewing feedback. Applicant liked the layout and Islington location, with questions about tenancy terms."
F-1021,V-1182,A-1326,P-1422,2026-07-28 10:00:00,5,1.0,,"Positive viewing feedback. Applicant liked the layout and Islington location, with questions about tenancy terms."
F-1022,V-1183,A-1327,P-2756,2026-07-31 16:00:00,4,0.5,PRICE,"Positive viewing feedback. Applicant liked the layout and Croydon location, with questions about tenancy terms."
F-1023,V-1184,A-1327,P-1818,2026-05-28 14:00:00,5,1.0,TRANSPORT,"Positive viewing feedback. Applicant liked the layout and Croydon location, with questions about tenancy terms."
F-1024,V-1185,A-1327,P-2452,2026-07-14 12:00:00,5,1.0,,"Positive viewing feedback. Applicant liked the layout and Croydon location, with questions about tenancy terms."
F-1025,V-1186,A-1328,P-1343,2026-07-17 09:00:00,3,0.0,PRICE,Applicant liked aspects of the property but raised price sensitivity versus budget.
F-1026,V-1187,A-1328,P-1502,2026-07-07 11:00:00,4,0.5,TERMS,"Positive viewing feedback. Applicant liked the layout and Clapham location, with questions about tenancy terms."
F-1027,V-1188,A-1328,P-2608,2026-07-18 11:00:00,3,0.0,,Applicant had reservations and asked for better matching alternatives.
F-1028,V-1189,A-1328,P-1015,2026-06-18 16:00:00,4,0.5,PRICE|TRANSPORT,"Positive viewing feedback. Applicant liked the layout and Clapham location, with questions about tenancy terms."
F-1029,V-1190,A-1328,P-2890,2026-05-17 17:00:00,5,1.0,PRICE,"Positive viewing feedback. Applicant liked the layout and Clapham location, with questions about tenancy terms."
F-1030,V-1191,A-1328,P-2763,2026-05-12 14:00:00,3,0.0,PRICE|TRANSPORT,Applicant liked aspects of the property but raised price sensitivity versus budget.
F-1031,V-1192,A-1328,P-2779,2026-06-20 13:00:00,4,0.5,,"Positive viewing feedback. Applicant liked the layout and Clapham location, with questions about tenancy terms."
F-1032,V-1193,A-1329,P-2942,2026-08-08 15:00:00,5,1.0,,"Positive viewing feedback. Applicant liked the layout and Hackney location, with questions about tenancy terms."
F-1033,V-1194,A-1329,P-2483,2026-07-09 09:00:00,4,0.5,,"Positive viewing feedback. Applicant liked the layout and Clapham location, with questions about tenancy terms."
F-1034,V-1195,A-1329,P-2686,2026-05-25 09:00:00,4,0.5,,"Positive viewing feedback. Applicant liked the layout and Shoreditch location, with questions about tenancy terms."
F-1035,V-1196,A-1329,P-1832,2026-07-29 10:00:00,5,1.0,TRANSPORT,"Positive viewing feedback. Applicant liked the layout and Hackney location, with questions about tenancy terms."
F-1036,V-1198,A-1329,P-1559,2026-07-28 09:00:00,4,0.5,PRICE|TRANSPORT,"Positive viewing feedback. Applicant liked the layout and Shoreditch location, with questions about tenancy terms."
F-1037,V-1199,A-1329,P-2345,2026-06-25 16:00:00,4,0.5,TERMS,"Positive viewing feedback. Applicant liked the layout and Hackney location, with questions about tenancy terms."
F-1038,V-1201,A-1329,P-2137,2026-05-04 09:00:00,5,1.0,,"Positive viewing feedback. Applicant liked the layout and Hackney location, with questions about tenancy terms."
F-1039,V-1202,A-1330,P-2215,2026-05-05 13:00:00,4,0.5,,"Positive viewing feedback. Applicant liked the layout and Stratford location, with questions about tenancy terms."
F-1040,V-1203,A-1330,P-2675,2026-05-07 12:00:00,5,1.0,TRANSPORT,"Positive viewing feedback. Applicant liked the layout and Stratford location, with questions about tenancy terms."
F-1041,V-1204,A-1330,P-1481,2026-05-25 10:00:00,4,0.5,,"Positive viewing feedback. Applicant liked the layout and Wimbledon location, with questions about tenancy terms."
F-1042,V-1205,A-1330,P-2933,2026-07-19 12:00:00,4,0.5,,"Positive viewing feedback. Applicant liked the layout and Stratford location, with questions about tenancy terms."
F-1043,V-1206,A-1330,P-1407,2026-07-12 16:00:00,4,0.5,,"Positive viewing feedback. Applicant liked the layout and Stratford location, with questions about tenancy terms."
F-1044,V-1207,A-1331,P-1609,2026-07-10 12:00:00,3,0.0,,Applicant had reservations and asked for better matching alternatives.
F-1045,V-1209,A-1331,P-2642,2026-05-07 10:00:00,5,1.0,,"Positive viewing feedback. Applicant liked the layout and Camden location, with questions about tenancy terms."
F-1046,V-1210,A-1331,P-2943,2026-05-04 11:00:00,4,0.5,,"Positive viewing feedback. Applicant liked the layout and Camden location, with questions about tenancy terms."
F-1047,V-1211,A-1331,P-1095,2026-06-10 17:00:00,4,0.5,,"Positive viewing feedback. Applicant liked the layout and Shoreditch location, with questions about tenancy terms."
F-1048,V-1212,A-1332,P-2532,2026-05-07 17:00:00,5,1.0,,"Positive viewing feedback. Applicant liked the layout and Greenwich location, with questions about tenancy terms."
F-1049,V-1213,A-1332,P-1101,2026-05-21 13:00:00,4,0.5,,"Positive viewing feedback. Applicant liked the layout and Greenwich location, with questions about tenancy terms."
F-1050,V-1214,A-1332,P-1954,2026-08-09 13:00:00,4,0.5,TRANSPORT,"Positive viewing feedback. Applicant liked the layout and Greenwich location, with questions about tenancy terms."
F-1051,V-1216,A-1332,P-1404,2026-08-01 13:00:00,5,1.0,,"Positive viewing feedback. Applicant liked the layout and Greenwich location, with questions about tenancy terms."
F-1052,V-1217,A-1332,P-2523,2026-05-24 15:00:00,5,1.0,,"Positive viewing feedback. Applicant liked the layout and Greenwich location, with questions about tenancy terms."
F-1053,V-1218,A-1333,P-2845,2026-05-25 17:00:00,5,1.0,,"Positive viewing feedback. Applicant liked the layout and Stratford location, with questions about tenancy terms."
F-1054,V-1219,A-1333,P-2033,2026-05-17 13:00:00,5,1.0,PRICE,"Positive viewing feedback. Applicant liked the layout and Clapham location, with questions about tenancy terms."
F-1055,V-1220,A-1333,P-1933,2026-06-08 11:00:00,3,0.0,TERMS,Applicant had reservations and asked for better matching alternatives.
F-1056,V-1221,A-1333,P-2355,2026-08-01 09:00:00,4,0.5,,"Positive viewing feedback. Applicant liked the layout and Stratford location, with questions about tenancy terms."
F-1057,V-1222,A-1333,P-2469,2026-06-04 15:00:00,4,0.5,PRICE,"Positive viewing feedback. Applicant liked the layout and Clapham location, with questions about tenancy terms."
F-1058,V-1223,A-1334,P-1887,2026-05-25 17:00:00,5,1.0,PRICE,"Positive viewing feedback. Applicant liked the layout and Battersea location, with questions about tenancy terms."
F-1059,V-1224,A-1334,P-1912,2026-05-15 17:00:00,5,1.0,,"Positive viewing feedback. Applicant liked the layout and Camden location, with questions about tenancy terms."
F-1060,V-1225,A-1334,P-1586,2026-07-01 12:00:00,4,0.5,PRICE,"Positive viewing feedback. Applicant liked the layout and Clapham location, with questions about tenancy terms."
F-1061,V-1227,A-1335,P-2289,2026-06-06 12:00:00,4,0.5,PRICE,"Positive viewing feedback. Applicant liked the layout and Chelsea location, with questions about tenancy terms."
F-1062,V-1228,A-1335,P-1654,2026-06-18 16:00:00,5,1.0,,"Positive viewing feedback. Applicant liked the layout and Fulham location, with questions about tenancy terms."
F-1063,V-1229,A-1335,P-1852,2026-06-26 09:00:00,3,0.0,,Applicant had reservations and asked for better matching alternatives.
F-1064,V-1230,A-1336,P-2376,2026-07-23 10:00:00,3,0.0,PRICE,Applicant liked aspects of the property but raised price sensitivity versus budget.
F-1065,V-1231,A-1336,P-2531,2026-05-04 09:00:00,2,-0.5,PRICE|SIZE,Applicant liked aspects of the property but raised price sensitivity versus budget.
F-1066,V-1232,A-1336,P-1626,2026-07-29 17:00:00,4,0.5,,"Positive viewing feedback. Applicant liked the layout and Shoreditch location, with questions about tenancy terms."
F-1067,V-1233,A-1336,P-1096,2026-07-03 09:00:00,5,1.0,PRICE,"Positive viewing feedback. Applicant liked the layout and Shoreditch location, with questions about tenancy terms."
F-1068,V-1234,A-1337,P-1243,2026-05-25 11:00:00,4,0.5,TERMS,"Positive viewing feedback. Applicant liked the layout and Greenwich location, with questions about tenancy terms."
F-1069,V-1236,A-1338,P-1463,2026-06-26 10:00:00,2,-0.5,PRICE|CONDITION,Applicant liked aspects of the property but raised price sensitivity versus budget.
F-1070,V-1237,A-1338,P-1786,2026-07-07 13:00:00,4,0.5,PRICE|TRANSPORT,"Positive viewing feedback. Applicant liked the layout and Islington location, with questions about tenancy terms."
F-1071,V-1238,A-1339,P-2940,2026-07-04 10:00:00,5,1.0,,"Positive viewing feedback. Applicant liked the layout and Battersea location, with questions about tenancy terms."
F-1072,V-1239,A-1339,P-1499,2026-06-05 11:00:00,3,0.0,PRICE|TRANSPORT|TERMS,Applicant liked aspects of the property but raised price sensitivity versus budget.
F-1073,V-1241,A-1340,P-1294,2026-07-30 17:00:00,5,1.0,TERMS,"Positive viewing feedback. Applicant liked the layout and Hackney location, with questions about tenancy terms."
F-1074,V-1242,A-1340,P-2845,2026-06-22 15:00:00,5,1.0,TERMS,"Positive viewing feedback. Applicant liked the layout and Stratford location, with questions about tenancy terms."
F-1075,V-1243,A-1340,P-1328,2026-06-17 10:00:00,5,1.0,,"Positive viewing feedback. Applicant liked the layout and Hackney location, with questions about tenancy terms."
F-1076,V-1244,A-1340,P-1039,2026-07-23 14:00:00,4,0.5,,"Positive viewing feedback. Applicant liked the layout and Hackney location, with questions about tenancy terms."
F-1077,V-1245,A-1341,P-2540,2026-06-07 09:00:00,3,0.0,,Applicant had reservations and asked for better matching alternatives.
F-1078,V-1247,A-1341,P-1020,2026-07-04 17:00:00,4,0.5,TERMS,"Positive viewing feedback. Applicant liked the layout and Croydon location, with questions about tenancy terms."
F-1079,V-1248,A-1342,P-2347,2026-07-14 13:00:00,5,1.0,,"Positive viewing feedback. Applicant liked the layout and Canary Wharf location, with questions about tenancy terms."
F-1080,V-1249,A-1342,P-2168,2026-07-08 11:00:00,5,1.0,TERMS,"Positive viewing feedback. Applicant liked the layout and Canary Wharf location, with questions about tenancy terms."
F-1081,V-1250,A-1342,P-1974,2026-06-15 16:00:00,5,1.0,,"Positive viewing feedback. Applicant liked the layout and Canary Wharf location, with questions about tenancy terms."
F-1082,V-1251,A-1342,P-1284,2026-08-09 10:00:00,5,1.0,,"Positive viewing feedback. Applicant liked the layout and Canary Wharf location, with questions about tenancy terms."
F-1083,V-1252,A-1342,P-2020,2026-07-01 13:00:00,4,0.5,,"Positive viewing feedback. Applicant liked the layout and Canary Wharf location, with questions about tenancy terms."
F-1084,V-1253,A-1343,P-1368,2026-08-01 17:00:00,4,0.5,PRICE,"Positive viewing feedback. Applicant liked the layout and Battersea location, with questions about tenancy terms."
F-1085,V-1254,A-1343,P-2959,2026-07-21 10:00:00,4,0.5,PRICE|TERMS,"Positive viewing feedback. Applicant liked the layout and Islington location, with questions about tenancy terms."
F-1086,V-1255,A-1343,P-2225,2026-07-05 10:00:00,4,0.5,,"Positive viewing feedback. Applicant liked the layout and Battersea location, with questions about tenancy terms."
F-1087,V-1257,A-1344,P-1150,2026-06-28 16:00:00,2,-0.5,PRICE|SIZE,Applicant liked aspects of the property but raised price sensitivity versus budget.
F-1088,V-1258,A-1345,P-1668,2026-07-28 10:00:00,4,0.5,,"Positive viewing feedback. Applicant liked the layout and Fulham location, with questions about tenancy terms."
F-1089,V-1259,A-1345,P-2903,2026-07-11 10:00:00,5,1.0,TERMS,"Positive viewing feedback. Applicant liked the layout and Fulham location, with questions about tenancy terms."
F-1090,V-1260,A-1345,P-1544,2026-06-28 16:00:00,4,0.5,,"Positive viewing feedback. Applicant liked the layout and Fulham location, with questions about tenancy terms."
F-1091,V-1261,A-1346,P-1517,2026-07-01 11:00:00,5,1.0,,"Positive viewing feedback. Applicant liked the layout and Croydon location, with questions about tenancy terms."
F-1092,V-1262,A-1346,P-2296,2026-07-24 17:00:00,4,0.5,PRICE,"Positive viewing feedback. Applicant liked the layout and Croydon location, with questions about tenancy terms."
F-1093,V-1263,A-1346,P-2249,2026-05-24 09:00:00,4,0.5,PRICE,"Positive viewing feedback. Applicant liked the layout and Croydon location, with questions about tenancy terms."
F-1094,V-1264,A-1346,P-1818,2026-05-22 12:00:00,4,0.5,PRICE,"Positive viewing feedback. Applicant liked the layout and Croydon location, with questions about tenancy terms."
F-1095,V-1265,A-1346,P-2884,2026-07-06 09:00:00,5,1.0,,"Positive viewing feedback. Applicant liked the layout and Croydon location, with questions about tenancy terms."
F-1096,V-1266,A-1347,P-2504,2026-08-03 13:00:00,3,0.0,PRICE,Applicant liked aspects of the property but raised price sensitivity versus budget.
F-1097,V-1267,A-1347,P-2241,2026-06-14 09:00:00,5,1.0,,"Positive viewing feedback. Applicant liked the layout and Stratford location, with questions about tenancy terms."
F-1098,V-1268,A-1347,P-1230,2026-06-20 10:00:00,5,1.0,,"Positive viewing feedback. Applicant liked the layout and Stratford location, with questions about tenancy terms."
F-1099,V-1271,A-1348,P-1022,2026-05-07 12:00:00,5,1.0,,"Positive viewing feedback. Applicant liked the layout and Croydon location, with questions about tenancy terms."
F-1100,V-1272,A-1348,P-1359,2026-06-26 13:00:00,4,0.5,PRICE|TRANSPORT,"Positive viewing feedback. Applicant liked the layout and Camden location, with questions about tenancy terms."
F-1101,V-1273,A-1350,P-2418,2026-05-19 16:00:00,5,1.0,,"Positive viewing feedback. Applicant liked the layout and Chelsea location, with questions about tenancy terms."
F-1102,V-1274,A-1350,P-2862,2026-07-06 13:00:00,5,1.0,TRANSPORT,"Positive viewing feedback. Applicant liked the layout and Chelsea location, with questions about tenancy terms."
F-1103,V-1277,A-1352,P-2613,2026-06-27 12:00:00,4,0.5,PRICE,"Positive viewing feedback. Applicant liked the layout and Wimbledon location, with questions about tenancy terms."
F-1104,V-1278,A-1352,P-2141,2026-06-03 12:00:00,4,0.5,,"Positive viewing feedback. Applicant liked the layout and Wimbledon location, with questions about tenancy terms."
F-1105,V-1279,A-1353,P-2630,2026-06-08 09:00:00,5,1.0,,"Positive viewing feedback. Applicant liked the layout and Fulham location, with questions about tenancy terms."
F-1106,V-1280,A-1353,P-2466,2026-07-08 16:00:00,3,0.0,TRANSPORT,Applicant had reservations and asked for better matching alternatives.
F-1107,V-1281,A-1353,P-2633,2026-05-28 14:00:00,3,0.0,PRICE,Applicant liked aspects of the property but raised price sensitivity versus budget.
F-1108,V-1282,A-1353,P-2585,2026-06-17 15:00:00,3,0.0,,Applicant had reservations and asked for better matching alternatives.
F-1109,V-1283,A-1354,P-2407,2026-07-02 11:00:00,5,1.0,,"Positive viewing feedback. Applicant liked the layout and Greenwich location, with questions about tenancy terms."
F-1110,V-1284,A-1354,P-1309,2026-05-10 15:00:00,4,0.5,,"Positive viewing feedback. Applicant liked the layout and Greenwich location, with questions about tenancy terms."
F-1111,V-1285,A-1354,P-2816,2026-07-04 16:00:00,4,0.5,PRICE|TRANSPORT,"Positive viewing feedback. Applicant liked the layout and Fulham location, with questions about tenancy terms."
F-1112,V-1286,A-1354,P-1523,2026-06-03 12:00:00,5,1.0,TRANSPORT,"Positive viewing feedback. Applicant liked the layout and Greenwich location, with questions about tenancy terms."
F-1113,V-1287,A-1355,P-2804,2026-06-12 17:00:00,4,0.5,TERMS,"Positive viewing feedback. Applicant liked the layout and Clapham location, with questions about tenancy terms."
F-1114,V-1288,A-1355,P-1208,2026-07-16 16:00:00,5,1.0,,"Positive viewing feedback. Applicant liked the layout and Clapham location, with questions about tenancy terms."
F-1115,V-1289,A-1355,P-2104,2026-07-11 09:00:00,4,0.5,,"Positive viewing feedback. Applicant liked the layout and Clapham location, with questions about tenancy terms."
F-1116,V-1291,A-1356,P-2358,2026-05-24 10:00:00,5,1.0,,"Positive viewing feedback. Applicant liked the layout and Islington location, with questions about tenancy terms."
F-1117,V-1292,A-1356,P-2705,2026-07-05 11:00:00,5,1.0,,"Positive viewing feedback. Applicant liked the layout and Shoreditch location, with questions about tenancy terms."
F-1118,V-1293,A-1356,P-2743,2026-07-05 14:00:00,4,0.5,PRICE,"Positive viewing feedback. Applicant liked the layout and Islington location, with questions about tenancy terms."
F-1119,V-1294,A-1356,P-1319,2026-08-08 16:00:00,3,0.0,,Applicant had reservations and asked for better matching alternatives.
F-1120,V-1296,A-1358,P-2882,2026-07-06 13:00:00,5,1.0,PRICE|TERMS,"Positive viewing feedback. Applicant liked the layout and Hackney location, with questions about tenancy terms."
F-1121,V-1298,A-1358,P-1058,2026-06-25 12:00:00,4,0.5,,"Positive viewing feedback. Applicant liked the layout and Hackney location, with questions about tenancy terms."
F-1122,V-1299,A-1358,P-2810,2026-07-22 17:00:00,3,0.0,,Applicant had reservations and asked for better matching alternatives.
F-1123,V-1300,A-1359,P-1628,2026-06-29 13:00:00,4,0.5,TERMS,"Positive viewing feedback. Applicant liked the layout and Stratford location, with questions about tenancy terms."
F-1124,V-1301,A-1359,P-2659,2026-08-03 14:00:00,4,0.5,,"Positive viewing feedback. Applicant liked the layout and Stratford location, with questions about tenancy terms."
F-1125,V-1303,A-1360,P-1102,2026-07-27 10:00:00,3,0.0,,Applicant had reservations and asked for better matching alternatives.
F-1126,V-1304,A-1360,P-1973,2026-07-26 16:00:00,4,0.5,,"Positive viewing feedback. Applicant liked the layout and Fulham location, with questions about tenancy terms."
F-1127,V-1305,A-1360,P-2015,2026-05-30 11:00:00,4,0.5,,"Positive viewing feedback. Applicant liked the layout and Shoreditch location, with questions about tenancy terms."
F-1128,V-1308,A-1362,P-1942,2026-05-15 09:00:00,3,0.0,PRICE|TRANSPORT,Applicant liked aspects of the property but raised price sensitivity versus budget.
F-1129,V-1309,A-1362,P-1200,2026-07-07 13:00:00,4,0.5,,"Positive viewing feedback. Applicant liked the layout and Croydon location, with questions about tenancy terms."
F-1130,V-1310,A-1362,P-2222,2026-06-06 11:00:00,5,1.0,,"Positive viewing feedback. Applicant liked the layout and Greenwich location, with questions about tenancy terms."
F-1131,V-1311,A-1363,P-2744,2026-05-06 14:00:00,4,0.5,,"Positive viewing feedback. Applicant liked the layout and Croydon location, with questions about tenancy terms."
F-1132,V-1312,A-1364,P-2022,2026-07-22 12:00:00,4,0.5,PRICE,"Positive viewing feedback. Applicant liked the layout and Battersea location, with questions about tenancy terms."
F-1133,V-1313,A-1364,P-2541,2026-07-13 17:00:00,5,1.0,PRICE|TERMS,"Positive viewing feedback. Applicant liked the layout and Battersea location, with questions about tenancy terms."
F-1134,V-1314,A-1364,P-2074,2026-05-31 11:00:00,5,1.0,,"Positive viewing feedback. Applicant liked the layout and Battersea location, with questions about tenancy terms."
F-1135,V-1315,A-1365,P-1426,2026-06-07 12:00:00,3,0.0,,Applicant had reservations and asked for better matching alternatives.
F-1136,V-1316,A-1365,P-1696,2026-07-27 12:00:00,4,0.5,,"Positive viewing feedback. Applicant liked the layout and Stratford location, with questions about tenancy terms."
F-1137,V-1317,A-1365,P-2535,2026-07-06 13:00:00,5,1.0,,"Positive viewing feedback. Applicant liked the layout and Stratford location, with questions about tenancy terms."
F-1138,V-1318,A-1365,P-1776,2026-05-04 10:00:00,3,0.0,PRICE,Applicant liked aspects of the property but raised price sensitivity versus budget.
F-1139,V-1319,A-1366,P-1942,2026-05-07 10:00:00,2,-0.5,PRICE|CONDITION,Applicant liked aspects of the property but raised price sensitivity versus budget.
F-1140,V-1321,A-1366,P-1347,2026-06-04 11:00:00,3,0.0,PRICE,Applicant liked aspects of the property but raised price sensitivity versus budget.
F-1141,V-1322,A-1366,P-1240,2026-06-09 11:00:00,4,0.5,TRANSPORT,"Positive viewing feedback. Applicant liked the layout and Croydon location, with questions about tenancy terms."
F-1142,V-1324,A-1366,P-2747,2026-05-22 10:00:00,3,0.0,PRICE,Applicant liked aspects of the property but raised price sensitivity versus budget.
F-1143,V-1325,A-1366,P-2249,2026-07-12 16:00:00,2,-0.5,AREA,Applicant had reservations and asked for better matching alternatives.
F-1144,V-1326,A-1367,P-1267,2026-06-16 15:00:00,4,0.5,PRICE,"Positive viewing feedback. Applicant liked the layout and Fulham location, with questions about tenancy terms."
F-1145,V-1327,A-1367,P-2260,2026-05-26 12:00:00,4,0.5,PRICE,"Positive viewing feedback. Applicant liked the layout and Fulham location, with questions about tenancy terms."
F-1146,V-1329,A-1368,P-2535,2026-08-04 14:00:00,4,0.5,,"Positive viewing feedback. Applicant liked the layout and Stratford location, with questions about tenancy terms."
F-1147,V-1330,A-1368,P-2360,2026-05-23 15:00:00,3,0.0,,Applicant had reservations and asked for better matching alternatives.
F-1148,V-1331,A-1368,P-1217,2026-06-07 15:00:00,4,0.5,PRICE,"Positive viewing feedback. Applicant liked the layout and Stratford location, with questions about tenancy terms."
F-1149,V-1333,A-1369,P-1527,2026-07-08 12:00:00,4,0.5,TERMS,"Positive viewing feedback. Applicant liked the layout and Camden location, with questions about tenancy terms."
F-1150,V-1334,A-1369,P-1555,2026-06-26 17:00:00,4,0.5,,"Positive viewing feedback. Applicant liked the layout and Hackney location, with questions about tenancy terms."
F-1151,V-1335,A-1369,P-2319,2026-08-11 16:00:00,5,1.0,TERMS,"Positive viewing feedback. Applicant liked the layout and Wimbledon location, with questions about tenancy terms."
F-1152,V-1337,A-1370,P-2343,2026-05-14 17:00:00,4,0.5,PRICE,"Positive viewing feedback. Applicant liked the layout and Wimbledon location, with questions about tenancy terms."
F-1153,V-1338,A-1371,P-2373,2026-05-27 11:00:00,4,0.5,PRICE,"Positive viewing feedback. Applicant liked the layout and Greenwich location, with questions about tenancy terms."
F-1154,V-1339,A-1371,P-2443,2026-05-30 12:00:00,2,-0.5,PRICE|CONDITION,Applicant liked aspects of the property but raised price sensitivity versus budget.
F-1155,V-1340,A-1371,P-2602,2026-05-07 17:00:00,4,0.5,PRICE,"Positive viewing feedback. Applicant liked the layout and Greenwich location, with questions about tenancy terms."
F-1156,V-1341,A-1372,P-1118,2026-07-07 16:00:00,4,0.5,PRICE,"Positive viewing feedback. Applicant liked the layout and Shoreditch location, with questions about tenancy terms."
F-1157,V-1342,A-1372,P-2828,2026-05-27 14:00:00,3,0.0,,Applicant had reservations and asked for better matching alternatives.
F-1158,V-1343,A-1372,P-2394,2026-07-24 17:00:00,3,0.0,PRICE,Applicant liked aspects of the property but raised price sensitivity versus budget.
F-1159,V-1344,A-1372,P-1624,2026-07-30 16:00:00,4,0.5,TERMS,"Positive viewing feedback. Applicant liked the layout and Stratford location, with questions about tenancy terms."
F-1160,V-1345,A-1373,P-1478,2026-07-29 09:00:00,5,1.0,TRANSPORT,"Positive viewing feedback. Applicant liked the layout and Croydon location, with questions about tenancy terms."
F-1161,V-1346,A-1373,P-1376,2026-08-08 11:00:00,3,0.0,PRICE,Applicant liked aspects of the property but raised price sensitivity versus budget.
F-1162,V-1347,A-1373,P-1111,2026-08-06 10:00:00,2,-0.5,PRICE|CONDITION,Applicant liked aspects of the property but raised price sensitivity versus budget.
F-1163,V-1348,A-1374,P-1224,2026-07-18 10:00:00,3,0.0,,Applicant had reservations and asked for better matching alternatives.
F-1164,V-1349,A-1374,P-2307,2026-06-09 17:00:00,3,0.0,PRICE,Applicant liked aspects of the property but raised price sensitivity versus budget.
F-1165,V-1350,A-1375,P-1687,2026-06-18 16:00:00,4,0.5,TERMS,"Positive viewing feedback. Applicant liked the layout and Greenwich location, with questions about tenancy terms."
F-1166,V-1351,A-1375,P-2300,2026-05-29 16:00:00,4,0.5,PRICE,"Positive viewing feedback. Applicant liked the layout and Islington location, with questions about tenancy terms."
F-1167,V-1352,A-1375,P-2732,2026-07-29 15:00:00,5,1.0,,"Positive viewing feedback. Applicant liked the layout and Islington location, with questions about tenancy terms."
F-1168,V-1353,A-1375,P-1673,2026-05-24 15:00:00,4,0.5,,"Positive viewing feedback. Applicant liked the layout and Islington location, with questions about tenancy terms."
F-1169,V-1354,A-1375,P-2314,2026-05-10 11:00:00,5,1.0,,"Positive viewing feedback. Applicant liked the layout and Islington location, with questions about tenancy terms."
F-1170,V-1355,A-1376,P-1496,2026-07-09 14:00:00,5,1.0,TERMS,"Positive viewing feedback. Applicant liked the layout and Clapham location, with questions about tenancy terms."
F-1171,V-1356,A-1376,P-1067,2026-05-24 12:00:00,3,0.0,PRICE,Applicant liked aspects of the property but raised price sensitivity versus budget.
F-1172,V-1357,A-1376,P-1263,2026-07-19 12:00:00,3,0.0,,Applicant had reservations and asked for better matching alternatives.
F-1173,V-1358,A-1376,P-2128,2026-05-03 12:00:00,4,0.5,PRICE,"Positive viewing feedback. Applicant liked the layout and Fulham location, with questions about tenancy terms."
F-1174,V-1359,A-1376,P-1269,2026-05-25 09:00:00,4,0.5,,"Positive viewing feedback. Applicant liked the layout and Clapham location, with questions about tenancy terms."
F-1175,V-1360,A-1377,P-1070,2026-05-25 16:00:00,5,1.0,TRANSPORT|TERMS,"Positive viewing feedback. Applicant liked the layout and Stratford location, with questions about tenancy terms."
F-1176,V-1361,A-1377,P-1624,2026-06-24 17:00:00,4,0.5,TRANSPORT|TERMS,"Positive viewing feedback. Applicant liked the layout and Stratford location, with questions about tenancy terms."
F-1177,V-1362,A-1377,P-1358,2026-07-02 13:00:00,5,1.0,,"Positive viewing feedback. Applicant liked the layout and Stratford location, with questions about tenancy terms."
F-1178,V-1363,A-1377,P-2128,2026-06-20 10:00:00,5,1.0,PRICE,"Positive viewing feedback. Applicant liked the layout and Fulham location, with questions about tenancy terms."
F-1179,V-1364,A-1377,P-2208,2026-07-20 17:00:00,4,0.5,,"Positive viewing feedback. Applicant liked the layout and Fulham location, with questions about tenancy terms."
F-1180,V-1366,A-1378,P-1752,2026-06-07 14:00:00,5,1.0,PRICE,"Positive viewing feedback. Applicant liked the layout and Chelsea location, with questions about tenancy terms."
F-1181,V-1367,A-1379,P-2504,2026-05-27 11:00:00,5,1.0,PRICE,"Positive viewing feedback. Applicant liked the layout and Stratford location, with questions about tenancy terms."
F-1182,V-1368,A-1379,P-2278,2026-06-10 13:00:00,5,1.0,TERMS,"Positive viewing feedback. Applicant liked the layout and Clapham location, with questions about tenancy terms."
F-1183,V-1369,A-1379,P-2241,2026-08-05 17:00:00,5,1.0,,"Positive viewing feedback. Applicant liked the layout and Stratford location, with questions about tenancy terms."
F-1184,V-1371,A-1380,P-2642,2026-08-10 16:00:00,4,0.5,PRICE|TRANSPORT,"Positive viewing feedback. Applicant liked the layout and Camden location, with questions about tenancy terms."
F-1185,V-1372,A-1380,P-1037,2026-07-10 14:00:00,2,-0.5,PRICE|AREA,Applicant liked aspects of the property but raised price sensitivity versus budget.
F-1186,V-1373,A-1380,P-2424,2026-05-24 09:00:00,3,0.0,,Applicant had reservations and asked for better matching alternatives.
F-1187,V-1374,A-1380,P-1206,2026-06-01 12:00:00,4,0.5,PRICE|TERMS,"Positive viewing feedback. Applicant liked the layout and Stratford location, with questions about tenancy terms."
F-1188,V-1375,A-1381,P-2504,2026-07-09 09:00:00,4,0.5,PRICE,"Positive viewing feedback. Applicant liked the layout and Stratford location, with questions about tenancy terms."
F-1189,V-1377,A-1381,P-2642,2026-07-07 09:00:00,5,1.0,TRANSPORT,"Positive viewing feedback. Applicant liked the layout and Camden location, with questions about tenancy terms."
F-1190,V-1378,A-1382,P-2995,2026-07-19 09:00:00,4,0.5,PRICE,"Positive viewing feedback. Applicant liked the layout and Battersea location, with questions about tenancy terms."
F-1191,V-1379,A-1382,P-2584,2026-06-13 12:00:00,4,0.5,TRANSPORT,"Positive viewing feedback. Applicant liked the layout and Hackney location, with questions about tenancy terms."
F-1192,V-1380,A-1382,P-2597,2026-08-05 13:00:00,2,-0.5,PRICE|TRANSPORT|AREA|TERMS,Applicant liked aspects of the property but raised price sensitivity versus budget.
F-1193,V-1381,A-1383,P-1726,2026-07-11 11:00:00,5,1.0,,"Positive viewing feedback. Applicant liked the layout and Croydon location, with questions about tenancy terms."
F-1194,V-1382,A-1384,P-1846,2026-07-11 16:00:00,3,0.0,PRICE,Applicant liked aspects of the property but raised price sensitivity versus budget.
F-1195,V-1383,A-1384,P-2858,2026-08-09 10:00:00,5,1.0,,"Positive viewing feedback. Applicant liked the layout and Canary Wharf location, with questions about tenancy terms."
F-1196,V-1384,A-1384,P-1996,2026-07-09 09:00:00,2,-0.5,PRICE|AREA,Applicant liked aspects of the property but raised price sensitivity versus budget.
F-1197,V-1385,A-1384,P-1556,2026-05-28 09:00:00,5,1.0,,"Positive viewing feedback. Applicant liked the layout and Stratford location, with questions about tenancy terms."
F-1198,V-1386,A-1384,P-1769,2026-07-19 11:00:00,4,0.5,,"Positive viewing feedback. Applicant liked the layout and Stratford location, with questions about tenancy terms."
F-1199,V-1387,A-1384,P-1666,2026-05-14 14:00:00,5,1.0,,"Positive viewing feedback. Applicant liked the layout and Stratford location, with questions about tenancy terms."
F-1200,V-1388,A-1384,P-2329,2026-08-09 12:00:00,5,1.0,,"Positive viewing feedback. Applicant liked the layout and Canary Wharf location, with questions about tenancy terms."
F-1201,V-1389,A-1385,P-1916,2026-07-16 15:00:00,3,0.0,PRICE|TERMS,Applicant liked aspects of the property but raised price sensitivity versus budget.
F-1202,V-1390,A-1385,P-2598,2026-07-13 13:00:00,3,0.0,PRICE,Applicant liked aspects of the property but raised price sensitivity versus budget.
F-1203,V-1391,A-1385,P-1151,2026-05-08 16:00:00,4,0.5,,"Positive viewing feedback. Applicant liked the layout and Hackney location, with questions about tenancy terms."
F-1204,V-1392,A-1386,P-2535,2026-06-15 13:00:00,4,0.5,PRICE,"Positive viewing feedback. Applicant liked the layout and Stratford location, with questions about tenancy terms."
F-1205,V-1393,A-1386,P-2382,2026-07-13 09:00:00,5,1.0,,"Positive viewing feedback. Applicant liked the layout and Hackney location, with questions about tenancy terms."
F-1206,V-1394,A-1386,P-1627,2026-05-30 17:00:00,4,0.5,,"Positive viewing feedback. Applicant liked the layout and Stratford location, with questions about tenancy terms."
F-1207,V-1395,A-1386,P-2942,2026-05-30 09:00:00,3,0.0,PRICE,Applicant liked aspects of the property but raised price sensitivity versus budget.
F-1208,V-1396,A-1386,P-2793,2026-06-10 13:00:00,3,0.0,,Applicant had reservations and asked for better matching alternatives.
F-1209,V-1397,A-1387,P-1416,2026-07-22 09:00:00,5,1.0,TERMS,"Positive viewing feedback. Applicant liked the layout and Battersea location, with questions about tenancy terms."
F-1210,V-1398,A-1387,P-2727,2026-05-12 15:00:00,5,1.0,TERMS,"Positive viewing feedback. Applicant liked the layout and Islington location, with questions about tenancy terms."
F-1211,V-1399,A-1387,P-2888,2026-05-19 11:00:00,4,0.5,,"Positive viewing feedback. Applicant liked the layout and Islington location, with questions about tenancy terms."
F-1212,V-1400,A-1387,P-1861,2026-07-10 09:00:00,4,0.5,,"Positive viewing feedback. Applicant liked the layout and Battersea location, with questions about tenancy terms."
F-1213,V-1401,A-1387,P-1406,2026-05-28 14:00:00,3,0.0,,Applicant had reservations and asked for better matching alternatives.
F-1214,V-1402,A-1387,P-2711,2026-06-29 14:00:00,5,1.0,TERMS,"Positive viewing feedback. Applicant liked the layout and Battersea location, with questions about tenancy terms."
F-1215,V-1403,A-1388,P-1625,2026-06-05 11:00:00,4,0.5,,"Positive viewing feedback. Applicant liked the layout and Clapham location, with questions about tenancy terms."
F-1216,V-1404,A-1388,P-1810,2026-07-14 16:00:00,5,1.0,,"Positive viewing feedback. Applicant liked the layout and Camden location, with questions about tenancy terms."
F-1217,V-1405,A-1388,P-1876,2026-05-14 16:00:00,3,0.0,,Applicant had reservations and asked for better matching alternatives.
F-1218,V-1406,A-1389,P-2038,2026-07-16 11:00:00,5,1.0,PRICE|TERMS,"Positive viewing feedback. Applicant liked the layout and Fulham location, with questions about tenancy terms."
F-1219,V-1407,A-1389,P-1153,2026-05-08 12:00:00,5,1.0,TRANSPORT,"Positive viewing feedback. Applicant liked the layout and Fulham location, with questions about tenancy terms."
F-1220,V-1408,A-1389,P-2691,2026-06-07 17:00:00,5,1.0,PRICE|TRANSPORT,"Positive viewing feedback. Applicant liked the layout and Fulham location, with questions about tenancy terms."
F-1221,V-1409,A-1390,P-1828,2026-07-30 09:00:00,5,1.0,,"Positive viewing feedback. Applicant liked the layout and Fulham location, with questions about tenancy terms."
F-1222,V-1412,A-1391,P-1955,2026-05-30 09:00:00,5,1.0,,"Positive viewing feedback. Applicant liked the layout and Islington location, with questions about tenancy terms."
F-1223,V-1413,A-1391,P-1075,2026-05-03 10:00:00,5,1.0,PRICE|TRANSPORT,"Positive viewing feedback. Applicant liked the layout and Islington location, with questions about tenancy terms."
F-1224,V-1414,A-1392,P-2861,2026-05-14 11:00:00,3,0.0,,Applicant had reservations and asked for better matching alternatives.
F-1225,V-1415,A-1392,P-2185,2026-07-07 15:00:00,5,1.0,,"Positive viewing feedback. Applicant liked the layout and Clapham location, with questions about tenancy terms."
F-1226,V-1416,A-1392,P-1483,2026-05-10 14:00:00,4,0.5,TRANSPORT|TERMS,"Positive viewing feedback. Applicant liked the layout and Clapham location, with questions about tenancy terms."
F-1227,V-1417,A-1393,P-1087,2026-05-27 10:00:00,5,1.0,,"Positive viewing feedback. Applicant liked the layout and Camden location, with questions about tenancy terms."
F-1228,V-1418,A-1393,P-1359,2026-08-05 15:00:00,5,1.0,,"Positive viewing feedback. Applicant liked the layout and Camden location, with questions about tenancy terms."
F-1229,V-1419,A-1393,P-2527,2026-05-11 15:00:00,5,1.0,PRICE|TERMS,"Positive viewing feedback. Applicant liked the layout and Fulham location, with questions about tenancy terms."
F-1230,V-1420,A-1394,P-2970,2026-05-12 12:00:00,5,1.0,TERMS,"Positive viewing feedback. Applicant liked the layout and Croydon location, with questions about tenancy terms."
F-1231,V-1421,A-1394,P-2304,2026-05-13 12:00:00,4,0.5,PRICE,"Positive viewing feedback. Applicant liked the layout and Camden location, with questions about tenancy terms."
F-1232,V-1422,A-1394,P-1912,2026-06-13 10:00:00,3,0.0,TERMS,Applicant had reservations and asked for better matching alternatives.
F-1233,V-1423,A-1394,P-1546,2026-05-29 12:00:00,5,1.0,,"Positive viewing feedback. Applicant liked the layout and Croydon location, with questions about tenancy terms."
F-1234,V-1425,A-1395,P-2178,2026-06-13 15:00:00,5,1.0,,"Positive viewing feedback. Applicant liked the layout and Croydon location, with questions about tenancy terms."
F-1235,V-1426,A-1395,P-2372,2026-08-02 14:00:00,3,0.0,,Applicant had reservations and asked for better matching alternatives.
F-1236,V-1428,A-1395,P-2901,2026-08-10 14:00:00,5,1.0,TRANSPORT,"Positive viewing feedback. Applicant liked the layout and Croydon location, with questions about tenancy terms."
F-1237,V-1429,A-1395,P-2722,2026-05-23 12:00:00,5,1.0,TRANSPORT,"Positive viewing feedback. Applicant liked the layout and Croydon location, with questions about tenancy terms."
F-1238,V-1430,A-1396,P-1738,2026-05-31 09:00:00,4,0.5,PRICE,"Positive viewing feedback. Applicant liked the layout and Chelsea location, with questions about tenancy terms."
F-1239,V-1431,A-1396,P-2927,2026-06-16 15:00:00,5,1.0,PRICE,"Positive viewing feedback. Applicant liked the layout and Battersea location, with questions about tenancy terms."
F-1240,V-1432,A-1396,P-1315,2026-06-11 11:00:00,5,1.0,,"Positive viewing feedback. Applicant liked the layout and Battersea location, with questions about tenancy terms."
F-1241,V-1433,A-1397,P-1186,2026-06-15 16:00:00,4,0.5,TRANSPORT|TERMS,"Positive viewing feedback. Applicant liked the layout and Greenwich location, with questions about tenancy terms."
F-1242,V-1434,A-1398,P-2324,2026-06-26 16:00:00,5,1.0,,"Positive viewing feedback. Applicant liked the layout and Canary Wharf location, with questions about tenancy terms."
F-1243,V-1435,A-1398,P-1874,2026-07-13 12:00:00,3,0.0,PRICE|TRANSPORT,Applicant liked aspects of the property but raised price sensitivity versus budget.
F-1244,V-1437,A-1398,P-1729,2026-05-24 16:00:00,4,0.5,,"Positive viewing feedback. Applicant liked the layout and Canary Wharf location, with questions about tenancy terms."
F-1245,V-1438,A-1398,P-1092,2026-07-06 10:00:00,4,0.5,PRICE|TRANSPORT,"Positive viewing feedback. Applicant liked the layout and Canary Wharf location, with questions about tenancy terms."
F-1246,V-1439,A-1399,P-1594,2026-07-14 10:00:00,3,0.0,PRICE|TRANSPORT,Applicant liked aspects of the property but raised price sensitivity versus budget.
F-1247,V-1440,A-1399,P-1133,2026-07-09 15:00:00,4,0.5,PRICE,"Positive viewing feedback. Applicant liked the layout and Clapham location, with questions about tenancy terms."
F-1248,V-1441,A-1399,P-1208,2026-06-14 11:00:00,2,-0.5,PRICE|SIZE,Applicant liked aspects of the property but raised price sensitivity versus budget.
F-1249,V-1442,A-1399,P-2827,2026-05-30 13:00:00,4,0.5,PRICE,"Positive viewing feedback. Applicant liked the layout and Clapham location, with questions about tenancy terms."
F-1250,V-1443,A-1400,P-1012,2026-07-14 16:00:00,4,0.5,PRICE,"Positive viewing feedback. Applicant liked the layout and Chelsea location, with questions about tenancy terms."
F-1251,V-1444,A-1400,P-2899,2026-07-05 10:00:00,3,0.0,PRICE|TERMS,Applicant liked aspects of the property but raised price sensitivity versus budget.
F-1252,V-1445,A-1400,P-2211,2026-05-19 10:00:00,5,1.0,,"Positive viewing feedback. Applicant liked the layout and Canary Wharf location, with questions about tenancy terms."
F-1253,V-1446,A-1400,P-1540,2026-06-01 16:00:00,3,0.0,TRANSPORT,Applicant had reservations and asked for better matching alternatives.
F-1254,V-1447,A-1401,P-2880,2026-05-28 16:00:00,4,0.5,TRANSPORT|TERMS,"Positive viewing feedback. Applicant liked the layout and Fulham location, with questions about tenancy terms."
F-1255,V-1448,A-1401,P-1166,2026-05-31 12:00:00,4,0.5,,"Positive viewing feedback. Applicant liked the layout and Fulham location, with questions about tenancy terms."
F-1256,V-1449,A-1401,P-1099,2026-07-22 14:00:00,5,1.0,TRANSPORT,"Positive viewing feedback. Applicant liked the layout and Fulham location, with questions about tenancy terms."
F-1257,V-1450,A-1401,P-2752,2026-05-19 13:00:00,5,1.0,PRICE|TERMS,"Positive viewing feedback. Applicant liked the layout and Fulham location, with questions about tenancy terms."
F-1258,V-1451,A-1402,P-1644,2026-07-31 14:00:00,2,-0.5,PRICE|SIZE,Applicant liked aspects of the property but raised price sensitivity versus budget.
F-1259,V-1452,A-1402,P-2448,2026-07-05 12:00:00,3,0.0,PRICE,Applicant liked aspects of the property but raised price sensitivity versus budget.
F-1260,V-1453,A-1402,P-1096,2026-08-10 10:00:00,4,0.5,PRICE|TRANSPORT,"Positive viewing feedback. Applicant liked the layout and Shoreditch location, with questions about tenancy terms."
F-1261,V-1454,A-1403,P-2137,2026-06-01 14:00:00,4,0.5,TERMS,"Positive viewing feedback. Applicant liked the layout and Hackney location, with questions about tenancy terms."
F-1262,V-1455,A-1403,P-1342,2026-05-30 12:00:00,5,1.0,PRICE|TRANSPORT,"Positive viewing feedback. Applicant liked the layout and Hackney location, with questions about tenancy terms."
F-1263,V-1456,A-1403,P-1649,2026-05-20 16:00:00,5,1.0,TRANSPORT|TERMS,"Positive viewing feedback. Applicant liked the layout and Stratford location, with questions about tenancy terms."
F-1264,V-1457,A-1403,P-1700,2026-08-09 16:00:00,5,1.0,TRANSPORT,"Positive viewing feedback. Applicant liked the layout and Stratford location, with questions about tenancy terms."
F-1265,V-1458,A-1403,P-1137,2026-05-18 12:00:00,3,0.0,PRICE,Applicant liked aspects of the property but raised price sensitivity versus budget.
F-1266,V-1459,A-1404,P-1005,2026-08-02 17:00:00,5,1.0,TERMS,"Positive viewing feedback. Applicant liked the layout and Islington location, with questions about tenancy terms."
F-1267,V-1460,A-1404,P-2879,2026-08-06 09:00:00,1,-1.0,PRICE|SIZE,Applicant liked aspects of the property but raised price sensitivity versus budget.
F-1268,V-1461,A-1404,P-1963,2026-06-01 12:00:00,3,0.0,PRICE,Applicant liked aspects of the property but raised price sensitivity versus budget.
F-1269,V-1462,A-1404,P-1880,2026-05-21 12:00:00,5,1.0,PRICE,"Positive viewing feedback. Applicant liked the layout and Fulham location, with questions about tenancy terms."
F-1270,V-1463,A-1404,P-2752,2026-07-22 15:00:00,1,-1.0,PRICE|CONDITION|TERMS,Applicant liked aspects of the property but raised price sensitivity versus budget.
F-1271,V-1464,A-1405,P-2670,2026-06-01 12:00:00,5,1.0,,"Positive viewing feedback. Applicant liked the layout and Clapham location, with questions about tenancy terms."
F-1272,V-1465,A-1405,P-1957,2026-08-03 14:00:00,5,1.0,,"Positive viewing feedback. Applicant liked the layout and Camden location, with questions about tenancy terms."
F-1273,V-1466,A-1405,P-1842,2026-06-19 15:00:00,4,0.5,TRANSPORT,"Positive viewing feedback. Applicant liked the layout and Camden location, with questions about tenancy terms."
F-1274,V-1467,A-1405,P-2736,2026-07-27 15:00:00,5,1.0,,"Positive viewing feedback. Applicant liked the layout and Camden location, with questions about tenancy terms."
F-1275,V-1468,A-1405,P-1204,2026-07-17 13:00:00,4,0.5,,"Positive viewing feedback. Applicant liked the layout and Clapham location, with questions about tenancy terms."
F-1276,V-1469,A-1406,P-2247,2026-05-07 17:00:00,4,0.5,,"Positive viewing feedback. Applicant liked the layout and Canary Wharf location, with questions about tenancy terms."
F-1277,V-1470,A-1406,P-1237,2026-07-05 16:00:00,4,0.5,,"Positive viewing feedback. Applicant liked the layout and Greenwich location, with questions about tenancy terms."
F-1278,V-1471,A-1406,P-2158,2026-07-10 10:00:00,4,0.5,,"Positive viewing feedback. Applicant liked the layout and Canary Wharf location, with questions about tenancy terms."
F-1279,V-1472,A-1407,P-1514,2026-06-17 14:00:00,5,1.0,TRANSPORT,"Positive viewing feedback. Applicant liked the layout and Canary Wharf location, with questions about tenancy terms."
F-1280,V-1473,A-1407,P-2130,2026-07-05 11:00:00,4,0.5,PRICE,"Positive viewing feedback. Applicant liked the layout and Chelsea location, with questions about tenancy terms."
F-1281,V-1474,A-1407,P-2495,2026-08-09 14:00:00,4,0.5,,"Positive viewing feedback. Applicant liked the layout and Canary Wharf location, with questions about tenancy terms."
F-1282,V-1475,A-1407,P-2509,2026-07-11 11:00:00,3,0.0,,Applicant had reservations and asked for better matching alternatives.
F-1283,V-1476,A-1407,P-1974,2026-07-06 11:00:00,3,0.0,,Applicant had reservations and asked for better matching alternatives.
F-1284,V-1478,A-1408,P-2494,2026-08-06 13:00:00,4,0.5,,"Positive viewing feedback. Applicant liked the layout and Clapham location, with questions about tenancy terms."
F-1285,V-1479,A-1408,P-2412,2026-08-10 13:00:00,5,1.0,PRICE,"Positive viewing feedback. Applicant liked the layout and Islington location, with questions about tenancy terms."
F-1286,V-1481,A-1408,P-2873,2026-07-01 10:00:00,4,0.5,,"Positive viewing feedback. Applicant liked the layout and Clapham location, with questions about tenancy terms."
F-1287,V-1483,A-1409,P-2830,2026-08-04 12:00:00,4,0.5,TERMS,"Positive viewing feedback. Applicant liked the layout and Camden location, with questions about tenancy terms."
F-1288,V-1484,A-1409,P-1902,2026-06-05 12:00:00,4,0.5,PRICE,"Positive viewing feedback. Applicant liked the layout and Camden location, with questions about tenancy terms."
F-1289,V-1485,A-1410,P-1473,2026-07-14 11:00:00,5,1.0,,"Positive viewing feedback. Applicant liked the layout and Clapham location, with questions about tenancy terms."
F-1290,V-1486,A-1410,P-1724,2026-06-26 10:00:00,5,1.0,,"Positive viewing feedback. Applicant liked the layout and Clapham location, with questions about tenancy terms."
F-1291,V-1487,A-1410,P-2870,2026-08-08 17:00:00,4,0.5,PRICE,"Positive viewing feedback. Applicant liked the layout and Camden location, with questions about tenancy terms."
F-1292,V-1488,A-1410,P-2165,2026-06-03 14:00:00,5,1.0,,"Positive viewing feedback. Applicant liked the layout and Camden location, with questions about tenancy terms."
F-1293,V-1489,A-1410,P-1625,2026-07-11 11:00:00,5,1.0,TRANSPORT,"Positive viewing feedback. Applicant liked the layout and Clapham location, with questions about tenancy terms."
F-1294,V-1490,A-1411,P-1528,2026-07-11 10:00:00,4,0.5,,"Positive viewing feedback. Applicant liked the layout and Croydon location, with questions about tenancy terms."
F-1295,V-1491,A-1411,P-1720,2026-05-23 11:00:00,5,1.0,,"Positive viewing feedback. Applicant liked the layout and Stratford location, with questions about tenancy terms."
F-1296,V-1492,A-1411,P-2232,2026-08-10 10:00:00,5,1.0,,"Positive viewing feedback. Applicant liked the layout and Croydon location, with questions about tenancy terms."
F-1297,V-1493,A-1412,P-1751,2026-07-09 13:00:00,5,1.0,TERMS,"Positive viewing feedback. Applicant liked the layout and Greenwich location, with questions about tenancy terms."
F-1298,V-1494,A-1412,P-2497,2026-07-31 13:00:00,5,1.0,TRANSPORT,"Positive viewing feedback. Applicant liked the layout and Greenwich location, with questions about tenancy terms."
F-1299,V-1495,A-1412,P-2944,2026-06-04 15:00:00,4,0.5,,"Positive viewing feedback. Applicant liked the layout and Islington location, with questions about tenancy terms."
F-1300,V-1496,A-1413,P-2927,2026-05-20 09:00:00,3,0.0,PRICE|TRANSPORT|TERMS,Applicant liked aspects of the property but raised price sensitivity versus budget.
F-1301,V-1498,A-1414,P-2617,2026-07-13 09:00:00,3,0.0,,Applicant had reservations and asked for better matching alternatives.
F-1302,V-1499,A-1414,P-2374,2026-07-07 09:00:00,5,1.0,TRANSPORT,"Positive viewing feedback. Applicant liked the layout and Croydon location, with questions about tenancy terms."
F-1303,V-1500,A-1414,P-2369,2026-08-07 15:00:00,4,0.5,,"Positive viewing feedback. Applicant liked the layout and Croydon location, with questions about tenancy terms."
F-1304,V-1501,A-1414,P-1059,2026-07-26 17:00:00,3,0.0,,Applicant had reservations and asked for better matching alternatives.
F-1305,V-1502,A-1415,P-1370,2026-05-19 13:00:00,5,1.0,,"Positive viewing feedback. Applicant liked the layout and Islington location, with questions about tenancy terms."
F-1306,V-1503,A-1415,P-2392,2026-07-06 12:00:00,4,0.5,TERMS,"Positive viewing feedback. Applicant liked the layout and Islington location, with questions about tenancy terms."
F-1307,V-1504,A-1415,P-2243,2026-07-08 16:00:00,3,0.0,PRICE,Applicant liked aspects of the property but raised price sensitivity versus budget.
F-1308,V-1505,A-1415,P-2661,2026-05-26 14:00:00,5,1.0,,"Positive viewing feedback. Applicant liked the layout and Islington location, with questions about tenancy terms."
F-1309,V-1506,A-1415,P-2679,2026-05-13 10:00:00,5,1.0,,"Positive viewing feedback. Applicant liked the layout and Islington location, with questions about tenancy terms."
F-1310,V-1507,A-1416,P-1082,2026-06-29 17:00:00,5,1.0,PRICE|TRANSPORT,"Positive viewing feedback. Applicant liked the layout and Chelsea location, with questions about tenancy terms."
F-1311,V-1508,A-1416,P-2734,2026-07-16 15:00:00,3,0.0,PRICE|TRANSPORT,Applicant liked aspects of the property but raised price sensitivity versus budget.
F-1312,V-1509,A-1416,P-2317,2026-07-10 17:00:00,4,0.5,TRANSPORT,"Positive viewing feedback. Applicant liked the layout and Chelsea location, with questions about tenancy terms."
F-1313,V-1511,A-1416,P-2130,2026-05-18 09:00:00,3,0.0,PRICE,Applicant liked aspects of the property but raised price sensitivity versus budget.
F-1314,V-1512,A-1416,P-2216,2026-07-22 16:00:00,3,0.0,PRICE,Applicant liked aspects of the property but raised price sensitivity versus budget.
F-1315,V-1513,A-1417,P-1428,2026-08-10 13:00:00,5,1.0,PRICE,"Positive viewing feedback. Applicant liked the layout and Battersea location, with questions about tenancy terms."
F-1316,V-1514,A-1417,P-2997,2026-06-02 13:00:00,4,0.5,,"Positive viewing feedback. Applicant liked the layout and Camden location, with questions about tenancy terms."
F-1317,V-1515,A-1417,P-2711,2026-07-17 09:00:00,5,1.0,PRICE,"Positive viewing feedback. Applicant liked the layout and Battersea location, with questions about tenancy terms."
F-1318,V-1516,A-1417,P-2908,2026-05-25 14:00:00,3,0.0,PRICE,Applicant liked aspects of the property but raised price sensitivity versus budget.
F-1319,V-1517,A-1418,P-1342,2026-07-07 10:00:00,3,0.0,PRICE|TRANSPORT,Applicant liked aspects of the property but raised price sensitivity versus budget.
F-1320,V-1518,A-1418,P-1901,2026-05-08 14:00:00,4,0.5,,"Positive viewing feedback. Applicant liked the layout and Canary Wharf location, with questions about tenancy terms."
F-1321,V-1519,A-1418,P-2144,2026-05-14 16:00:00,2,-0.5,PRICE|CONDITION,Applicant liked aspects of the property but raised price sensitivity versus budget.
F-1322,V-1520,A-1418,P-2607,2026-05-26 11:00:00,5,1.0,,"Positive viewing feedback. Applicant liked the layout and Hackney location, with questions about tenancy terms."
F-1323,V-1521,A-1418,P-2946,2026-07-25 17:00:00,5,1.0,,"Positive viewing feedback. Applicant liked the layout and Hackney location, with questions about tenancy terms."
F-1324,V-1522,A-1419,P-1012,2026-07-26 12:00:00,2,-0.5,PRICE|CONDITION,Applicant liked aspects of the property but raised price sensitivity versus budget.
F-1325,V-1523,A-1419,P-2205,2026-07-19 17:00:00,5,1.0,PRICE,"Positive viewing feedback. Applicant liked the layout and Camden location, with questions about tenancy terms."
F-1326,V-1524,A-1419,P-1281,2026-08-03 11:00:00,4,0.5,PRICE,"Positive viewing feedback. Applicant liked the layout and Chelsea location, with questions about tenancy terms."
F-1327,V-1525,A-1419,P-1833,2026-06-20 10:00:00,4,0.5,PRICE,"Positive viewing feedback. Applicant liked the layout and Chelsea location, with questions about tenancy terms."
F-1328,V-1526,A-1420,P-1580,2026-05-15 10:00:00,5,1.0,TRANSPORT,"Positive viewing feedback. Applicant liked the layout and Shoreditch location, with questions about tenancy terms."
F-1329,V-1527,A-1420,P-2021,2026-05-21 14:00:00,5,1.0,,"Positive viewing feedback. Applicant liked the layout and Wimbledon location, with questions about tenancy terms."
F-1330,V-1528,A-1420,P-1331,2026-07-05 16:00:00,5,1.0,TRANSPORT,"Positive viewing feedback. Applicant liked the layout and Wimbledon location, with questions about tenancy terms."
F-1331,V-1529,A-1420,P-1893,2026-08-05 12:00:00,3,0.0,PRICE|TRANSPORT,Applicant liked aspects of the property but raised price sensitivity versus budget.
F-1332,V-1530,A-1421,P-1492,2026-07-18 16:00:00,4,0.5,PRICE|TRANSPORT,"Positive viewing feedback. Applicant liked the layout and Fulham location, with questions about tenancy terms."
F-1333,V-1531,A-1421,P-1754,2026-07-29 16:00:00,4,0.5,,"Positive viewing feedback. Applicant liked the layout and Fulham location, with questions about tenancy terms."
F-1334,V-1532,A-1421,P-2851,2026-05-30 12:00:00,2,-0.5,PRICE|CONDITION,Applicant liked aspects of the property but raised price sensitivity versus budget.
F-1335,V-1533,A-1421,P-2583,2026-06-04 15:00:00,5,1.0,TRANSPORT,"Positive viewing feedback. Applicant liked the layout and Fulham location, with questions about tenancy terms."
F-1336,V-1534,A-1423,P-1192,2026-08-05 14:00:00,4,0.5,TRANSPORT,"Positive viewing feedback. Applicant liked the layout and Shoreditch location, with questions about tenancy terms."
F-1337,V-1535,A-1423,P-1580,2026-07-13 14:00:00,3,0.0,PRICE|TRANSPORT|TERMS,Applicant liked aspects of the property but raised price sensitivity versus budget.
F-1338,V-1536,A-1424,P-1283,2026-05-18 11:00:00,4,0.5,PRICE,"Positive viewing feedback. Applicant liked the layout and Stratford location, with questions about tenancy terms."
F-1339,V-1537,A-1424,P-2778,2026-07-11 10:00:00,2,-0.5,PRICE|AREA,Applicant liked aspects of the property but raised price sensitivity versus budget.
F-1340,V-1538,A-1425,P-1675,2026-07-30 15:00:00,4,0.5,PRICE,"Positive viewing feedback. Applicant liked the layout and Stratford location, with questions about tenancy terms."
F-1341,V-1539,A-1425,P-1798,2026-05-22 13:00:00,4,0.5,,"Positive viewing feedback. Applicant liked the layout and Wimbledon location, with questions about tenancy terms."
F-1342,V-1541,A-1426,P-2929,2026-07-13 12:00:00,5,1.0,PRICE,"Positive viewing feedback. Applicant liked the layout and Fulham location, with questions about tenancy terms."
F-1343,V-1542,A-1426,P-2442,2026-05-19 17:00:00,4,0.5,PRICE,"Positive viewing feedback. Applicant liked the layout and Fulham location, with questions about tenancy terms."
F-1344,V-1543,A-1426,P-2724,2026-06-16 13:00:00,5,1.0,PRICE,"Positive viewing feedback. Applicant liked the layout and Fulham location, with questions about tenancy terms."
F-1345,V-1544,A-1427,P-1634,2026-06-14 11:00:00,5,1.0,,"Positive viewing feedback. Applicant liked the layout and Croydon location, with questions about tenancy terms."
F-1346,V-1545,A-1427,P-2865,2026-05-18 10:00:00,5,1.0,TRANSPORT,"Positive viewing feedback. Applicant liked the layout and Croydon location, with questions about tenancy terms."
F-1347,V-1546,A-1427,P-1286,2026-07-03 11:00:00,4,0.5,PRICE|TRANSPORT|TERMS,"Positive viewing feedback. Applicant liked the layout and Shoreditch location, with questions about tenancy terms."
F-1348,V-1548,A-1428,P-1617,2026-05-23 12:00:00,4,0.5,,"Positive viewing feedback. Applicant liked the layout and Wimbledon location, with questions about tenancy terms."
F-1349,V-1550,A-1428,P-2543,2026-05-11 10:00:00,5,1.0,PRICE,"Positive viewing feedback. Applicant liked the layout and Fulham location, with questions about tenancy terms."
F-1350,V-1551,A-1428,P-1267,2026-07-16 09:00:00,3,0.0,PRICE,Applicant liked aspects of the property but raised price sensitivity versus budget.
F-1351,V-1552,A-1429,P-2197,2026-06-25 16:00:00,5,1.0,PRICE,"Positive viewing feedback. Applicant liked the layout and Camden location, with questions about tenancy terms."
F-1352,V-1553,A-1429,P-1102,2026-06-21 14:00:00,3,0.0,PRICE,Applicant liked aspects of the property but raised price sensitivity versus budget.
F-1353,V-1554,A-1429,P-2821,2026-07-03 15:00:00,3,0.0,PRICE,Applicant liked aspects of the property but raised price sensitivity versus budget.
F-1354,V-1555,A-1430,P-1118,2026-05-03 09:00:00,5,1.0,,"Positive viewing feedback. Applicant liked the layout and Shoreditch location, with questions about tenancy terms."
F-1355,V-1556,A-1430,P-2637,2026-05-23 09:00:00,4,0.5,,"Positive viewing feedback. Applicant liked the layout and Chelsea location, with questions about tenancy terms."
F-1356,V-1557,A-1430,P-2875,2026-05-14 14:00:00,5,1.0,,"Positive viewing feedback. Applicant liked the layout and Shoreditch location, with questions about tenancy terms."
F-1357,V-1558,A-1430,P-2218,2026-07-07 15:00:00,5,1.0,,"Positive viewing feedback. Applicant liked the layout and Shoreditch location, with questions about tenancy terms."
F-1358,V-1559,A-1430,P-1598,2026-05-09 16:00:00,3,0.0,PRICE|TRANSPORT,Applicant liked aspects of the property but raised price sensitivity versus budget.
F-1359,V-1560,A-1431,P-1839,2026-06-09 17:00:00,5,1.0,,"Positive viewing feedback. Applicant liked the layout and Clapham location, with questions about tenancy terms."
F-1360,V-1561,A-1431,P-1933,2026-05-07 14:00:00,3,0.0,,Applicant had reservations and asked for better matching alternatives.
F-1361,V-1562,A-1431,P-2147,2026-07-10 17:00:00,4,0.5,PRICE|TERMS,"Positive viewing feedback. Applicant liked the layout and Clapham location, with questions about tenancy terms."
F-1362,V-1563,A-1431,P-2715,2026-08-04 12:00:00,1,-1.0,CONDITION,Applicant had reservations and asked for better matching alternatives.
F-1363,V-1565,A-1432,P-2921,2026-05-16 13:00:00,4,0.5,,"Positive viewing feedback. Applicant liked the layout and Croydon location, with questions about tenancy terms."
F-1364,V-1568,A-1432,P-2305,2026-08-09 14:00:00,5,1.0,TRANSPORT,"Positive viewing feedback. Applicant liked the layout and Croydon location, with questions about tenancy terms."
F-1365,V-1569,A-1432,P-1752,2026-07-24 14:00:00,2,-0.5,PRICE|CONDITION,Applicant liked aspects of the property but raised price sensitivity versus budget.
F-1366,V-1570,A-1432,P-1120,2026-07-14 17:00:00,4,0.5,PRICE,"Positive viewing feedback. Applicant liked the layout and Chelsea location, with questions about tenancy terms."
F-1367,V-1571,A-1433,P-1542,2026-06-04 16:00:00,3,0.0,,Applicant had reservations and asked for better matching alternatives.
F-1368,V-1572,A-1434,P-1884,2026-07-31 15:00:00,4,0.5,TRANSPORT,"Positive viewing feedback. Applicant liked the layout and Islington location, with questions about tenancy terms."
F-1369,V-1573,A-1434,P-2601,2026-05-16 16:00:00,5,1.0,,"Positive viewing feedback. Applicant liked the layout and Islington location, with questions about tenancy terms."
F-1370,V-1574,A-1434,P-1814,2026-06-07 15:00:00,5,1.0,,"Positive viewing feedback. Applicant liked the layout and Battersea location, with questions about tenancy terms."
F-1371,V-1575,A-1434,P-2967,2026-07-28 12:00:00,3,0.0,,Applicant had reservations and asked for better matching alternatives.
F-1372,V-1576,A-1435,P-2748,2026-06-05 12:00:00,3,0.0,PRICE|TERMS,Applicant liked aspects of the property but raised price sensitivity versus budget.
F-1373,V-1577,A-1435,P-1499,2026-08-04 12:00:00,5,1.0,PRICE|TERMS,"Positive viewing feedback. Applicant liked the layout and Battersea location, with questions about tenancy terms."
F-1374,V-1578,A-1436,P-2920,2026-06-07 17:00:00,3,0.0,PRICE,Applicant liked aspects of the property but raised price sensitivity versus budget.
F-1375,V-1579,A-1436,P-2271,2026-05-11 11:00:00,5,1.0,,"Positive viewing feedback. Applicant liked the layout and Islington location, with questions about tenancy terms."
F-1376,V-1580,A-1436,P-2765,2026-07-08 09:00:00,4,0.5,PRICE|TRANSPORT,"Positive viewing feedback. Applicant liked the layout and Chelsea location, with questions about tenancy terms."
F-1377,V-1581,A-1436,P-1180,2026-06-25 14:00:00,4,0.5,,"Positive viewing feedback. Applicant liked the layout and Battersea location, with questions about tenancy terms."
F-1378,V-1582,A-1437,P-2540,2026-05-21 17:00:00,5,1.0,,"Positive viewing feedback. Applicant liked the layout and Croydon location, with questions about tenancy terms."
F-1379,V-1583,A-1438,P-2215,2026-07-23 10:00:00,3,0.0,PRICE,Applicant liked aspects of the property but raised price sensitivity versus budget.
F-1380,V-1584,A-1438,P-2811,2026-05-08 09:00:00,3,0.0,PRICE|TRANSPORT,Applicant liked aspects of the property but raised price sensitivity versus budget.
F-1381,V-1585,A-1439,P-1337,2026-07-29 14:00:00,4,0.5,,"Positive viewing feedback. Applicant liked the layout and Stratford location, with questions about tenancy terms."
F-1382,V-1587,A-1439,P-1121,2026-06-07 16:00:00,3,0.0,,Applicant had reservations and asked for better matching alternatives.
F-1383,V-1588,A-1439,P-1497,2026-05-15 15:00:00,5,1.0,PRICE|TRANSPORT,"Positive viewing feedback. Applicant liked the layout and Stratford location, with questions about tenancy terms."
F-1384,V-1589,A-1440,P-2107,2026-08-01 17:00:00,5,1.0,,"Positive viewing feedback. Applicant liked the layout and Clapham location, with questions about tenancy terms."
F-1385,V-1590,A-1440,P-1740,2026-05-19 17:00:00,4,0.5,,"Positive viewing feedback. Applicant liked the layout and Clapham location, with questions about tenancy terms."
F-1386,V-1592,A-1441,P-1530,2026-06-06 10:00:00,4,0.5,PRICE,"Positive viewing feedback. Applicant liked the layout and Battersea location, with questions about tenancy terms."
F-1387,V-1593,A-1441,P-1745,2026-06-26 14:00:00,5,1.0,PRICE,"Positive viewing feedback. Applicant liked the layout and Islington location, with questions about tenancy terms."
F-1388,V-1594,A-1442,P-1367,2026-06-15 12:00:00,2,-0.5,PRICE|AREA|TERMS,Applicant liked aspects of the property but raised price sensitivity versus budget.
F-1389,V-1595,A-1442,P-1599,2026-07-03 16:00:00,3,0.0,,Applicant had reservations and asked for better matching alternatives.
F-1390,V-1596,A-1442,P-2450,2026-06-09 12:00:00,4,0.5,TRANSPORT|TERMS,"Positive viewing feedback. Applicant liked the layout and Greenwich location, with questions about tenancy terms."
F-1391,V-1597,A-1443,P-2758,2026-08-08 13:00:00,3,0.0,PRICE,Applicant liked aspects of the property but raised price sensitivity versus budget.
F-1392,V-1598,A-1443,P-2503,2026-05-16 16:00:00,4,0.5,TERMS,"Positive viewing feedback. Applicant liked the layout and Hackney location, with questions about tenancy terms."
F-1393,V-1599,A-1444,P-2329,2026-07-02 12:00:00,4,0.5,,"Positive viewing feedback. Applicant liked the layout and Canary Wharf location, with questions about tenancy terms."
F-1394,V-1600,A-1444,P-1573,2026-07-11 13:00:00,5,1.0,,"Positive viewing feedback. Applicant liked the layout and Stratford location, with questions about tenancy terms."
F-1395,V-1601,A-1444,P-1291,2026-06-23 15:00:00,4,0.5,PRICE,"Positive viewing feedback. Applicant liked the layout and Canary Wharf location, with questions about tenancy terms."
F-1396,V-1605,A-1446,P-2094,2026-07-17 11:00:00,5,1.0,TRANSPORT|TERMS,"Positive viewing feedback. Applicant liked the layout and Croydon location, with questions about tenancy terms."
F-1397,V-1606,A-1446,P-2618,2026-06-29 15:00:00,4,0.5,PRICE|TRANSPORT,"Positive viewing feedback. Applicant liked the layout and Fulham location, with questions about tenancy terms."
F-1398,V-1607,A-1446,P-2362,2026-07-07 13:00:00,4,0.5,,"Positive viewing feedback. Applicant liked the layout and Croydon location, with questions about tenancy terms."
F-1399,V-1608,A-1447,P-1278,2026-07-14 09:00:00,4,0.5,TERMS,"Positive viewing feedback. Applicant liked the layout and Greenwich location, with questions about tenancy terms."
F-1400,V-1609,A-1447,P-2032,2026-07-19 11:00:00,4,0.5,PRICE,"Positive viewing feedback. Applicant liked the layout and Fulham location, with questions about tenancy terms."
F-1401,V-1610,A-1447,P-2657,2026-05-25 15:00:00,5,1.0,,"Positive viewing feedback. Applicant liked the layout and Greenwich location, with questions about tenancy terms."
F-1402,V-1611,A-1447,P-2379,2026-08-09 14:00:00,3,0.0,TERMS,Applicant had reservations and asked for better matching alternatives.
F-1403,V-1613,A-1448,P-2482,2026-06-11 10:00:00,5,1.0,TERMS,"Positive viewing feedback. Applicant liked the layout and Hackney location, with questions about tenancy terms."
F-1404,V-1614,A-1448,P-2018,2026-06-02 13:00:00,5,1.0,,"Positive viewing feedback. Applicant liked the layout and Hackney location, with questions about tenancy terms."
F-1405,V-1615,A-1448,P-1159,2026-06-02 11:00:00,4,0.5,TRANSPORT,"Positive viewing feedback. Applicant liked the layout and Greenwich location, with questions about tenancy terms."
F-1406,V-1616,A-1448,P-2924,2026-06-11 14:00:00,4,0.5,,"Positive viewing feedback. Applicant liked the layout and Hackney location, with questions about tenancy terms."
F-1407,V-1617,A-1448,P-2321,2026-05-15 10:00:00,5,1.0,TERMS,"Positive viewing feedback. Applicant liked the layout and Hackney location, with questions about tenancy terms."
F-1408,V-1618,A-1449,P-1804,2026-07-12 15:00:00,5,1.0,,"Positive viewing feedback. Applicant liked the layout and Croydon location, with questions about tenancy terms."
F-1409,V-1619,A-1449,P-1537,2026-06-16 09:00:00,5,1.0,TERMS,"Positive viewing feedback. Applicant liked the layout and Croydon location, with questions about tenancy terms."
F-1410,V-1620,A-1449,P-2027,2026-06-22 16:00:00,5,1.0,,"Positive viewing feedback. Applicant liked the layout and Croydon location, with questions about tenancy terms."
F-1411,V-1621,A-1450,P-2585,2026-05-11 10:00:00,2,-0.5,PRICE|TRANSPORT|CONDITION,Applicant liked aspects of the property but raised price sensitivity versus budget.
F-1412,V-1622,A-1450,P-2941,2026-08-11 16:00:00,4,0.5,TRANSPORT,"Positive viewing feedback. Applicant liked the layout and Hackney location, with questions about tenancy terms."
F-1413,V-1623,A-1451,P-2544,2026-06-07 13:00:00,4,0.5,TERMS,"Positive viewing feedback. Applicant liked the layout and Greenwich location, with questions about tenancy terms."
F-1414,V-1624,A-1451,P-1643,2026-05-12 10:00:00,5,1.0,TRANSPORT,"Positive viewing feedback. Applicant liked the layout and Greenwich location, with questions about tenancy terms."
F-1415,V-1625,A-1451,P-2336,2026-06-10 10:00:00,3,0.0,PRICE|TERMS,Applicant liked aspects of the property but raised price sensitivity versus budget.
F-1416,V-1627,A-1451,P-1499,2026-06-29 17:00:00,4,0.5,PRICE|TERMS,"Positive viewing feedback. Applicant liked the layout and Battersea location, with questions about tenancy terms."
F-1417,V-1628,A-1452,P-2314,2026-05-30 11:00:00,5,1.0,,"Positive viewing feedback. Applicant liked the layout and Islington location, with questions about tenancy terms."
F-1418,V-1629,A-1452,P-1274,2026-05-23 10:00:00,4,0.5,PRICE,"Positive viewing feedback. Applicant liked the layout and Fulham location, with questions about tenancy terms."
F-1419,V-1631,A-1453,P-1092,2026-08-09 13:00:00,2,-0.5,PRICE|CONDITION,Applicant liked aspects of the property but raised price sensitivity versus budget.
F-1420,V-1633,A-1454,P-1301,2026-06-24 12:00:00,3,0.0,TRANSPORT|TERMS,Applicant had reservations and asked for better matching alternatives.
F-1421,V-1634,A-1454,P-1604,2026-06-20 10:00:00,4,0.5,,"Positive viewing feedback. Applicant liked the layout and Croydon location, with questions about tenancy terms."
F-1422,V-1635,A-1455,P-2349,2026-06-26 11:00:00,4,0.5,PRICE|TERMS,"Positive viewing feedback. Applicant liked the layout and Hackney location, with questions about tenancy terms."
F-1423,V-1636,A-1455,P-1700,2026-08-08 16:00:00,4,0.5,PRICE,"Positive viewing feedback. Applicant liked the layout and Stratford location, with questions about tenancy terms."
F-1424,V-1637,A-1455,P-1977,2026-07-02 15:00:00,4,0.5,,"Positive viewing feedback. Applicant liked the layout and Hackney location, with questions about tenancy terms."
F-1425,V-1638,A-1456,P-1942,2026-08-03 15:00:00,3,0.0,PRICE,Applicant liked aspects of the property but raised price sensitivity versus budget.
F-1426,V-1639,A-1456,P-2671,2026-05-13 14:00:00,5,1.0,,"Positive viewing feedback. Applicant liked the layout and Croydon location, with questions about tenancy terms."
F-1427,V-1640,A-1457,P-2454,2026-08-06 09:00:00,4,0.5,PRICE,"Positive viewing feedback. Applicant liked the layout and Greenwich location, with questions about tenancy terms."
F-1428,V-1641,A-1457,P-2068,2026-06-18 12:00:00,5,1.0,,"Positive viewing feedback. Applicant liked the layout and Greenwich location, with questions about tenancy terms."
F-1429,V-1642,A-1457,P-1312,2026-08-11 10:00:00,3,0.0,PRICE,Applicant liked aspects of the property but raised price sensitivity versus budget.
F-1430,V-1643,A-1457,P-1647,2026-06-02 15:00:00,5,1.0,,"Positive viewing feedback. Applicant liked the layout and Greenwich location, with questions about tenancy terms."
F-1431,V-1644,A-1457,P-2039,2026-07-20 16:00:00,2,-0.5,PRICE|SIZE,Applicant liked aspects of the property but raised price sensitivity versus budget.
F-1432,V-1645,A-1458,P-1256,2026-07-14 11:00:00,4,0.5,,"Positive viewing feedback. Applicant liked the layout and Croydon location, with questions about tenancy terms."
F-1433,V-1646,A-1458,P-2232,2026-06-04 12:00:00,3,0.0,,Applicant had reservations and asked for better matching alternatives.
F-1434,V-1647,A-1458,P-1517,2026-06-20 15:00:00,5,1.0,,"Positive viewing feedback. Applicant liked the layout and Croydon location, with questions about tenancy terms."
F-1435,V-1648,A-1458,P-2957,2026-05-14 15:00:00,5,1.0,,"Positive viewing feedback. Applicant liked the layout and Greenwich location, with questions about tenancy terms."
F-1436,V-1649,A-1459,P-1924,2026-06-23 12:00:00,3,0.0,TRANSPORT,Applicant had reservations and asked for better matching alternatives.
F-1437,V-1650,A-1459,P-2068,2026-05-04 13:00:00,4,0.5,TERMS,"Positive viewing feedback. Applicant liked the layout and Greenwich location, with questions about tenancy terms."
F-1438,V-1651,A-1460,P-1426,2026-07-03 14:00:00,4,0.5,,"Positive viewing feedback. Applicant liked the layout and Shoreditch location, with questions about tenancy terms."
F-1439,V-1652,A-1460,P-1964,2026-05-17 12:00:00,3,0.0,TRANSPORT,Applicant had reservations and asked for better matching alternatives.
F-1440,V-1653,A-1460,P-1391,2026-07-28 17:00:00,5,1.0,,"Positive viewing feedback. Applicant liked the layout and Fulham location, with questions about tenancy terms."
F-1441,V-1654,A-1460,P-2040,2026-06-06 09:00:00,5,1.0,,"Positive viewing feedback. Applicant liked the layout and Shoreditch location, with questions about tenancy terms."
F-1442,V-1655,A-1460,P-2456,2026-05-29 15:00:00,5,1.0,TRANSPORT,"Positive viewing feedback. Applicant liked the layout and Battersea location, with questions about tenancy terms."
F-1443,V-1656,A-1461,P-1942,2026-07-21 10:00:00,2,-0.5,PRICE|SIZE,Applicant liked aspects of the property but raised price sensitivity versus budget.
F-1444,V-1657,A-1461,P-2729,2026-06-10 13:00:00,5,1.0,,"Positive viewing feedback. Applicant liked the layout and Croydon location, with questions about tenancy terms."
F-1445,V-1658,A-1461,P-2932,2026-07-07 15:00:00,5,1.0,TERMS,"Positive viewing feedback. Applicant liked the layout and Croydon location, with questions about tenancy terms."
F-1446,V-1659,A-1461,P-2671,2026-06-18 13:00:00,4,0.5,,"Positive viewing feedback. Applicant liked the layout and Croydon location, with questions about tenancy terms."
F-1447,V-1660,A-1461,P-1200,2026-07-04 15:00:00,3,0.0,,Applicant had reservations and asked for better matching alternatives.
F-1448,V-1661,A-1462,P-2871,2026-06-12 13:00:00,4,0.5,PRICE,"Positive viewing feedback. Applicant liked the layout and Chelsea location, with questions about tenancy terms."
F-1449,V-1662,A-1462,P-2889,2026-05-05 10:00:00,5,1.0,TRANSPORT,"Positive viewing feedback. Applicant liked the layout and Croydon location, with questions about tenancy terms."
F-1450,V-1663,A-1462,P-2619,2026-07-14 10:00:00,5,1.0,,"Positive viewing feedback. Applicant liked the layout and Croydon location, with questions about tenancy terms."
F-1451,V-1664,A-1462,P-2733,2026-06-15 11:00:00,5,1.0,,"Positive viewing feedback. Applicant liked the layout and Croydon location, with questions about tenancy terms."
F-1452,V-1666,A-1463,P-1009,2026-08-10 10:00:00,5,1.0,TERMS,"Positive viewing feedback. Applicant liked the layout and Stratford location, with questions about tenancy terms."
F-1453,V-1667,A-1463,P-1662,2026-07-06 16:00:00,3,0.0,PRICE|TRANSPORT,Applicant liked aspects of the property but raised price sensitivity versus budget.
F-1454,V-1668,A-1463,P-2360,2026-05-27 16:00:00,5,1.0,TERMS,"Positive viewing feedback. Applicant liked the layout and Stratford location, with questions about tenancy terms."
F-1455,V-1669,A-1464,P-2273,2026-05-30 10:00:00,4,0.5,PRICE,"Positive viewing feedback. Applicant liked the layout and Clapham location, with questions about tenancy terms."
F-1456,V-1670,A-1464,P-2297,2026-06-28 15:00:00,4,0.5,PRICE|TERMS,"Positive viewing feedback. Applicant liked the layout and Hackney location, with questions about tenancy terms."
F-1457,V-1671,A-1464,P-2555,2026-06-19 12:00:00,3,0.0,PRICE|TRANSPORT,Applicant liked aspects of the property but raised price sensitivity versus budget.
F-1458,V-1672,A-1465,P-1070,2026-08-05 10:00:00,4,0.5,,"Positive viewing feedback. Applicant liked the layout and Stratford location, with questions about tenancy terms."
F-1459,V-1673,A-1465,P-2215,2026-05-07 17:00:00,4,0.5,PRICE,"Positive viewing feedback. Applicant liked the layout and Stratford location, with questions about tenancy terms."
F-1460,V-1674,A-1466,P-2580,2026-07-13 09:00:00,3,0.0,TRANSPORT,Applicant had reservations and asked for better matching alternatives.
F-1461,V-1675,A-1466,P-2453,2026-07-26 11:00:00,4,0.5,,"Positive viewing feedback. Applicant liked the layout and Greenwich location, with questions about tenancy terms."
F-1462,V-1676,A-1466,P-1763,2026-05-15 10:00:00,5,1.0,,"Positive viewing feedback. Applicant liked the layout and Greenwich location, with questions about tenancy terms."
F-1463,V-1678,A-1467,P-1512,2026-06-01 09:00:00,5,1.0,,"Positive viewing feedback. Applicant liked the layout and Greenwich location, with questions about tenancy terms."
F-1464,V-1679,A-1468,P-1803,2026-07-08 14:00:00,5,1.0,,"Positive viewing feedback. Applicant liked the layout and Fulham location, with questions about tenancy terms."
F-1465,V-1682,A-1470,P-2515,2026-08-03 09:00:00,3,0.0,,Applicant had reservations and asked for better matching alternatives.
F-1466,V-1683,A-1470,P-1975,2026-05-29 10:00:00,4,0.5,TRANSPORT,"Positive viewing feedback. Applicant liked the layout and Wimbledon location, with questions about tenancy terms."
F-1467,V-1685,A-1471,P-2298,2026-05-18 14:00:00,5,1.0,TERMS,"Positive viewing feedback. Applicant liked the layout and Battersea location, with questions about tenancy terms."
F-1468,V-1686,A-1472,P-1203,2026-07-19 10:00:00,5,1.0,,"Positive viewing feedback. Applicant liked the layout and Canary Wharf location, with questions about tenancy terms."
F-1469,V-1687,A-1472,P-1472,2026-07-30 15:00:00,2,-0.5,PRICE|TRANSPORT|AREA,Applicant liked aspects of the property but raised price sensitivity versus budget.
F-1470,V-1690,A-1474,P-1556,2026-07-16 09:00:00,5,1.0,,"Positive viewing feedback. Applicant liked the layout and Stratford location, with questions about tenancy terms."
F-1471,V-1691,A-1475,P-1022,2026-05-28 17:00:00,4,0.5,PRICE,"Positive viewing feedback. Applicant liked the layout and Croydon location, with questions about tenancy terms."
F-1472,V-1692,A-1475,P-1634,2026-06-23 15:00:00,4,0.5,TERMS,"Positive viewing feedback. Applicant liked the layout and Croydon location, with questions about tenancy terms."
F-1473,V-1693,A-1475,P-1257,2026-07-24 12:00:00,3,0.0,PRICE|TRANSPORT,Applicant liked aspects of the property but raised price sensitivity versus budget.
F-1474,V-1694,A-1475,P-2744,2026-06-25 15:00:00,5,1.0,TRANSPORT,"Positive viewing feedback. Applicant liked the layout and Croydon location, with questions about tenancy terms."
F-1475,V-1695,A-1475,P-2550,2026-07-23 09:00:00,5,1.0,,"Positive viewing feedback. Applicant liked the layout and Croydon location, with questions about tenancy terms."
F-1476,V-1696,A-1476,P-1480,2026-07-31 13:00:00,2,-0.5,PRICE|TRANSPORT|CONDITION,Applicant liked aspects of the property but raised price sensitivity versus budget.
F-1477,V-1698,A-1476,P-1913,2026-06-04 13:00:00,4,0.5,PRICE,"Positive viewing feedback. Applicant liked the layout and Stratford location, with questions about tenancy terms."
F-1478,V-1699,A-1477,P-1092,2026-05-21 15:00:00,5,1.0,PRICE|TRANSPORT,"Positive viewing feedback. Applicant liked the layout and Canary Wharf location, with questions about tenancy terms."
F-1479,V-1700,A-1477,P-2047,2026-08-02 17:00:00,5,1.0,,"Positive viewing feedback. Applicant liked the layout and Canary Wharf location, with questions about tenancy terms."
F-1480,V-1703,A-1477,P-1252,2026-05-13 12:00:00,5,1.0,,"Positive viewing feedback. Applicant liked the layout and Canary Wharf location, with questions about tenancy terms."
F-1481,V-1704,A-1477,P-2822,2026-05-20 13:00:00,4,0.5,,"Positive viewing feedback. Applicant liked the layout and Canary Wharf location, with questions about tenancy terms."
F-1482,V-1705,A-1477,P-1799,2026-08-04 11:00:00,4,0.5,TRANSPORT,"Positive viewing feedback. Applicant liked the layout and Greenwich location, with questions about tenancy terms."
F-1483,V-1706,A-1478,P-2216,2026-06-24 13:00:00,4,0.5,TRANSPORT,"Positive viewing feedback. Applicant liked the layout and Chelsea location, with questions about tenancy terms."
F-1484,V-1707,A-1478,P-2418,2026-05-29 12:00:00,4,0.5,,"Positive viewing feedback. Applicant liked the layout and Chelsea location, with questions about tenancy terms."
F-1485,V-1708,A-1479,P-2482,2026-05-24 15:00:00,5,1.0,TRANSPORT,"Positive viewing feedback. Applicant liked the layout and Hackney location, with questions about tenancy terms."
F-1486,V-1709,A-1479,P-1328,2026-07-24 10:00:00,4,0.5,PRICE,"Positive viewing feedback. Applicant liked the layout and Hackney location, with questions about tenancy terms."
F-1487,V-1710,A-1480,P-1663,2026-07-24 14:00:00,4,0.5,,"Positive viewing feedback. Applicant liked the layout and Fulham location, with questions about tenancy terms."
F-1488,V-1711,A-1480,P-2038,2026-07-31 16:00:00,2,-0.5,PRICE|AREA,Applicant liked aspects of the property but raised price sensitivity versus budget.
F-1489,V-1712,A-1481,P-1020,2026-07-06 14:00:00,3,0.0,,Applicant had reservations and asked for better matching alternatives.
F-1490,V-1713,A-1481,P-1159,2026-05-28 12:00:00,3,0.0,PRICE,Applicant liked aspects of the property but raised price sensitivity versus budget.
F-1491,V-1714,A-1482,P-1989,2026-07-28 17:00:00,4,0.5,,"Positive viewing feedback. Applicant liked the layout and Battersea location, with questions about tenancy terms."
F-1492,V-1715,A-1482,P-1963,2026-08-06 09:00:00,5,1.0,PRICE,"Positive viewing feedback. Applicant liked the layout and Fulham location, with questions about tenancy terms."
F-1493,V-1716,A-1482,P-2600,2026-07-10 13:00:00,4,0.5,,"Positive viewing feedback. Applicant liked the layout and Fulham location, with questions about tenancy terms."
F-1494,V-1717,A-1482,P-1211,2026-05-07 14:00:00,3,0.0,PRICE,Applicant liked aspects of the property but raised price sensitivity versus budget.
F-1495,V-1718,A-1482,P-2751,2026-05-13 14:00:00,3,0.0,PRICE,Applicant liked aspects of the property but raised price sensitivity versus budget.
F-1496,V-1719,A-1482,P-2442,2026-06-20 16:00:00,5,1.0,,"Positive viewing feedback. Applicant liked the layout and Fulham location, with questions about tenancy terms."
F-1497,V-1720,A-1483,P-2077,2026-07-19 13:00:00,5,1.0,PRICE,"Positive viewing feedback. Applicant liked the layout and Camden location, with questions about tenancy terms."
F-1498,V-1721,A-1484,P-2307,2026-06-18 15:00:00,4,0.5,PRICE,"Positive viewing feedback. Applicant liked the layout and Canary Wharf location, with questions about tenancy terms."
F-1499,V-1722,A-1485,P-1223,2026-06-24 09:00:00,5,1.0,,"Positive viewing feedback. Applicant liked the layout and Greenwich location, with questions about tenancy terms."
F-1500,V-1723,A-1485,P-1660,2026-06-20 17:00:00,3,0.0,PRICE,Applicant liked aspects of the property but raised price sensitivity versus budget.
F-1501,V-1724,A-1485,P-2760,2026-06-28 15:00:00,4,0.5,,"Positive viewing feedback. Applicant liked the layout and Greenwich location, with questions about tenancy terms."
F-1502,V-1725,A-1485,P-1951,2026-06-30 16:00:00,3,0.0,PRICE|TERMS,Applicant liked aspects of the property but raised price sensitivity versus budget.
F-1503,V-1726,A-1485,P-2251,2026-06-11 17:00:00,2,-0.5,PRICE|SIZE,Applicant liked aspects of the property but raised price sensitivity versus budget.
F-1504,V-1729,A-1486,P-1729,2026-06-28 15:00:00,4,0.5,,"Positive viewing feedback. Applicant liked the layout and Canary Wharf location, with questions about tenancy terms."
F-1505,V-1730,A-1486,P-1974,2026-07-27 09:00:00,5,1.0,,"Positive viewing feedback. Applicant liked the layout and Canary Wharf location, with questions about tenancy terms."
F-1506,V-1731,A-1486,P-1721,2026-05-19 14:00:00,4,0.5,,"Positive viewing feedback. Applicant liked the layout and Camden location, with questions about tenancy terms."
F-1507,V-1733,A-1486,P-2299,2026-06-27 17:00:00,3,0.0,,Applicant had reservations and asked for better matching alternatives.
F-1508,V-1734,A-1486,P-2830,2026-07-07 11:00:00,5,1.0,,"Positive viewing feedback. Applicant liked the layout and Camden location, with questions about tenancy terms."
F-1509,V-1735,A-1487,P-1792,2026-05-14 14:00:00,4,0.5,TRANSPORT,"Positive viewing feedback. Applicant liked the layout and Battersea location, with questions about tenancy terms."
F-1510,V-1736,A-1487,P-1443,2026-07-17 09:00:00,5,1.0,PRICE|TRANSPORT,"Positive viewing feedback. Applicant liked the layout and Battersea location, with questions about tenancy terms."
F-1511,V-1737,A-1488,P-2283,2026-07-28 14:00:00,4,0.5,PRICE,"Positive viewing feedback. Applicant liked the layout and Camden location, with questions about tenancy terms."
F-1512,V-1738,A-1488,P-2476,2026-06-14 16:00:00,3,0.0,PRICE,Applicant liked aspects of the property but raised price sensitivity versus budget.
F-1513,V-1739,A-1488,P-1904,2026-05-19 13:00:00,1,-1.0,PRICE|SIZE,Applicant liked aspects of the property but raised price sensitivity versus budget.
F-1514,V-1740,A-1489,P-2191,2026-06-28 13:00:00,4,0.5,,"Positive viewing feedback. Applicant liked the layout and Camden location, with questions about tenancy terms."
F-1515,V-1741,A-1489,P-2897,2026-07-28 14:00:00,4,0.5,,"Positive viewing feedback. Applicant liked the layout and Camden location, with questions about tenancy terms."
F-1516,V-1742,A-1489,P-1959,2026-06-04 11:00:00,5,1.0,,"Positive viewing feedback. Applicant liked the layout and Fulham location, with questions about tenancy terms."
F-1517,V-1745,A-1490,P-2704,2026-06-05 16:00:00,4,0.5,TERMS,"Positive viewing feedback. Applicant liked the layout and Croydon location, with questions about tenancy terms."
F-1518,V-1746,A-1490,P-2729,2026-08-04 14:00:00,5,1.0,,"Positive viewing feedback. Applicant liked the layout and Croydon location, with questions about tenancy terms."
F-1519,V-1747,A-1491,P-1312,2026-08-07 17:00:00,4,0.5,TRANSPORT|TERMS,"Positive viewing feedback. Applicant liked the layout and Greenwich location, with questions about tenancy terms."
F-1520,V-1748,A-1491,P-2601,2026-08-09 17:00:00,5,1.0,,"Positive viewing feedback. Applicant liked the layout and Islington location, with questions about tenancy terms."
F-1521,V-1750,A-1491,P-1109,2026-05-08 13:00:00,4,0.5,PRICE,"Positive viewing feedback. Applicant liked the layout and Islington location, with questions about tenancy terms."
F-1522,V-1751,A-1491,P-1243,2026-08-10 11:00:00,3,0.0,,Applicant had reservations and asked for better matching alternatives.
F-1523,V-1753,A-1491,P-1741,2026-06-11 09:00:00,5,1.0,,"Positive viewing feedback. Applicant liked the layout and Greenwich location, with questions about tenancy terms."
F-1524,V-1754,A-1492,P-2492,2026-07-26 10:00:00,4,0.5,PRICE|TRANSPORT|TERMS,"Positive viewing feedback. Applicant liked the layout and Croydon location, with questions about tenancy terms."
F-1525,V-1755,A-1492,P-1240,2026-07-09 09:00:00,5,1.0,,"Positive viewing feedback. Applicant liked the layout and Croydon location, with questions about tenancy terms."
F-1526,V-1758,A-1493,P-2192,2026-07-03 15:00:00,4,0.5,,"Positive viewing feedback. Applicant liked the layout and Canary Wharf location, with questions about tenancy terms."
F-1527,V-1759,A-1493,P-1061,2026-05-13 16:00:00,5,1.0,,"Positive viewing feedback. Applicant liked the layout and Wimbledon location, with questions about tenancy terms."
F-1528,V-1760,A-1494,P-2325,2026-07-27 09:00:00,4,0.5,,"Positive viewing feedback. Applicant liked the layout and Croydon location, with questions about tenancy terms."
F-1529,V-1761,A-1494,P-1744,2026-07-13 09:00:00,5,1.0,TRANSPORT,"Positive viewing feedback. Applicant liked the layout and Croydon location, with questions about tenancy terms."
F-1530,V-1762,A-1494,P-1028,2026-08-03 11:00:00,5,1.0,,"Positive viewing feedback. Applicant liked the layout and Croydon location, with questions about tenancy terms."
F-1531,V-1763,A-1495,P-2825,2026-07-27 09:00:00,2,-0.5,PRICE|AREA|TERMS,Applicant liked aspects of the property but raised price sensitivity versus budget.
F-1532,V-1764,A-1495,P-2145,2026-05-15 12:00:00,5,1.0,TERMS,"Positive viewing feedback. Applicant liked the layout and Hackney location, with questions about tenancy terms."
F-1533,V-1765,A-1495,P-2105,2026-06-07 12:00:00,4,0.5,PRICE,"Positive viewing feedback. Applicant liked the layout and Clapham location, with questions about tenancy terms."
F-1534,V-1766,A-1495,P-2233,2026-05-11 17:00:00,4,0.5,TRANSPORT,"Positive viewing feedback. Applicant liked the layout and Clapham location, with questions about tenancy terms."
F-1535,V-1767,A-1495,P-2098,2026-05-07 11:00:00,3,0.0,,Applicant had reservations and asked for better matching alternatives.
F-1536,V-1768,A-1495,P-2137,2026-05-14 16:00:00,5,1.0,PRICE,"Positive viewing feedback. Applicant liked the layout and Hackney location, with questions about tenancy terms."
F-1537,V-1769,A-1496,P-1718,2026-06-17 15:00:00,4,0.5,TRANSPORT,"Positive viewing feedback. Applicant liked the layout and Hackney location, with questions about tenancy terms."
F-1538,V-1770,A-1496,P-2617,2026-06-05 16:00:00,5,1.0,,"Positive viewing feedback. Applicant liked the layout and Croydon location, with questions about tenancy terms."
F-1539,V-1771,A-1497,P-1556,2026-06-14 09:00:00,2,-0.5,PRICE|SIZE,Applicant liked aspects of the property but raised price sensitivity versus budget.
F-1540,V-1772,A-1497,P-1968,2026-08-10 13:00:00,3,0.0,PRICE,Applicant liked aspects of the property but raised price sensitivity versus budget.
F-1541,V-1773,A-1497,P-1435,2026-07-28 11:00:00,4,0.5,PRICE|TRANSPORT,"Positive viewing feedback. Applicant liked the layout and Stratford location, with questions about tenancy terms."
F-1542,V-1774,A-1497,P-2966,2026-06-29 16:00:00,5,1.0,PRICE,"Positive viewing feedback. Applicant liked the layout and Stratford location, with questions about tenancy terms."
F-1543,V-1776,A-1499,P-1932,2026-05-05 14:00:00,2,-0.5,PRICE|CONDITION,Applicant liked aspects of the property but raised price sensitivity versus budget.
F-1544,V-1777,A-1499,P-1662,2026-06-16 16:00:00,4,0.5,PRICE,"Positive viewing feedback. Applicant liked the layout and Camden location, with questions about tenancy terms."
F-1545,V-1778,A-1500,P-2068,2026-06-13 16:00:00,5,1.0,,"Positive viewing feedback. Applicant liked the layout and Greenwich location, with questions about tenancy terms."
F-1546,V-1779,A-1500,P-1113,2026-05-24 09:00:00,2,-0.5,PRICE|CONDITION|TERMS,Applicant liked aspects of the property but raised price sensitivity versus budget.
F-1547,V-1780,A-1500,P-2488,2026-06-12 12:00:00,5,1.0,TRANSPORT,"Positive viewing feedback. Applicant liked the layout and Stratford location, with questions about tenancy terms."
F-1548,V-1781,A-1500,P-1070,2026-07-26 12:00:00,4,0.5,PRICE|TRANSPORT,"Positive viewing feedback. Applicant liked the layout and Stratford location, with questions about tenancy terms."
F-1549,V-1782,A-1500,P-1701,2026-07-19 13:00:00,2,-0.5,PRICE|CONDITION,Applicant liked aspects of the property but raised price sensitivity versus budget.
F-1550,V-1783,A-1500,P-2845,2026-06-07 15:00:00,4,0.5,PRICE|TERMS,"Positive viewing feedback. Applicant liked the layout and Stratford location, with questions about tenancy terms."
F-1551,V-1784,A-1501,P-1000,2026-05-21 17:00:00,4,0.5,,"Positive viewing feedback. Applicant liked the layout and Croydon location, with questions about tenancy terms."
F-1552,V-1785,A-1501,P-1430,2026-07-07 15:00:00,5,1.0,,"Positive viewing feedback. Applicant liked the layout and Croydon location, with questions about tenancy terms."
F-1553,V-1786,A-1502,P-2573,2026-07-18 09:00:00,4,0.5,PRICE,"Positive viewing feedback. Applicant liked the layout and Camden location, with questions about tenancy terms."
F-1554,V-1787,A-1502,P-1433,2026-08-02 15:00:00,4,0.5,,"Positive viewing feedback. Applicant liked the layout and Canary Wharf location, with questions about tenancy terms."
F-1555,V-1788,A-1502,P-2205,2026-07-17 13:00:00,5,1.0,,"Positive viewing feedback. Applicant liked the layout and Camden location, with questions about tenancy terms."
F-1556,V-1790,A-1502,P-1774,2026-07-19 11:00:00,4,0.5,PRICE,"Positive viewing feedback. Applicant liked the layout and Canary Wharf location, with questions about tenancy terms."
F-1557,V-1791,A-1502,P-2012,2026-06-15 14:00:00,4,0.5,,"Positive viewing feedback. Applicant liked the layout and Canary Wharf location, with questions about tenancy terms."
F-1558,V-1793,A-1504,P-2588,2026-06-04 15:00:00,5,1.0,,"Positive viewing feedback. Applicant liked the layout and Shoreditch location, with questions about tenancy terms."
F-1559,V-1794,A-1504,P-1642,2026-05-20 09:00:00,5,1.0,,"Positive viewing feedback. Applicant liked the layout and Battersea location, with questions about tenancy terms."
F-1560,V-1795,A-1504,P-1929,2026-07-03 12:00:00,5,1.0,TRANSPORT,"Positive viewing feedback. Applicant liked the layout and Shoreditch location, with questions about tenancy terms."
F-1561,V-1796,A-1505,P-2986,2026-05-05 14:00:00,2,-0.5,PRICE|AREA,Applicant liked aspects of the property but raised price sensitivity versus budget.
F-1562,V-1798,A-1505,P-2659,2026-06-15 16:00:00,3,0.0,PRICE|TERMS,Applicant liked aspects of the property but raised price sensitivity versus budget.
F-1563,V-1799,A-1506,P-2115,2026-05-13 16:00:00,4,0.5,,"Positive viewing feedback. Applicant liked the layout and Greenwich location, with questions about tenancy terms."
F-1564,V-1800,A-1506,P-2637,2026-07-27 10:00:00,4,0.5,,"Positive viewing feedback. Applicant liked the layout and Chelsea location, with questions about tenancy terms."
F-1565,V-1801,A-1507,P-2555,2026-06-04 15:00:00,4,0.5,,"Positive viewing feedback. Applicant liked the layout and Clapham location, with questions about tenancy terms."
F-1566,V-1802,A-1507,P-2375,2026-06-03 10:00:00,3,0.0,,Applicant had reservations and asked for better matching alternatives.
F-1567,V-1803,A-1507,P-2097,2026-07-27 15:00:00,5,1.0,PRICE,"Positive viewing feedback. Applicant liked the layout and Wimbledon location, with questions about tenancy terms."
F-1568,V-1804,A-1507,P-1481,2026-07-19 16:00:00,5,1.0,,"Positive viewing feedback. Applicant liked the layout and Wimbledon location, with questions about tenancy terms."
F-1569,V-1805,A-1507,P-1149,2026-05-26 15:00:00,3,0.0,,Applicant had reservations and asked for better matching alternatives.
F-1570,V-1806,A-1508,P-2761,2026-07-05 11:00:00,3,0.0,,Applicant had reservations and asked for better matching alternatives.
F-1571,V-1807,A-1508,P-2015,2026-06-21 10:00:00,3,0.0,,Applicant had reservations and asked for better matching alternatives.
F-1572,V-1808,A-1508,P-2596,2026-06-19 16:00:00,3,0.0,,Applicant had reservations and asked for better matching alternatives.
F-1573,V-1809,A-1508,P-1499,2026-07-01 09:00:00,5,1.0,,"Positive viewing feedback. Applicant liked the layout and Battersea location, with questions about tenancy terms."
F-1574,V-1810,A-1509,P-2279,2026-06-16 16:00:00,4,0.5,TERMS,"Positive viewing feedback. Applicant liked the layout and Wimbledon location, with questions about tenancy terms."
F-1575,V-1811,A-1509,P-1108,2026-05-31 17:00:00,4,0.5,,"Positive viewing feedback. Applicant liked the layout and Chelsea location, with questions about tenancy terms."
F-1576,V-1812,A-1509,P-2491,2026-07-10 12:00:00,5,1.0,TRANSPORT,"Positive viewing feedback. Applicant liked the layout and Wimbledon location, with questions about tenancy terms."
F-1577,V-1813,A-1509,P-2977,2026-05-24 11:00:00,3,0.0,TRANSPORT,Applicant had reservations and asked for better matching alternatives.
F-1578,V-1814,A-1510,P-1956,2026-06-30 13:00:00,5,1.0,PRICE|TERMS,"Positive viewing feedback. Applicant liked the layout and Canary Wharf location, with questions about tenancy terms."
F-1579,V-1816,A-1510,P-1671,2026-07-13 16:00:00,4,0.5,TRANSPORT,"Positive viewing feedback. Applicant liked the layout and Canary Wharf location, with questions about tenancy terms."
F-1580,V-1817,A-1511,P-2505,2026-06-09 14:00:00,5,1.0,PRICE,"Positive viewing feedback. Applicant liked the layout and Clapham location, with questions about tenancy terms."
F-1581,V-1818,A-1511,P-2816,2026-07-15 09:00:00,3,0.0,PRICE,Applicant liked aspects of the property but raised price sensitivity versus budget.
F-1582,V-1819,A-1511,P-2616,2026-06-06 09:00:00,5,1.0,,"Positive viewing feedback. Applicant liked the layout and Clapham location, with questions about tenancy terms."
F-1583,V-1820,A-1511,P-1894,2026-08-04 15:00:00,4,0.5,,"Positive viewing feedback. Applicant liked the layout and Clapham location, with questions about tenancy terms."
F-1584,V-1821,A-1511,P-1839,2026-07-02 16:00:00,5,1.0,TERMS,"Positive viewing feedback. Applicant liked the layout and Clapham location, with questions about tenancy terms."
F-1585,V-1822,A-1511,P-1122,2026-06-22 14:00:00,5,1.0,,"Positive viewing feedback. Applicant liked the layout and Fulham location, with questions about tenancy terms."
F-1586,V-1823,A-1512,P-2069,2026-08-01 11:00:00,2,-0.5,PRICE|CONDITION,Applicant liked aspects of the property but raised price sensitivity versus budget.
F-1587,V-1824,A-1512,P-1651,2026-07-15 10:00:00,4,0.5,TRANSPORT,"Positive viewing feedback. Applicant liked the layout and Greenwich location, with questions about tenancy terms."
F-1588,V-1825,A-1512,P-2453,2026-05-15 10:00:00,4,0.5,PRICE,"Positive viewing feedback. Applicant liked the layout and Greenwich location, with questions about tenancy terms."
F-1589,V-1826,A-1513,P-2132,2026-05-17 12:00:00,4,0.5,,"Positive viewing feedback. Applicant liked the layout and Hackney location, with questions about tenancy terms."
F-1590,V-1827,A-1513,P-1027,2026-08-09 11:00:00,3,0.0,,Applicant had reservations and asked for better matching alternatives.
F-1591,V-1828,A-1513,P-1402,2026-07-02 15:00:00,3,0.0,PRICE|TRANSPORT,Applicant liked aspects of the property but raised price sensitivity versus budget.
F-1592,V-1830,A-1513,P-2421,2026-06-18 13:00:00,5,1.0,,"Positive viewing feedback. Applicant liked the layout and Hackney location, with questions about tenancy terms."
F-1593,V-1831,A-1514,P-2129,2026-06-05 09:00:00,3,0.0,PRICE,Applicant liked aspects of the property but raised price sensitivity versus budget.
F-1594,V-1832,A-1514,P-2588,2026-05-15 17:00:00,5,1.0,,"Positive viewing feedback. Applicant liked the layout and Shoreditch location, with questions about tenancy terms."
F-1595,V-1833,A-1514,P-1108,2026-05-08 11:00:00,4,0.5,PRICE|TERMS,"Positive viewing feedback. Applicant liked the layout and Chelsea location, with questions about tenancy terms."
F-1596,V-1834,A-1514,P-2196,2026-07-21 09:00:00,4,0.5,,"Positive viewing feedback. Applicant liked the layout and Islington location, with questions about tenancy terms."
F-1597,V-1836,A-1515,P-1800,2026-06-04 11:00:00,5,1.0,TRANSPORT,"Positive viewing feedback. Applicant liked the layout and Wimbledon location, with questions about tenancy terms."
F-1598,V-1837,A-1516,P-2661,2026-08-11 12:00:00,4,0.5,,"Positive viewing feedback. Applicant liked the layout and Islington location, with questions about tenancy terms."
F-1599,V-1838,A-1516,P-2664,2026-08-04 15:00:00,4,0.5,,"Positive viewing feedback. Applicant liked the layout and Islington location, with questions about tenancy terms."
F-1600,V-1839,A-1516,P-2840,2026-07-06 14:00:00,4,0.5,,"Positive viewing feedback. Applicant liked the layout and Islington location, with questions about tenancy terms."
F-1601,V-1840,A-1516,P-2766,2026-07-06 11:00:00,5,1.0,,"Positive viewing feedback. Applicant liked the layout and Islington location, with questions about tenancy terms."
F-1602,V-1841,A-1517,P-2019,2026-07-29 11:00:00,5,1.0,,"Positive viewing feedback. Applicant liked the layout and Shoreditch location, with questions about tenancy terms."
F-1603,V-1842,A-1517,P-1112,2026-07-09 14:00:00,4,0.5,,"Positive viewing feedback. Applicant liked the layout and Battersea location, with questions about tenancy terms."
F-1604,V-1844,A-1517,P-1809,2026-06-23 11:00:00,4,0.5,,"Positive viewing feedback. Applicant liked the layout and Battersea location, with questions about tenancy terms."
F-1605,V-1845,A-1517,P-2998,2026-06-27 13:00:00,3,0.0,PRICE|TRANSPORT,Applicant liked aspects of the property but raised price sensitivity versus budget.
F-1606,V-1846,A-1517,P-1776,2026-06-25 12:00:00,5,1.0,PRICE,"Positive viewing feedback. Applicant liked the layout and Shoreditch location, with questions about tenancy terms."
F-1607,V-1847,A-1518,P-1415,2026-06-25 13:00:00,5,1.0,PRICE|TRANSPORT,"Positive viewing feedback. Applicant liked the layout and Fulham location, with questions about tenancy terms."
F-1608,V-1849,A-1518,P-2495,2026-05-26 11:00:00,4,0.5,,"Positive viewing feedback. Applicant liked the layout and Canary Wharf location, with questions about tenancy terms."
F-1609,V-1850,A-1518,P-2154,2026-08-06 14:00:00,5,1.0,,"Positive viewing feedback. Applicant liked the layout and Canary Wharf location, with questions about tenancy terms."
F-1610,V-1851,A-1518,P-2347,2026-07-12 11:00:00,5,1.0,,"Positive viewing feedback. Applicant liked the layout and Canary Wharf location, with questions about tenancy terms."
F-1611,V-1852,A-1519,P-1438,2026-07-14 09:00:00,5,1.0,,"Positive viewing feedback. Applicant liked the layout and Shoreditch location, with questions about tenancy terms."
F-1612,V-1853,A-1519,P-1006,2026-06-13 11:00:00,3,0.0,,Applicant had reservations and asked for better matching alternatives.
F-1613,V-1854,A-1519,P-1444,2026-06-26 11:00:00,4,0.5,,"Positive viewing feedback. Applicant liked the layout and Wimbledon location, with questions about tenancy terms."
F-1614,V-1855,A-1519,P-1840,2026-07-24 12:00:00,5,1.0,TRANSPORT,"Positive viewing feedback. Applicant liked the layout and Camden location, with questions about tenancy terms."
F-1615,V-1856,A-1519,P-2226,2026-06-12 11:00:00,4,0.5,PRICE,"Positive viewing feedback. Applicant liked the layout and Shoreditch location, with questions about tenancy terms."
F-1616,V-1857,A-1519,P-1787,2026-07-15 14:00:00,5,1.0,TRANSPORT,"Positive viewing feedback. Applicant liked the layout and Shoreditch location, with questions about tenancy terms."
F-1617,V-1859,A-1520,P-2874,2026-06-07 14:00:00,5,1.0,PRICE,"Positive viewing feedback. Applicant liked the layout and Islington location, with questions about tenancy terms."
F-1618,V-1860,A-1520,P-1813,2026-05-04 13:00:00,5,1.0,TRANSPORT,"Positive viewing feedback. Applicant liked the layout and Islington location, with questions about tenancy terms."
F-1619,V-1861,A-1520,P-1980,2026-06-20 12:00:00,5,1.0,,"Positive viewing feedback. Applicant liked the layout and Islington location, with questions about tenancy terms."
F-1620,V-1862,A-1520,P-1086,2026-07-29 15:00:00,5,1.0,,"Positive viewing feedback. Applicant liked the layout and Stratford location, with questions about tenancy terms."
F-1621,V-1863,A-1520,P-2206,2026-07-01 14:00:00,4,0.5,,"Positive viewing feedback. Applicant liked the layout and Stratford location, with questions about tenancy terms."
F-1622,V-1864,A-1520,P-1471,2026-08-01 16:00:00,5,1.0,,"Positive viewing feedback. Applicant liked the layout and Stratford location, with questions about tenancy terms."
F-1623,V-1865,A-1520,P-1285,2026-07-23 16:00:00,5,1.0,PRICE,"Positive viewing feedback. Applicant liked the layout and Islington location, with questions about tenancy terms."
F-1624,V-1866,A-1520,P-1563,2026-06-27 16:00:00,3,0.0,TERMS,Applicant had reservations and asked for better matching alternatives.
F-1625,V-1867,A-1521,P-2411,2026-08-03 15:00:00,4,0.5,,"Positive viewing feedback. Applicant liked the layout and Stratford location, with questions about tenancy terms."
F-1626,V-1869,A-1522,P-2698,2026-07-27 12:00:00,5,1.0,PRICE|TRANSPORT,"Positive viewing feedback. Applicant liked the layout and Camden location, with questions about tenancy terms."
F-1627,V-1870,A-1522,P-1395,2026-05-24 15:00:00,3,0.0,,Applicant had reservations and asked for better matching alternatives.
F-1628,V-1872,A-1523,P-1840,2026-05-30 17:00:00,4,0.5,,"Positive viewing feedback. Applicant liked the layout and Camden location, with questions about tenancy terms."
F-1629,V-1873,A-1524,P-2497,2026-06-06 15:00:00,5,1.0,TERMS,"Positive viewing feedback. Applicant liked the layout and Greenwich location, with questions about tenancy terms."
F-1630,V-1874,A-1524,P-1371,2026-07-06 15:00:00,5,1.0,,"Positive viewing feedback. Applicant liked the layout and Hackney location, with questions about tenancy terms."
F-1631,V-1875,A-1524,P-2145,2026-05-19 10:00:00,5,1.0,TRANSPORT,"Positive viewing feedback. Applicant liked the layout and Hackney location, with questions about tenancy terms."
F-1632,V-1877,A-1524,P-2100,2026-05-13 15:00:00,3,0.0,PRICE,Applicant liked aspects of the property but raised price sensitivity versus budget.
F-1633,V-1880,A-1526,P-1001,2026-06-09 15:00:00,5,1.0,PRICE|TRANSPORT,"Positive viewing feedback. Applicant liked the layout and Shoreditch location, with questions about tenancy terms."
F-1634,V-1881,A-1526,P-2437,2026-06-26 14:00:00,5,1.0,,"Positive viewing feedback. Applicant liked the layout and Battersea location, with questions about tenancy terms."
F-1635,V-1882,A-1526,P-1838,2026-07-21 16:00:00,4,0.5,PRICE|TERMS,"Positive viewing feedback. Applicant liked the layout and Battersea location, with questions about tenancy terms."
F-1636,V-1883,A-1527,P-2438,2026-06-29 14:00:00,3,0.0,PRICE|TRANSPORT,Applicant liked aspects of the property but raised price sensitivity versus budget.
F-1637,V-1884,A-1527,P-2979,2026-05-06 16:00:00,5,1.0,PRICE,"Positive viewing feedback. Applicant liked the layout and Stratford location, with questions about tenancy terms."
F-1638,V-1885,A-1528,P-1212,2026-06-19 15:00:00,4,0.5,,"Positive viewing feedback. Applicant liked the layout and Canary Wharf location, with questions about tenancy terms."
F-1639,V-1886,A-1528,P-1293,2026-05-13 17:00:00,3,0.0,PRICE,Applicant liked aspects of the property but raised price sensitivity versus budget.
F-1640,V-1887,A-1528,P-1288,2026-07-19 14:00:00,5,1.0,TERMS,"Positive viewing feedback. Applicant liked the layout and Canary Wharf location, with questions about tenancy terms."
F-1641,V-1888,A-1528,P-1577,2026-07-27 09:00:00,4,0.5,,"Positive viewing feedback. Applicant liked the layout and Canary Wharf location, with questions about tenancy terms."
F-1642,V-1890,A-1529,P-1662,2026-05-20 14:00:00,4,0.5,PRICE,"Positive viewing feedback. Applicant liked the layout and Camden location, with questions about tenancy terms."
F-1643,V-1891,A-1529,P-1447,2026-05-27 17:00:00,5,1.0,TRANSPORT,"Positive viewing feedback. Applicant liked the layout and Croydon location, with questions about tenancy terms."
F-1644,V-1892,A-1530,P-1551,2026-05-05 15:00:00,2,-0.5,PRICE|AREA,Applicant liked aspects of the property but raised price sensitivity versus budget.
F-1645,V-1893,A-1531,P-2091,2026-05-28 09:00:00,5,1.0,TRANSPORT,"Positive viewing feedback. Applicant liked the layout and Hackney location, with questions about tenancy terms."
F-1646,V-1894,A-1531,P-2004,2026-05-04 14:00:00,5,1.0,TRANSPORT,"Positive viewing feedback. Applicant liked the layout and Hackney location, with questions about tenancy terms."
F-1647,V-1895,A-1531,P-2864,2026-06-01 15:00:00,5,1.0,,"Positive viewing feedback. Applicant liked the layout and Hackney location, with questions about tenancy terms."
F-1648,V-1896,A-1531,P-2246,2026-05-27 12:00:00,5,1.0,,"Positive viewing feedback. Applicant liked the layout and Hackney location, with questions about tenancy terms."
F-1649,V-1897,A-1532,P-2538,2026-08-11 16:00:00,5,1.0,,"Positive viewing feedback. Applicant liked the layout and Greenwich location, with questions about tenancy terms."
F-1650,V-1898,A-1532,P-2583,2026-06-05 13:00:00,5,1.0,PRICE|TRANSPORT,"Positive viewing feedback. Applicant liked the layout and Fulham location, with questions about tenancy terms."
F-1651,V-1899,A-1532,P-1954,2026-07-25 16:00:00,4,0.5,TRANSPORT,"Positive viewing feedback. Applicant liked the layout and Greenwich location, with questions about tenancy terms."
F-1652,V-1900,A-1532,P-1848,2026-07-23 09:00:00,3,0.0,TRANSPORT,Applicant had reservations and asked for better matching alternatives.
F-1653,V-1901,A-1532,P-2738,2026-05-11 15:00:00,3,0.0,TRANSPORT|TERMS,Applicant had reservations and asked for better matching alternatives.
F-1654,V-1902,A-1533,P-2767,2026-07-13 11:00:00,4,0.5,PRICE,"Positive viewing feedback. Applicant liked the layout and Stratford location, with questions about tenancy terms."
F-1655,V-1903,A-1533,P-1277,2026-05-16 17:00:00,5,1.0,TERMS,"Positive viewing feedback. Applicant liked the layout and Stratford location, with questions about tenancy terms."
F-1656,V-1904,A-1533,P-2617,2026-06-17 16:00:00,5,1.0,,"Positive viewing feedback. Applicant liked the layout and Croydon location, with questions about tenancy terms."
F-1657,V-1905,A-1534,P-2802,2026-05-19 16:00:00,5,1.0,TRANSPORT,"Positive viewing feedback. Applicant liked the layout and Shoreditch location, with questions about tenancy terms."
F-1658,V-1906,A-1534,P-2603,2026-08-01 15:00:00,3,0.0,PRICE,Applicant liked aspects of the property but raised price sensitivity versus budget.
F-1659,V-1907,A-1534,P-2376,2026-07-23 14:00:00,2,-0.5,PRICE|CONDITION,Applicant liked aspects of the property but raised price sensitivity versus budget.
F-1660,V-1908,A-1534,P-1626,2026-05-05 13:00:00,5,1.0,TRANSPORT,"Positive viewing feedback. Applicant liked the layout and Shoreditch location, with questions about tenancy terms."
F-1661,V-1909,A-1535,P-1604,2026-05-18 09:00:00,5,1.0,TERMS,"Positive viewing feedback. Applicant liked the layout and Croydon location, with questions about tenancy terms."
F-1662,V-1910,A-1535,P-1792,2026-05-21 11:00:00,5,1.0,PRICE,"Positive viewing feedback. Applicant liked the layout and Battersea location, with questions about tenancy terms."
F-1663,V-1912,A-1535,P-2688,2026-07-05 13:00:00,5,1.0,TERMS,"Positive viewing feedback. Applicant liked the layout and Croydon location, with questions about tenancy terms."
F-1664,V-1913,A-1535,P-2305,2026-06-11 10:00:00,5,1.0,,"Positive viewing feedback. Applicant liked the layout and Croydon location, with questions about tenancy terms."
F-1665,V-1914,A-1535,P-2729,2026-06-03 10:00:00,4,0.5,,"Positive viewing feedback. Applicant liked the layout and Croydon location, with questions about tenancy terms."
F-1666,V-1915,A-1536,P-1591,2026-06-17 12:00:00,4,0.5,,"Positive viewing feedback. Applicant liked the layout and Camden location, with questions about tenancy terms."
F-1667,V-1916,A-1536,P-1957,2026-07-28 12:00:00,4,0.5,,"Positive viewing feedback. Applicant liked the layout and Camden location, with questions about tenancy terms."
F-1668,V-1917,A-1536,P-1340,2026-07-17 12:00:00,4,0.5,TERMS,"Positive viewing feedback. Applicant liked the layout and Camden location, with questions about tenancy terms."
F-1669,V-1918,A-1536,P-2870,2026-05-30 12:00:00,4,0.5,,"Positive viewing feedback. Applicant liked the layout and Camden location, with questions about tenancy terms."
F-1670,V-1919,A-1537,P-2532,2026-05-28 17:00:00,5,1.0,,"Positive viewing feedback. Applicant liked the layout and Greenwich location, with questions about tenancy terms."
F-1671,V-1920,A-1537,P-2182,2026-06-09 12:00:00,4,0.5,PRICE,"Positive viewing feedback. Applicant liked the layout and Greenwich location, with questions about tenancy terms."
F-1672,V-1921,A-1537,P-1538,2026-08-06 10:00:00,2,-0.5,PRICE|CONDITION,Applicant liked aspects of the property but raised price sensitivity versus budget.
F-1673,V-1922,A-1537,P-2331,2026-07-27 14:00:00,5,1.0,TRANSPORT,"Positive viewing feedback. Applicant liked the layout and Greenwich location, with questions about tenancy terms."
F-1674,V-1924,A-1537,P-2373,2026-05-24 11:00:00,5,1.0,,"Positive viewing feedback. Applicant liked the layout and Greenwich location, with questions about tenancy terms."
F-1675,V-1925,A-1538,P-1387,2026-07-02 10:00:00,3,0.0,PRICE,Applicant liked aspects of the property but raised price sensitivity versus budget.
F-1676,V-1926,A-1538,P-2187,2026-07-14 16:00:00,4,0.5,PRICE,"Positive viewing feedback. Applicant liked the layout and Shoreditch location, with questions about tenancy terms."
F-1677,V-1927,A-1538,P-1870,2026-05-17 11:00:00,3,0.0,,Applicant had reservations and asked for better matching alternatives.
F-1678,V-1928,A-1538,P-2245,2026-06-25 17:00:00,5,1.0,,"Positive viewing feedback. Applicant liked the layout and Hackney location, with questions about tenancy terms."
F-1679,V-1929,A-1539,P-2231,2026-06-17 12:00:00,5,1.0,,"Positive viewing feedback. Applicant liked the layout and Clapham location, with questions about tenancy terms."
F-1680,V-1930,A-1539,P-1714,2026-06-11 11:00:00,5,1.0,,"Positive viewing feedback. Applicant liked the layout and Clapham location, with questions about tenancy terms."
F-1681,V-1931,A-1539,P-2976,2026-05-10 11:00:00,4,0.5,,"Positive viewing feedback. Applicant liked the layout and Wimbledon location, with questions about tenancy terms."
F-1682,V-1932,A-1539,P-1859,2026-07-06 09:00:00,5,1.0,PRICE,"Positive viewing feedback. Applicant liked the layout and Clapham location, with questions about tenancy terms."
F-1683,V-1935,A-1539,P-2472,2026-06-08 09:00:00,5,1.0,,"Positive viewing feedback. Applicant liked the layout and Clapham location, with questions about tenancy terms."
F-1684,V-1936,A-1540,P-2974,2026-05-03 16:00:00,3,0.0,PRICE,Applicant liked aspects of the property but raised price sensitivity versus budget.
F-1685,V-1939,A-1541,P-1200,2026-06-01 15:00:00,4,0.5,,"Positive viewing feedback. Applicant liked the layout and Croydon location, with questions about tenancy terms."
F-1686,V-1940,A-1541,P-1735,2026-06-09 15:00:00,4,0.5,PRICE,"Positive viewing feedback. Applicant liked the layout and Croydon location, with questions about tenancy terms."
F-1687,V-1942,A-1541,P-2175,2026-06-26 10:00:00,4,0.5,,"Positive viewing feedback. Applicant liked the layout and Croydon location, with questions about tenancy terms."
F-1688,V-1943,A-1541,P-2156,2026-06-27 14:00:00,4,0.5,PRICE,"Positive viewing feedback. Applicant liked the layout and Croydon location, with questions about tenancy terms."
F-1689,V-1944,A-1542,P-2223,2026-05-10 14:00:00,2,-0.5,PRICE|SIZE,Applicant liked aspects of the property but raised price sensitivity versus budget.
F-1690,V-1945,A-1542,P-1690,2026-07-14 16:00:00,2,-0.5,PRICE|SIZE,Applicant liked aspects of the property but raised price sensitivity versus budget.
F-1691,V-1946,A-1542,P-2368,2026-07-04 09:00:00,5,1.0,,"Positive viewing feedback. Applicant liked the layout and Wimbledon location, with questions about tenancy terms."
F-1692,V-1948,A-1543,P-2184,2026-06-03 14:00:00,4,0.5,,"Positive viewing feedback. Applicant liked the layout and Camden location, with questions about tenancy terms."
F-1693,V-1949,A-1543,P-1569,2026-05-17 17:00:00,4,0.5,PRICE|TRANSPORT,"Positive viewing feedback. Applicant liked the layout and Canary Wharf location, with questions about tenancy terms."
F-1694,V-1950,A-1543,P-2318,2026-05-24 16:00:00,4,0.5,PRICE|TRANSPORT,"Positive viewing feedback. Applicant liked the layout and Canary Wharf location, with questions about tenancy terms."
F-1695,V-1951,A-1543,P-2728,2026-06-21 13:00:00,5,1.0,PRICE,"Positive viewing feedback. Applicant liked the layout and Canary Wharf location, with questions about tenancy terms."
F-1696,V-1952,A-1543,P-2154,2026-05-07 09:00:00,5,1.0,,"Positive viewing feedback. Applicant liked the layout and Canary Wharf location, with questions about tenancy terms."
F-1697,V-1954,A-1544,P-2760,2026-06-24 16:00:00,4,0.5,,"Positive viewing feedback. Applicant liked the layout and Greenwich location, with questions about tenancy terms."
F-1698,V-1955,A-1544,P-2855,2026-06-08 12:00:00,5,1.0,,"Positive viewing feedback. Applicant liked the layout and Battersea location, with questions about tenancy terms."
F-1699,V-1956,A-1544,P-1656,2026-07-09 17:00:00,4,0.5,TERMS,"Positive viewing feedback. Applicant liked the layout and Greenwich location, with questions about tenancy terms."
F-1700,V-1957,A-1544,P-1792,2026-08-06 11:00:00,5,1.0,PRICE|TRANSPORT,"Positive viewing feedback. Applicant liked the layout and Battersea location, with questions about tenancy terms."
F-1701,V-1958,A-1545,P-2786,2026-06-19 11:00:00,3,0.0,PRICE,Applicant liked aspects of the property but raised price sensitivity versus budget.
F-1702,V-1959,A-1546,P-1838,2026-08-01 10:00:00,1,-1.0,PRICE|TRANSPORT|CONDITION,Applicant liked aspects of the property but raised price sensitivity versus budget.
F-1703,V-1960,A-1546,P-1224,2026-06-13 15:00:00,5,1.0,,"Positive viewing feedback. Applicant liked the layout and Canary Wharf location, with questions about tenancy terms."
F-1704,V-1961,A-1546,P-1639,2026-06-19 12:00:00,5,1.0,PRICE|TRANSPORT,"Positive viewing feedback. Applicant liked the layout and Canary Wharf location, with questions about tenancy terms."
F-1705,V-1962,A-1546,P-1284,2026-05-17 13:00:00,4,0.5,,"Positive viewing feedback. Applicant liked the layout and Canary Wharf location, with questions about tenancy terms."
F-1706,V-1963,A-1547,P-2238,2026-07-09 10:00:00,4,0.5,,"Positive viewing feedback. Applicant liked the layout and Camden location, with questions about tenancy terms."
F-1707,V-1965,A-1548,P-2448,2026-05-18 10:00:00,3,0.0,PRICE,Applicant liked aspects of the property but raised price sensitivity versus budget.
F-1708,V-1966,A-1548,P-2709,2026-07-15 13:00:00,4,0.5,,"Positive viewing feedback. Applicant liked the layout and Hackney location, with questions about tenancy terms."
F-1709,V-1967,A-1548,P-2595,2026-06-26 12:00:00,2,-0.5,AREA,Applicant had reservations and asked for better matching alternatives.
F-1710,V-1968,A-1549,P-2769,2026-07-23 16:00:00,3,0.0,PRICE|TERMS,Applicant liked aspects of the property but raised price sensitivity versus budget.
F-1711,V-1969,A-1549,P-1355,2026-06-17 16:00:00,4,0.5,,"Positive viewing feedback. Applicant liked the layout and Wimbledon location, with questions about tenancy terms."
F-1712,V-1970,A-1550,P-2270,2026-05-17 17:00:00,4,0.5,,"Positive viewing feedback. Applicant liked the layout and Hackney location, with questions about tenancy terms."
F-1713,V-1971,A-1550,P-2229,2026-08-01 15:00:00,5,1.0,,"Positive viewing feedback. Applicant liked the layout and Canary Wharf location, with questions about tenancy terms."
F-1714,V-1972,A-1550,P-1342,2026-06-22 12:00:00,5,1.0,TRANSPORT|TERMS,"Positive viewing feedback. Applicant liked the layout and Hackney location, with questions about tenancy terms."
F-1715,V-1973,A-1550,P-1722,2026-05-06 11:00:00,4,0.5,PRICE|TRANSPORT,"Positive viewing feedback. Applicant liked the layout and Canary Wharf location, with questions about tenancy terms."
F-1716,V-1974,A-1551,P-2469,2026-08-11 16:00:00,5,1.0,PRICE,"Positive viewing feedback. Applicant liked the layout and Clapham location, with questions about tenancy terms."
F-1717,V-1975,A-1551,P-2114,2026-06-15 13:00:00,5,1.0,,"Positive viewing feedback. Applicant liked the layout and Hackney location, with questions about tenancy terms."
F-1718,V-1976,A-1551,P-2900,2026-08-09 14:00:00,4,0.5,,"Positive viewing feedback. Applicant liked the layout and Clapham location, with questions about tenancy terms."
F-1719,V-1977,A-1551,P-2436,2026-05-26 10:00:00,4,0.5,PRICE|TRANSPORT,"Positive viewing feedback. Applicant liked the layout and Chelsea location, with questions about tenancy terms."
F-1720,V-1978,A-1552,P-1867,2026-05-13 16:00:00,4,0.5,,"Positive viewing feedback. Applicant liked the layout and Camden location, with questions about tenancy terms."
F-1721,V-1979,A-1552,P-2179,2026-07-07 16:00:00,3,0.0,,Applicant had reservations and asked for better matching alternatives.
F-1722,V-1980,A-1552,P-2730,2026-06-07 17:00:00,5,1.0,,"Positive viewing feedback. Applicant liked the layout and Camden location, with questions about tenancy terms."
F-1723,V-1981,A-1552,P-2201,2026-08-02 15:00:00,3,0.0,PRICE,Applicant liked aspects of the property but raised price sensitivity versus budget.
F-1724,V-1982,A-1552,P-1609,2026-05-26 16:00:00,4,0.5,,"Positive viewing feedback. Applicant liked the layout and Camden location, with questions about tenancy terms."
F-1725,V-1983,A-1552,P-1145,2026-05-30 09:00:00,5,1.0,,"Positive viewing feedback. Applicant liked the layout and Camden location, with questions about tenancy terms."
F-1726,V-1984,A-1552,P-1359,2026-08-11 11:00:00,5,1.0,TRANSPORT,"Positive viewing feedback. Applicant liked the layout and Camden location, with questions about tenancy terms."
F-1727,V-1985,A-1553,P-2648,2026-05-08 15:00:00,4,0.5,,"Positive viewing feedback. Applicant liked the layout and Wimbledon location, with questions about tenancy terms."
F-1728,V-1986,A-1553,P-1785,2026-07-19 10:00:00,2,-0.5,PRICE|SIZE,Applicant liked aspects of the property but raised price sensitivity versus budget.
F-1729,V-1987,A-1554,P-1568,2026-07-20 11:00:00,4,0.5,PRICE,"Positive viewing feedback. Applicant liked the layout and Greenwich location, with questions about tenancy terms."
F-1730,V-1988,A-1554,P-1358,2026-07-31 11:00:00,3,0.0,PRICE,Applicant liked aspects of the property but raised price sensitivity versus budget.
F-1731,V-1989,A-1554,P-2407,2026-05-26 16:00:00,5,1.0,,"Positive viewing feedback. Applicant liked the layout and Greenwich location, with questions about tenancy terms."
F-1732,V-1990,A-1554,P-2517,2026-08-10 14:00:00,2,-0.5,PRICE|SIZE,Applicant liked aspects of the property but raised price sensitivity versus budget.
F-1733,V-1991,A-1554,P-2056,2026-05-08 12:00:00,3,0.0,PRICE,Applicant liked aspects of the property but raised price sensitivity versus budget.
F-1734,V-1992,A-1555,P-1501,2026-06-21 10:00:00,5,1.0,TRANSPORT,"Positive viewing feedback. Applicant liked the layout and Hackney location, with questions about tenancy terms."
F-1735,V-1993,A-1555,P-2125,2026-05-06 15:00:00,3,0.0,PRICE,Applicant liked aspects of the property but raised price sensitivity versus budget.
F-1736,V-1994,A-1556,P-2372,2026-05-04 17:00:00,4,0.5,,"Positive viewing feedback. Applicant liked the layout and Croydon location, with questions about tenancy terms."
F-1737,V-1995,A-1556,P-1065,2026-06-01 14:00:00,5,1.0,,"Positive viewing feedback. Applicant liked the layout and Croydon location, with questions about tenancy terms."
F-1738,V-1996,A-1556,P-1000,2026-05-06 11:00:00,3,0.0,,Applicant had reservations and asked for better matching alternatives.
F-1739,V-1997,A-1557,P-2320,2026-06-09 10:00:00,5,1.0,TRANSPORT,"Positive viewing feedback. Applicant liked the layout and Shoreditch location, with questions about tenancy terms."
F-1740,V-1998,A-1557,P-1755,2026-05-13 17:00:00,3,0.0,TRANSPORT,Applicant had reservations and asked for better matching alternatives.
F-1741,V-1999,A-1558,P-2248,2026-08-04 14:00:00,5,1.0,PRICE,"Positive viewing feedback. Applicant liked the layout and Battersea location, with questions about tenancy terms."
F-1742,V-2000,A-1558,P-1610,2026-06-08 14:00:00,3,0.0,PRICE,Applicant liked aspects of the property but raised price sensitivity versus budget.
F-1743,V-2001,A-1558,P-2542,2026-06-04 14:00:00,5,1.0,PRICE,"Positive viewing feedback. Applicant liked the layout and Canary Wharf location, with questions about tenancy terms."
F-1744,V-2002,A-1560,P-2828,2026-06-01 15:00:00,4,0.5,,"Positive viewing feedback. Applicant liked the layout and Croydon location, with questions about tenancy terms."
F-1745,V-2004,A-1560,P-2341,2026-05-13 13:00:00,3,0.0,,Applicant had reservations and asked for better matching alternatives.
F-1746,V-2005,A-1561,P-2266,2026-06-06 11:00:00,4,0.5,PRICE,"Positive viewing feedback. Applicant liked the layout and Fulham location, with questions about tenancy terms."
F-1747,V-2006,A-1561,P-1062,2026-05-22 11:00:00,4,0.5,PRICE|TRANSPORT,"Positive viewing feedback. Applicant liked the layout and Fulham location, with questions about tenancy terms."
F-1748,V-2007,A-1561,P-1011,2026-06-10 10:00:00,3,0.0,PRICE|TRANSPORT,Applicant liked aspects of the property but raised price sensitivity versus budget.
F-1749,V-2008,A-1561,P-1122,2026-06-20 10:00:00,2,-0.5,PRICE|SIZE|TERMS,Applicant liked aspects of the property but raised price sensitivity versus budget.
F-1750,V-2009,A-1562,P-1359,2026-08-01 11:00:00,5,1.0,,"Positive viewing feedback. Applicant liked the layout and Camden location, with questions about tenancy terms."
F-1751,V-2010,A-1562,P-1883,2026-06-28 17:00:00,3,0.0,,Applicant had reservations and asked for better matching alternatives.
F-1752,V-2011,A-1563,P-2253,2026-06-03 13:00:00,4,0.5,,"Positive viewing feedback. Applicant liked the layout and Camden location, with questions about tenancy terms."
F-1753,V-2012,A-1563,P-2962,2026-07-30 16:00:00,5,1.0,TRANSPORT|TERMS,"Positive viewing feedback. Applicant liked the layout and Camden location, with questions about tenancy terms."
F-1754,V-2013,A-1563,P-1462,2026-06-17 10:00:00,3,0.0,TRANSPORT,Applicant had reservations and asked for better matching alternatives.
F-1755,V-2014,A-1563,P-2184,2026-07-29 12:00:00,5,1.0,,"Positive viewing feedback. Applicant liked the layout and Camden location, with questions about tenancy terms."
F-1756,V-2015,A-1564,P-1151,2026-06-25 15:00:00,3,0.0,,Applicant had reservations and asked for better matching alternatives.
F-1757,V-2016,A-1564,P-1878,2026-07-06 14:00:00,5,1.0,,"Positive viewing feedback. Applicant liked the layout and Croydon location, with questions about tenancy terms."
F-1758,V-2018,A-1564,P-1113,2026-06-17 13:00:00,5,1.0,,"Positive viewing feedback. Applicant liked the layout and Greenwich location, with questions about tenancy terms."
F-1759,V-2019,A-1564,P-1916,2026-07-14 14:00:00,5,1.0,PRICE,"Positive viewing feedback. Applicant liked the layout and Hackney location, with questions about tenancy terms."
F-1760,V-2020,A-1565,P-1727,2026-06-28 13:00:00,4,0.5,,"Positive viewing feedback. Applicant liked the layout and Camden location, with questions about tenancy terms."
F-1761,V-2021,A-1565,P-2993,2026-07-14 10:00:00,5,1.0,TERMS,"Positive viewing feedback. Applicant liked the layout and Camden location, with questions about tenancy terms."
F-1762,V-2022,A-1565,P-1271,2026-06-04 10:00:00,3,0.0,PRICE,Applicant liked aspects of the property but raised price sensitivity versus budget.
F-1763,V-2023,A-1566,P-1286,2026-07-21 10:00:00,5,1.0,TRANSPORT,"Positive viewing feedback. Applicant liked the layout and Shoreditch location, with questions about tenancy terms."
F-1764,V-2024,A-1566,P-1432,2026-05-03 11:00:00,4,0.5,PRICE,"Positive viewing feedback. Applicant liked the layout and Fulham location, with questions about tenancy terms."
F-1765,V-2025,A-1566,P-2958,2026-05-21 12:00:00,2,-0.5,PRICE|SIZE,Applicant liked aspects of the property but raised price sensitivity versus budget.
F-1766,V-2026,A-1567,P-1182,2026-06-04 16:00:00,3,0.0,PRICE,Applicant liked aspects of the property but raised price sensitivity versus budget.
F-1767,V-2027,A-1567,P-1965,2026-06-08 15:00:00,5,1.0,TRANSPORT,"Positive viewing feedback. Applicant liked the layout and Stratford location, with questions about tenancy terms."
F-1768,V-2028,A-1567,P-2116,2026-08-06 11:00:00,2,-0.5,PRICE|CONDITION|TERMS,Applicant liked aspects of the property but raised price sensitivity versus budget.
F-1769,V-2029,A-1567,P-2241,2026-05-10 12:00:00,5,1.0,,"Positive viewing feedback. Applicant liked the layout and Stratford location, with questions about tenancy terms."
F-1770,V-2030,A-1568,P-2079,2026-07-28 15:00:00,3,0.0,,Applicant had reservations and asked for better matching alternatives.
F-1771,V-2031,A-1568,P-2645,2026-07-28 15:00:00,5,1.0,,"Positive viewing feedback. Applicant liked the layout and Shoreditch location, with questions about tenancy terms."
F-1772,V-2032,A-1568,P-2001,2026-08-06 09:00:00,5,1.0,,"Positive viewing feedback. Applicant liked the layout and Islington location, with questions about tenancy terms."
F-1773,V-2033,A-1568,P-2080,2026-06-17 09:00:00,5,1.0,PRICE,"Positive viewing feedback. Applicant liked the layout and Shoreditch location, with questions about tenancy terms."
F-1774,V-2034,A-1568,P-2518,2026-06-27 15:00:00,3,0.0,PRICE,Applicant liked aspects of the property but raised price sensitivity versus budget.
F-1775,V-2035,A-1568,P-2981,2026-06-27 09:00:00,3,0.0,,Applicant had reservations and asked for better matching alternatives.
F-1776,V-2036,A-1569,P-2505,2026-05-05 13:00:00,3,0.0,PRICE|TRANSPORT,Applicant liked aspects of the property but raised price sensitivity versus budget.
F-1777,V-2037,A-1569,P-1656,2026-07-14 12:00:00,3,0.0,TRANSPORT,Applicant had reservations and asked for better matching alternatives.
F-1778,V-2038,A-1569,P-2026,2026-07-03 15:00:00,3,0.0,PRICE,Applicant liked aspects of the property but raised price sensitivity versus budget.
F-1779,V-2039,A-1570,P-2050,2026-07-16 12:00:00,3,0.0,,Applicant had reservations and asked for better matching alternatives.
F-1780,V-2040,A-1570,P-2018,2026-06-26 11:00:00,5,1.0,,"Positive viewing feedback. Applicant liked the layout and Hackney location, with questions about tenancy terms."
F-1781,V-2041,A-1570,P-2092,2026-08-08 14:00:00,5,1.0,,"Positive viewing feedback. Applicant liked the layout and Greenwich location, with questions about tenancy terms."
F-1782,V-2042,A-1570,P-2454,2026-08-09 17:00:00,5,1.0,TRANSPORT|TERMS,"Positive viewing feedback. Applicant liked the layout and Greenwich location, with questions about tenancy terms."
F-1783,V-2043,A-1571,P-2895,2026-05-06 09:00:00,5,1.0,,"Positive viewing feedback. Applicant liked the layout and Stratford location, with questions about tenancy terms."
F-1784,V-2044,A-1572,P-1489,2026-06-17 12:00:00,5,1.0,,"Positive viewing feedback. Applicant liked the layout and Camden location, with questions about tenancy terms."
F-1785,V-2045,A-1572,P-2718,2026-07-30 09:00:00,5,1.0,TRANSPORT,"Positive viewing feedback. Applicant liked the layout and Fulham location, with questions about tenancy terms."
F-1786,V-2046,A-1572,P-1932,2026-06-24 16:00:00,5,1.0,,"Positive viewing feedback. Applicant liked the layout and Camden location, with questions about tenancy terms."
F-1787,V-2047,A-1573,P-1104,2026-06-08 13:00:00,5,1.0,,"Positive viewing feedback. Applicant liked the layout and Croydon location, with questions about tenancy terms."
F-1788,V-2048,A-1573,P-2325,2026-07-31 17:00:00,5,1.0,,"Positive viewing feedback. Applicant liked the layout and Croydon location, with questions about tenancy terms."
F-1789,V-2050,A-1573,P-2196,2026-08-09 15:00:00,3,0.0,PRICE,Applicant liked aspects of the property but raised price sensitivity versus budget.
F-1790,V-2051,A-1573,P-2052,2026-08-04 11:00:00,5,1.0,,"Positive viewing feedback. Applicant liked the layout and Croydon location, with questions about tenancy terms."
F-1791,V-2052,A-1573,P-1976,2026-07-13 14:00:00,4,0.5,,"Positive viewing feedback. Applicant liked the layout and Croydon location, with questions about tenancy terms."
F-1792,V-2053,A-1574,P-2173,2026-08-11 17:00:00,5,1.0,,"Positive viewing feedback. Applicant liked the layout and Fulham location, with questions about tenancy terms."
F-1793,V-2054,A-1574,P-2208,2026-05-24 17:00:00,5,1.0,,"Positive viewing feedback. Applicant liked the layout and Fulham location, with questions about tenancy terms."
F-1794,V-2055,A-1574,P-1737,2026-06-01 12:00:00,4,0.5,PRICE,"Positive viewing feedback. Applicant liked the layout and Fulham location, with questions about tenancy terms."
F-1795,V-2056,A-1575,P-1274,2026-08-03 11:00:00,4,0.5,TRANSPORT,"Positive viewing feedback. Applicant liked the layout and Fulham location, with questions about tenancy terms."
F-1796,V-2057,A-1575,P-1536,2026-08-01 09:00:00,5,1.0,TRANSPORT,"Positive viewing feedback. Applicant liked the layout and Wimbledon location, with questions about tenancy terms."
F-1797,V-2058,A-1576,P-1571,2026-05-22 10:00:00,4,0.5,PRICE,"Positive viewing feedback. Applicant liked the layout and Shoreditch location, with questions about tenancy terms."
F-1798,V-2059,A-1576,P-1228,2026-07-17 14:00:00,4,0.5,TRANSPORT,"Positive viewing feedback. Applicant liked the layout and Shoreditch location, with questions about tenancy terms."
F-1799,V-2060,A-1576,P-1137,2026-06-24 14:00:00,5,1.0,PRICE,"Positive viewing feedback. Applicant liked the layout and Shoreditch location, with questions about tenancy terms."
F-1800,V-2063,A-1577,P-1929,2026-05-11 10:00:00,4,0.5,TERMS,"Positive viewing feedback. Applicant liked the layout and Shoreditch location, with questions about tenancy terms."
F-1801,V-2065,A-1577,P-1755,2026-07-12 10:00:00,5,1.0,,"Positive viewing feedback. Applicant liked the layout and Shoreditch location, with questions about tenancy terms."
F-1802,V-2066,A-1577,P-1898,2026-05-12 11:00:00,4,0.5,,"Positive viewing feedback. Applicant liked the layout and Shoreditch location, with questions about tenancy terms."
F-1803,V-2067,A-1577,P-2493,2026-07-02 13:00:00,4,0.5,TRANSPORT,"Positive viewing feedback. Applicant liked the layout and Shoreditch location, with questions about tenancy terms."
F-1804,V-2068,A-1578,P-1493,2026-08-05 10:00:00,4,0.5,PRICE,"Positive viewing feedback. Applicant liked the layout and Chelsea location, with questions about tenancy terms."
F-1805,V-2069,A-1578,P-2965,2026-07-19 11:00:00,5,1.0,,"Positive viewing feedback. Applicant liked the layout and Wimbledon location, with questions about tenancy terms."
F-1806,V-2070,A-1578,P-2227,2026-05-06 16:00:00,5,1.0,TERMS,"Positive viewing feedback. Applicant liked the layout and Wimbledon location, with questions about tenancy terms."
F-1807,V-2071,A-1578,P-2986,2026-07-07 12:00:00,4,0.5,,"Positive viewing feedback. Applicant liked the layout and Wimbledon location, with questions about tenancy terms."
F-1808,V-2072,A-1579,P-1443,2026-05-28 13:00:00,5,1.0,,"Positive viewing feedback. Applicant liked the layout and Battersea location, with questions about tenancy terms."
F-1809,V-2073,A-1579,P-1641,2026-05-21 15:00:00,5,1.0,,"Positive viewing feedback. Applicant liked the layout and Battersea location, with questions about tenancy terms."
F-1810,V-2074,A-1579,P-1887,2026-05-21 09:00:00,4,0.5,,"Positive viewing feedback. Applicant liked the layout and Battersea location, with questions about tenancy terms."
F-1811,V-2075,A-1579,P-2908,2026-07-09 10:00:00,3,0.0,,Applicant had reservations and asked for better matching alternatives.
F-1812,V-2076,A-1579,P-1677,2026-06-05 16:00:00,5,1.0,,"Positive viewing feedback. Applicant liked the layout and Battersea location, with questions about tenancy terms."
F-1813,V-2077,A-1580,P-2359,2026-08-07 17:00:00,4,0.5,PRICE|TRANSPORT,"Positive viewing feedback. Applicant liked the layout and Islington location, with questions about tenancy terms."
F-1814,V-2078,A-1581,P-2359,2026-05-16 15:00:00,2,-0.5,PRICE|TRANSPORT|AREA|TERMS,Applicant liked aspects of the property but raised price sensitivity versus budget.
F-1815,V-2079,A-1582,P-1925,2026-07-29 17:00:00,5,1.0,,"Positive viewing feedback. Applicant liked the layout and Hackney location, with questions about tenancy terms."
F-1816,V-2081,A-1582,P-1246,2026-08-01 11:00:00,5,1.0,PRICE,"Positive viewing feedback. Applicant liked the layout and Hackney location, with questions about tenancy terms."
F-1817,V-2082,A-1582,P-1555,2026-06-06 14:00:00,5,1.0,TERMS,"Positive viewing feedback. Applicant liked the layout and Hackney location, with questions about tenancy terms."
F-1818,V-2083,A-1582,P-1151,2026-08-02 17:00:00,5,1.0,,"Positive viewing feedback. Applicant liked the layout and Hackney location, with questions about tenancy terms."
F-1819,V-2084,A-1582,P-2356,2026-07-15 14:00:00,5,1.0,PRICE,"Positive viewing feedback. Applicant liked the layout and Hackney location, with questions about tenancy terms."
F-1820,V-2085,A-1583,P-1983,2026-05-18 11:00:00,3,0.0,TERMS,Applicant had reservations and asked for better matching alternatives.
F-1821,V-2086,A-1583,P-1886,2026-06-08 12:00:00,5,1.0,,"Positive viewing feedback. Applicant liked the layout and Battersea location, with questions about tenancy terms."
F-1822,V-2087,A-1584,P-2443,2026-06-07 13:00:00,5,1.0,,"Positive viewing feedback. Applicant liked the layout and Greenwich location, with questions about tenancy terms."
F-1823,V-2088,A-1584,P-2832,2026-05-14 16:00:00,5,1.0,TERMS,"Positive viewing feedback. Applicant liked the layout and Stratford location, with questions about tenancy terms."
F-1824,V-2089,A-1584,P-1287,2026-07-07 13:00:00,3,0.0,TRANSPORT|TERMS,Applicant had reservations and asked for better matching alternatives.
F-1825,V-2090,A-1584,P-1683,2026-08-09 11:00:00,4,0.5,,"Positive viewing feedback. Applicant liked the layout and Greenwich location, with questions about tenancy terms."
F-1826,V-2092,A-1585,P-1644,2026-06-29 12:00:00,2,-0.5,PRICE|TRANSPORT|AREA,Applicant liked aspects of the property but raised price sensitivity versus budget.
F-1827,V-2093,A-1585,P-2432,2026-06-30 15:00:00,2,-0.5,PRICE|SIZE,Applicant liked aspects of the property but raised price sensitivity versus budget.
F-1828,V-2094,A-1586,P-2714,2026-06-12 12:00:00,4,0.5,PRICE,"Positive viewing feedback. Applicant liked the layout and Canary Wharf location, with questions about tenancy terms."
F-1829,V-2095,A-1586,P-1275,2026-05-07 13:00:00,3,0.0,PRICE,Applicant liked aspects of the property but raised price sensitivity versus budget.
F-1830,V-2096,A-1586,P-1367,2026-05-13 11:00:00,5,1.0,PRICE|TRANSPORT,"Positive viewing feedback. Applicant liked the layout and Canary Wharf location, with questions about tenancy terms."
F-1831,V-2097,A-1587,P-1634,2026-05-08 14:00:00,5,1.0,,"Positive viewing feedback. Applicant liked the layout and Croydon location, with questions about tenancy terms."
F-1832,V-2099,A-1587,P-2414,2026-06-24 17:00:00,4,0.5,PRICE,"Positive viewing feedback. Applicant liked the layout and Islington location, with questions about tenancy terms."
F-1833,V-2100,A-1588,P-1132,2026-07-17 13:00:00,2,-0.5,PRICE|SIZE|TERMS,Applicant liked aspects of the property but raised price sensitivity versus budget.
F-1834,V-2101,A-1588,P-1963,2026-05-06 15:00:00,3,0.0,PRICE,Applicant liked aspects of the property but raised price sensitivity versus budget.
F-1835,V-2102,A-1588,P-2131,2026-05-19 12:00:00,4,0.5,PRICE|TERMS,"Positive viewing feedback. Applicant liked the layout and Fulham location, with questions about tenancy terms."
F-1836,V-2103,A-1589,P-1569,2026-06-10 15:00:00,3,0.0,PRICE,Applicant liked aspects of the property but raised price sensitivity versus budget.
F-1837,V-2104,A-1589,P-2866,2026-06-17 15:00:00,4,0.5,,"Positive viewing feedback. Applicant liked the layout and Canary Wharf location, with questions about tenancy terms."
F-1838,V-2106,A-1590,P-2982,2026-06-25 14:00:00,4,0.5,,"Positive viewing feedback. Applicant liked the layout and Shoreditch location, with questions about tenancy terms."
F-1839,V-2108,A-1590,P-1643,2026-05-28 17:00:00,4,0.5,TRANSPORT,"Positive viewing feedback. Applicant liked the layout and Greenwich location, with questions about tenancy terms."
F-1840,V-2109,A-1591,P-1470,2026-05-04 13:00:00,4,0.5,PRICE|TERMS,"Positive viewing feedback. Applicant liked the layout and Islington location, with questions about tenancy terms."
F-1841,V-2110,A-1591,P-1400,2026-08-07 15:00:00,4,0.5,TRANSPORT,"Positive viewing feedback. Applicant liked the layout and Islington location, with questions about tenancy terms."
F-1842,V-2111,A-1591,P-2009,2026-05-09 15:00:00,5,1.0,,"Positive viewing feedback. Applicant liked the layout and Islington location, with questions about tenancy terms."
F-1843,V-2113,A-1592,P-1033,2026-07-27 13:00:00,5,1.0,TRANSPORT,"Positive viewing feedback. Applicant liked the layout and Shoreditch location, with questions about tenancy terms."
F-1844,V-2114,A-1593,P-1061,2026-07-24 10:00:00,5,1.0,,"Positive viewing feedback. Applicant liked the layout and Wimbledon location, with questions about tenancy terms."
F-1845,V-2115,A-1593,P-2880,2026-07-16 12:00:00,4,0.5,,"Positive viewing feedback. Applicant liked the layout and Fulham location, with questions about tenancy terms."
F-1846,V-2116,A-1593,P-2976,2026-08-11 13:00:00,5,1.0,,"Positive viewing feedback. Applicant liked the layout and Wimbledon location, with questions about tenancy terms."
F-1847,V-2117,A-1593,P-1617,2026-08-09 10:00:00,4,0.5,,"Positive viewing feedback. Applicant liked the layout and Wimbledon location, with questions about tenancy terms."
F-1848,V-2118,A-1594,P-2820,2026-05-31 11:00:00,5,1.0,TRANSPORT,"Positive viewing feedback. Applicant liked the layout and Wimbledon location, with questions about tenancy terms."
F-1849,V-2119,A-1594,P-2782,2026-05-14 16:00:00,5,1.0,,"Positive viewing feedback. Applicant liked the layout and Wimbledon location, with questions about tenancy terms."
F-1850,V-2120,A-1594,P-1057,2026-06-10 14:00:00,4,0.5,,"Positive viewing feedback. Applicant liked the layout and Wimbledon location, with questions about tenancy terms."
F-1851,V-2121,A-1594,P-1148,2026-07-23 11:00:00,5,1.0,,"Positive viewing feedback. Applicant liked the layout and Wimbledon location, with questions about tenancy terms."
F-1852,V-2123,A-1595,P-1901,2026-05-21 14:00:00,5,1.0,TERMS,"Positive viewing feedback. Applicant liked the layout and Canary Wharf location, with questions about tenancy terms."
F-1853,V-2124,A-1595,P-2967,2026-06-04 16:00:00,5,1.0,TERMS,"Positive viewing feedback. Applicant liked the layout and Islington location, with questions about tenancy terms."
F-1854,V-2125,A-1595,P-2414,2026-05-28 16:00:00,4,0.5,PRICE|TRANSPORT,"Positive viewing feedback. Applicant liked the layout and Islington location, with questions about tenancy terms."
F-1855,V-2126,A-1596,P-1804,2026-05-27 12:00:00,4,0.5,,"Positive viewing feedback. Applicant liked the layout and Croydon location, with questions about tenancy terms."
F-1856,V-2127,A-1596,P-2232,2026-06-07 14:00:00,5,1.0,TRANSPORT,"Positive viewing feedback. Applicant liked the layout and Croydon location, with questions about tenancy terms."
F-1857,V-2128,A-1596,P-1374,2026-07-11 10:00:00,5,1.0,,"Positive viewing feedback. Applicant liked the layout and Croydon location, with questions about tenancy terms."
F-1858,V-2129,A-1596,P-1257,2026-05-10 10:00:00,5,1.0,,"Positive viewing feedback. Applicant liked the layout and Croydon location, with questions about tenancy terms."
F-1859,V-2130,A-1596,P-2900,2026-06-24 16:00:00,3,0.0,PRICE,Applicant liked aspects of the property but raised price sensitivity versus budget.
F-1860,V-2131,A-1596,P-2174,2026-06-14 17:00:00,5,1.0,,"Positive viewing feedback. Applicant liked the layout and Croydon location, with questions about tenancy terms."
F-1861,V-2132,A-1596,P-2369,2026-05-15 14:00:00,4,0.5,,"Positive viewing feedback. Applicant liked the layout and Croydon location, with questions about tenancy terms."
F-1862,V-2133,A-1597,P-1804,2026-06-23 12:00:00,4,0.5,,"Positive viewing feedback. Applicant liked the layout and Croydon location, with questions about tenancy terms."
F-1863,V-2134,A-1597,P-2369,2026-06-22 14:00:00,5,1.0,,"Positive viewing feedback. Applicant liked the layout and Croydon location, with questions about tenancy terms."
F-1864,V-2135,A-1597,P-2076,2026-07-31 16:00:00,3,0.0,PRICE,Applicant liked aspects of the property but raised price sensitivity versus budget.
F-1865,V-2136,A-1597,P-2661,2026-08-04 14:00:00,3,0.0,PRICE,Applicant liked aspects of the property but raised price sensitivity versus budget.
F-1866,V-2137,A-1598,P-2672,2026-06-07 13:00:00,4,0.5,PRICE|TRANSPORT|TERMS,"Positive viewing feedback. Applicant liked the layout and Islington location, with questions about tenancy terms."
F-1867,V-2138,A-1599,P-2636,2026-06-30 15:00:00,4,0.5,PRICE|TERMS,"Positive viewing feedback. Applicant liked the layout and Clapham location, with questions about tenancy terms."
F-1868,V-2139,A-1599,P-2974,2026-06-03 16:00:00,4,0.5,PRICE,"Positive viewing feedback. Applicant liked the layout and Clapham location, with questions about tenancy terms."
F-1869,V-2140,A-1600,P-1548,2026-05-08 15:00:00,5,1.0,TERMS,"Positive viewing feedback. Applicant liked the layout and Croydon location, with questions about tenancy terms."
F-1870,V-2141,A-1601,P-1150,2026-08-11 17:00:00,5,1.0,PRICE|TRANSPORT,"Positive viewing feedback. Applicant liked the layout and Chelsea location, with questions about tenancy terms."
F-1871,V-2143,A-1602,P-2689,2026-06-05 17:00:00,5,1.0,PRICE|TRANSPORT,"Positive viewing feedback. Applicant liked the layout and Canary Wharf location, with questions about tenancy terms."
F-1872,V-2144,A-1603,P-2123,2026-06-01 11:00:00,4,0.5,,"Positive viewing feedback. Applicant liked the layout and Islington location, with questions about tenancy terms."
F-1873,V-2145,A-1603,P-2279,2026-08-11 10:00:00,4,0.5,,"Positive viewing feedback. Applicant liked the layout and Wimbledon location, with questions about tenancy terms."
F-1874,V-2146,A-1603,P-1021,2026-07-29 16:00:00,5,1.0,,"Positive viewing feedback. Applicant liked the layout and Islington location, with questions about tenancy terms."
F-1875,V-2147,A-1603,P-1319,2026-07-19 10:00:00,5,1.0,TERMS,"Positive viewing feedback. Applicant liked the layout and Islington location, with questions about tenancy terms."
F-1876,V-2148,A-1603,P-1330,2026-05-14 16:00:00,3,0.0,PRICE|TRANSPORT,Applicant liked aspects of the property but raised price sensitivity versus budget.
F-1877,V-2150,A-1603,P-2986,2026-06-14 10:00:00,5,1.0,TERMS,"Positive viewing feedback. Applicant liked the layout and Wimbledon location, with questions about tenancy terms."
F-1878,V-2151,A-1604,P-1818,2026-06-01 12:00:00,5,1.0,,"Positive viewing feedback. Applicant liked the layout and Croydon location, with questions about tenancy terms."
F-1879,V-2152,A-1604,P-2306,2026-07-10 11:00:00,4,0.5,PRICE,"Positive viewing feedback. Applicant liked the layout and Chelsea location, with questions about tenancy terms."
F-1880,V-2153,A-1605,P-2469,2026-06-23 11:00:00,4,0.5,PRICE,"Positive viewing feedback. Applicant liked the layout and Clapham location, with questions about tenancy terms."
F-1881,V-2154,A-1605,P-1088,2026-05-27 16:00:00,5,1.0,,"Positive viewing feedback. Applicant liked the layout and Clapham location, with questions about tenancy terms."
F-1882,V-2155,A-1605,P-2472,2026-05-04 12:00:00,3,0.0,,Applicant had reservations and asked for better matching alternatives.
F-1883,V-2156,A-1605,P-2528,2026-07-05 14:00:00,3,0.0,PRICE,Applicant liked aspects of the property but raised price sensitivity versus budget.
F-1884,V-2157,A-1606,P-1164,2026-05-26 12:00:00,5,1.0,,"Positive viewing feedback. Applicant liked the layout and Greenwich location, with questions about tenancy terms."
F-1885,V-2159,A-1606,P-2649,2026-06-26 12:00:00,4,0.5,,"Positive viewing feedback. Applicant liked the layout and Camden location, with questions about tenancy terms."
F-1886,V-2160,A-1607,P-1739,2026-07-05 10:00:00,4,0.5,,"Positive viewing feedback. Applicant liked the layout and Greenwich location, with questions about tenancy terms."
F-1887,V-2161,A-1607,P-2083,2026-06-06 13:00:00,5,1.0,TRANSPORT,"Positive viewing feedback. Applicant liked the layout and Wimbledon location, with questions about tenancy terms."
F-1888,V-2162,A-1608,P-1089,2026-06-22 16:00:00,2,-0.5,PRICE|SIZE,Applicant liked aspects of the property but raised price sensitivity versus budget.
F-1889,V-2163,A-1608,P-2163,2026-06-01 12:00:00,2,-0.5,PRICE|TRANSPORT|AREA,Applicant liked aspects of the property but raised price sensitivity versus budget.
F-1890,V-2164,A-1608,P-1628,2026-05-26 15:00:00,5,1.0,,"Positive viewing feedback. Applicant liked the layout and Stratford location, with questions about tenancy terms."
F-1891,V-2165,A-1608,P-2246,2026-07-22 10:00:00,2,-0.5,PRICE|CONDITION,Applicant liked aspects of the property but raised price sensitivity versus budget.
F-1892,V-2166,A-1609,P-2408,2026-06-11 12:00:00,5,1.0,,"Positive viewing feedback. Applicant liked the layout and Croydon location, with questions about tenancy terms."
F-1893,V-2167,A-1609,P-1028,2026-05-12 17:00:00,4,0.5,,"Positive viewing feedback. Applicant liked the layout and Croydon location, with questions about tenancy terms."
F-1894,V-2168,A-1609,P-1168,2026-07-01 15:00:00,4,0.5,TRANSPORT|TERMS,"Positive viewing feedback. Applicant liked the layout and Croydon location, with questions about tenancy terms."
F-1895,V-2169,A-1609,P-1413,2026-08-11 09:00:00,5,1.0,PRICE|TERMS,"Positive viewing feedback. Applicant liked the layout and Canary Wharf location, with questions about tenancy terms."
F-1896,V-2171,A-1609,P-1879,2026-05-10 16:00:00,4,0.5,PRICE|TRANSPORT,"Positive viewing feedback. Applicant liked the layout and Canary Wharf location, with questions about tenancy terms."
F-1897,V-2172,A-1610,P-2067,2026-07-19 13:00:00,4,0.5,,"Positive viewing feedback. Applicant liked the layout and Greenwich location, with questions about tenancy terms."
F-1898,V-2173,A-1610,P-2215,2026-07-31 15:00:00,5,1.0,PRICE,"Positive viewing feedback. Applicant liked the layout and Stratford location, with questions about tenancy terms."
F-1899,V-2174,A-1610,P-2399,2026-07-14 09:00:00,4,0.5,,"Positive viewing feedback. Applicant liked the layout and Greenwich location, with questions about tenancy terms."
F-1900,V-2175,A-1610,P-1159,2026-05-15 09:00:00,5,1.0,PRICE|TERMS,"Positive viewing feedback. Applicant liked the layout and Greenwich location, with questions about tenancy terms."
F-1901,V-2177,A-1611,P-1670,2026-07-26 16:00:00,3,0.0,PRICE,Applicant liked aspects of the property but raised price sensitivity versus budget.
F-1902,V-2178,A-1611,P-1815,2026-05-28 16:00:00,5,1.0,,"Positive viewing feedback. Applicant liked the layout and Battersea location, with questions about tenancy terms."
F-1903,V-2179,A-1611,P-2162,2026-07-07 09:00:00,3,0.0,,Applicant had reservations and asked for better matching alternatives.
F-1904,V-2180,A-1611,P-2669,2026-05-11 09:00:00,4,0.5,PRICE,"Positive viewing feedback. Applicant liked the layout and Battersea location, with questions about tenancy terms."
F-1905,V-2181,A-1612,P-2047,2026-06-08 17:00:00,3,0.0,PRICE,Applicant liked aspects of the property but raised price sensitivity versus budget.
F-1906,V-2182,A-1612,P-2857,2026-07-07 17:00:00,5,1.0,TRANSPORT,"Positive viewing feedback. Applicant liked the layout and Canary Wharf location, with questions about tenancy terms."
F-1907,V-2183,A-1612,P-1357,2026-06-12 14:00:00,3,0.0,PRICE|TERMS,Applicant liked aspects of the property but raised price sensitivity versus budget.
F-1908,V-2184,A-1612,P-1542,2026-06-26 13:00:00,3,0.0,PRICE|TRANSPORT,Applicant liked aspects of the property but raised price sensitivity versus budget.
F-1909,V-2185,A-1612,P-2119,2026-07-28 17:00:00,5,1.0,,"Positive viewing feedback. Applicant liked the layout and Canary Wharf location, with questions about tenancy terms."
F-1910,V-2186,A-1612,P-2406,2026-05-07 12:00:00,2,-0.5,PRICE|CONDITION,Applicant liked aspects of the property but raised price sensitivity versus budget.
F-1911,V-2187,A-1613,P-2983,2026-08-08 17:00:00,4,0.5,PRICE,"Positive viewing feedback. Applicant liked the layout and Clapham location, with questions about tenancy terms."
F-1912,V-2188,A-1613,P-1251,2026-05-09 15:00:00,3,0.0,PRICE,Applicant liked aspects of the property but raised price sensitivity versus budget.
F-1913,V-2189,A-1613,P-1277,2026-06-27 15:00:00,5,1.0,,"Positive viewing feedback. Applicant liked the layout and Stratford location, with questions about tenancy terms."
F-1914,V-2190,A-1614,P-1230,2026-05-26 14:00:00,3,0.0,TERMS,Applicant had reservations and asked for better matching alternatives.
F-1915,V-2191,A-1614,P-1245,2026-06-20 12:00:00,4,0.5,,"Positive viewing feedback. Applicant liked the layout and Greenwich location, with questions about tenancy terms."
F-1916,V-2192,A-1615,P-1627,2026-07-25 14:00:00,5,1.0,TERMS,"Positive viewing feedback. Applicant liked the layout and Stratford location, with questions about tenancy terms."
F-1917,V-2194,A-1616,P-1455,2026-07-02 15:00:00,5,1.0,,"Positive viewing feedback. Applicant liked the layout and Croydon location, with questions about tenancy terms."
F-1918,V-2195,A-1616,P-1615,2026-08-02 12:00:00,5,1.0,TRANSPORT,"Positive viewing feedback. Applicant liked the layout and Croydon location, with questions about tenancy terms."
F-1919,V-2196,A-1616,P-1891,2026-05-29 14:00:00,5,1.0,,"Positive viewing feedback. Applicant liked the layout and Croydon location, with questions about tenancy terms."
F-1920,V-2198,A-1616,P-1754,2026-05-24 17:00:00,4,0.5,PRICE|TRANSPORT,"Positive viewing feedback. Applicant liked the layout and Fulham location, with questions about tenancy terms."
F-1921,V-2199,A-1616,P-1958,2026-06-23 15:00:00,4,0.5,TRANSPORT,"Positive viewing feedback. Applicant liked the layout and Croydon location, with questions about tenancy terms."
F-1922,V-2200,A-1616,P-1460,2026-05-06 16:00:00,2,-0.5,PRICE|AREA,Applicant liked aspects of the property but raised price sensitivity versus budget.
F-1923,V-2201,A-1617,P-2472,2026-07-09 15:00:00,3,0.0,PRICE,Applicant liked aspects of the property but raised price sensitivity versus budget.
F-1924,V-2202,A-1617,P-1589,2026-07-22 09:00:00,1,-1.0,PRICE|TRANSPORT|AREA,Applicant liked aspects of the property but raised price sensitivity versus budget.
F-1925,V-2203,A-1617,P-2431,2026-05-04 16:00:00,3,0.0,PRICE,Applicant liked aspects of the property but raised price sensitivity versus budget.
F-1926,V-2204,A-1618,P-1081,2026-07-20 15:00:00,5,1.0,,"Positive viewing feedback. Applicant liked the layout and Canary Wharf location, with questions about tenancy terms."
F-1927,V-2206,A-1619,P-2948,2026-07-27 09:00:00,3,0.0,PRICE|TRANSPORT|TERMS,Applicant liked aspects of the property but raised price sensitivity versus budget.
F-1928,V-2207,A-1619,P-2033,2026-05-27 17:00:00,3,0.0,PRICE|TERMS,Applicant liked aspects of the property but raised price sensitivity versus budget.
F-1929,V-2208,A-1620,P-1920,2026-06-11 09:00:00,4,0.5,,"Positive viewing feedback. Applicant liked the layout and Hackney location, with questions about tenancy terms."
F-1930,V-2209,A-1621,P-2055,2026-07-30 09:00:00,4,0.5,PRICE|TERMS,"Positive viewing feedback. Applicant liked the layout and Hackney location, with questions about tenancy terms."
F-1931,V-2210,A-1621,P-1321,2026-06-24 17:00:00,4,0.5,,"Positive viewing feedback. Applicant liked the layout and Hackney location, with questions about tenancy terms."
F-1932,V-2211,A-1621,P-2742,2026-08-09 13:00:00,3,0.0,PRICE|TRANSPORT,Applicant liked aspects of the property but raised price sensitivity versus budget.
F-1933,V-2213,A-1622,P-2954,2026-05-30 09:00:00,4,0.5,,"Positive viewing feedback. Applicant liked the layout and Battersea location, with questions about tenancy terms."
F-1934,V-2214,A-1622,P-1562,2026-05-25 13:00:00,4,0.5,,"Positive viewing feedback. Applicant liked the layout and Wimbledon location, with questions about tenancy terms."
F-1935,V-2215,A-1623,P-2436,2026-08-01 13:00:00,4,0.5,PRICE|TERMS,"Positive viewing feedback. Applicant liked the layout and Chelsea location, with questions about tenancy terms."
F-1936,V-2216,A-1623,P-2964,2026-05-07 15:00:00,4,0.5,PRICE|TRANSPORT,"Positive viewing feedback. Applicant liked the layout and Battersea location, with questions about tenancy terms."
F-1937,V-2217,A-1624,P-2521,2026-05-29 09:00:00,5,1.0,PRICE,"Positive viewing feedback. Applicant liked the layout and Islington location, with questions about tenancy terms."
F-1938,V-2218,A-1624,P-1124,2026-05-17 10:00:00,5,1.0,TRANSPORT,"Positive viewing feedback. Applicant liked the layout and Camden location, with questions about tenancy terms."
F-1939,V-2219,A-1624,P-1760,2026-05-17 14:00:00,5,1.0,PRICE,"Positive viewing feedback. Applicant liked the layout and Islington location, with questions about tenancy terms."
F-1940,V-2220,A-1624,P-1212,2026-06-16 15:00:00,5,1.0,TERMS,"Positive viewing feedback. Applicant liked the layout and Canary Wharf location, with questions about tenancy terms."
F-1941,V-2221,A-1625,P-2068,2026-08-05 17:00:00,3,0.0,PRICE,Applicant liked aspects of the property but raised price sensitivity versus budget.
F-1942,V-2222,A-1625,P-1720,2026-05-28 11:00:00,4,0.5,TERMS,"Positive viewing feedback. Applicant liked the layout and Stratford location, with questions about tenancy terms."
F-1943,V-2224,A-1626,P-2713,2026-07-17 17:00:00,5,1.0,,"Positive viewing feedback. Applicant liked the layout and Canary Wharf location, with questions about tenancy terms."
F-1944,V-2225,A-1626,P-2640,2026-07-09 17:00:00,5,1.0,,"Positive viewing feedback. Applicant liked the layout and Canary Wharf location, with questions about tenancy terms."
F-1945,V-2226,A-1626,P-1563,2026-07-18 11:00:00,4,0.5,TRANSPORT,"Positive viewing feedback. Applicant liked the layout and Islington location, with questions about tenancy terms."
F-1946,V-2227,A-1627,P-2641,2026-05-22 11:00:00,3,0.0,,Applicant had reservations and asked for better matching alternatives.
F-1947,V-2228,A-1627,P-2657,2026-05-20 11:00:00,4,0.5,PRICE|TERMS,"Positive viewing feedback. Applicant liked the layout and Greenwich location, with questions about tenancy terms."
F-1948,V-2229,A-1627,P-1787,2026-06-30 09:00:00,5,1.0,,"Positive viewing feedback. Applicant liked the layout and Shoreditch location, with questions about tenancy terms."
F-1949,V-2230,A-1627,P-2596,2026-07-01 16:00:00,5,1.0,,"Positive viewing feedback. Applicant liked the layout and Shoreditch location, with questions about tenancy terms."
F-1950,V-2231,A-1627,P-2368,2026-07-31 12:00:00,3,0.0,TRANSPORT,Applicant had reservations and asked for better matching alternatives.
F-1951,V-2232,A-1628,P-1478,2026-05-05 12:00:00,3,0.0,,Applicant had reservations and asked for better matching alternatives.
F-1952,V-2233,A-1628,P-1661,2026-06-25 16:00:00,4,0.5,TRANSPORT,"Positive viewing feedback. Applicant liked the layout and Croydon location, with questions about tenancy terms."
F-1953,V-2234,A-1628,P-2771,2026-05-03 12:00:00,5,1.0,,"Positive viewing feedback. Applicant liked the layout and Croydon location, with questions about tenancy terms."
F-1954,V-2235,A-1628,P-1347,2026-07-29 15:00:00,4,0.5,,"Positive viewing feedback. Applicant liked the layout and Croydon location, with questions about tenancy terms."
F-1955,V-2236,A-1630,P-1031,2026-07-31 09:00:00,4,0.5,PRICE,"Positive viewing feedback. Applicant liked the layout and Battersea location, with questions about tenancy terms."
F-1956,V-2237,A-1630,P-2784,2026-07-19 12:00:00,5,1.0,,"Positive viewing feedback. Applicant liked the layout and Battersea location, with questions about tenancy terms."
F-1957,V-2238,A-1630,P-2080,2026-05-06 12:00:00,5,1.0,,"Positive viewing feedback. Applicant liked the layout and Shoreditch location, with questions about tenancy terms."
F-1958,V-2239,A-1630,P-2692,2026-07-21 15:00:00,4,0.5,,"Positive viewing feedback. Applicant liked the layout and Shoreditch location, with questions about tenancy terms."
F-1959,V-2240,A-1631,P-2101,2026-06-08 17:00:00,4,0.5,PRICE|TRANSPORT|TERMS,"Positive viewing feedback. Applicant liked the layout and Fulham location, with questions about tenancy terms."
F-1960,V-2241,A-1631,P-2851,2026-05-30 14:00:00,3,0.0,PRICE,Applicant liked aspects of the property but raised price sensitivity versus budget.
F-1961,V-2242,A-1631,P-1083,2026-06-13 11:00:00,5,1.0,,"Positive viewing feedback. Applicant liked the layout and Canary Wharf location, with questions about tenancy terms."
F-1962,V-2243,A-1631,P-1382,2026-06-23 09:00:00,5,1.0,,"Positive viewing feedback. Applicant liked the layout and Canary Wharf location, with questions about tenancy terms."
F-1963,V-2244,A-1632,P-2919,2026-07-11 10:00:00,5,1.0,,"Positive viewing feedback. Applicant liked the layout and Clapham location, with questions about tenancy terms."
F-1964,V-2246,A-1632,P-2180,2026-08-07 15:00:00,5,1.0,,"Positive viewing feedback. Applicant liked the layout and Clapham location, with questions about tenancy terms."
F-1965,V-2247,A-1632,P-1237,2026-05-19 10:00:00,5,1.0,,"Positive viewing feedback. Applicant liked the layout and Greenwich location, with questions about tenancy terms."
F-1966,V-2248,A-1632,P-2610,2026-07-11 10:00:00,5,1.0,TRANSPORT,"Positive viewing feedback. Applicant liked the layout and Greenwich location, with questions about tenancy terms."
F-1967,V-2249,A-1632,P-1208,2026-06-29 14:00:00,5,1.0,,"Positive viewing feedback. Applicant liked the layout and Clapham location, with questions about tenancy terms."
F-1968,V-2250,A-1632,P-1765,2026-07-15 14:00:00,3,0.0,TRANSPORT,Applicant had reservations and asked for better matching alternatives.
F-1969,V-2251,A-1633,P-2606,2026-08-06 10:00:00,4,0.5,TERMS,"Positive viewing feedback. Applicant liked the layout and Greenwich location, with questions about tenancy terms."
F-1970,V-2252,A-1633,P-1767,2026-06-23 15:00:00,3,0.0,PRICE|TRANSPORT,Applicant liked aspects of the property but raised price sensitivity versus budget.
F-1971,V-2254,A-1634,P-2835,2026-06-08 14:00:00,5,1.0,,"Positive viewing feedback. Applicant liked the layout and Clapham location, with questions about tenancy terms."
F-1972,V-2255,A-1634,P-1899,2026-07-25 10:00:00,5,1.0,,"Positive viewing feedback. Applicant liked the layout and Clapham location, with questions about tenancy terms."
F-1973,V-2256,A-1634,P-1620,2026-06-19 10:00:00,4,0.5,TRANSPORT|TERMS,"Positive viewing feedback. Applicant liked the layout and Fulham location, with questions about tenancy terms."
F-1974,V-2257,A-1634,P-1074,2026-06-14 12:00:00,4,0.5,TRANSPORT,"Positive viewing feedback. Applicant liked the layout and Clapham location, with questions about tenancy terms."
F-1975,V-2258,A-1634,P-1754,2026-06-15 17:00:00,5,1.0,TRANSPORT|TERMS,"Positive viewing feedback. Applicant liked the layout and Fulham location, with questions about tenancy terms."
F-1976,V-2259,A-1634,P-2044,2026-06-07 12:00:00,5,1.0,,"Positive viewing feedback. Applicant liked the layout and Fulham location, with questions about tenancy terms."
F-1977,V-2262,A-1635,P-1026,2026-07-07 12:00:00,4,0.5,,"Positive viewing feedback. Applicant liked the layout and Greenwich location, with questions about tenancy terms."
F-1978,V-2263,A-1635,P-1159,2026-07-30 17:00:00,5,1.0,,"Positive viewing feedback. Applicant liked the layout and Greenwich location, with questions about tenancy terms."
F-1979,V-2264,A-1635,P-1186,2026-07-14 12:00:00,4,0.5,TRANSPORT,"Positive viewing feedback. Applicant liked the layout and Greenwich location, with questions about tenancy terms."
F-1980,V-2265,A-1635,P-2111,2026-05-28 16:00:00,4,0.5,,"Positive viewing feedback. Applicant liked the layout and Greenwich location, with questions about tenancy terms."
F-1981,V-2266,A-1635,P-2529,2026-07-07 13:00:00,2,-0.5,PRICE|TRANSPORT|AREA|TERMS,Applicant liked aspects of the property but raised price sensitivity versus budget.
F-1982,V-2267,A-1636,P-2882,2026-05-31 11:00:00,4,0.5,,"Positive viewing feedback. Applicant liked the layout and Hackney location, with questions about tenancy terms."
F-1983,V-2268,A-1636,P-1888,2026-08-01 17:00:00,5,1.0,,"Positive viewing feedback. Applicant liked the layout and Shoreditch location, with questions about tenancy terms."
F-1984,V-2269,A-1636,P-2908,2026-05-29 14:00:00,4,0.5,PRICE,"Positive viewing feedback. Applicant liked the layout and Battersea location, with questions about tenancy terms."
F-1985,V-2270,A-1637,P-2174,2026-06-16 11:00:00,4,0.5,,"Positive viewing feedback. Applicant liked the layout and Croydon location, with questions about tenancy terms."
F-1986,V-2271,A-1637,P-1257,2026-05-20 14:00:00,5,1.0,,"Positive viewing feedback. Applicant liked the layout and Croydon location, with questions about tenancy terms."
F-1987,V-2272,A-1637,P-2801,2026-08-04 17:00:00,4,0.5,,"Positive viewing feedback. Applicant liked the layout and Croydon location, with questions about tenancy terms."
F-1988,V-2273,A-1638,P-1427,2026-07-16 13:00:00,3,0.0,,Applicant had reservations and asked for better matching alternatives.
F-1989,V-2274,A-1639,P-1628,2026-06-19 11:00:00,5,1.0,TRANSPORT,"Positive viewing feedback. Applicant liked the layout and Stratford location, with questions about tenancy terms."
F-1990,V-2275,A-1639,P-1912,2026-07-16 12:00:00,3,0.0,PRICE,Applicant liked aspects of the property but raised price sensitivity versus budget.
F-1991,V-2276,A-1639,P-1622,2026-08-10 11:00:00,4,0.5,TERMS,"Positive viewing feedback. Applicant liked the layout and Camden location, with questions about tenancy terms."
F-1992,V-2277,A-1639,P-2966,2026-06-15 15:00:00,5,1.0,TRANSPORT,"Positive viewing feedback. Applicant liked the layout and Stratford location, with questions about tenancy terms."
F-1993,V-2278,A-1639,P-1675,2026-07-06 13:00:00,5,1.0,TERMS,"Positive viewing feedback. Applicant liked the layout and Stratford location, with questions about tenancy terms."
F-1994,V-2279,A-1640,P-1352,2026-06-17 17:00:00,2,-0.5,TRANSPORT|CONDITION,Applicant had reservations and asked for better matching alternatives.
F-1995,V-2280,A-1640,P-1051,2026-07-03 16:00:00,4,0.5,,"Positive viewing feedback. Applicant liked the layout and Battersea location, with questions about tenancy terms."
F-1996,V-2281,A-1641,P-2477,2026-05-20 09:00:00,5,1.0,TERMS,"Positive viewing feedback. Applicant liked the layout and Wimbledon location, with questions about tenancy terms."
F-1997,V-2282,A-1641,P-1409,2026-05-30 15:00:00,5,1.0,,"Positive viewing feedback. Applicant liked the layout and Wimbledon location, with questions about tenancy terms."
F-1998,V-2283,A-1641,P-1646,2026-06-25 12:00:00,5,1.0,TRANSPORT,"Positive viewing feedback. Applicant liked the layout and Wimbledon location, with questions about tenancy terms."
F-1999,V-2285,A-1641,P-1621,2026-06-08 14:00:00,5,1.0,,"Positive viewing feedback. Applicant liked the layout and Wimbledon location, with questions about tenancy terms."
F-2000,V-2286,A-1642,P-1010,2026-06-07 17:00:00,2,-0.5,AREA,Applicant had reservations and asked for better matching alternatives.
F-2001,V-2287,A-1642,P-1582,2026-06-28 09:00:00,2,-0.5,PRICE|SIZE,Applicant liked aspects of the property but raised price sensitivity versus budget.
F-2002,V-2288,A-1642,P-1830,2026-07-15 14:00:00,4,0.5,PRICE,"Positive viewing feedback. Applicant liked the layout and Clapham location, with questions about tenancy terms."
F-2003,V-2289,A-1643,P-1676,2026-05-14 09:00:00,5,1.0,,"Positive viewing feedback. Applicant liked the layout and Canary Wharf location, with questions about tenancy terms."
F-2004,V-2292,A-1644,P-1300,2026-06-02 15:00:00,4,0.5,,"Positive viewing feedback. Applicant liked the layout and Hackney location, with questions about tenancy terms."
F-2005,V-2293,A-1644,P-2349,2026-05-13 09:00:00,4,0.5,TRANSPORT,"Positive viewing feedback. Applicant liked the layout and Hackney location, with questions about tenancy terms."
F-2006,V-2294,A-1644,P-1376,2026-06-02 11:00:00,4,0.5,,"Positive viewing feedback. Applicant liked the layout and Clapham location, with questions about tenancy terms."
F-2007,V-2296,A-1645,P-2802,2026-06-27 13:00:00,4,0.5,,"Positive viewing feedback. Applicant liked the layout and Shoreditch location, with questions about tenancy terms."
F-2008,V-2297,A-1646,P-1323,2026-08-11 13:00:00,5,1.0,PRICE|TRANSPORT,"Positive viewing feedback. Applicant liked the layout and Battersea location, with questions about tenancy terms."
F-2009,V-2298,A-1647,P-1744,2026-05-25 17:00:00,5,1.0,,"Positive viewing feedback. Applicant liked the layout and Croydon location, with questions about tenancy terms."
F-2010,V-2300,A-1647,P-2801,2026-06-13 17:00:00,4,0.5,,"Positive viewing feedback. Applicant liked the layout and Croydon location, with questions about tenancy terms."
F-2011,V-2301,A-1648,P-1376,2026-06-17 13:00:00,4,0.5,,"Positive viewing feedback. Applicant liked the layout and Clapham location, with questions about tenancy terms."
F-2012,V-2302,A-1648,P-2431,2026-07-12 13:00:00,4,0.5,PRICE,"Positive viewing feedback. Applicant liked the layout and Clapham location, with questions about tenancy terms."
F-2013,V-2303,A-1648,P-1796,2026-05-07 11:00:00,3,0.0,PRICE,Applicant liked aspects of the property but raised price sensitivity versus budget.
F-2014,V-2304,A-1649,P-2596,2026-06-14 16:00:00,3,0.0,PRICE,Applicant liked aspects of the property but raised price sensitivity versus budget.
F-2015,V-2305,A-1649,P-2547,2026-08-08 10:00:00,5,1.0,,"Positive viewing feedback. Applicant liked the layout and Clapham location, with questions about tenancy terms."
F-2016,V-2306,A-1649,P-1418,2026-05-14 16:00:00,5,1.0,PRICE,"Positive viewing feedback. Applicant liked the layout and Clapham location, with questions about tenancy terms."
F-2017,V-2307,A-1650,P-1413,2026-07-24 10:00:00,5,1.0,,"Positive viewing feedback. Applicant liked the layout and Canary Wharf location, with questions about tenancy terms."
F-2018,V-2308,A-1650,P-1915,2026-06-03 13:00:00,3,0.0,TERMS,Applicant had reservations and asked for better matching alternatives.
F-2019,V-2309,A-1650,P-2715,2026-05-21 10:00:00,5,1.0,,"Positive viewing feedback. Applicant liked the layout and Canary Wharf location, with questions about tenancy terms."
F-2020,V-2310,A-1650,P-1680,2026-06-21 10:00:00,3,0.0,,Applicant had reservations and asked for better matching alternatives.
F-2021,V-2311,A-1651,P-2837,2026-06-07 15:00:00,3,0.0,PRICE,Applicant liked aspects of the property but raised price sensitivity versus budget.
F-2022,V-2313,A-1651,P-1210,2026-07-22 12:00:00,5,1.0,TERMS,"Positive viewing feedback. Applicant liked the layout and Canary Wharf location, with questions about tenancy terms."
F-2023,V-2314,A-1651,P-1711,2026-06-01 14:00:00,4,0.5,,"Positive viewing feedback. Applicant liked the layout and Canary Wharf location, with questions about tenancy terms."
F-2024,V-2315,A-1651,P-2776,2026-06-12 10:00:00,5,1.0,,"Positive viewing feedback. Applicant liked the layout and Canary Wharf location, with questions about tenancy terms."
F-2025,V-2316,A-1651,P-1367,2026-06-02 14:00:00,5,1.0,PRICE|TRANSPORT,"Positive viewing feedback. Applicant liked the layout and Canary Wharf location, with questions about tenancy terms."
F-2026,V-2317,A-1652,P-2695,2026-05-15 13:00:00,4,0.5,,"Positive viewing feedback. Applicant liked the layout and Camden location, with questions about tenancy terms."
F-2027,V-2318,A-1652,P-1358,2026-05-15 13:00:00,4,0.5,,"Positive viewing feedback. Applicant liked the layout and Stratford location, with questions about tenancy terms."
F-2028,V-2319,A-1652,P-2720,2026-06-20 17:00:00,5,1.0,PRICE,"Positive viewing feedback. Applicant liked the layout and Camden location, with questions about tenancy terms."
F-2029,V-2320,A-1652,P-1721,2026-08-01 09:00:00,5,1.0,,"Positive viewing feedback. Applicant liked the layout and Camden location, with questions about tenancy terms."
F-2030,V-2321,A-1653,P-2745,2026-07-28 17:00:00,3,0.0,PRICE,Applicant liked aspects of the property but raised price sensitivity versus budget.
F-2031,V-2322,A-1654,P-2570,2026-05-22 17:00:00,3,0.0,,Applicant had reservations and asked for better matching alternatives.
F-2032,V-2323,A-1654,P-1907,2026-06-10 12:00:00,5,1.0,,"Positive viewing feedback. Applicant liked the layout and Greenwich location, with questions about tenancy terms."
F-2033,V-2324,A-1654,P-1656,2026-06-10 15:00:00,4,0.5,TERMS,"Positive viewing feedback. Applicant liked the layout and Greenwich location, with questions about tenancy terms."
F-2034,V-2326,A-1655,P-1928,2026-06-28 13:00:00,5,1.0,,"Positive viewing feedback. Applicant liked the layout and Greenwich location, with questions about tenancy terms."
F-2035,V-2327,A-1655,P-2272,2026-05-04 09:00:00,5,1.0,,"Positive viewing feedback. Applicant liked the layout and Islington location, with questions about tenancy terms."
F-2036,V-2329,A-1656,P-1460,2026-05-23 10:00:00,3,0.0,PRICE,Applicant liked aspects of the property but raised price sensitivity versus budget.
F-2037,V-2330,A-1656,P-2131,2026-05-11 14:00:00,5,1.0,PRICE|TRANSPORT,"Positive viewing feedback. Applicant liked the layout and Fulham location, with questions about tenancy terms."
F-2038,V-2331,A-1657,P-1637,2026-06-21 10:00:00,3,0.0,,Applicant had reservations and asked for better matching alternatives.
F-2039,V-2332,A-1657,P-1396,2026-07-31 16:00:00,5,1.0,,"Positive viewing feedback. Applicant liked the layout and Clapham location, with questions about tenancy terms."
F-2040,V-2333,A-1658,P-1187,2026-06-16 09:00:00,3,0.0,,Applicant had reservations and asked for better matching alternatives.
F-2041,V-2334,A-1658,P-2875,2026-05-28 14:00:00,4,0.5,TRANSPORT,"Positive viewing feedback. Applicant liked the layout and Shoreditch location, with questions about tenancy terms."
F-2042,V-2335,A-1658,P-2974,2026-07-03 10:00:00,5,1.0,,"Positive viewing feedback. Applicant liked the layout and Clapham location, with questions about tenancy terms."
F-2043,V-2336,A-1658,P-1263,2026-05-13 12:00:00,4,0.5,,"Positive viewing feedback. Applicant liked the layout and Clapham location, with questions about tenancy terms."
F-2044,V-2337,A-1658,P-1269,2026-07-22 14:00:00,4,0.5,,"Positive viewing feedback. Applicant liked the layout and Clapham location, with questions about tenancy terms."
F-2045,V-2338,A-1659,P-2399,2026-06-02 17:00:00,3,0.0,PRICE,Applicant liked aspects of the property but raised price sensitivity versus budget.
F-2046,V-2339,A-1659,P-2516,2026-06-20 13:00:00,5,1.0,,"Positive viewing feedback. Applicant liked the layout and Greenwich location, with questions about tenancy terms."
F-2047,V-2341,A-1659,P-1806,2026-05-30 15:00:00,2,-0.5,PRICE|AREA,Applicant liked aspects of the property but raised price sensitivity versus budget.
F-2048,V-2342,A-1660,P-2638,2026-05-06 13:00:00,4,0.5,TRANSPORT,"Positive viewing feedback. Applicant liked the layout and Wimbledon location, with questions about tenancy terms."
F-2049,V-2345,A-1660,P-2072,2026-08-01 16:00:00,5,1.0,TERMS,"Positive viewing feedback. Applicant liked the layout and Wimbledon location, with questions about tenancy terms."
F-2050,V-2347,A-1662,P-2838,2026-06-22 13:00:00,5,1.0,,"Positive viewing feedback. Applicant liked the layout and Stratford location, with questions about tenancy terms."
F-2051,V-2348,A-1662,P-2102,2026-06-18 15:00:00,5,1.0,,"Positive viewing feedback. Applicant liked the layout and Stratford location, with questions about tenancy terms."
F-2052,V-2349,A-1662,P-1811,2026-08-09 09:00:00,5,1.0,TRANSPORT,"Positive viewing feedback. Applicant liked the layout and Stratford location, with questions about tenancy terms."
F-2053,V-2350,A-1662,P-2675,2026-08-03 11:00:00,4,0.5,,"Positive viewing feedback. Applicant liked the layout and Stratford location, with questions about tenancy terms."
F-2054,V-2351,A-1662,P-1407,2026-08-05 09:00:00,5,1.0,,"Positive viewing feedback. Applicant liked the layout and Stratford location, with questions about tenancy terms."
F-2055,V-2352,A-1662,P-2939,2026-05-27 17:00:00,2,-0.5,PRICE|SIZE,Applicant liked aspects of the property but raised price sensitivity versus budget.
F-2056,V-2353,A-1663,P-2499,2026-07-08 11:00:00,4,0.5,TRANSPORT,"Positive viewing feedback. Applicant liked the layout and Croydon location, with questions about tenancy terms."
F-2057,V-2354,A-1663,P-1546,2026-07-29 11:00:00,5,1.0,,"Positive viewing feedback. Applicant liked the layout and Croydon location, with questions about tenancy terms."
F-2058,V-2355,A-1664,P-2589,2026-06-25 12:00:00,3,0.0,,Applicant had reservations and asked for better matching alternatives.
F-2059,V-2356,A-1664,P-2152,2026-05-22 11:00:00,4,0.5,TRANSPORT,"Positive viewing feedback. Applicant liked the layout and Croydon location, with questions about tenancy terms."
F-2060,V-2357,A-1664,P-1717,2026-08-05 09:00:00,5,1.0,,"Positive viewing feedback. Applicant liked the layout and Croydon location, with questions about tenancy terms."
F-2061,V-2358,A-1665,P-1909,2026-06-24 16:00:00,4,0.5,TRANSPORT,"Positive viewing feedback. Applicant liked the layout and Islington location, with questions about tenancy terms."
F-2062,V-2359,A-1665,P-2715,2026-06-16 11:00:00,4,0.5,PRICE|TERMS,"Positive viewing feedback. Applicant liked the layout and Canary Wharf location, with questions about tenancy terms."
F-2063,V-2362,A-1667,P-2002,2026-06-05 13:00:00,5,1.0,TRANSPORT,"Positive viewing feedback. Applicant liked the layout and Wimbledon location, with questions about tenancy terms."
F-2064,V-2363,A-1667,P-1618,2026-06-04 12:00:00,5,1.0,,"Positive viewing feedback. Applicant liked the layout and Wimbledon location, with questions about tenancy terms."
F-2065,V-2364,A-1667,P-2141,2026-08-06 16:00:00,3,0.0,TERMS,Applicant had reservations and asked for better matching alternatives.
F-2066,V-2365,A-1667,P-2089,2026-08-08 11:00:00,5,1.0,TERMS,"Positive viewing feedback. Applicant liked the layout and Wimbledon location, with questions about tenancy terms."
F-2067,V-2366,A-1668,P-1000,2026-06-27 15:00:00,5,1.0,,"Positive viewing feedback. Applicant liked the layout and Croydon location, with questions about tenancy terms."
F-2068,V-2367,A-1668,P-1331,2026-07-18 10:00:00,4,0.5,,"Positive viewing feedback. Applicant liked the layout and Wimbledon location, with questions about tenancy terms."
F-2069,V-2368,A-1669,P-2335,2026-05-17 09:00:00,5,1.0,PRICE|TRANSPORT,"Positive viewing feedback. Applicant liked the layout and Chelsea location, with questions about tenancy terms."
F-2070,V-2369,A-1669,P-1105,2026-06-24 12:00:00,5,1.0,PRICE|TRANSPORT,"Positive viewing feedback. Applicant liked the layout and Chelsea location, with questions about tenancy terms."
F-2071,V-2370,A-1669,P-1179,2026-07-19 17:00:00,3,0.0,PRICE,Applicant liked aspects of the property but raised price sensitivity versus budget.
F-2072,V-2371,A-1670,P-2153,2026-08-05 16:00:00,3,0.0,PRICE|TERMS,Applicant liked aspects of the property but raised price sensitivity versus budget.
F-2073,V-2372,A-1670,P-2778,2026-06-13 10:00:00,3,0.0,PRICE,Applicant liked aspects of the property but raised price sensitivity versus budget.
F-2074,V-2373,A-1670,P-2307,2026-05-12 17:00:00,4,0.5,PRICE,"Positive viewing feedback. Applicant liked the layout and Canary Wharf location, with questions about tenancy terms."
F-2075,V-2375,A-1671,P-2568,2026-07-29 14:00:00,5,1.0,TERMS,"Positive viewing feedback. Applicant liked the layout and Battersea location, with questions about tenancy terms."
F-2076,V-2376,A-1671,P-1642,2026-06-10 12:00:00,3,0.0,PRICE,Applicant liked aspects of the property but raised price sensitivity versus budget.
F-2077,V-2377,A-1671,P-2298,2026-06-19 14:00:00,4,0.5,,"Positive viewing feedback. Applicant liked the layout and Battersea location, with questions about tenancy terms."
F-2078,V-2379,A-1672,P-1152,2026-06-22 10:00:00,5,1.0,PRICE,"Positive viewing feedback. Applicant liked the layout and Hackney location, with questions about tenancy terms."
F-2079,V-2380,A-1672,P-2475,2026-08-02 17:00:00,5,1.0,,"Positive viewing feedback. Applicant liked the layout and Greenwich location, with questions about tenancy terms."
F-2080,V-2382,A-1673,P-1902,2026-05-26 13:00:00,2,-0.5,PRICE|SIZE|TERMS,Applicant liked aspects of the property but raised price sensitivity versus budget.
F-2081,V-2383,A-1673,P-1177,2026-07-17 10:00:00,5,1.0,TERMS,"Positive viewing feedback. Applicant liked the layout and Camden location, with questions about tenancy terms."
F-2082,V-2384,A-1674,P-1863,2026-07-20 10:00:00,5,1.0,TERMS,"Positive viewing feedback. Applicant liked the layout and Islington location, with questions about tenancy terms."
F-2083,V-2385,A-1674,P-2010,2026-05-03 16:00:00,3,0.0,PRICE|TRANSPORT,Applicant liked aspects of the property but raised price sensitivity versus budget.
F-2084,V-2386,A-1674,P-1605,2026-06-15 17:00:00,4,0.5,,"Positive viewing feedback. Applicant liked the layout and Stratford location, with questions about tenancy terms."
F-2085,V-2387,A-1675,P-2883,2026-07-26 17:00:00,4,0.5,,"Positive viewing feedback. Applicant liked the layout and Croydon location, with questions about tenancy terms."
F-2086,V-2388,A-1675,P-2208,2026-06-07 10:00:00,4,0.5,PRICE,"Positive viewing feedback. Applicant liked the layout and Fulham location, with questions about tenancy terms."
F-2087,V-2389,A-1675,P-2499,2026-06-23 11:00:00,4,0.5,,"Positive viewing feedback. Applicant liked the layout and Croydon location, with questions about tenancy terms."
F-2088,V-2390,A-1675,P-2671,2026-06-03 16:00:00,5,1.0,,"Positive viewing feedback. Applicant liked the layout and Croydon location, with questions about tenancy terms."
F-2089,V-2391,A-1676,P-2545,2026-06-16 13:00:00,5,1.0,,"Positive viewing feedback. Applicant liked the layout and Shoreditch location, with questions about tenancy terms."
F-2090,V-2392,A-1676,P-1118,2026-05-24 09:00:00,5,1.0,,"Positive viewing feedback. Applicant liked the layout and Shoreditch location, with questions about tenancy terms."
F-2091,V-2393,A-1676,P-1626,2026-07-29 12:00:00,4,0.5,,"Positive viewing feedback. Applicant liked the layout and Shoreditch location, with questions about tenancy terms."
F-2092,V-2394,A-1676,P-2725,2026-08-08 13:00:00,4,0.5,,"Positive viewing feedback. Applicant liked the layout and Shoreditch location, with questions about tenancy terms."
F-2093,V-2395,A-1676,P-2035,2026-06-14 17:00:00,5,1.0,,"Positive viewing feedback. Applicant liked the layout and Shoreditch location, with questions about tenancy terms."
F-2094,V-2396,A-1676,P-2478,2026-07-17 11:00:00,4,0.5,TRANSPORT,"Positive viewing feedback. Applicant liked the layout and Chelsea location, with questions about tenancy terms."
F-2095,V-2397,A-1677,P-2229,2026-07-06 16:00:00,3,0.0,PRICE,Applicant liked aspects of the property but raised price sensitivity versus budget.
F-2096,V-2398,A-1677,P-1846,2026-07-24 17:00:00,3,0.0,,Applicant had reservations and asked for better matching alternatives.
F-2097,V-2399,A-1677,P-1774,2026-07-24 16:00:00,4,0.5,PRICE,"Positive viewing feedback. Applicant liked the layout and Canary Wharf location, with questions about tenancy terms."
F-2098,V-2400,A-1677,P-1275,2026-05-25 16:00:00,5,1.0,PRICE,"Positive viewing feedback. Applicant liked the layout and Canary Wharf location, with questions about tenancy terms."
F-2099,V-2401,A-1677,P-2609,2026-06-26 11:00:00,3,0.0,TERMS,Applicant had reservations and asked for better matching alternatives.
F-2100,V-2402,A-1677,P-1092,2026-05-23 10:00:00,5,1.0,PRICE,"Positive viewing feedback. Applicant liked the layout and Canary Wharf location, with questions about tenancy terms."
F-2101,V-2403,A-1678,P-2431,2026-08-09 15:00:00,3,0.0,PRICE,Applicant liked aspects of the property but raised price sensitivity versus budget.
F-2102,V-2404,A-1678,P-2827,2026-07-07 16:00:00,5,1.0,,"Positive viewing feedback. Applicant liked the layout and Clapham location, with questions about tenancy terms."
F-2103,V-2405,A-1678,P-1074,2026-06-25 11:00:00,4,0.5,PRICE|TRANSPORT,"Positive viewing feedback. Applicant liked the layout and Clapham location, with questions about tenancy terms."
F-2104,V-2406,A-1678,P-2505,2026-08-04 10:00:00,3,0.0,PRICE|TRANSPORT,Applicant liked aspects of the property but raised price sensitivity versus budget.
F-2105,V-2407,A-1679,P-2924,2026-05-31 11:00:00,3,0.0,TRANSPORT,Applicant had reservations and asked for better matching alternatives.
F-2106,V-2408,A-1679,P-1184,2026-05-08 15:00:00,5,1.0,,"Positive viewing feedback. Applicant liked the layout and Stratford location, with questions about tenancy terms."
F-2107,V-2409,A-1679,P-2645,2026-07-30 15:00:00,5,1.0,PRICE|TERMS,"Positive viewing feedback. Applicant liked the layout and Shoreditch location, with questions about tenancy terms."
F-2108,V-2410,A-1679,P-1001,2026-08-07 13:00:00,3,0.0,,Applicant had reservations and asked for better matching alternatives.
F-2109,V-2411,A-1679,P-1342,2026-08-09 15:00:00,5,1.0,TRANSPORT,"Positive viewing feedback. Applicant liked the layout and Hackney location, with questions about tenancy terms."
F-2110,V-2412,A-1680,P-1974,2026-05-22 10:00:00,4,0.5,PRICE|TERMS,"Positive viewing feedback. Applicant liked the layout and Canary Wharf location, with questions about tenancy terms."
F-2111,V-2413,A-1680,P-2008,2026-07-04 12:00:00,4,0.5,,"Positive viewing feedback. Applicant liked the layout and Wimbledon location, with questions about tenancy terms."
F-2112,V-2414,A-1681,P-1680,2026-05-22 15:00:00,5,1.0,,"Positive viewing feedback. Applicant liked the layout and Clapham location, with questions about tenancy terms."
F-2113,V-2415,A-1681,P-2758,2026-08-08 12:00:00,5,1.0,,"Positive viewing feedback. Applicant liked the layout and Islington location, with questions about tenancy terms."
F-2114,V-2416,A-1681,P-2196,2026-07-12 15:00:00,5,1.0,TRANSPORT,"Positive viewing feedback. Applicant liked the layout and Islington location, with questions about tenancy terms."
F-2115,V-2418,A-1682,P-2035,2026-07-25 14:00:00,5,1.0,,"Positive viewing feedback. Applicant liked the layout and Shoreditch location, with questions about tenancy terms."
F-2116,V-2419,A-1682,P-1887,2026-06-13 13:00:00,4,0.5,PRICE,"Positive viewing feedback. Applicant liked the layout and Battersea location, with questions about tenancy terms."
F-2117,V-2420,A-1683,P-1468,2026-06-19 17:00:00,4,0.5,PRICE,"Positive viewing feedback. Applicant liked the layout and Greenwich location, with questions about tenancy terms."
F-2118,V-2421,A-1683,P-1104,2026-07-08 10:00:00,5,1.0,PRICE,"Positive viewing feedback. Applicant liked the layout and Croydon location, with questions about tenancy terms."
F-2119,V-2423,A-1683,P-1374,2026-07-03 15:00:00,5,1.0,TRANSPORT,"Positive viewing feedback. Applicant liked the layout and Croydon location, with questions about tenancy terms."
F-2120,V-2424,A-1683,P-1552,2026-06-27 11:00:00,4,0.5,TRANSPORT,"Positive viewing feedback. Applicant liked the layout and Greenwich location, with questions about tenancy terms."
F-2121,V-2425,A-1684,P-2864,2026-05-10 15:00:00,5,1.0,,"Positive viewing feedback. Applicant liked the layout and Hackney location, with questions about tenancy terms."
F-2122,V-2426,A-1684,P-1381,2026-07-02 14:00:00,3,0.0,TRANSPORT,Applicant had reservations and asked for better matching alternatives.
F-2123,V-2427,A-1685,P-1373,2026-05-18 16:00:00,3,0.0,,Applicant had reservations and asked for better matching alternatives.
F-2124,V-2428,A-1685,P-2825,2026-06-19 10:00:00,1,-1.0,PRICE|CONDITION,Applicant liked aspects of the property but raised price sensitivity versus budget.
F-2125,V-2429,A-1686,P-1006,2026-07-08 12:00:00,4,0.5,PRICE|TRANSPORT,"Positive viewing feedback. Applicant liked the layout and Wimbledon location, with questions about tenancy terms."
F-2126,V-2431,A-1686,P-2453,2026-06-21 14:00:00,3,0.0,,Applicant had reservations and asked for better matching alternatives.
F-2127,V-2432,A-1687,P-1728,2026-07-09 16:00:00,5,1.0,TERMS,"Positive viewing feedback. Applicant liked the layout and Clapham location, with questions about tenancy terms."
F-2128,V-2433,A-1687,P-1204,2026-05-05 09:00:00,5,1.0,,"Positive viewing feedback. Applicant liked the layout and Clapham location, with questions about tenancy terms."
F-2129,V-2434,A-1687,P-2670,2026-05-17 16:00:00,5,1.0,TRANSPORT,"Positive viewing feedback. Applicant liked the layout and Clapham location, with questions about tenancy terms."
F-2130,V-2435,A-1687,P-1097,2026-05-24 12:00:00,2,-0.5,PRICE|CONDITION|TERMS,Applicant liked aspects of the property but raised price sensitivity versus budget.
F-2131,V-2436,A-1688,P-1876,2026-08-07 17:00:00,5,1.0,,"Positive viewing feedback. Applicant liked the layout and Clapham location, with questions about tenancy terms."
F-2132,V-2437,A-1688,P-DEMO-02,2026-07-04 11:00:00,5,1.0,,"Positive viewing feedback. Applicant liked the layout and Stratford location, with questions about tenancy terms."
F-2133,V-2438,A-1688,P-1385,2026-06-24 17:00:00,4,0.5,PRICE,"Positive viewing feedback. Applicant liked the layout and Clapham location, with questions about tenancy terms."
F-2134,V-2439,A-1688,P-2644,2026-07-27 10:00:00,5,1.0,,"Positive viewing feedback. Applicant liked the layout and Clapham location, with questions about tenancy terms."
F-2135,V-2440,A-1689,P-2693,2026-07-04 12:00:00,3,0.0,PRICE,Applicant liked aspects of the property but raised price sensitivity versus budget.
F-2136,V-2441,A-1689,P-1789,2026-07-29 12:00:00,5,1.0,,"Positive viewing feedback. Applicant liked the layout and Shoreditch location, with questions about tenancy terms."
F-2137,V-2443,A-1689,P-2161,2026-06-30 12:00:00,5,1.0,,"Positive viewing feedback. Applicant liked the layout and Shoreditch location, with questions about tenancy terms."
F-2138,V-2444,A-1689,P-2913,2026-07-27 17:00:00,2,-0.5,PRICE|SIZE,Applicant liked aspects of the property but raised price sensitivity versus budget.
F-2139,V-2445,A-1690,P-1679,2026-07-20 16:00:00,4,0.5,,"Positive viewing feedback. Applicant liked the layout and Islington location, with questions about tenancy terms."
F-2140,V-2446,A-1690,P-2679,2026-05-17 14:00:00,2,-0.5,PRICE|CONDITION,Applicant liked aspects of the property but raised price sensitivity versus budget.
F-2141,V-2447,A-1691,P-2753,2026-05-27 14:00:00,4,0.5,TRANSPORT,"Positive viewing feedback. Applicant liked the layout and Clapham location, with questions about tenancy terms."
F-2142,V-2448,A-1691,P-1534,2026-07-16 11:00:00,5,1.0,PRICE,"Positive viewing feedback. Applicant liked the layout and Clapham location, with questions about tenancy terms."
F-2143,V-2449,A-1691,P-1087,2026-06-23 15:00:00,4,0.5,TRANSPORT,"Positive viewing feedback. Applicant liked the layout and Camden location, with questions about tenancy terms."
F-2144,V-2450,A-1691,P-1276,2026-06-12 15:00:00,4,0.5,PRICE|TRANSPORT|TERMS,"Positive viewing feedback. Applicant liked the layout and Camden location, with questions about tenancy terms."
F-2145,V-2452,A-1692,P-1949,2026-05-04 12:00:00,5,1.0,,"Positive viewing feedback. Applicant liked the layout and Canary Wharf location, with questions about tenancy terms."
F-2146,V-2453,A-1692,P-2615,2026-05-05 14:00:00,2,-0.5,PRICE|TRANSPORT|AREA,Applicant liked aspects of the property but raised price sensitivity versus budget.
F-2147,V-2454,A-1692,P-1367,2026-06-23 13:00:00,4,0.5,PRICE|TERMS,"Positive viewing feedback. Applicant liked the layout and Canary Wharf location, with questions about tenancy terms."
F-2148,V-2455,A-1692,P-1261,2026-07-04 10:00:00,3,0.0,PRICE,Applicant liked aspects of the property but raised price sensitivity versus budget.
F-2149,V-2456,A-1693,P-1093,2026-07-05 11:00:00,3,0.0,PRICE,Applicant liked aspects of the property but raised price sensitivity versus budget.
F-2150,V-2457,A-1693,P-1466,2026-07-31 17:00:00,4,0.5,,"Positive viewing feedback. Applicant liked the layout and Hackney location, with questions about tenancy terms."
F-2151,V-2458,A-1694,P-2737,2026-07-28 16:00:00,4,0.5,,"Positive viewing feedback. Applicant liked the layout and Battersea location, with questions about tenancy terms."
F-2152,V-2459,A-1694,P-1881,2026-07-13 13:00:00,3,0.0,,Applicant had reservations and asked for better matching alternatives.
F-2153,V-2460,A-1694,P-2554,2026-06-03 17:00:00,2,-0.5,PRICE|AREA,Applicant liked aspects of the property but raised price sensitivity versus budget.
F-2154,V-2461,A-1694,P-1670,2026-07-26 09:00:00,5,1.0,PRICE,"Positive viewing feedback. Applicant liked the layout and Battersea location, with questions about tenancy terms."
F-2155,V-2462,A-1695,P-1125,2026-05-18 12:00:00,3,0.0,PRICE|TRANSPORT,Applicant liked aspects of the property but raised price sensitivity versus budget.
F-2156,V-2463,A-1695,P-2377,2026-07-23 13:00:00,4,0.5,PRICE|TRANSPORT,"Positive viewing feedback. Applicant liked the layout and Wimbledon location, with questions about tenancy terms."
F-2157,V-2464,A-1695,P-2907,2026-05-29 15:00:00,4,0.5,,"Positive viewing feedback. Applicant liked the layout and Wimbledon location, with questions about tenancy terms."
F-2158,V-2465,A-1695,P-1827,2026-05-23 13:00:00,5,1.0,,"Positive viewing feedback. Applicant liked the layout and Islington location, with questions about tenancy terms."
F-2159,V-2466,A-1696,P-2094,2026-05-22 16:00:00,4,0.5,TRANSPORT,"Positive viewing feedback. Applicant liked the layout and Croydon location, with questions about tenancy terms."
F-2160,V-2467,A-1696,P-1615,2026-05-17 10:00:00,5,1.0,,"Positive viewing feedback. Applicant liked the layout and Croydon location, with questions about tenancy terms."
F-2161,V-2468,A-1696,P-2813,2026-07-29 12:00:00,5,1.0,,"Positive viewing feedback. Applicant liked the layout and Croydon location, with questions about tenancy terms."
F-2162,V-2469,A-1697,P-2756,2026-06-29 10:00:00,4,0.5,,"Positive viewing feedback. Applicant liked the layout and Croydon location, with questions about tenancy terms."
F-2163,V-2470,A-1697,P-1737,2026-07-23 10:00:00,3,0.0,PRICE,Applicant liked aspects of the property but raised price sensitivity versus budget.
F-2164,V-2471,A-1697,P-1823,2026-07-07 16:00:00,5,1.0,,"Positive viewing feedback. Applicant liked the layout and Croydon location, with questions about tenancy terms."
F-2165,V-2472,A-1697,P-2027,2026-08-04 14:00:00,4,0.5,,"Positive viewing feedback. Applicant liked the layout and Croydon location, with questions about tenancy terms."
F-2166,V-2473,A-1697,P-2550,2026-07-25 14:00:00,2,-0.5,CONDITION,Applicant had reservations and asked for better matching alternatives.
F-2167,V-2474,A-1698,P-1342,2026-06-26 14:00:00,5,1.0,,"Positive viewing feedback. Applicant liked the layout and Hackney location, with questions about tenancy terms."
F-2168,V-2475,A-1698,P-2440,2026-07-20 10:00:00,5,1.0,TRANSPORT,"Positive viewing feedback. Applicant liked the layout and Hackney location, with questions about tenancy terms."
F-2169,V-2476,A-1698,P-2320,2026-07-30 16:00:00,5,1.0,TRANSPORT|TERMS,"Positive viewing feedback. Applicant liked the layout and Shoreditch location, with questions about tenancy terms."
F-2170,V-2477,A-1699,P-2605,2026-07-04 13:00:00,2,-0.5,PRICE|CONDITION,Applicant liked aspects of the property but raised price sensitivity versus budget.
F-2171,V-2478,A-1699,P-2561,2026-07-11 12:00:00,5,1.0,,"Positive viewing feedback. Applicant liked the layout and Wimbledon location, with questions about tenancy terms."
F-2172,V-2479,A-1699,P-2021,2026-08-09 14:00:00,4,0.5,,"Positive viewing feedback. Applicant liked the layout and Wimbledon location, with questions about tenancy terms."
F-2173,V-2480,A-1699,P-2629,2026-05-29 17:00:00,4,0.5,,"Positive viewing feedback. Applicant liked the layout and Wimbledon location, with questions about tenancy terms."
F-2174,V-2481,A-1700,P-1090,2026-08-06 11:00:00,4,0.5,,"Positive viewing feedback. Applicant liked the layout and Canary Wharf location, with questions about tenancy terms."
F-2175,V-2482,A-1700,P-1425,2026-05-31 09:00:00,5,1.0,,"Positive viewing feedback. Applicant liked the layout and Islington location, with questions about tenancy terms."
F-2176,V-2484,A-1700,P-2931,2026-07-14 16:00:00,4,0.5,,"Positive viewing feedback. Applicant liked the layout and Islington location, with questions about tenancy terms."
F-2177,V-2485,A-1700,P-1996,2026-06-12 11:00:00,5,1.0,PRICE,"Positive viewing feedback. Applicant liked the layout and Canary Wharf location, with questions about tenancy terms."
F-2178,V-2486,A-1700,P-2358,2026-08-08 14:00:00,5,1.0,TRANSPORT,"Positive viewing feedback. Applicant liked the layout and Islington location, with questions about tenancy terms."
F-2179,V-2487,A-1701,P-2082,2026-06-23 11:00:00,5,1.0,,"Positive viewing feedback. Applicant liked the layout and Croydon location, with questions about tenancy terms."
F-2180,V-2489,A-1701,P-1555,2026-06-23 13:00:00,3,0.0,PRICE,Applicant liked aspects of the property but raised price sensitivity versus budget.
F-2181,V-2490,A-1701,P-2408,2026-05-23 11:00:00,5,1.0,,"Positive viewing feedback. Applicant liked the layout and Croydon location, with questions about tenancy terms."
F-2182,V-2491,A-1702,P-2429,2026-05-04 10:00:00,5,1.0,,"Positive viewing feedback. Applicant liked the layout and Canary Wharf location, with questions about tenancy terms."
F-2183,V-2492,A-1702,P-2047,2026-05-28 13:00:00,5,1.0,,"Positive viewing feedback. Applicant liked the layout and Canary Wharf location, with questions about tenancy terms."
F-2184,V-2493,A-1702,P-1103,2026-06-08 16:00:00,4,0.5,PRICE,"Positive viewing feedback. Applicant liked the layout and Canary Wharf location, with questions about tenancy terms."
F-2185,V-2495,A-1702,P-2012,2026-06-24 13:00:00,5,1.0,,"Positive viewing feedback. Applicant liked the layout and Canary Wharf location, with questions about tenancy terms."
F-2186,V-2496,A-1702,P-1081,2026-05-10 10:00:00,5,1.0,,"Positive viewing feedback. Applicant liked the layout and Canary Wharf location, with questions about tenancy terms."
F-2187,V-2497,A-1702,P-1852,2026-07-02 10:00:00,5,1.0,,"Positive viewing feedback. Applicant liked the layout and Canary Wharf location, with questions about tenancy terms."
F-2188,V-2498,A-1702,P-2510,2026-06-03 10:00:00,5,1.0,TRANSPORT,"Positive viewing feedback. Applicant liked the layout and Canary Wharf location, with questions about tenancy terms."
F-2189,V-2499,A-1703,P-1999,2026-05-31 17:00:00,3,0.0,PRICE,Applicant liked aspects of the property but raised price sensitivity versus budget.
F-2190,V-2501,A-1703,P-2945,2026-05-23 14:00:00,5,1.0,PRICE,"Positive viewing feedback. Applicant liked the layout and Shoreditch location, with questions about tenancy terms."
F-2191,V-2502,A-1704,P-2492,2026-06-06 11:00:00,5,1.0,,"Positive viewing feedback. Applicant liked the layout and Croydon location, with questions about tenancy terms."
F-2192,V-2503,A-1704,P-1028,2026-05-16 09:00:00,4,0.5,,"Positive viewing feedback. Applicant liked the layout and Croydon location, with questions about tenancy terms."
F-2193,V-2504,A-1704,P-1759,2026-07-28 16:00:00,3,0.0,,Applicant had reservations and asked for better matching alternatives.
F-2194,V-2505,A-1705,P-2544,2026-06-15 10:00:00,4,0.5,,"Positive viewing feedback. Applicant liked the layout and Greenwich location, with questions about tenancy terms."
F-2195,V-2506,A-1705,P-2026,2026-07-25 16:00:00,4,0.5,TRANSPORT,"Positive viewing feedback. Applicant liked the layout and Greenwich location, with questions about tenancy terms."
F-2196,V-2507,A-1705,P-1799,2026-06-02 10:00:00,4,0.5,,"Positive viewing feedback. Applicant liked the layout and Greenwich location, with questions about tenancy terms."
F-2197,V-2508,A-1705,P-2149,2026-06-13 10:00:00,4,0.5,PRICE|TRANSPORT,"Positive viewing feedback. Applicant liked the layout and Greenwich location, with questions about tenancy terms."
F-2198,V-2509,A-1705,P-2462,2026-05-28 11:00:00,5,1.0,PRICE,"Positive viewing feedback. Applicant liked the layout and Clapham location, with questions about tenancy terms."
F-2199,V-2510,A-1705,P-2472,2026-05-14 16:00:00,4,0.5,,"Positive viewing feedback. Applicant liked the layout and Clapham location, with questions about tenancy terms."
F-2200,V-2511,A-1706,P-2379,2026-05-04 13:00:00,4,0.5,,"Positive viewing feedback. Applicant liked the layout and Croydon location, with questions about tenancy terms."
F-2201,V-2513,A-1706,P-2187,2026-07-16 15:00:00,2,-0.5,PRICE|CONDITION,Applicant liked aspects of the property but raised price sensitivity versus budget.
F-2202,V-2514,A-1706,P-1137,2026-05-03 14:00:00,3,0.0,PRICE,Applicant liked aspects of the property but raised price sensitivity versus budget.
F-2203,V-2515,A-1706,P-1421,2026-06-14 12:00:00,4,0.5,TRANSPORT,"Positive viewing feedback. Applicant liked the layout and Croydon location, with questions about tenancy terms."
F-2204,V-2516,A-1707,P-2997,2026-07-25 16:00:00,5,1.0,,"Positive viewing feedback. Applicant liked the layout and Camden location, with questions about tenancy terms."
F-2205,V-2518,A-1708,P-2223,2026-07-10 13:00:00,5,1.0,TRANSPORT|TERMS,"Positive viewing feedback. Applicant liked the layout and Chelsea location, with questions about tenancy terms."
F-2206,V-2519,A-1709,P-2521,2026-07-22 15:00:00,3,0.0,PRICE,Applicant liked aspects of the property but raised price sensitivity versus budget.
F-2207,V-2520,A-1710,P-1022,2026-05-31 17:00:00,5,1.0,TRANSPORT,"Positive viewing feedback. Applicant liked the layout and Croydon location, with questions about tenancy terms."
F-2208,V-2521,A-1710,P-2865,2026-07-16 10:00:00,4,0.5,,"Positive viewing feedback. Applicant liked the layout and Croydon location, with questions about tenancy terms."
F-2209,V-2522,A-1710,P-1200,2026-05-24 16:00:00,5,1.0,TERMS,"Positive viewing feedback. Applicant liked the layout and Croydon location, with questions about tenancy terms."
F-2210,V-2523,A-1710,P-1834,2026-05-07 15:00:00,4,0.5,TRANSPORT,"Positive viewing feedback. Applicant liked the layout and Croydon location, with questions about tenancy terms."
F-2211,V-2524,A-1710,P-2379,2026-08-07 15:00:00,4,0.5,PRICE,"Positive viewing feedback. Applicant liked the layout and Croydon location, with questions about tenancy terms."
F-2212,V-2525,A-1710,P-1491,2026-07-07 10:00:00,5,1.0,,"Positive viewing feedback. Applicant liked the layout and Croydon location, with questions about tenancy terms."
F-2213,V-2526,A-1710,P-2082,2026-05-13 14:00:00,3,0.0,,Applicant had reservations and asked for better matching alternatives.
F-2214,V-2527,A-1711,P-1617,2026-07-04 13:00:00,4,0.5,PRICE|TRANSPORT,"Positive viewing feedback. Applicant liked the layout and Wimbledon location, with questions about tenancy terms."
F-2215,V-2528,A-1711,P-1570,2026-06-19 13:00:00,2,-0.5,PRICE|CONDITION,Applicant liked aspects of the property but raised price sensitivity versus budget.
F-2216,V-2529,A-1711,P-2933,2026-07-25 14:00:00,4,0.5,PRICE,"Positive viewing feedback. Applicant liked the layout and Stratford location, with questions about tenancy terms."
F-2217,V-2530,A-1711,P-2411,2026-07-08 11:00:00,4,0.5,,"Positive viewing feedback. Applicant liked the layout and Stratford location, with questions about tenancy terms."
F-2218,V-2531,A-1712,P-2040,2026-07-22 10:00:00,2,-0.5,AREA,Applicant had reservations and asked for better matching alternatives.
F-2219,V-2532,A-1712,P-1787,2026-07-26 13:00:00,4,0.5,TRANSPORT,"Positive viewing feedback. Applicant liked the layout and Shoreditch location, with questions about tenancy terms."
F-2220,V-2533,A-1713,P-1317,2026-05-10 13:00:00,3,0.0,PRICE|TRANSPORT,Applicant liked aspects of the property but raised price sensitivity versus budget.
F-2221,V-2534,A-1713,P-1244,2026-06-11 15:00:00,3,0.0,,Applicant had reservations and asked for better matching alternatives.
F-2222,V-2535,A-1713,P-1778,2026-05-11 09:00:00,5,1.0,TRANSPORT,"Positive viewing feedback. Applicant liked the layout and Stratford location, with questions about tenancy terms."
F-2223,V-2536,A-1714,P-1277,2026-06-25 10:00:00,4,0.5,,"Positive viewing feedback. Applicant liked the layout and Stratford location, with questions about tenancy terms."
F-2224,V-2537,A-1714,P-2811,2026-08-09 10:00:00,5,1.0,TRANSPORT,"Positive viewing feedback. Applicant liked the layout and Stratford location, with questions about tenancy terms."
F-2225,V-2538,A-1714,P-1689,2026-07-26 12:00:00,4,0.5,,"Positive viewing feedback. Applicant liked the layout and Stratford location, with questions about tenancy terms."
F-2226,V-2539,A-1714,P-1393,2026-08-02 13:00:00,2,-0.5,SIZE,Applicant had reservations and asked for better matching alternatives.
F-2227,V-2541,A-1714,P-1524,2026-05-09 11:00:00,4,0.5,TRANSPORT,"Positive viewing feedback. Applicant liked the layout and Stratford location, with questions about tenancy terms."
F-2228,V-2543,A-1715,P-2830,2026-06-19 11:00:00,4,0.5,PRICE,"Positive viewing feedback. Applicant liked the layout and Camden location, with questions about tenancy terms."
F-2229,V-2544,A-1716,P-1333,2026-07-04 16:00:00,4,0.5,PRICE,"Positive viewing feedback. Applicant liked the layout and Chelsea location, with questions about tenancy terms."
F-2230,V-2545,A-1716,P-1769,2026-06-15 15:00:00,5,1.0,,"Positive viewing feedback. Applicant liked the layout and Stratford location, with questions about tenancy terms."
F-2231,V-2546,A-1717,P-1465,2026-07-06 12:00:00,3,0.0,TERMS,Applicant had reservations and asked for better matching alternatives.
F-2232,V-2547,A-1717,P-2139,2026-07-02 11:00:00,2,-0.5,PRICE|SIZE,Applicant liked aspects of the property but raised price sensitivity versus budget.
F-2233,V-2549,A-1718,P-2795,2026-08-11 09:00:00,5,1.0,PRICE|TERMS,"Positive viewing feedback. Applicant liked the layout and Chelsea location, with questions about tenancy terms."
F-2234,V-2551,A-1719,P-1043,2026-06-10 13:00:00,5,1.0,TRANSPORT,"Positive viewing feedback. Applicant liked the layout and Canary Wharf location, with questions about tenancy terms."
F-2235,V-2553,A-1719,P-1946,2026-07-21 16:00:00,5,1.0,,"Positive viewing feedback. Applicant liked the layout and Canary Wharf location, with questions about tenancy terms."
F-2236,V-2554,A-1719,P-1188,2026-07-06 09:00:00,4,0.5,PRICE,"Positive viewing feedback. Applicant liked the layout and Chelsea location, with questions about tenancy terms."
F-2237,V-2556,A-1719,P-2878,2026-05-10 17:00:00,5,1.0,,"Positive viewing feedback. Applicant liked the layout and Canary Wharf location, with questions about tenancy terms."
F-2238,V-2557,A-1719,P-1185,2026-05-12 13:00:00,5,1.0,,"Positive viewing feedback. Applicant liked the layout and Battersea location, with questions about tenancy terms."
F-2239,V-2558,A-1720,P-2671,2026-06-16 10:00:00,4,0.5,,"Positive viewing feedback. Applicant liked the layout and Croydon location, with questions about tenancy terms."
F-2240,V-2559,A-1720,P-2341,2026-05-09 16:00:00,5,1.0,,"Positive viewing feedback. Applicant liked the layout and Croydon location, with questions about tenancy terms."
F-2241,V-2560,A-1720,P-1583,2026-05-16 14:00:00,5,1.0,TRANSPORT|TERMS,"Positive viewing feedback. Applicant liked the layout and Croydon location, with questions about tenancy terms."
F-2242,V-2561,A-1720,P-2052,2026-07-29 15:00:00,5,1.0,,"Positive viewing feedback. Applicant liked the layout and Croydon location, with questions about tenancy terms."
F-2243,V-2562,A-1720,P-1021,2026-06-05 09:00:00,4,0.5,PRICE,"Positive viewing feedback. Applicant liked the layout and Islington location, with questions about tenancy terms."
F-2244,V-2564,A-1721,P-2252,2026-07-01 15:00:00,4,0.5,PRICE,"Positive viewing feedback. Applicant liked the layout and Canary Wharf location, with questions about tenancy terms."
F-2245,V-2565,A-1721,P-2509,2026-05-04 16:00:00,4,0.5,TRANSPORT,"Positive viewing feedback. Applicant liked the layout and Canary Wharf location, with questions about tenancy terms."
F-2246,V-2566,A-1721,P-2142,2026-08-11 15:00:00,4,0.5,PRICE|TRANSPORT,"Positive viewing feedback. Applicant liked the layout and Canary Wharf location, with questions about tenancy terms."
F-2247,V-2567,A-1721,P-2031,2026-07-22 15:00:00,3,0.0,,Applicant had reservations and asked for better matching alternatives.
F-2248,V-2568,A-1722,P-1107,2026-05-15 09:00:00,5,1.0,,"Positive viewing feedback. Applicant liked the layout and Hackney location, with questions about tenancy terms."
F-2249,V-2569,A-1723,P-2797,2026-06-13 10:00:00,2,-0.5,PRICE|SIZE,Applicant liked aspects of the property but raised price sensitivity versus budget.
F-2250,V-2570,A-1723,P-1942,2026-07-31 09:00:00,4,0.5,PRICE,"Positive viewing feedback. Applicant liked the layout and Croydon location, with questions about tenancy terms."
F-2251,V-2571,A-1723,P-2225,2026-06-05 12:00:00,5,1.0,PRICE|TRANSPORT|TERMS,"Positive viewing feedback. Applicant liked the layout and Battersea location, with questions about tenancy terms."
F-2252,V-2572,A-1723,P-2268,2026-07-02 10:00:00,3,0.0,PRICE,Applicant liked aspects of the property but raised price sensitivity versus budget.
F-2253,V-2574,A-1724,P-1452,2026-06-05 12:00:00,5,1.0,,"Positive viewing feedback. Applicant liked the layout and Fulham location, with questions about tenancy terms."
F-2254,V-2575,A-1724,P-1391,2026-05-03 17:00:00,5,1.0,,"Positive viewing feedback. Applicant liked the layout and Fulham location, with questions about tenancy terms."
F-2255,V-2577,A-1724,P-2781,2026-06-05 13:00:00,4,0.5,,"Positive viewing feedback. Applicant liked the layout and Fulham location, with questions about tenancy terms."
F-2256,V-2579,A-1725,P-1661,2026-07-24 16:00:00,5,1.0,,"Positive viewing feedback. Applicant liked the layout and Croydon location, with questions about tenancy terms."
F-2257,V-2580,A-1725,P-2372,2026-05-13 10:00:00,4,0.5,PRICE|TERMS,"Positive viewing feedback. Applicant liked the layout and Croydon location, with questions about tenancy terms."
F-2258,V-2581,A-1726,P-2154,2026-06-25 12:00:00,4,0.5,PRICE,"Positive viewing feedback. Applicant liked the layout and Canary Wharf location, with questions about tenancy terms."
F-2259,V-2582,A-1726,P-2994,2026-05-04 11:00:00,4,0.5,PRICE,"Positive viewing feedback. Applicant liked the layout and Chelsea location, with questions about tenancy terms."
F-2260,V-2583,A-1726,P-1553,2026-07-19 11:00:00,4,0.5,PRICE,"Positive viewing feedback. Applicant liked the layout and Canary Wharf location, with questions about tenancy terms."
F-2261,V-2584,A-1726,P-1147,2026-08-07 10:00:00,4,0.5,,"Positive viewing feedback. Applicant liked the layout and Canary Wharf location, with questions about tenancy terms."
F-2262,V-2585,A-1727,P-2373,2026-06-28 13:00:00,5,1.0,,"Positive viewing feedback. Applicant liked the layout and Greenwich location, with questions about tenancy terms."
F-2263,V-2586,A-1727,P-1350,2026-06-23 11:00:00,5,1.0,,"Positive viewing feedback. Applicant liked the layout and Greenwich location, with questions about tenancy terms."
F-2264,V-2587,A-1727,P-2886,2026-07-13 17:00:00,2,-0.5,PRICE|AREA,Applicant liked aspects of the property but raised price sensitivity versus budget.
F-2265,V-2588,A-1728,P-2433,2026-07-29 13:00:00,5,1.0,,"Positive viewing feedback. Applicant liked the layout and Stratford location, with questions about tenancy terms."
F-2266,V-2589,A-1728,P-1142,2026-05-29 09:00:00,3,0.0,PRICE,Applicant liked aspects of the property but raised price sensitivity versus budget.
F-2267,V-2590,A-1728,P-2427,2026-08-04 10:00:00,4,0.5,PRICE|TERMS,"Positive viewing feedback. Applicant liked the layout and Stratford location, with questions about tenancy terms."
F-2268,V-2591,A-1729,P-2750,2026-05-30 17:00:00,4,0.5,,"Positive viewing feedback. Applicant liked the layout and Greenwich location, with questions about tenancy terms."
F-2269,V-2592,A-1729,P-2111,2026-07-03 17:00:00,5,1.0,,"Positive viewing feedback. Applicant liked the layout and Greenwich location, with questions about tenancy terms."
F-2270,V-2593,A-1729,P-2039,2026-06-06 17:00:00,5,1.0,,"Positive viewing feedback. Applicant liked the layout and Greenwich location, with questions about tenancy terms."
F-2271,V-2594,A-1729,P-2026,2026-07-18 11:00:00,5,1.0,PRICE,"Positive viewing feedback. Applicant liked the layout and Greenwich location, with questions about tenancy terms."
F-2272,V-2595,A-1730,P-1795,2026-08-09 15:00:00,3,0.0,,Applicant had reservations and asked for better matching alternatives.
F-2273,V-2597,A-1731,P-1458,2026-08-03 10:00:00,5,1.0,PRICE,"Positive viewing feedback. Applicant liked the layout and Greenwich location, with questions about tenancy terms."
F-2274,V-2598,A-1732,P-2039,2026-06-27 16:00:00,5,1.0,,"Positive viewing feedback. Applicant liked the layout and Greenwich location, with questions about tenancy terms."
F-2275,V-2599,A-1732,P-2197,2026-08-09 15:00:00,3,0.0,,Applicant had reservations and asked for better matching alternatives.
F-2276,V-2600,A-1733,P-1758,2026-07-01 12:00:00,5,1.0,,"Positive viewing feedback. Applicant liked the layout and Hackney location, with questions about tenancy terms."
F-2277,V-2601,A-1733,P-2766,2026-05-19 11:00:00,5,1.0,,"Positive viewing feedback. Applicant liked the layout and Islington location, with questions about tenancy terms."
F-2278,V-2602,A-1733,P-1190,2026-05-12 10:00:00,4,0.5,,"Positive viewing feedback. Applicant liked the layout and Hackney location, with questions about tenancy terms."
F-2279,V-2604,A-1734,P-1244,2026-07-31 11:00:00,5,1.0,PRICE|TERMS,"Positive viewing feedback. Applicant liked the layout and Stratford location, with questions about tenancy terms."
F-2280,V-2605,A-1734,P-1277,2026-06-17 12:00:00,5,1.0,,"Positive viewing feedback. Applicant liked the layout and Stratford location, with questions about tenancy terms."
F-2281,V-2606,A-1735,P-2657,2026-06-21 16:00:00,3,0.0,PRICE,Applicant liked aspects of the property but raised price sensitivity versus budget.
F-2282,V-2607,A-1735,P-1864,2026-06-05 09:00:00,3,0.0,TERMS,Applicant had reservations and asked for better matching alternatives.
F-2283,V-2608,A-1735,P-2532,2026-05-27 10:00:00,5,1.0,,"Positive viewing feedback. Applicant liked the layout and Greenwich location, with questions about tenancy terms."
F-2284,V-2610,A-1735,P-2053,2026-05-17 11:00:00,4,0.5,PRICE,"Positive viewing feedback. Applicant liked the layout and Greenwich location, with questions about tenancy terms."
F-2285,V-2611,A-1735,P-1806,2026-08-07 15:00:00,2,-0.5,PRICE|AREA,Applicant liked aspects of the property but raised price sensitivity versus budget.
F-2286,V-2612,A-1736,P-1465,2026-07-21 11:00:00,3,0.0,,Applicant had reservations and asked for better matching alternatives.
F-2287,V-2613,A-1736,P-1105,2026-07-02 09:00:00,4,0.5,TRANSPORT,"Positive viewing feedback. Applicant liked the layout and Chelsea location, with questions about tenancy terms."
F-2288,V-2614,A-1736,P-2144,2026-08-08 16:00:00,5,1.0,,"Positive viewing feedback. Applicant liked the layout and Canary Wharf location, with questions about tenancy terms."
F-2289,V-2615,A-1736,P-1227,2026-05-19 10:00:00,5,1.0,,"Positive viewing feedback. Applicant liked the layout and Canary Wharf location, with questions about tenancy terms."
F-2290,V-2616,A-1737,P-2579,2026-05-13 15:00:00,3,0.0,,Applicant had reservations and asked for better matching alternatives.
F-2291,V-2617,A-1737,P-2056,2026-05-29 13:00:00,4,0.5,,"Positive viewing feedback. Applicant liked the layout and Stratford location, with questions about tenancy terms."
F-2292,V-2618,A-1737,P-1073,2026-07-06 14:00:00,4,0.5,,"Positive viewing feedback. Applicant liked the layout and Stratford location, with questions about tenancy terms."
F-2293,V-2619,A-1737,P-2228,2026-07-07 16:00:00,4,0.5,PRICE,"Positive viewing feedback. Applicant liked the layout and Chelsea location, with questions about tenancy terms."
F-2294,V-2620,A-1737,P-1048,2026-07-26 17:00:00,4,0.5,,"Positive viewing feedback. Applicant liked the layout and Chelsea location, with questions about tenancy terms."
F-2295,V-2621,A-1738,P-2433,2026-08-11 09:00:00,4,0.5,,"Positive viewing feedback. Applicant liked the layout and Stratford location, with questions about tenancy terms."
F-2296,V-2622,A-1738,P-1423,2026-05-05 10:00:00,5,1.0,,"Positive viewing feedback. Applicant liked the layout and Stratford location, with questions about tenancy terms."
F-2297,V-2623,A-1738,P-2251,2026-08-04 15:00:00,4,0.5,PRICE,"Positive viewing feedback. Applicant liked the layout and Fulham location, with questions about tenancy terms."
F-2298,V-2624,A-1738,P-1119,2026-07-26 16:00:00,3,0.0,PRICE,Applicant liked aspects of the property but raised price sensitivity versus budget.
F-2299,V-2626,A-1739,P-1912,2026-07-29 13:00:00,2,-0.5,CONDITION,Applicant had reservations and asked for better matching alternatives.
F-2300,V-2627,A-1739,P-1957,2026-08-05 12:00:00,5,1.0,,"Positive viewing feedback. Applicant liked the layout and Camden location, with questions about tenancy terms."
F-2301,V-2628,A-1739,P-2512,2026-06-17 14:00:00,5,1.0,PRICE|TRANSPORT,"Positive viewing feedback. Applicant liked the layout and Camden location, with questions about tenancy terms."
F-2302,V-2629,A-1739,P-1451,2026-07-22 12:00:00,4,0.5,,"Positive viewing feedback. Applicant liked the layout and Camden location, with questions about tenancy terms."
F-2303,V-2630,A-1739,P-2821,2026-07-26 16:00:00,3,0.0,,Applicant had reservations and asked for better matching alternatives.
F-2304,V-2631,A-1740,P-1802,2026-07-03 09:00:00,5,1.0,,"Positive viewing feedback. Applicant liked the layout and Clapham location, with questions about tenancy terms."
F-2305,V-2632,A-1740,P-2804,2026-07-31 10:00:00,4,0.5,TERMS,"Positive viewing feedback. Applicant liked the layout and Clapham location, with questions about tenancy terms."
F-2306,V-2633,A-1740,P-2423,2026-07-29 14:00:00,4,0.5,,"Positive viewing feedback. Applicant liked the layout and Clapham location, with questions about tenancy terms."
F-2307,V-2634,A-1741,P-1996,2026-06-10 17:00:00,5,1.0,PRICE,"Positive viewing feedback. Applicant liked the layout and Canary Wharf location, with questions about tenancy terms."
F-2308,V-2635,A-1742,P-2366,2026-06-10 15:00:00,4,0.5,,"Positive viewing feedback. Applicant liked the layout and Camden location, with questions about tenancy terms."
F-2309,V-2636,A-1742,P-1177,2026-05-29 10:00:00,5,1.0,,"Positive viewing feedback. Applicant liked the layout and Camden location, with questions about tenancy terms."
F-2310,V-2637,A-1743,P-2381,2026-07-22 14:00:00,5,1.0,TRANSPORT,"Positive viewing feedback. Applicant liked the layout and Wimbledon location, with questions about tenancy terms."
F-2311,V-2638,A-1743,P-2744,2026-05-30 10:00:00,4,0.5,,"Positive viewing feedback. Applicant liked the layout and Croydon location, with questions about tenancy terms."
F-2312,V-2639,A-1743,P-2237,2026-07-18 11:00:00,4,0.5,TERMS,"Positive viewing feedback. Applicant liked the layout and Croydon location, with questions about tenancy terms."
F-2313,V-2640,A-1743,P-2716,2026-06-29 17:00:00,3,0.0,PRICE,Applicant liked aspects of the property but raised price sensitivity versus budget.
F-2314,V-2641,A-1744,P-2673,2026-07-17 09:00:00,5,1.0,,"Positive viewing feedback. Applicant liked the layout and Islington location, with questions about tenancy terms."
F-2315,V-2643,A-1744,P-1002,2026-05-10 10:00:00,5,1.0,,"Positive viewing feedback. Applicant liked the layout and Islington location, with questions about tenancy terms."
F-2316,V-2644,A-1744,P-2840,2026-07-29 12:00:00,5,1.0,TERMS,"Positive viewing feedback. Applicant liked the layout and Islington location, with questions about tenancy terms."
F-2317,V-2645,A-1744,P-1091,2026-08-01 14:00:00,4,0.5,,"Positive viewing feedback. Applicant liked the layout and Islington location, with questions about tenancy terms."
F-2318,V-2646,A-1744,P-1319,2026-07-20 09:00:00,5,1.0,TRANSPORT|TERMS,"Positive viewing feedback. Applicant liked the layout and Islington location, with questions about tenancy terms."
F-2319,V-2647,A-1745,P-1345,2026-07-04 11:00:00,5,1.0,,"Positive viewing feedback. Applicant liked the layout and Hackney location, with questions about tenancy terms."
F-2320,V-2648,A-1745,P-2539,2026-05-13 17:00:00,5,1.0,,"Positive viewing feedback. Applicant liked the layout and Hackney location, with questions about tenancy terms."
F-2321,V-2649,A-1745,P-1381,2026-05-14 14:00:00,5,1.0,,"Positive viewing feedback. Applicant liked the layout and Hackney location, with questions about tenancy terms."
F-2322,V-2651,A-1746,P-2273,2026-05-13 14:00:00,2,-0.5,PRICE|CONDITION,Applicant liked aspects of the property but raised price sensitivity versus budget.
F-2323,V-2653,A-1746,P-2474,2026-06-17 11:00:00,3,0.0,PRICE,Applicant liked aspects of the property but raised price sensitivity versus budget.
F-2324,V-2654,A-1747,P-1414,2026-08-06 12:00:00,4,0.5,,"Positive viewing feedback. Applicant liked the layout and Battersea location, with questions about tenancy terms."
F-2325,V-2656,A-1747,P-1861,2026-05-11 09:00:00,3,0.0,TERMS,Applicant had reservations and asked for better matching alternatives.
F-2326,V-2657,A-1747,P-2927,2026-05-09 16:00:00,3,0.0,TRANSPORT|TERMS,Applicant had reservations and asked for better matching alternatives.
F-2327,V-2658,A-1748,P-1871,2026-06-25 15:00:00,3,0.0,TERMS,Applicant had reservations and asked for better matching alternatives.
F-2328,V-2659,A-1748,P-1019,2026-07-25 13:00:00,4,0.5,,"Positive viewing feedback. Applicant liked the layout and Wimbledon location, with questions about tenancy terms."
F-2329,V-2660,A-1748,P-1966,2026-06-26 15:00:00,5,1.0,,"Positive viewing feedback. Applicant liked the layout and Wimbledon location, with questions about tenancy terms."
F-2330,V-2664,A-1750,P-1639,2026-06-21 12:00:00,3,0.0,PRICE|TRANSPORT,Applicant liked aspects of the property but raised price sensitivity versus budget.
F-2331,V-2665,A-1750,P-2896,2026-08-02 16:00:00,5,1.0,TRANSPORT,"Positive viewing feedback. Applicant liked the layout and Canary Wharf location, with questions about tenancy terms."
F-2332,V-2666,A-1750,P-2299,2026-06-30 11:00:00,5,1.0,,"Positive viewing feedback. Applicant liked the layout and Canary Wharf location, with questions about tenancy terms."
F-2333,V-2667,A-1750,P-2857,2026-05-14 13:00:00,5,1.0,,"Positive viewing feedback. Applicant liked the layout and Canary Wharf location, with questions about tenancy terms."
F-2334,V-2668,A-1750,P-1103,2026-06-23 10:00:00,4,0.5,PRICE,"Positive viewing feedback. Applicant liked the layout and Canary Wharf location, with questions about tenancy terms."
F-2335,V-2669,A-1750,P-2498,2026-07-31 11:00:00,4,0.5,TERMS,"Positive viewing feedback. Applicant liked the layout and Canary Wharf location, with questions about tenancy terms."
F-2336,V-2670,A-1750,P-1346,2026-08-02 09:00:00,4,0.5,,"Positive viewing feedback. Applicant liked the layout and Canary Wharf location, with questions about tenancy terms."
F-2337,V-2671,A-1751,P-2981,2026-06-15 13:00:00,5,1.0,,"Positive viewing feedback. Applicant liked the layout and Islington location, with questions about tenancy terms."
F-2338,V-2672,A-1751,P-2583,2026-06-27 17:00:00,5,1.0,TRANSPORT,"Positive viewing feedback. Applicant liked the layout and Fulham location, with questions about tenancy terms."
F-2339,V-2673,A-1751,P-1774,2026-08-03 10:00:00,3,0.0,PRICE,Applicant liked aspects of the property but raised price sensitivity versus budget.
F-2340,V-2674,A-1751,P-1959,2026-05-25 14:00:00,5,1.0,PRICE|TRANSPORT|TERMS,"Positive viewing feedback. Applicant liked the layout and Fulham location, with questions about tenancy terms."
F-2341,V-2676,A-1751,P-2173,2026-08-04 10:00:00,3,0.0,,Applicant had reservations and asked for better matching alternatives.
F-2342,V-2678,A-1751,P-1698,2026-05-31 10:00:00,5,1.0,,"Positive viewing feedback. Applicant liked the layout and Canary Wharf location, with questions about tenancy terms."
F-2343,V-2681,A-1752,P-2109,2026-05-11 12:00:00,5,1.0,,"Positive viewing feedback. Applicant liked the layout and Clapham location, with questions about tenancy terms."
F-2344,V-2682,A-1752,P-2472,2026-06-08 09:00:00,5,1.0,,"Positive viewing feedback. Applicant liked the layout and Clapham location, with questions about tenancy terms."
F-2345,V-2684,A-1752,P-1498,2026-07-17 10:00:00,5,1.0,,"Positive viewing feedback. Applicant liked the layout and Clapham location, with questions about tenancy terms."
F-2346,V-2685,A-1753,P-1735,2026-08-10 09:00:00,2,-0.5,PRICE|AREA,Applicant liked aspects of the property but raised price sensitivity versus budget.
F-2347,V-2686,A-1753,P-2276,2026-07-09 15:00:00,5,1.0,,"Positive viewing feedback. Applicant liked the layout and Croydon location, with questions about tenancy terms."
F-2348,V-2687,A-1753,P-1195,2026-07-17 17:00:00,4,0.5,PRICE,"Positive viewing feedback. Applicant liked the layout and Islington location, with questions about tenancy terms."
F-2349,V-2688,A-1753,P-1844,2026-05-13 13:00:00,3,0.0,,Applicant had reservations and asked for better matching alternatives.
F-2350,V-2689,A-1753,P-1891,2026-06-08 11:00:00,4,0.5,,"Positive viewing feedback. Applicant liked the layout and Croydon location, with questions about tenancy terms."
F-2351,V-2690,A-1754,P-1577,2026-07-06 16:00:00,3,0.0,TRANSPORT,Applicant had reservations and asked for better matching alternatives.
F-2352,V-2691,A-1754,P-1291,2026-05-28 16:00:00,4,0.5,,"Positive viewing feedback. Applicant liked the layout and Canary Wharf location, with questions about tenancy terms."
F-2353,V-2692,A-1755,P-2771,2026-08-03 11:00:00,4,0.5,,"Positive viewing feedback. Applicant liked the layout and Croydon location, with questions about tenancy terms."
F-2354,V-2693,A-1755,P-1673,2026-06-13 17:00:00,4,0.5,TRANSPORT,"Positive viewing feedback. Applicant liked the layout and Islington location, with questions about tenancy terms."
F-2355,V-2694,A-1755,P-1548,2026-07-30 14:00:00,3,0.0,TERMS,Applicant had reservations and asked for better matching alternatives.
F-2356,V-2695,A-1756,P-2846,2026-06-10 12:00:00,4,0.5,,"Positive viewing feedback. Applicant liked the layout and Clapham location, with questions about tenancy terms."
F-2357,V-2696,A-1756,P-2462,2026-06-13 17:00:00,4,0.5,TERMS,"Positive viewing feedback. Applicant liked the layout and Clapham location, with questions about tenancy terms."
F-2358,V-2698,A-1756,P-2589,2026-07-12 15:00:00,4,0.5,,"Positive viewing feedback. Applicant liked the layout and Wimbledon location, with questions about tenancy terms."
F-2359,V-2700,A-1756,P-1785,2026-06-05 17:00:00,4,0.5,,"Positive viewing feedback. Applicant liked the layout and Wimbledon location, with questions about tenancy terms."
F-2360,V-2701,A-1757,P-1925,2026-05-20 15:00:00,3,0.0,TERMS,Applicant had reservations and asked for better matching alternatives.
F-2361,V-2704,A-1758,P-1663,2026-07-21 09:00:00,4,0.5,TERMS,"Positive viewing feedback. Applicant liked the layout and Fulham location, with questions about tenancy terms."
F-2362,V-2705,A-1759,P-1998,2026-07-14 14:00:00,4,0.5,PRICE,"Positive viewing feedback. Applicant liked the layout and Clapham location, with questions about tenancy terms."
F-2363,V-2706,A-1759,P-2637,2026-07-18 14:00:00,4,0.5,PRICE|TERMS,"Positive viewing feedback. Applicant liked the layout and Chelsea location, with questions about tenancy terms."
F-2364,V-2707,A-1759,P-1328,2026-08-01 14:00:00,5,1.0,,"Positive viewing feedback. Applicant liked the layout and Hackney location, with questions about tenancy terms."
F-2365,V-2708,A-1759,P-2181,2026-06-26 11:00:00,2,-0.5,PRICE|SIZE,Applicant liked aspects of the property but raised price sensitivity versus budget.
F-2366,V-2709,A-1760,P-1797,2026-05-27 15:00:00,2,-0.5,PRICE|SIZE,Applicant liked aspects of the property but raised price sensitivity versus budget.
F-2367,V-2711,A-1760,P-1290,2026-06-20 14:00:00,4,0.5,,"Positive viewing feedback. Applicant liked the layout and Stratford location, with questions about tenancy terms."
F-2368,V-2712,A-1760,P-2030,2026-05-28 13:00:00,2,-0.5,PRICE|SIZE,Applicant liked aspects of the property but raised price sensitivity versus budget.
F-2369,V-2713,A-1761,P-1430,2026-05-28 11:00:00,5,1.0,,"Positive viewing feedback. Applicant liked the layout and Croydon location, with questions about tenancy terms."
F-2370,V-2714,A-1761,P-2889,2026-06-17 13:00:00,2,-0.5,AREA,Applicant had reservations and asked for better matching alternatives.
F-2371,V-2715,A-1761,P-1949,2026-07-16 16:00:00,4,0.5,,"Positive viewing feedback. Applicant liked the layout and Canary Wharf location, with questions about tenancy terms."
F-2372,V-2717,A-1761,P-2380,2026-06-25 12:00:00,4,0.5,PRICE,"Positive viewing feedback. Applicant liked the layout and Canary Wharf location, with questions about tenancy terms."
F-2373,V-2718,A-1761,P-2932,2026-06-03 09:00:00,4,0.5,,"Positive viewing feedback. Applicant liked the layout and Croydon location, with questions about tenancy terms."
F-2374,V-2719,A-1762,P-1444,2026-07-03 11:00:00,3,0.0,PRICE,Applicant liked aspects of the property but raised price sensitivity versus budget.
F-2375,V-2720,A-1762,P-2021,2026-07-13 11:00:00,4,0.5,PRICE,"Positive viewing feedback. Applicant liked the layout and Wimbledon location, with questions about tenancy terms."
F-2376,V-2721,A-1762,P-2591,2026-06-13 09:00:00,4,0.5,PRICE|TERMS,"Positive viewing feedback. Applicant liked the layout and Islington location, with questions about tenancy terms."
F-2377,V-2722,A-1763,P-1958,2026-06-04 12:00:00,4,0.5,TRANSPORT,"Positive viewing feedback. Applicant liked the layout and Croydon location, with questions about tenancy terms."
F-2378,V-2723,A-1763,P-2809,2026-05-08 15:00:00,4,0.5,,"Positive viewing feedback. Applicant liked the layout and Hackney location, with questions about tenancy terms."
F-2379,V-2724,A-1764,P-1507,2026-06-29 10:00:00,5,1.0,,"Positive viewing feedback. Applicant liked the layout and Greenwich location, with questions about tenancy terms."
F-2380,V-2725,A-1764,P-2606,2026-06-04 16:00:00,4,0.5,TRANSPORT,"Positive viewing feedback. Applicant liked the layout and Greenwich location, with questions about tenancy terms."
F-2381,V-2726,A-1764,P-1848,2026-06-20 15:00:00,5,1.0,TRANSPORT,"Positive viewing feedback. Applicant liked the layout and Greenwich location, with questions about tenancy terms."
F-2382,V-2727,A-1764,P-2602,2026-05-03 11:00:00,5,1.0,TERMS,"Positive viewing feedback. Applicant liked the layout and Greenwich location, with questions about tenancy terms."
F-2383,V-2728,A-1765,P-1341,2026-07-01 11:00:00,2,-0.5,AREA,Applicant had reservations and asked for better matching alternatives.
F-2384,V-2729,A-1765,P-1412,2026-05-22 13:00:00,5,1.0,,"Positive viewing feedback. Applicant liked the layout and Clapham location, with questions about tenancy terms."
F-2385,V-2730,A-1765,P-1362,2026-07-13 15:00:00,4,0.5,,"Positive viewing feedback. Applicant liked the layout and Clapham location, with questions about tenancy terms."
F-2386,V-2731,A-1765,P-1586,2026-07-05 12:00:00,5,1.0,,"Positive viewing feedback. Applicant liked the layout and Clapham location, with questions about tenancy terms."
F-2387,V-2732,A-1765,P-1724,2026-05-19 13:00:00,4,0.5,,"Positive viewing feedback. Applicant liked the layout and Clapham location, with questions about tenancy terms."
F-2388,V-2734,A-1766,P-1429,2026-07-21 16:00:00,5,1.0,TERMS,"Positive viewing feedback. Applicant liked the layout and Camden location, with questions about tenancy terms."
F-2389,V-2735,A-1766,P-1527,2026-06-08 10:00:00,5,1.0,,"Positive viewing feedback. Applicant liked the layout and Camden location, with questions about tenancy terms."
F-2390,V-2736,A-1766,P-1626,2026-06-25 10:00:00,4,0.5,,"Positive viewing feedback. Applicant liked the layout and Shoreditch location, with questions about tenancy terms."
F-2391,V-2737,A-1766,P-1137,2026-05-31 12:00:00,4,0.5,,"Positive viewing feedback. Applicant liked the layout and Shoreditch location, with questions about tenancy terms."
F-2392,V-2738,A-1766,P-1286,2026-06-29 09:00:00,5,1.0,,"Positive viewing feedback. Applicant liked the layout and Shoreditch location, with questions about tenancy terms."
F-2393,V-2739,A-1767,P-2420,2026-08-08 11:00:00,5,1.0,PRICE|TRANSPORT,"Positive viewing feedback. Applicant liked the layout and Clapham location, with questions about tenancy terms."
F-2394,V-2740,A-1767,P-2222,2026-05-22 14:00:00,5,1.0,,"Positive viewing feedback. Applicant liked the layout and Greenwich location, with questions about tenancy terms."
F-2395,V-2741,A-1767,P-1552,2026-05-16 11:00:00,5,1.0,,"Positive viewing feedback. Applicant liked the layout and Greenwich location, with questions about tenancy terms."
F-2396,V-2742,A-1767,P-2602,2026-05-08 14:00:00,5,1.0,PRICE|TRANSPORT,"Positive viewing feedback. Applicant liked the layout and Greenwich location, with questions about tenancy terms."
F-2397,V-2743,A-1768,P-2550,2026-05-15 12:00:00,5,1.0,,"Positive viewing feedback. Applicant liked the layout and Croydon location, with questions about tenancy terms."
F-2398,V-2744,A-1768,P-2715,2026-05-25 09:00:00,5,1.0,TRANSPORT|TERMS,"Positive viewing feedback. Applicant liked the layout and Canary Wharf location, with questions about tenancy terms."
F-2399,V-2745,A-1768,P-2995,2026-07-02 15:00:00,2,-0.5,PRICE|TRANSPORT|AREA,Applicant liked aspects of the property but raised price sensitivity versus budget.
F-2400,V-2746,A-1768,P-2510,2026-06-15 13:00:00,5,1.0,TERMS,"Positive viewing feedback. Applicant liked the layout and Canary Wharf location, with questions about tenancy terms."
F-2401,V-2747,A-1769,P-DEMO-02,2026-06-10 11:00:00,4,0.5,,"Positive viewing feedback. Applicant liked the layout and Stratford location, with questions about tenancy terms."
F-2402,V-2748,A-1769,P-1116,2026-07-29 10:00:00,4,0.5,PRICE,"Positive viewing feedback. Applicant liked the layout and Fulham location, with questions about tenancy terms."
F-2403,V-2749,A-1769,P-1525,2026-06-29 13:00:00,4,0.5,PRICE|TRANSPORT,"Positive viewing feedback. Applicant liked the layout and Stratford location, with questions about tenancy terms."
F-2404,V-2750,A-1769,P-2038,2026-06-11 09:00:00,3,0.0,PRICE|TRANSPORT|TERMS,Applicant liked aspects of the property but raised price sensitivity versus budget.
F-2405,V-2752,A-1770,P-2310,2026-05-13 13:00:00,5,1.0,,"Positive viewing feedback. Applicant liked the layout and Stratford location, with questions about tenancy terms."
F-2406,V-2753,A-1770,P-1407,2026-05-08 09:00:00,4,0.5,,"Positive viewing feedback. Applicant liked the layout and Stratford location, with questions about tenancy terms."
F-2407,V-2754,A-1770,P-1811,2026-07-22 15:00:00,5,1.0,TRANSPORT|TERMS,"Positive viewing feedback. Applicant liked the layout and Stratford location, with questions about tenancy terms."
F-2408,V-2755,A-1770,P-2143,2026-05-10 13:00:00,5,1.0,,"Positive viewing feedback. Applicant liked the layout and Wimbledon location, with questions about tenancy terms."
F-2409,V-2756,A-1770,P-2125,2026-07-30 16:00:00,5,1.0,,"Positive viewing feedback. Applicant liked the layout and Stratford location, with questions about tenancy terms."
F-2410,V-2757,A-1770,P-2841,2026-06-21 14:00:00,5,1.0,,"Positive viewing feedback. Applicant liked the layout and Stratford location, with questions about tenancy terms."
F-2411,V-2758,A-1771,P-1309,2026-05-09 12:00:00,4,0.5,,"Positive viewing feedback. Applicant liked the layout and Greenwich location, with questions about tenancy terms."
F-2412,V-2760,A-1771,P-1683,2026-05-29 12:00:00,5,1.0,,"Positive viewing feedback. Applicant liked the layout and Greenwich location, with questions about tenancy terms."
F-2413,V-2761,A-1772,P-2812,2026-07-29 09:00:00,4,0.5,,"Positive viewing feedback. Applicant liked the layout and Battersea location, with questions about tenancy terms."
F-2414,V-2762,A-1772,P-2716,2026-05-12 12:00:00,4,0.5,TERMS,"Positive viewing feedback. Applicant liked the layout and Battersea location, with questions about tenancy terms."
F-2415,V-2763,A-1772,P-2410,2026-05-15 16:00:00,3,0.0,PRICE,Applicant liked aspects of the property but raised price sensitivity versus budget.
F-2416,V-2764,A-1773,P-1799,2026-05-10 10:00:00,5,1.0,TRANSPORT,"Positive viewing feedback. Applicant liked the layout and Greenwich location, with questions about tenancy terms."
F-2417,V-2765,A-1773,P-1793,2026-06-16 15:00:00,5,1.0,,"Positive viewing feedback. Applicant liked the layout and Greenwich location, with questions about tenancy terms."
F-2418,V-2766,A-1773,P-2053,2026-06-01 13:00:00,4,0.5,,"Positive viewing feedback. Applicant liked the layout and Greenwich location, with questions about tenancy terms."
F-2419,V-2767,A-1773,P-1523,2026-08-10 09:00:00,5,1.0,TRANSPORT,"Positive viewing feedback. Applicant liked the layout and Greenwich location, with questions about tenancy terms."
F-2420,V-2768,A-1774,P-1263,2026-06-02 16:00:00,5,1.0,,"Positive viewing feedback. Applicant liked the layout and Clapham location, with questions about tenancy terms."
F-2421,V-2770,A-1775,P-1089,2026-08-09 17:00:00,4,0.5,PRICE|TRANSPORT,"Positive viewing feedback. Applicant liked the layout and Hackney location, with questions about tenancy terms."
F-2422,V-2771,A-1776,P-1856,2026-05-17 14:00:00,3,0.0,,Applicant had reservations and asked for better matching alternatives.
F-2423,V-2772,A-1776,P-2036,2026-08-07 11:00:00,5,1.0,,"Positive viewing feedback. Applicant liked the layout and Wimbledon location, with questions about tenancy terms."
F-2424,V-2773,A-1776,P-1259,2026-05-11 15:00:00,5,1.0,,"Positive viewing feedback. Applicant liked the layout and Wimbledon location, with questions about tenancy terms."
F-2425,V-2774,A-1776,P-1088,2026-06-02 14:00:00,4,0.5,PRICE,"Positive viewing feedback. Applicant liked the layout and Clapham location, with questions about tenancy terms."
F-2426,V-2775,A-1776,P-2876,2026-05-13 17:00:00,5,1.0,,"Positive viewing feedback. Applicant liked the layout and Stratford location, with questions about tenancy terms."
F-2427,V-2776,A-1777,P-1283,2026-08-07 09:00:00,4,0.5,,"Positive viewing feedback. Applicant liked the layout and Stratford location, with questions about tenancy terms."
F-2428,V-2778,A-1778,P-2797,2026-05-08 17:00:00,5,1.0,PRICE,"Positive viewing feedback. Applicant liked the layout and Battersea location, with questions about tenancy terms."
F-2429,V-2779,A-1778,P-2751,2026-05-05 09:00:00,3,0.0,PRICE,Applicant liked aspects of the property but raised price sensitivity versus budget.
F-2430,V-2780,A-1779,P-2883,2026-06-18 16:00:00,4,0.5,,"Positive viewing feedback. Applicant liked the layout and Croydon location, with questions about tenancy terms."
F-2431,V-2781,A-1779,P-1820,2026-05-09 15:00:00,5,1.0,,"Positive viewing feedback. Applicant liked the layout and Croydon location, with questions about tenancy terms."
F-2432,V-2782,A-1779,P-2175,2026-07-22 14:00:00,5,1.0,TRANSPORT,"Positive viewing feedback. Applicant liked the layout and Croydon location, with questions about tenancy terms."
F-2433,V-2783,A-1779,P-2567,2026-05-14 09:00:00,5,1.0,,"Positive viewing feedback. Applicant liked the layout and Croydon location, with questions about tenancy terms."
F-2434,V-2784,A-1779,P-1229,2026-05-29 16:00:00,3,0.0,PRICE,Applicant liked aspects of the property but raised price sensitivity versus budget.
F-2435,V-2785,A-1780,P-1248,2026-07-03 15:00:00,5,1.0,,"Positive viewing feedback. Applicant liked the layout and Shoreditch location, with questions about tenancy terms."
F-2436,V-2786,A-1782,P-1486,2026-07-21 10:00:00,4,0.5,PRICE,"Positive viewing feedback. Applicant liked the layout and Wimbledon location, with questions about tenancy terms."
F-2437,V-2787,A-1782,P-1154,2026-07-11 16:00:00,4,0.5,PRICE|TERMS,"Positive viewing feedback. Applicant liked the layout and Hackney location, with questions about tenancy terms."
F-2438,V-2788,A-1783,P-2164,2026-07-05 11:00:00,5,1.0,,"Positive viewing feedback. Applicant liked the layout and Hackney location, with questions about tenancy terms."
F-2439,V-2789,A-1783,P-1758,2026-07-29 09:00:00,5,1.0,,"Positive viewing feedback. Applicant liked the layout and Hackney location, with questions about tenancy terms."
F-2440,V-2790,A-1783,P-1262,2026-06-07 16:00:00,4,0.5,TERMS,"Positive viewing feedback. Applicant liked the layout and Hackney location, with questions about tenancy terms."
F-2441,V-2791,A-1783,P-1388,2026-05-09 14:00:00,4,0.5,,"Positive viewing feedback. Applicant liked the layout and Hackney location, with questions about tenancy terms."
F-2442,V-2792,A-1784,P-2639,2026-05-22 14:00:00,5,1.0,,"Positive viewing feedback. Applicant liked the layout and Fulham location, with questions about tenancy terms."
F-2443,V-2794,A-1785,P-1252,2026-05-31 17:00:00,3,0.0,PRICE,Applicant liked aspects of the property but raised price sensitivity versus budget.
F-2444,V-2795,A-1785,P-2247,2026-05-22 13:00:00,4,0.5,PRICE,"Positive viewing feedback. Applicant liked the layout and Canary Wharf location, with questions about tenancy terms."
F-2445,V-2796,A-1785,P-2821,2026-06-13 10:00:00,5,1.0,TRANSPORT,"Positive viewing feedback. Applicant liked the layout and Camden location, with questions about tenancy terms."
F-2446,V-2797,A-1786,P-2498,2026-05-10 13:00:00,4,0.5,,"Positive viewing feedback. Applicant liked the layout and Canary Wharf location, with questions about tenancy terms."
F-2447,V-2799,A-1786,P-2896,2026-08-11 15:00:00,4,0.5,,"Positive viewing feedback. Applicant liked the layout and Canary Wharf location, with questions about tenancy terms."
F-2448,V-2800,A-1786,P-2926,2026-06-26 12:00:00,5,1.0,,"Positive viewing feedback. Applicant liked the layout and Canary Wharf location, with questions about tenancy terms."
F-2449,V-2801,A-1786,P-2713,2026-05-15 13:00:00,5,1.0,PRICE,"Positive viewing feedback. Applicant liked the layout and Canary Wharf location, with questions about tenancy terms."
F-2450,V-2802,A-1788,P-2608,2026-07-30 12:00:00,5,1.0,,"Positive viewing feedback. Applicant liked the layout and Clapham location, with questions about tenancy terms."
F-2451,V-2803,A-1788,P-1998,2026-05-22 11:00:00,4,0.5,PRICE,"Positive viewing feedback. Applicant liked the layout and Clapham location, with questions about tenancy terms."
F-2452,V-2805,A-1788,P-2176,2026-05-30 11:00:00,3,0.0,PRICE|TERMS,Applicant liked aspects of the property but raised price sensitivity versus budget.
F-2453,V-2806,A-1788,P-1074,2026-05-20 14:00:00,5,1.0,PRICE,"Positive viewing feedback. Applicant liked the layout and Clapham location, with questions about tenancy terms."
F-2454,V-2807,A-1789,P-1937,2026-08-07 13:00:00,3,0.0,TERMS,Applicant had reservations and asked for better matching alternatives.
F-2455,V-2808,A-1789,P-2691,2026-05-11 12:00:00,4,0.5,TRANSPORT,"Positive viewing feedback. Applicant liked the layout and Fulham location, with questions about tenancy terms."
F-2456,V-2809,A-1789,P-2899,2026-06-13 13:00:00,4,0.5,PRICE,"Positive viewing feedback. Applicant liked the layout and Chelsea location, with questions about tenancy terms."
F-2457,V-2810,A-1789,P-2054,2026-05-11 14:00:00,5,1.0,,"Positive viewing feedback. Applicant liked the layout and Islington location, with questions about tenancy terms."
F-2458,V-2811,A-1790,P-1101,2026-05-12 16:00:00,5,1.0,,"Positive viewing feedback. Applicant liked the layout and Greenwich location, with questions about tenancy terms."
F-2459,V-2812,A-1790,P-2524,2026-08-01 09:00:00,5,1.0,PRICE,"Positive viewing feedback. Applicant liked the layout and Greenwich location, with questions about tenancy terms."
F-2460,V-2813,A-1790,P-2886,2026-06-27 09:00:00,3,0.0,PRICE,Applicant liked aspects of the property but raised price sensitivity versus budget.
F-2461,V-2814,A-1790,P-1848,2026-06-20 17:00:00,5,1.0,,"Positive viewing feedback. Applicant liked the layout and Greenwich location, with questions about tenancy terms."
F-2462,V-2815,A-1791,P-2118,2026-08-02 09:00:00,5,1.0,TRANSPORT,"Positive viewing feedback. Applicant liked the layout and Shoreditch location, with questions about tenancy terms."
F-2463,V-2816,A-1791,P-1930,2026-05-04 12:00:00,4,0.5,TRANSPORT,"Positive viewing feedback. Applicant liked the layout and Hackney location, with questions about tenancy terms."
F-2464,V-2817,A-1792,P-1965,2026-06-27 17:00:00,4,0.5,,"Positive viewing feedback. Applicant liked the layout and Stratford location, with questions about tenancy terms."
F-2465,V-2818,A-1793,P-1960,2026-07-02 14:00:00,3,0.0,TRANSPORT,Applicant had reservations and asked for better matching alternatives.
F-2466,V-2819,A-1793,P-2104,2026-07-03 16:00:00,4,0.5,,"Positive viewing feedback. Applicant liked the layout and Clapham location, with questions about tenancy terms."
F-2467,V-2820,A-1793,P-2999,2026-06-22 14:00:00,5,1.0,PRICE|TERMS,"Positive viewing feedback. Applicant liked the layout and Clapham location, with questions about tenancy terms."
F-2468,V-2822,A-1794,P-2992,2026-07-30 13:00:00,5,1.0,,"Positive viewing feedback. Applicant liked the layout and Stratford location, with questions about tenancy terms."
F-2469,V-2823,A-1794,P-1324,2026-06-15 12:00:00,4,0.5,,"Positive viewing feedback. Applicant liked the layout and Hackney location, with questions about tenancy terms."
F-2470,V-2824,A-1794,P-2400,2026-08-03 16:00:00,5,1.0,TERMS,"Positive viewing feedback. Applicant liked the layout and Stratford location, with questions about tenancy terms."
F-2471,V-2825,A-1794,P-1984,2026-05-22 15:00:00,4,0.5,,"Positive viewing feedback. Applicant liked the layout and Stratford location, with questions about tenancy terms."
F-2472,V-2827,A-1795,P-1136,2026-06-30 14:00:00,3,0.0,PRICE,Applicant liked aspects of the property but raised price sensitivity versus budget.
F-2473,V-2828,A-1795,P-2141,2026-07-13 13:00:00,3,0.0,,Applicant had reservations and asked for better matching alternatives.
F-2474,V-2829,A-1796,P-1841,2026-07-18 11:00:00,3,0.0,PRICE|TERMS,Applicant liked aspects of the property but raised price sensitivity versus budget.
F-2475,V-2830,A-1796,P-1374,2026-08-08 15:00:00,5,1.0,,"Positive viewing feedback. Applicant liked the layout and Croydon location, with questions about tenancy terms."
F-2476,V-2831,A-1797,P-1127,2026-07-22 11:00:00,3,0.0,PRICE|TRANSPORT,Applicant liked aspects of the property but raised price sensitivity versus budget.
F-2477,V-2832,A-1798,P-2888,2026-07-06 11:00:00,3,0.0,,Applicant had reservations and asked for better matching alternatives.
F-2478,V-2833,A-1798,P-2935,2026-08-06 14:00:00,4,0.5,,"Positive viewing feedback. Applicant liked the layout and Islington location, with questions about tenancy terms."
F-2479,V-2834,A-1798,P-2009,2026-07-22 10:00:00,4,0.5,,"Positive viewing feedback. Applicant liked the layout and Islington location, with questions about tenancy terms."
F-2480,V-2836,A-1799,P-1827,2026-06-19 17:00:00,5,1.0,,"Positive viewing feedback. Applicant liked the layout and Islington location, with questions about tenancy terms."
F-2481,V-2837,A-1799,P-2742,2026-07-19 09:00:00,3,0.0,PRICE|TRANSPORT,Applicant liked aspects of the property but raised price sensitivity versus budget.
F-2482,V-2838,A-1799,P-2241,2026-05-27 14:00:00,5,1.0,,"Positive viewing feedback. Applicant liked the layout and Stratford location, with questions about tenancy terms."
F-2483,V-2839,A-1799,P-2829,2026-08-06 13:00:00,3,0.0,PRICE|TERMS,Applicant liked aspects of the property but raised price sensitivity versus budget.
F-2484,V-2840,A-1799,P-1769,2026-08-08 11:00:00,3,0.0,,Applicant had reservations and asked for better matching alternatives.
F-2485,V-2841,A-1800,P-1099,2026-07-28 14:00:00,3,0.0,,Applicant had reservations and asked for better matching alternatives.
F-2486,V-2842,A-1800,P-1408,2026-05-18 11:00:00,5,1.0,PRICE,"Positive viewing feedback. Applicant liked the layout and Fulham location, with questions about tenancy terms."
F-2487,V-2843,A-1800,P-2552,2026-06-06 15:00:00,3,0.0,PRICE,Applicant liked aspects of the property but raised price sensitivity versus budget.
F-2488,V-2844,A-1800,P-2101,2026-07-11 09:00:00,2,-0.5,PRICE|CONDITION,Applicant liked aspects of the property but raised price sensitivity versus budget.
F-2489,V-2845,A-1800,P-2930,2026-05-18 12:00:00,2,-0.5,AREA,Applicant had reservations and asked for better matching alternatives.
F-2490,V-2846,A-1800,P-2691,2026-07-06 12:00:00,3,0.0,TRANSPORT,Applicant had reservations and asked for better matching alternatives.
F-2491,V-2847,A-1800,P-1896,2026-08-01 16:00:00,3,0.0,,Applicant had reservations and asked for better matching alternatives.
F-2492,V-2848,A-1801,P-1850,2026-06-02 15:00:00,3,0.0,TRANSPORT,Applicant had reservations and asked for better matching alternatives.
F-2493,V-2849,A-1801,P-1340,2026-07-02 12:00:00,3,0.0,PRICE,Applicant liked aspects of the property but raised price sensitivity versus budget.
F-2494,V-2850,A-1801,P-2830,2026-05-07 13:00:00,4,0.5,TRANSPORT,"Positive viewing feedback. Applicant liked the layout and Camden location, with questions about tenancy terms."
F-2495,V-2851,A-1802,P-2583,2026-05-25 17:00:00,5,1.0,TRANSPORT,"Positive viewing feedback. Applicant liked the layout and Fulham location, with questions about tenancy terms."
F-2496,V-2852,A-1802,P-2425,2026-06-30 14:00:00,5,1.0,TRANSPORT,"Positive viewing feedback. Applicant liked the layout and Fulham location, with questions about tenancy terms."
F-2497,V-2853,A-1803,P-1596,2026-05-21 09:00:00,1,-1.0,PRICE|SIZE,Applicant liked aspects of the property but raised price sensitivity versus budget.
F-2498,V-2854,A-1803,P-1146,2026-05-17 13:00:00,5,1.0,,"Positive viewing feedback. Applicant liked the layout and Stratford location, with questions about tenancy terms."
F-2499,V-2855,A-1804,P-2858,2026-06-03 10:00:00,4,0.5,PRICE,"Positive viewing feedback. Applicant liked the layout and Canary Wharf location, with questions about tenancy terms."
F-2500,V-2856,A-1805,P-2441,2026-06-18 15:00:00,2,-0.5,TRANSPORT|SIZE|TERMS,Applicant had reservations and asked for better matching alternatives.
F-2501,V-2857,A-1805,P-1095,2026-05-19 13:00:00,3,0.0,TERMS,Applicant had reservations and asked for better matching alternatives.
F-2502,V-2858,A-1805,P-1480,2026-06-29 14:00:00,5,1.0,,"Positive viewing feedback. Applicant liked the layout and Shoreditch location, with questions about tenancy terms."
F-2503,V-2859,A-1805,P-1438,2026-06-19 12:00:00,5,1.0,PRICE,"Positive viewing feedback. Applicant liked the layout and Shoreditch location, with questions about tenancy terms."
F-2504,V-2861,A-1806,P-1455,2026-07-07 09:00:00,4,0.5,TRANSPORT,"Positive viewing feedback. Applicant liked the layout and Croydon location, with questions about tenancy terms."
F-2505,V-2863,A-1806,P-1717,2026-07-05 16:00:00,5,1.0,PRICE,"Positive viewing feedback. Applicant liked the layout and Croydon location, with questions about tenancy terms."
F-2506,V-2864,A-1806,P-1891,2026-07-09 12:00:00,5,1.0,,"Positive viewing feedback. Applicant liked the layout and Croydon location, with questions about tenancy terms."
F-2507,V-2865,A-1807,P-2630,2026-07-30 10:00:00,4,0.5,PRICE,"Positive viewing feedback. Applicant liked the layout and Fulham location, with questions about tenancy terms."
F-2508,V-2866,A-1807,P-1757,2026-07-07 13:00:00,5,1.0,TERMS,"Positive viewing feedback. Applicant liked the layout and Fulham location, with questions about tenancy terms."
F-2509,V-2867,A-1808,P-1347,2026-07-10 13:00:00,5,1.0,,"Positive viewing feedback. Applicant liked the layout and Croydon location, with questions about tenancy terms."
F-2510,V-2869,A-1808,P-2082,2026-07-18 16:00:00,3,0.0,,Applicant had reservations and asked for better matching alternatives.
F-2511,V-2871,A-1808,P-2932,2026-07-11 10:00:00,3,0.0,,Applicant had reservations and asked for better matching alternatives.
F-2512,V-2872,A-1809,P-1191,2026-06-02 14:00:00,5,1.0,PRICE,"Positive viewing feedback. Applicant liked the layout and Hackney location, with questions about tenancy terms."
F-2513,V-2873,A-1809,P-1844,2026-07-13 14:00:00,4,0.5,,"Positive viewing feedback. Applicant liked the layout and Croydon location, with questions about tenancy terms."
F-2514,V-2874,A-1809,P-2237,2026-05-28 09:00:00,5,1.0,,"Positive viewing feedback. Applicant liked the layout and Croydon location, with questions about tenancy terms."
F-2515,V-2875,A-1809,P-1069,2026-05-10 14:00:00,1,-1.0,PRICE|AREA|TERMS,Applicant liked aspects of the property but raised price sensitivity versus budget.
F-2516,V-2876,A-1810,P-1993,2026-08-10 09:00:00,4,0.5,PRICE,"Positive viewing feedback. Applicant liked the layout and Canary Wharf location, with questions about tenancy terms."
F-2517,V-2877,A-1810,P-2381,2026-05-04 11:00:00,4,0.5,,"Positive viewing feedback. Applicant liked the layout and Wimbledon location, with questions about tenancy terms."
F-2518,V-2880,A-1811,P-2973,2026-07-02 15:00:00,4,0.5,,"Positive viewing feedback. Applicant liked the layout and Croydon location, with questions about tenancy terms."
F-2519,V-2881,A-1811,P-1272,2026-07-15 14:00:00,4,0.5,,"Positive viewing feedback. Applicant liked the layout and Croydon location, with questions about tenancy terms."
F-2520,V-2882,A-1811,P-2363,2026-06-07 10:00:00,4,0.5,,"Positive viewing feedback. Applicant liked the layout and Croydon location, with questions about tenancy terms."
F-2521,V-2883,A-1811,P-1817,2026-07-12 09:00:00,2,-0.5,PRICE|SIZE|TERMS,Applicant liked aspects of the property but raised price sensitivity versus budget.
F-2522,V-2884,A-1812,P-1733,2026-06-04 11:00:00,5,1.0,,"Positive viewing feedback. Applicant liked the layout and Greenwich location, with questions about tenancy terms."
F-2523,V-2885,A-1812,P-2450,2026-05-29 13:00:00,5,1.0,,"Positive viewing feedback. Applicant liked the layout and Greenwich location, with questions about tenancy terms."
F-2524,V-2886,A-1812,P-2402,2026-06-09 13:00:00,5,1.0,,"Positive viewing feedback. Applicant liked the layout and Greenwich location, with questions about tenancy terms."
F-2525,V-2887,A-1812,P-2120,2026-05-08 10:00:00,4,0.5,PRICE|TRANSPORT,"Positive viewing feedback. Applicant liked the layout and Fulham location, with questions about tenancy terms."
F-2526,V-2888,A-1813,P-2823,2026-05-27 12:00:00,2,-0.5,PRICE|AREA|TERMS,Applicant liked aspects of the property but raised price sensitivity versus budget.
F-2527,V-2889,A-1813,P-1147,2026-05-09 09:00:00,4,0.5,,"Positive viewing feedback. Applicant liked the layout and Canary Wharf location, with questions about tenancy terms."
F-2528,V-2890,A-1813,P-1701,2026-08-08 17:00:00,4,0.5,TERMS,"Positive viewing feedback. Applicant liked the layout and Stratford location, with questions about tenancy terms."
F-2529,V-2891,A-1814,P-1452,2026-05-11 16:00:00,4,0.5,,"Positive viewing feedback. Applicant liked the layout and Fulham location, with questions about tenancy terms."
F-2530,V-2892,A-1814,P-1445,2026-05-21 17:00:00,5,1.0,,"Positive viewing feedback. Applicant liked the layout and Shoreditch location, with questions about tenancy terms."
F-2531,V-2893,A-1814,P-1918,2026-07-03 13:00:00,4,0.5,,"Positive viewing feedback. Applicant liked the layout and Fulham location, with questions about tenancy terms."
F-2532,V-2894,A-1814,P-1386,2026-07-07 14:00:00,5,1.0,TRANSPORT,"Positive viewing feedback. Applicant liked the layout and Fulham location, with questions about tenancy terms."
F-2533,V-2895,A-1814,P-2710,2026-06-29 13:00:00,5,1.0,PRICE,"Positive viewing feedback. Applicant liked the layout and Shoreditch location, with questions about tenancy terms."
F-2534,V-2897,A-1815,P-1324,2026-06-08 09:00:00,4,0.5,,"Positive viewing feedback. Applicant liked the layout and Hackney location, with questions about tenancy terms."
F-2535,V-2898,A-1815,P-2864,2026-08-11 15:00:00,5,1.0,,"Positive viewing feedback. Applicant liked the layout and Hackney location, with questions about tenancy terms."
F-2536,V-2899,A-1815,P-2107,2026-06-02 17:00:00,5,1.0,,"Positive viewing feedback. Applicant liked the layout and Clapham location, with questions about tenancy terms."
F-2537,V-2902,A-1816,P-1873,2026-08-10 13:00:00,5,1.0,PRICE|TERMS,"Positive viewing feedback. Applicant liked the layout and Battersea location, with questions about tenancy terms."
F-2538,V-2903,A-1816,P-1378,2026-07-13 17:00:00,4,0.5,PRICE,"Positive viewing feedback. Applicant liked the layout and Battersea location, with questions about tenancy terms."
F-2539,V-2904,A-1817,P-2298,2026-07-25 16:00:00,4,0.5,,"Positive viewing feedback. Applicant liked the layout and Battersea location, with questions about tenancy terms."
F-2540,V-2905,A-1817,P-1503,2026-05-13 16:00:00,2,-0.5,PRICE|AREA,Applicant liked aspects of the property but raised price sensitivity versus budget.
F-2541,V-2906,A-1817,P-2812,2026-06-01 09:00:00,5,1.0,,"Positive viewing feedback. Applicant liked the layout and Battersea location, with questions about tenancy terms."
F-2542,V-2908,A-1818,P-1223,2026-07-10 12:00:00,5,1.0,,"Positive viewing feedback. Applicant liked the layout and Greenwich location, with questions about tenancy terms."
F-2543,V-2909,A-1819,P-1209,2026-06-29 11:00:00,4,0.5,TRANSPORT,"Positive viewing feedback. Applicant liked the layout and Clapham location, with questions about tenancy terms."
F-2544,V-2910,A-1819,P-1724,2026-07-09 16:00:00,4,0.5,,"Positive viewing feedback. Applicant liked the layout and Clapham location, with questions about tenancy terms."
F-2545,V-2911,A-1819,P-2483,2026-05-04 17:00:00,5,1.0,,"Positive viewing feedback. Applicant liked the layout and Clapham location, with questions about tenancy terms."
F-2546,V-2912,A-1820,P-1049,2026-06-17 11:00:00,5,1.0,TRANSPORT,"Positive viewing feedback. Applicant liked the layout and Hackney location, with questions about tenancy terms."
F-2547,V-2914,A-1821,P-2312,2026-05-04 17:00:00,4,0.5,,"Positive viewing feedback. Applicant liked the layout and Shoreditch location, with questions about tenancy terms."
F-2548,V-2915,A-1821,P-2909,2026-05-08 10:00:00,5,1.0,PRICE|TERMS,"Positive viewing feedback. Applicant liked the layout and Shoreditch location, with questions about tenancy terms."
F-2549,V-2916,A-1821,P-2019,2026-07-03 09:00:00,4,0.5,,"Positive viewing feedback. Applicant liked the layout and Shoreditch location, with questions about tenancy terms."
F-2550,V-2917,A-1821,P-1669,2026-06-30 10:00:00,5,1.0,,"Positive viewing feedback. Applicant liked the layout and Shoreditch location, with questions about tenancy terms."
F-2551,V-2918,A-1821,P-2693,2026-05-31 12:00:00,5,1.0,PRICE|TRANSPORT,"Positive viewing feedback. Applicant liked the layout and Shoreditch location, with questions about tenancy terms."
F-2552,V-2919,A-1821,P-1187,2026-06-14 14:00:00,3,0.0,TERMS,Applicant had reservations and asked for better matching alternatives.
F-2553,V-2920,A-1822,P-1066,2026-05-26 10:00:00,4,0.5,TRANSPORT,"Positive viewing feedback. Applicant liked the layout and Hackney location, with questions about tenancy terms."
F-2554,V-2921,A-1822,P-1947,2026-07-09 12:00:00,4,0.5,,"Positive viewing feedback. Applicant liked the layout and Hackney location, with questions about tenancy terms."
F-2555,V-2922,A-1822,P-1923,2026-06-22 10:00:00,5,1.0,TERMS,"Positive viewing feedback. Applicant liked the layout and Croydon location, with questions about tenancy terms."
F-2556,V-2923,A-1822,P-2055,2026-05-18 13:00:00,5,1.0,,"Positive viewing feedback. Applicant liked the layout and Hackney location, with questions about tenancy terms."
F-2557,V-2924,A-1823,P-1181,2026-05-29 12:00:00,4,0.5,,"Positive viewing feedback. Applicant liked the layout and Greenwich location, with questions about tenancy terms."
F-2558,V-2925,A-1823,P-1236,2026-06-07 17:00:00,5,1.0,,"Positive viewing feedback. Applicant liked the layout and Hackney location, with questions about tenancy terms."
F-2559,V-2926,A-1823,P-1667,2026-07-03 15:00:00,4,0.5,TRANSPORT,"Positive viewing feedback. Applicant liked the layout and Hackney location, with questions about tenancy terms."
F-2560,V-2927,A-1823,P-1158,2026-06-19 13:00:00,4,0.5,TRANSPORT,"Positive viewing feedback. Applicant liked the layout and Hackney location, with questions about tenancy terms."
F-2561,V-2928,A-1823,P-1763,2026-07-13 10:00:00,4,0.5,,"Positive viewing feedback. Applicant liked the layout and Greenwich location, with questions about tenancy terms."
F-2562,V-2929,A-1824,P-2219,2026-05-20 13:00:00,4,0.5,,"Positive viewing feedback. Applicant liked the layout and Wimbledon location, with questions about tenancy terms."
F-2563,V-2930,A-1825,P-1141,2026-08-05 15:00:00,5,1.0,PRICE,"Positive viewing feedback. Applicant liked the layout and Islington location, with questions about tenancy terms."
F-2564,V-2931,A-1825,P-2752,2026-07-11 16:00:00,5,1.0,PRICE,"Positive viewing feedback. Applicant liked the layout and Fulham location, with questions about tenancy terms."
F-2565,V-2932,A-1825,P-2114,2026-08-06 17:00:00,4,0.5,,"Positive viewing feedback. Applicant liked the layout and Hackney location, with questions about tenancy terms."
F-2566,V-2933,A-1826,P-1316,2026-07-27 14:00:00,4,0.5,TRANSPORT,"Positive viewing feedback. Applicant liked the layout and Hackney location, with questions about tenancy terms."
F-2567,V-2934,A-1826,P-1605,2026-06-09 13:00:00,5,1.0,TERMS,"Positive viewing feedback. Applicant liked the layout and Stratford location, with questions about tenancy terms."
F-2568,V-2935,A-1826,P-1667,2026-08-10 10:00:00,5,1.0,TRANSPORT,"Positive viewing feedback. Applicant liked the layout and Hackney location, with questions about tenancy terms."
F-2569,V-2937,A-1826,P-1238,2026-07-19 15:00:00,4,0.5,,"Positive viewing feedback. Applicant liked the layout and Hackney location, with questions about tenancy terms."
F-2570,V-2938,A-1827,P-1200,2026-07-03 16:00:00,4,0.5,,"Positive viewing feedback. Applicant liked the layout and Croydon location, with questions about tenancy terms."
F-2571,V-2939,A-1827,P-2029,2026-08-11 10:00:00,5,1.0,,"Positive viewing feedback. Applicant liked the layout and Croydon location, with questions about tenancy terms."
F-2572,V-2940,A-1827,P-1279,2026-05-05 17:00:00,3,0.0,,Applicant had reservations and asked for better matching alternatives.
F-2573,V-2941,A-1828,P-2092,2026-05-24 09:00:00,3,0.0,,Applicant had reservations and asked for better matching alternatives.
F-2574,V-2942,A-1828,P-2182,2026-06-15 14:00:00,4,0.5,TRANSPORT,"Positive viewing feedback. Applicant liked the layout and Greenwich location, with questions about tenancy terms."
F-2575,V-2944,A-1828,P-1316,2026-08-02 10:00:00,3,0.0,TRANSPORT,Applicant had reservations and asked for better matching alternatives.
F-2576,V-2945,A-1829,P-2695,2026-07-02 17:00:00,5,1.0,,"Positive viewing feedback. Applicant liked the layout and Camden location, with questions about tenancy terms."
F-2577,V-2946,A-1829,P-2873,2026-06-04 13:00:00,4,0.5,,"Positive viewing feedback. Applicant liked the layout and Clapham location, with questions about tenancy terms."
F-2578,V-2947,A-1829,P-2555,2026-05-04 13:00:00,4,0.5,,"Positive viewing feedback. Applicant liked the layout and Clapham location, with questions about tenancy terms."
F-2579,V-2948,A-1829,P-1098,2026-06-22 17:00:00,5,1.0,,"Positive viewing feedback. Applicant liked the layout and Wimbledon location, with questions about tenancy terms."
F-2580,V-2949,A-1830,P-1090,2026-05-26 11:00:00,5,1.0,,"Positive viewing feedback. Applicant liked the layout and Canary Wharf location, with questions about tenancy terms."
F-2581,V-2950,A-1830,P-1633,2026-05-10 14:00:00,5,1.0,,"Positive viewing feedback. Applicant liked the layout and Croydon location, with questions about tenancy terms."
F-2582,V-2951,A-1830,P-2408,2026-07-18 13:00:00,5,1.0,TERMS,"Positive viewing feedback. Applicant liked the layout and Croydon location, with questions about tenancy terms."
F-2583,V-2952,A-1831,P-2857,2026-06-07 11:00:00,5,1.0,,"Positive viewing feedback. Applicant liked the layout and Canary Wharf location, with questions about tenancy terms."
F-2584,V-2954,A-1832,P-1774,2026-07-27 10:00:00,4,0.5,PRICE|TERMS,"Positive viewing feedback. Applicant liked the layout and Canary Wharf location, with questions about tenancy terms."
F-2585,V-2955,A-1832,P-1514,2026-05-30 15:00:00,4,0.5,,"Positive viewing feedback. Applicant liked the layout and Canary Wharf location, with questions about tenancy terms."
F-2586,V-2956,A-1833,P-2600,2026-05-12 16:00:00,5,1.0,,"Positive viewing feedback. Applicant liked the layout and Fulham location, with questions about tenancy terms."
F-2587,V-2957,A-1833,P-1062,2026-07-30 16:00:00,5,1.0,PRICE,"Positive viewing feedback. Applicant liked the layout and Fulham location, with questions about tenancy terms."
F-2588,V-2958,A-1834,P-2114,2026-05-03 12:00:00,5,1.0,PRICE|TERMS,"Positive viewing feedback. Applicant liked the layout and Hackney location, with questions about tenancy terms."
F-2589,V-2959,A-1834,P-2440,2026-06-08 13:00:00,3,0.0,PRICE|TRANSPORT,Applicant liked aspects of the property but raised price sensitivity versus budget.
F-2590,V-2960,A-1834,P-1591,2026-07-15 15:00:00,4,0.5,PRICE,"Positive viewing feedback. Applicant liked the layout and Camden location, with questions about tenancy terms."
F-2591,V-2961,A-1834,P-2164,2026-05-22 13:00:00,3,0.0,,Applicant had reservations and asked for better matching alternatives.
F-2592,V-2962,A-1835,P-2531,2026-05-31 09:00:00,3,0.0,,Applicant had reservations and asked for better matching alternatives.
F-2593,V-2963,A-1835,P-2853,2026-08-11 12:00:00,5,1.0,PRICE|TRANSPORT,"Positive viewing feedback. Applicant liked the layout and Wimbledon location, with questions about tenancy terms."
F-2594,V-2964,A-1835,P-2304,2026-06-07 14:00:00,4,0.5,PRICE|TRANSPORT,"Positive viewing feedback. Applicant liked the layout and Camden location, with questions about tenancy terms."
F-2595,V-2965,A-1835,P-2821,2026-07-21 10:00:00,5,1.0,,"Positive viewing feedback. Applicant liked the layout and Camden location, with questions about tenancy terms."
F-2596,V-2966,A-1835,P-1629,2026-08-07 15:00:00,3,0.0,TERMS,Applicant had reservations and asked for better matching alternatives.
F-2597,V-2967,A-1837,P-2604,2026-07-14 16:00:00,3,0.0,PRICE,Applicant liked aspects of the property but raised price sensitivity versus budget.
F-2598,V-2968,A-1837,P-2075,2026-06-05 17:00:00,3,0.0,PRICE,Applicant liked aspects of the property but raised price sensitivity versus budget.
F-2599,V-2969,A-1837,P-1862,2026-05-09 12:00:00,4,0.5,PRICE,"Positive viewing feedback. Applicant liked the layout and Chelsea location, with questions about tenancy terms."
F-2600,V-2971,A-1838,P-1872,2026-08-01 14:00:00,5,1.0,,"Positive viewing feedback. Applicant liked the layout and Clapham location, with questions about tenancy terms."
F-2601,V-2972,A-1838,P-2764,2026-06-18 12:00:00,4,0.5,TRANSPORT,"Positive viewing feedback. Applicant liked the layout and Clapham location, with questions about tenancy terms."
F-2602,V-2973,A-1839,P-2397,2026-07-21 15:00:00,3,0.0,PRICE,Applicant liked aspects of the property but raised price sensitivity versus budget.
F-2603,V-2974,A-1839,P-1958,2026-07-25 15:00:00,5,1.0,,"Positive viewing feedback. Applicant liked the layout and Croydon location, with questions about tenancy terms."
F-2604,V-2975,A-1839,P-1079,2026-06-27 17:00:00,5,1.0,,"Positive viewing feedback. Applicant liked the layout and Croydon location, with questions about tenancy terms."
F-2605,V-2976,A-1839,P-2117,2026-08-01 14:00:00,4,0.5,PRICE,"Positive viewing feedback. Applicant liked the layout and Battersea location, with questions about tenancy terms."
F-2606,V-2977,A-1839,P-2550,2026-05-23 14:00:00,3,0.0,,Applicant had reservations and asked for better matching alternatives.
F-2607,V-2978,A-1839,P-2722,2026-05-13 16:00:00,5,1.0,,"Positive viewing feedback. Applicant liked the layout and Croydon location, with questions about tenancy terms."
F-2608,V-2980,A-1840,P-2886,2026-07-19 16:00:00,4,0.5,,"Positive viewing feedback. Applicant liked the layout and Greenwich location, with questions about tenancy terms."
F-2609,V-2981,A-1840,P-1459,2026-07-17 14:00:00,5,1.0,,"Positive viewing feedback. Applicant liked the layout and Fulham location, with questions about tenancy terms."
F-2610,V-2982,A-1840,P-1757,2026-06-13 10:00:00,4,0.5,TERMS,"Positive viewing feedback. Applicant liked the layout and Fulham location, with questions about tenancy terms."
F-2611,V-2983,A-1840,P-1504,2026-07-13 12:00:00,4,0.5,,"Positive viewing feedback. Applicant liked the layout and Fulham location, with questions about tenancy terms."
F-2612,V-2984,A-1840,P-1737,2026-05-08 17:00:00,5,1.0,PRICE,"Positive viewing feedback. Applicant liked the layout and Fulham location, with questions about tenancy terms."
F-2613,V-2985,A-1841,P-2993,2026-05-19 09:00:00,4,0.5,PRICE|TRANSPORT,"Positive viewing feedback. Applicant liked the layout and Camden location, with questions about tenancy terms."
F-2614,V-2986,A-1841,P-2010,2026-05-29 09:00:00,5,1.0,PRICE,"Positive viewing feedback. Applicant liked the layout and Stratford location, with questions about tenancy terms."
F-2615,V-2987,A-1841,P-1850,2026-05-13 11:00:00,4,0.5,PRICE,"Positive viewing feedback. Applicant liked the layout and Camden location, with questions about tenancy terms."
F-2616,V-2988,A-1841,P-1124,2026-06-08 13:00:00,5,1.0,,"Positive viewing feedback. Applicant liked the layout and Camden location, with questions about tenancy terms."
F-2617,V-2989,A-1842,P-1895,2026-06-26 10:00:00,3,0.0,TERMS,Applicant had reservations and asked for better matching alternatives.
F-2618,V-2990,A-1842,P-2737,2026-08-09 09:00:00,4,0.5,PRICE,"Positive viewing feedback. Applicant liked the layout and Battersea location, with questions about tenancy terms."
F-2619,V-2991,A-1842,P-2908,2026-07-17 17:00:00,4,0.5,,"Positive viewing feedback. Applicant liked the layout and Battersea location, with questions about tenancy terms."
F-2620,V-2992,A-1842,P-2979,2026-06-11 15:00:00,5,1.0,,"Positive viewing feedback. Applicant liked the layout and Stratford location, with questions about tenancy terms."
F-2621,V-2993,A-1843,P-2464,2026-05-10 17:00:00,4,0.5,PRICE|TERMS,"Positive viewing feedback. Applicant liked the layout and Camden location, with questions about tenancy terms."
F-2622,V-2994,A-1843,P-1366,2026-08-11 15:00:00,5,1.0,PRICE,"Positive viewing feedback. Applicant liked the layout and Clapham location, with questions about tenancy terms."
F-2623,V-2995,A-1843,P-2198,2026-07-20 13:00:00,5,1.0,,"Positive viewing feedback. Applicant liked the layout and Canary Wharf location, with questions about tenancy terms."
F-2624,V-2996,A-1844,P-2399,2026-06-12 13:00:00,4,0.5,PRICE,"Positive viewing feedback. Applicant liked the layout and Greenwich location, with questions about tenancy terms."
F-2625,V-2997,A-1845,P-2039,2026-05-19 14:00:00,3,0.0,PRICE,Applicant liked aspects of the property but raised price sensitivity versus budget.
F-2626,V-2998,A-1845,P-1026,2026-07-25 15:00:00,4,0.5,PRICE|TRANSPORT,"Positive viewing feedback. Applicant liked the layout and Greenwich location, with questions about tenancy terms."
F-2627,V-2999,A-1846,P-2076,2026-07-06 13:00:00,2,-0.5,PRICE|AREA|TERMS,Applicant liked aspects of the property but raised price sensitivity versus budget.
F-2628,V-3000,A-1846,P-2152,2026-05-25 11:00:00,4,0.5,,"Positive viewing feedback. Applicant liked the layout and Croydon location, with questions about tenancy terms."
F-2629,V-3002,A-1847,P-2511,2026-06-24 13:00:00,2,-0.5,PRICE|CONDITION,Applicant liked aspects of the property but raised price sensitivity versus budget.
F-2630,V-3003,A-1848,P-1136,2026-05-30 15:00:00,4,0.5,PRICE,"Positive viewing feedback. Applicant liked the layout and Wimbledon location, with questions about tenancy terms."
F-2631,V-3004,A-1848,P-2933,2026-07-07 15:00:00,3,0.0,PRICE,Applicant liked aspects of the property but raised price sensitivity versus budget.
F-2632,V-3005,A-1848,P-2895,2026-06-24 17:00:00,3,0.0,PRICE|TERMS,Applicant liked aspects of the property but raised price sensitivity versus budget.
F-2633,V-3006,A-1849,P-1639,2026-06-05 12:00:00,3,0.0,PRICE|TRANSPORT,Applicant liked aspects of the property but raised price sensitivity versus budget.
F-2634,V-3007,A-1849,P-2326,2026-08-02 12:00:00,4,0.5,PRICE|TERMS,"Positive viewing feedback. Applicant liked the layout and Canary Wharf location, with questions about tenancy terms."
F-2635,V-3008,A-1850,P-2866,2026-07-10 11:00:00,4,0.5,,"Positive viewing feedback. Applicant liked the layout and Canary Wharf location, with questions about tenancy terms."
F-2636,V-3009,A-1850,P-1524,2026-05-24 14:00:00,4,0.5,TRANSPORT,"Positive viewing feedback. Applicant liked the layout and Stratford location, with questions about tenancy terms."
F-2637,V-3010,A-1850,P-1284,2026-05-30 09:00:00,4,0.5,,"Positive viewing feedback. Applicant liked the layout and Canary Wharf location, with questions about tenancy terms."
F-2638,V-3011,A-1850,P-2566,2026-07-20 13:00:00,4,0.5,,"Positive viewing feedback. Applicant liked the layout and Canary Wharf location, with questions about tenancy terms."
F-2639,V-3012,A-1850,P-2095,2026-05-16 15:00:00,5,1.0,,"Positive viewing feedback. Applicant liked the layout and Stratford location, with questions about tenancy terms."
F-2640,V-3014,A-1851,P-2270,2026-06-04 10:00:00,4,0.5,PRICE,"Positive viewing feedback. Applicant liked the layout and Hackney location, with questions about tenancy terms."
F-2641,V-3015,A-1851,P-1664,2026-08-04 14:00:00,2,-0.5,PRICE|AREA|TERMS,Applicant liked aspects of the property but raised price sensitivity versus budget.
F-2642,V-3016,A-1852,P-2654,2026-08-08 10:00:00,5,1.0,,"Positive viewing feedback. Applicant liked the layout and Camden location, with questions about tenancy terms."
F-2643,V-3018,A-1853,P-1541,2026-07-18 09:00:00,3,0.0,,Applicant had reservations and asked for better matching alternatives.
F-2644,V-3019,A-1853,P-2319,2026-08-04 16:00:00,5,1.0,,"Positive viewing feedback. Applicant liked the layout and Wimbledon location, with questions about tenancy terms."
F-2645,V-3020,A-1853,P-2152,2026-05-18 13:00:00,4,0.5,,"Positive viewing feedback. Applicant liked the layout and Croydon location, with questions about tenancy terms."
F-2646,V-3021,A-1853,P-1726,2026-08-11 10:00:00,4,0.5,,"Positive viewing feedback. Applicant liked the layout and Croydon location, with questions about tenancy terms."
F-2647,V-3022,A-1853,P-1823,2026-05-04 12:00:00,4,0.5,,"Positive viewing feedback. Applicant liked the layout and Croydon location, with questions about tenancy terms."
F-2648,V-3023,A-1854,P-1474,2026-06-18 14:00:00,4,0.5,,"Positive viewing feedback. Applicant liked the layout and Wimbledon location, with questions about tenancy terms."
F-2649,V-3024,A-1854,P-2718,2026-08-10 17:00:00,5,1.0,PRICE|TRANSPORT,"Positive viewing feedback. Applicant liked the layout and Fulham location, with questions about tenancy terms."
F-2650,V-3025,A-1854,P-2582,2026-05-07 12:00:00,5,1.0,,"Positive viewing feedback. Applicant liked the layout and Wimbledon location, with questions about tenancy terms."
F-2651,V-3026,A-1854,P-2783,2026-07-25 10:00:00,2,-0.5,PRICE|AREA|TERMS,Applicant liked aspects of the property but raised price sensitivity versus budget.
F-2652,V-3027,A-1854,P-2338,2026-05-09 11:00:00,3,0.0,PRICE,Applicant liked aspects of the property but raised price sensitivity versus budget.
F-2653,V-3028,A-1854,P-1007,2026-05-14 17:00:00,4,0.5,,"Positive viewing feedback. Applicant liked the layout and Wimbledon location, with questions about tenancy terms."
F-2654,V-3029,A-1855,P-2619,2026-05-29 17:00:00,4,0.5,,"Positive viewing feedback. Applicant liked the layout and Croydon location, with questions about tenancy terms."
F-2655,V-3031,A-1855,P-2016,2026-08-10 11:00:00,5,1.0,PRICE|TERMS,"Positive viewing feedback. Applicant liked the layout and Hackney location, with questions about tenancy terms."
F-2656,V-3032,A-1856,P-1183,2026-05-06 12:00:00,3,0.0,TRANSPORT,Applicant had reservations and asked for better matching alternatives.
F-2657,V-3033,A-1856,P-1284,2026-06-03 14:00:00,4,0.5,,"Positive viewing feedback. Applicant liked the layout and Canary Wharf location, with questions about tenancy terms."
F-2658,V-3034,A-1856,P-2404,2026-05-28 09:00:00,5,1.0,PRICE|TERMS,"Positive viewing feedback. Applicant liked the layout and Canary Wharf location, with questions about tenancy terms."
F-2659,V-3035,A-1857,P-2343,2026-06-28 10:00:00,3,0.0,PRICE,Applicant liked aspects of the property but raised price sensitivity versus budget.
F-2660,V-3036,A-1857,P-1548,2026-05-30 16:00:00,3,0.0,,Applicant had reservations and asked for better matching alternatives.
F-2661,V-3037,A-1857,P-1205,2026-06-20 14:00:00,3,0.0,PRICE,Applicant liked aspects of the property but raised price sensitivity versus budget.
F-2662,V-3038,A-1858,P-1926,2026-05-13 17:00:00,3,0.0,PRICE,Applicant liked aspects of the property but raised price sensitivity versus budget.
F-2663,V-3039,A-1858,P-2590,2026-06-20 10:00:00,4,0.5,PRICE,"Positive viewing feedback. Applicant liked the layout and Chelsea location, with questions about tenancy terms."
F-2664,V-3040,A-1858,P-2844,2026-07-27 16:00:00,2,-0.5,PRICE|CONDITION|TERMS,Applicant liked aspects of the property but raised price sensitivity versus budget.
F-2665,V-3041,A-1858,P-1735,2026-08-03 11:00:00,5,1.0,,"Positive viewing feedback. Applicant liked the layout and Croydon location, with questions about tenancy terms."
F-2666,V-3042,A-1858,P-2129,2026-05-10 15:00:00,4,0.5,PRICE,"Positive viewing feedback. Applicant liked the layout and Chelsea location, with questions about tenancy terms."
F-2667,V-3043,A-1858,P-2813,2026-05-16 10:00:00,4,0.5,,"Positive viewing feedback. Applicant liked the layout and Croydon location, with questions about tenancy terms."
F-2668,V-3044,A-1859,P-1314,2026-06-06 17:00:00,3,0.0,PRICE,Applicant liked aspects of the property but raised price sensitivity versus budget.
F-2669,V-3045,A-1859,P-2661,2026-05-31 11:00:00,5,1.0,PRICE,"Positive viewing feedback. Applicant liked the layout and Islington location, with questions about tenancy terms."
F-2670,V-3046,A-1859,P-2967,2026-07-04 11:00:00,5,1.0,,"Positive viewing feedback. Applicant liked the layout and Islington location, with questions about tenancy terms."
F-2671,V-3047,A-1859,P-2888,2026-06-11 10:00:00,4,0.5,PRICE,"Positive viewing feedback. Applicant liked the layout and Islington location, with questions about tenancy terms."
F-2672,V-3048,A-1860,P-1310,2026-07-23 11:00:00,2,-0.5,PRICE|AREA,Applicant liked aspects of the property but raised price sensitivity versus budget.
F-2673,V-3049,A-1860,P-1057,2026-05-04 15:00:00,3,0.0,PRICE,Applicant liked aspects of the property but raised price sensitivity versus budget.
F-2674,V-3050,A-1860,P-2051,2026-07-26 11:00:00,5,1.0,PRICE|TRANSPORT,"Positive viewing feedback. Applicant liked the layout and Wimbledon location, with questions about tenancy terms."
F-2675,V-3051,A-1860,P-1562,2026-06-07 09:00:00,3,0.0,PRICE,Applicant liked aspects of the property but raised price sensitivity versus budget.
F-2676,V-3052,A-1861,P-2560,2026-07-11 15:00:00,3,0.0,,Applicant had reservations and asked for better matching alternatives.
F-2677,V-3053,A-1861,P-2310,2026-05-31 10:00:00,4,0.5,PRICE,"Positive viewing feedback. Applicant liked the layout and Stratford location, with questions about tenancy terms."
F-2678,V-3054,A-1861,P-2360,2026-07-13 10:00:00,4,0.5,,"Positive viewing feedback. Applicant liked the layout and Stratford location, with questions about tenancy terms."
F-2679,V-3055,A-1861,P-2415,2026-05-04 14:00:00,3,0.0,PRICE|TERMS,Applicant liked aspects of the property but raised price sensitivity versus budget.
F-2680,V-3056,A-1861,P-1086,2026-05-12 11:00:00,5,1.0,,"Positive viewing feedback. Applicant liked the layout and Stratford location, with questions about tenancy terms."
F-2681,V-3057,A-1861,P-2365,2026-05-04 10:00:00,5,1.0,,"Positive viewing feedback. Applicant liked the layout and Stratford location, with questions about tenancy terms."
F-2682,V-3058,A-1862,P-1106,2026-06-20 09:00:00,4,0.5,TRANSPORT,"Positive viewing feedback. Applicant liked the layout and Islington location, with questions about tenancy terms."
F-2683,V-3059,A-1862,P-2076,2026-07-18 16:00:00,4,0.5,PRICE,"Positive viewing feedback. Applicant liked the layout and Islington location, with questions about tenancy terms."
F-2684,V-3060,A-1862,P-2961,2026-07-22 16:00:00,3,0.0,,Applicant had reservations and asked for better matching alternatives.
F-2685,V-3061,A-1862,P-2651,2026-08-02 14:00:00,3,0.0,TRANSPORT,Applicant had reservations and asked for better matching alternatives.
F-2686,V-3062,A-1863,P-1176,2026-07-11 11:00:00,5,1.0,,"Positive viewing feedback. Applicant liked the layout and Croydon location, with questions about tenancy terms."
F-2687,V-3063,A-1863,P-2739,2026-07-08 16:00:00,2,-0.5,PRICE|TRANSPORT|AREA,Applicant liked aspects of the property but raised price sensitivity versus budget.
F-2688,V-3064,A-1863,P-1219,2026-06-07 10:00:00,2,-0.5,PRICE|SIZE,Applicant liked aspects of the property but raised price sensitivity versus budget.
F-2689,V-3065,A-1864,P-1070,2026-05-18 15:00:00,5,1.0,,"Positive viewing feedback. Applicant liked the layout and Stratford location, with questions about tenancy terms."
F-2690,V-3066,A-1864,P-2819,2026-06-29 13:00:00,4,0.5,PRICE,"Positive viewing feedback. Applicant liked the layout and Stratford location, with questions about tenancy terms."
F-2691,V-3067,A-1864,P-1627,2026-06-02 09:00:00,5,1.0,PRICE,"Positive viewing feedback. Applicant liked the layout and Stratford location, with questions about tenancy terms."
F-2692,V-3068,A-1864,P-2811,2026-07-31 11:00:00,4,0.5,PRICE,"Positive viewing feedback. Applicant liked the layout and Stratford location, with questions about tenancy terms."
F-2693,V-3069,A-1865,P-2055,2026-07-02 13:00:00,3,0.0,PRICE,Applicant liked aspects of the property but raised price sensitivity versus budget.
F-2694,V-3070,A-1865,P-1391,2026-06-04 14:00:00,3,0.0,,Applicant had reservations and asked for better matching alternatives.
F-2695,V-3071,A-1865,P-1973,2026-08-04 15:00:00,3,0.0,PRICE,Applicant liked aspects of the property but raised price sensitivity versus budget.
F-2696,V-3072,A-1865,P-1321,2026-06-02 15:00:00,4,0.5,,"Positive viewing feedback. Applicant liked the layout and Hackney location, with questions about tenancy terms."
F-2697,V-3073,A-1865,P-2968,2026-05-26 15:00:00,4,0.5,,"Positive viewing feedback. Applicant liked the layout and Hackney location, with questions about tenancy terms."
F-2698,V-3074,A-1865,P-1441,2026-07-23 10:00:00,2,-0.5,PRICE|AREA,Applicant liked aspects of the property but raised price sensitivity versus budget.
F-2699,V-3075,A-1866,P-1158,2026-06-10 11:00:00,5,1.0,PRICE,"Positive viewing feedback. Applicant liked the layout and Hackney location, with questions about tenancy terms."
F-2700,V-3076,A-1867,P-2046,2026-07-15 10:00:00,4,0.5,,"Positive viewing feedback. Applicant liked the layout and Greenwich location, with questions about tenancy terms."
F-2701,V-3078,A-1868,P-1132,2026-07-11 09:00:00,5,1.0,PRICE|TRANSPORT,"Positive viewing feedback. Applicant liked the layout and Fulham location, with questions about tenancy terms."
F-2702,V-3079,A-1869,P-2291,2026-05-12 14:00:00,2,-0.5,PRICE|AREA,Applicant liked aspects of the property but raised price sensitivity versus budget.
F-2703,V-3081,A-1869,P-1833,2026-06-06 11:00:00,3,0.0,,Applicant had reservations and asked for better matching alternatives.
F-2704,V-3082,A-1870,P-2715,2026-05-22 13:00:00,2,-0.5,TRANSPORT|AREA,Applicant had reservations and asked for better matching alternatives.
F-2705,V-3083,A-1870,P-2142,2026-06-29 14:00:00,3,0.0,PRICE,Applicant liked aspects of the property but raised price sensitivity versus budget.
F-2706,V-3084,A-1870,P-2713,2026-06-17 17:00:00,4,0.5,PRICE,"Positive viewing feedback. Applicant liked the layout and Canary Wharf location, with questions about tenancy terms."
F-2707,V-3085,A-1870,P-1029,2026-05-18 11:00:00,4,0.5,,"Positive viewing feedback. Applicant liked the layout and Hackney location, with questions about tenancy terms."
F-2708,V-3086,A-1870,P-1718,2026-05-28 14:00:00,5,1.0,,"Positive viewing feedback. Applicant liked the layout and Hackney location, with questions about tenancy terms."
F-2709,V-3087,A-1871,P-2606,2026-07-17 12:00:00,5,1.0,TRANSPORT|TERMS,"Positive viewing feedback. Applicant liked the layout and Greenwich location, with questions about tenancy terms."
F-2710,V-3088,A-1871,P-2369,2026-05-14 15:00:00,5,1.0,,"Positive viewing feedback. Applicant liked the layout and Croydon location, with questions about tenancy terms."
F-2711,V-3089,A-1871,P-1512,2026-08-10 14:00:00,4,0.5,PRICE|TERMS,"Positive viewing feedback. Applicant liked the layout and Greenwich location, with questions about tenancy terms."
F-2712,V-3090,A-1871,P-1548,2026-06-22 13:00:00,5,1.0,,"Positive viewing feedback. Applicant liked the layout and Croydon location, with questions about tenancy terms."
F-2713,V-3091,A-1871,P-2722,2026-05-04 09:00:00,3,0.0,TRANSPORT,Applicant had reservations and asked for better matching alternatives.
F-2714,V-3092,A-1871,P-2859,2026-05-24 12:00:00,5,1.0,,"Positive viewing feedback. Applicant liked the layout and Croydon location, with questions about tenancy terms."
F-2715,V-3094,A-1871,P-2502,2026-07-19 11:00:00,5,1.0,TRANSPORT,"Positive viewing feedback. Applicant liked the layout and Greenwich location, with questions about tenancy terms."
F-2716,V-3095,A-1872,P-1210,2026-07-01 16:00:00,5,1.0,,"Positive viewing feedback. Applicant liked the layout and Canary Wharf location, with questions about tenancy terms."
F-2717,V-3096,A-1872,P-2338,2026-07-29 11:00:00,3,0.0,PRICE,Applicant liked aspects of the property but raised price sensitivity versus budget.
F-2718,V-3098,A-1872,P-2461,2026-08-11 12:00:00,5,1.0,,"Positive viewing feedback. Applicant liked the layout and Canary Wharf location, with questions about tenancy terms."
F-2719,V-3099,A-1872,P-1540,2026-05-19 09:00:00,5,1.0,TRANSPORT,"Positive viewing feedback. Applicant liked the layout and Canary Wharf location, with questions about tenancy terms."
F-2720,V-3100,A-1872,P-1153,2026-07-07 15:00:00,5,1.0,,"Positive viewing feedback. Applicant liked the layout and Fulham location, with questions about tenancy terms."
F-2721,V-3101,A-1873,P-2186,2026-08-02 09:00:00,4,0.5,,"Positive viewing feedback. Applicant liked the layout and Islington location, with questions about tenancy terms."
F-2722,V-3102,A-1873,P-1658,2026-07-10 11:00:00,3,0.0,TRANSPORT,Applicant had reservations and asked for better matching alternatives.
F-2723,V-3103,A-1873,P-2405,2026-08-04 13:00:00,3,0.0,PRICE,Applicant liked aspects of the property but raised price sensitivity versus budget.
F-2724,V-3104,A-1873,P-1770,2026-05-21 13:00:00,5,1.0,PRICE,"Positive viewing feedback. Applicant liked the layout and Islington location, with questions about tenancy terms."
F-2725,V-3105,A-1873,P-1894,2026-05-06 13:00:00,5,1.0,PRICE,"Positive viewing feedback. Applicant liked the layout and Clapham location, with questions about tenancy terms."
F-2726,V-3106,A-1873,P-1021,2026-05-17 11:00:00,5,1.0,,"Positive viewing feedback. Applicant liked the layout and Islington location, with questions about tenancy terms."
F-2727,V-3107,A-1873,P-2085,2026-07-11 15:00:00,5,1.0,,"Positive viewing feedback. Applicant liked the layout and Hackney location, with questions about tenancy terms."
F-2728,V-3108,A-1874,P-1692,2026-06-16 11:00:00,4,0.5,PRICE,"Positive viewing feedback. Applicant liked the layout and Greenwich location, with questions about tenancy terms."
F-2729,V-3109,A-1874,P-2681,2026-05-06 13:00:00,3,0.0,,Applicant had reservations and asked for better matching alternatives.
F-2730,V-3111,A-1874,P-2916,2026-05-12 14:00:00,4,0.5,,"Positive viewing feedback. Applicant liked the layout and Greenwich location, with questions about tenancy terms."
F-2731,V-3112,A-1874,P-1741,2026-05-03 14:00:00,5,1.0,TRANSPORT,"Positive viewing feedback. Applicant liked the layout and Greenwich location, with questions about tenancy terms."
F-2732,V-3113,A-1874,P-2284,2026-08-07 12:00:00,5,1.0,,"Positive viewing feedback. Applicant liked the layout and Clapham location, with questions about tenancy terms."
F-2733,V-3114,A-1874,P-2999,2026-05-29 17:00:00,3,0.0,PRICE,Applicant liked aspects of the property but raised price sensitivity versus budget.
F-2734,V-3115,A-1875,P-2421,2026-08-03 09:00:00,4,0.5,,"Positive viewing feedback. Applicant liked the layout and Hackney location, with questions about tenancy terms."
F-2735,V-3116,A-1875,P-1870,2026-08-01 12:00:00,4,0.5,,"Positive viewing feedback. Applicant liked the layout and Hackney location, with questions about tenancy terms."
F-2736,V-3117,A-1875,P-2055,2026-07-27 13:00:00,5,1.0,TRANSPORT,"Positive viewing feedback. Applicant liked the layout and Hackney location, with questions about tenancy terms."
F-2737,V-3119,A-1876,P-1149,2026-06-11 12:00:00,3,0.0,PRICE|TERMS,Applicant liked aspects of the property but raised price sensitivity versus budget.
F-2738,V-3120,A-1876,P-2822,2026-07-26 10:00:00,5,1.0,PRICE,"Positive viewing feedback. Applicant liked the layout and Canary Wharf location, with questions about tenancy terms."
F-2739,V-3121,A-1877,P-2222,2026-07-12 09:00:00,4,0.5,,"Positive viewing feedback. Applicant liked the layout and Greenwich location, with questions about tenancy terms."
F-2740,V-3122,A-1877,P-1687,2026-07-16 13:00:00,5,1.0,,"Positive viewing feedback. Applicant liked the layout and Greenwich location, with questions about tenancy terms."
F-2741,V-3123,A-1877,P-1954,2026-05-22 10:00:00,5,1.0,,"Positive viewing feedback. Applicant liked the layout and Greenwich location, with questions about tenancy terms."
F-2742,V-3124,A-1877,P-1397,2026-08-09 11:00:00,5,1.0,TRANSPORT,"Positive viewing feedback. Applicant liked the layout and Greenwich location, with questions about tenancy terms."
F-2743,V-3125,A-1877,P-2538,2026-06-03 17:00:00,4,0.5,TRANSPORT,"Positive viewing feedback. Applicant liked the layout and Greenwich location, with questions about tenancy terms."
F-2744,V-3126,A-1878,P-2010,2026-06-23 10:00:00,4,0.5,PRICE|TRANSPORT,"Positive viewing feedback. Applicant liked the layout and Stratford location, with questions about tenancy terms."
F-2745,V-3128,A-1879,P-2675,2026-06-01 17:00:00,4,0.5,TRANSPORT,"Positive viewing feedback. Applicant liked the layout and Stratford location, with questions about tenancy terms."
F-2746,V-3129,A-1879,P-1206,2026-06-16 15:00:00,4,0.5,,"Positive viewing feedback. Applicant liked the layout and Stratford location, with questions about tenancy terms."
F-2747,V-3130,A-1879,P-2835,2026-07-05 11:00:00,5,1.0,,"Positive viewing feedback. Applicant liked the layout and Clapham location, with questions about tenancy terms."
F-2748,V-3131,A-1879,P-1740,2026-05-16 13:00:00,4,0.5,TRANSPORT,"Positive viewing feedback. Applicant liked the layout and Clapham location, with questions about tenancy terms."
F-2749,V-3132,A-1880,P-1171,2026-05-14 12:00:00,3,0.0,PRICE|TRANSPORT,Applicant liked aspects of the property but raised price sensitivity versus budget.
F-2750,V-3133,A-1880,P-2716,2026-06-29 17:00:00,5,1.0,,"Positive viewing feedback. Applicant liked the layout and Battersea location, with questions about tenancy terms."
F-2751,V-3134,A-1880,P-2432,2026-05-15 10:00:00,5,1.0,PRICE,"Positive viewing feedback. Applicant liked the layout and Shoreditch location, with questions about tenancy terms."
F-2752,V-3135,A-1880,P-2161,2026-07-28 09:00:00,4,0.5,PRICE|TERMS,"Positive viewing feedback. Applicant liked the layout and Shoreditch location, with questions about tenancy terms."
F-2753,V-3137,A-1881,P-2243,2026-05-20 14:00:00,5,1.0,PRICE,"Positive viewing feedback. Applicant liked the layout and Islington location, with questions about tenancy terms."
F-2754,V-3138,A-1881,P-2223,2026-06-07 16:00:00,2,-0.5,PRICE|TRANSPORT|SIZE,Applicant liked aspects of the property but raised price sensitivity versus budget.
F-2755,V-3139,A-1881,P-1101,2026-07-15 17:00:00,5,1.0,,"Positive viewing feedback. Applicant liked the layout and Greenwich location, with questions about tenancy terms."
F-2756,V-3140,A-1881,P-1470,2026-07-01 12:00:00,5,1.0,PRICE|TERMS,"Positive viewing feedback. Applicant liked the layout and Islington location, with questions about tenancy terms."
F-2757,V-3141,A-1881,P-1903,2026-05-08 11:00:00,4,0.5,PRICE,"Positive viewing feedback. Applicant liked the layout and Chelsea location, with questions about tenancy terms."
F-2758,V-3142,A-1882,P-1772,2026-08-11 14:00:00,2,-0.5,PRICE|SIZE,Applicant liked aspects of the property but raised price sensitivity versus budget.
F-2759,V-3143,A-1882,P-1733,2026-08-03 14:00:00,4,0.5,PRICE,"Positive viewing feedback. Applicant liked the layout and Greenwich location, with questions about tenancy terms."
F-2760,V-3144,A-1882,P-2475,2026-05-14 10:00:00,5,1.0,TRANSPORT,"Positive viewing feedback. Applicant liked the layout and Greenwich location, with questions about tenancy terms."
F-2761,V-3145,A-1883,P-2426,2026-05-14 12:00:00,2,-0.5,TRANSPORT|CONDITION,Applicant had reservations and asked for better matching alternatives.
F-2762,V-3146,A-1883,P-1039,2026-05-15 13:00:00,3,0.0,TRANSPORT,Applicant had reservations and asked for better matching alternatives.
F-2763,V-3147,A-1883,P-1466,2026-05-23 09:00:00,5,1.0,,"Positive viewing feedback. Applicant liked the layout and Hackney location, with questions about tenancy terms."
F-2764,V-3148,A-1883,P-2709,2026-06-27 17:00:00,5,1.0,,"Positive viewing feedback. Applicant liked the layout and Hackney location, with questions about tenancy terms."
F-2765,V-3149,A-1883,P-1085,2026-07-11 14:00:00,5,1.0,TRANSPORT|TERMS,"Positive viewing feedback. Applicant liked the layout and Hackney location, with questions about tenancy terms."
F-2766,V-3151,A-1884,P-2241,2026-05-29 10:00:00,5,1.0,,"Positive viewing feedback. Applicant liked the layout and Stratford location, with questions about tenancy terms."
F-2767,V-3152,A-1884,P-1206,2026-07-13 16:00:00,5,1.0,,"Positive viewing feedback. Applicant liked the layout and Stratford location, with questions about tenancy terms."
F-2768,V-3154,A-1884,P-1482,2026-05-21 17:00:00,5,1.0,TRANSPORT,"Positive viewing feedback. Applicant liked the layout and Stratford location, with questions about tenancy terms."
F-2769,V-3155,A-1885,P-1207,2026-08-06 13:00:00,5,1.0,,"Positive viewing feedback. Applicant liked the layout and Wimbledon location, with questions about tenancy terms."
F-2770,V-3156,A-1885,P-2467,2026-07-04 13:00:00,4,0.5,PRICE|TRANSPORT,"Positive viewing feedback. Applicant liked the layout and Wimbledon location, with questions about tenancy terms."
F-2771,V-3158,A-1885,P-2613,2026-05-20 16:00:00,2,-0.5,PRICE|AREA,Applicant liked aspects of the property but raised price sensitivity versus budget.
F-2772,V-3159,A-1885,P-1335,2026-06-12 16:00:00,2,-0.5,AREA|TERMS,Applicant had reservations and asked for better matching alternatives.
F-2773,V-3160,A-1885,P-2470,2026-05-30 10:00:00,3,0.0,,Applicant had reservations and asked for better matching alternatives.
F-2774,V-3161,A-1886,P-1661,2026-05-18 10:00:00,5,1.0,,"Positive viewing feedback. Applicant liked the layout and Croydon location, with questions about tenancy terms."
F-2775,V-3162,A-1887,P-1184,2026-06-09 09:00:00,5,1.0,,"Positive viewing feedback. Applicant liked the layout and Stratford location, with questions about tenancy terms."
F-2776,V-3163,A-1887,P-2845,2026-05-09 12:00:00,4,0.5,,"Positive viewing feedback. Applicant liked the layout and Stratford location, with questions about tenancy terms."
F-2777,V-3164,A-1887,P-1525,2026-06-24 17:00:00,5,1.0,PRICE|TERMS,"Positive viewing feedback. Applicant liked the layout and Stratford location, with questions about tenancy terms."
F-2778,V-3165,A-1887,P-1121,2026-07-25 11:00:00,4,0.5,,"Positive viewing feedback. Applicant liked the layout and Stratford location, with questions about tenancy terms."
F-2779,V-3166,A-1887,P-1497,2026-05-11 14:00:00,4,0.5,PRICE,"Positive viewing feedback. Applicant liked the layout and Stratford location, with questions about tenancy terms."
F-2780,V-3168,A-1888,P-1198,2026-05-03 16:00:00,3,0.0,PRICE,Applicant liked aspects of the property but raised price sensitivity versus budget.
F-2781,V-3169,A-1888,P-2645,2026-06-14 17:00:00,5,1.0,TERMS,"Positive viewing feedback. Applicant liked the layout and Shoreditch location, with questions about tenancy terms."
F-2782,V-3170,A-1888,P-2287,2026-05-06 14:00:00,5,1.0,,"Positive viewing feedback. Applicant liked the layout and Shoreditch location, with questions about tenancy terms."
F-2783,V-3171,A-1888,P-1688,2026-06-26 09:00:00,4,0.5,PRICE,"Positive viewing feedback. Applicant liked the layout and Shoreditch location, with questions about tenancy terms."
F-2784,V-3172,A-1888,P-2445,2026-07-29 09:00:00,3,0.0,,Applicant had reservations and asked for better matching alternatives.
F-2785,V-3174,A-1889,P-1292,2026-05-19 17:00:00,5,1.0,PRICE,"Positive viewing feedback. Applicant liked the layout and Croydon location, with questions about tenancy terms."
F-2786,V-3175,A-1890,P-1681,2026-05-31 12:00:00,4,0.5,,"Positive viewing feedback. Applicant liked the layout and Battersea location, with questions about tenancy terms."
F-2787,V-3176,A-1890,P-1503,2026-06-13 15:00:00,5,1.0,PRICE|TERMS,"Positive viewing feedback. Applicant liked the layout and Battersea location, with questions about tenancy terms."
F-2788,V-3177,A-1890,P-2090,2026-07-16 10:00:00,5,1.0,TRANSPORT,"Positive viewing feedback. Applicant liked the layout and Battersea location, with questions about tenancy terms."
F-2789,V-3178,A-1890,P-1218,2026-05-20 15:00:00,5,1.0,PRICE|TRANSPORT,"Positive viewing feedback. Applicant liked the layout and Battersea location, with questions about tenancy terms."
F-2790,V-3179,A-1890,P-1836,2026-07-21 12:00:00,2,-0.5,PRICE|SIZE,Applicant liked aspects of the property but raised price sensitivity versus budget.
F-2791,V-3181,A-1891,P-1366,2026-06-07 13:00:00,4,0.5,PRICE,"Positive viewing feedback. Applicant liked the layout and Clapham location, with questions about tenancy terms."
F-2792,V-3182,A-1891,P-2194,2026-05-07 12:00:00,3,0.0,PRICE,Applicant liked aspects of the property but raised price sensitivity versus budget.
F-2793,V-3183,A-1892,P-1353,2026-05-04 16:00:00,5,1.0,PRICE,"Positive viewing feedback. Applicant liked the layout and Wimbledon location, with questions about tenancy terms."
F-2794,V-3184,A-1892,P-1427,2026-08-08 16:00:00,3,0.0,PRICE,Applicant liked aspects of the property but raised price sensitivity versus budget.
F-2795,V-3185,A-1892,P-1073,2026-08-01 14:00:00,5,1.0,TRANSPORT,"Positive viewing feedback. Applicant liked the layout and Stratford location, with questions about tenancy terms."
F-2796,V-3186,A-1892,P-2910,2026-06-26 12:00:00,5,1.0,PRICE,"Positive viewing feedback. Applicant liked the layout and Wimbledon location, with questions about tenancy terms."
F-2797,V-3188,A-1893,P-2643,2026-06-15 12:00:00,4,0.5,,"Positive viewing feedback. Applicant liked the layout and Hackney location, with questions about tenancy terms."
F-2798,V-3189,A-1893,P-2597,2026-07-31 17:00:00,5,1.0,TRANSPORT,"Positive viewing feedback. Applicant liked the layout and Hackney location, with questions about tenancy terms."
F-2799,V-3190,A-1894,P-2792,2026-07-07 14:00:00,4,0.5,,"Positive viewing feedback. Applicant liked the layout and Greenwich location, with questions about tenancy terms."
F-2800,V-3191,A-1894,P-2307,2026-08-05 10:00:00,4,0.5,PRICE|TRANSPORT,"Positive viewing feedback. Applicant liked the layout and Canary Wharf location, with questions about tenancy terms."
F-2801,V-3192,A-1895,P-2988,2026-07-11 17:00:00,4,0.5,TRANSPORT|TERMS,"Positive viewing feedback. Applicant liked the layout and Battersea location, with questions about tenancy terms."
F-2802,V-3193,A-1895,P-1185,2026-07-03 16:00:00,5,1.0,,"Positive viewing feedback. Applicant liked the layout and Battersea location, with questions about tenancy terms."
F-2803,V-3195,A-1895,P-1473,2026-07-23 09:00:00,5,1.0,,"Positive viewing feedback. Applicant liked the layout and Clapham location, with questions about tenancy terms."
F-2804,V-3196,A-1895,P-1873,2026-05-12 13:00:00,5,1.0,TRANSPORT,"Positive viewing feedback. Applicant liked the layout and Battersea location, with questions about tenancy terms."
F-2805,V-3197,A-1895,P-2670,2026-05-17 15:00:00,5,1.0,,"Positive viewing feedback. Applicant liked the layout and Clapham location, with questions about tenancy terms."
F-2806,V-3198,A-1896,P-2521,2026-06-22 17:00:00,5,1.0,,"Positive viewing feedback. Applicant liked the layout and Islington location, with questions about tenancy terms."
F-2807,V-3199,A-1896,P-2514,2026-07-20 12:00:00,4,0.5,,"Positive viewing feedback. Applicant liked the layout and Islington location, with questions about tenancy terms."
F-2808,V-3200,A-1896,P-1598,2026-07-14 11:00:00,3,0.0,PRICE,Applicant liked aspects of the property but raised price sensitivity versus budget.
F-2809,V-3201,A-1896,P-1745,2026-07-09 10:00:00,5,1.0,TERMS,"Positive viewing feedback. Applicant liked the layout and Islington location, with questions about tenancy terms."
F-2810,V-3202,A-1897,P-1470,2026-05-06 10:00:00,5,1.0,,"Positive viewing feedback. Applicant liked the layout and Islington location, with questions about tenancy terms."
F-2811,V-3203,A-1897,P-2768,2026-08-09 14:00:00,4,0.5,,"Positive viewing feedback. Applicant liked the layout and Islington location, with questions about tenancy terms."
F-2812,V-3204,A-1897,P-1563,2026-07-15 10:00:00,4,0.5,,"Positive viewing feedback. Applicant liked the layout and Islington location, with questions about tenancy terms."
F-2813,V-3205,A-1898,P-2064,2026-07-11 12:00:00,3,0.0,PRICE,Applicant liked aspects of the property but raised price sensitivity versus budget.
F-2814,V-3207,A-1899,P-1327,2026-08-08 13:00:00,4,0.5,PRICE,"Positive viewing feedback. Applicant liked the layout and Chelsea location, with questions about tenancy terms."
F-2815,V-3208,A-1899,P-1035,2026-05-06 14:00:00,4,0.5,PRICE,"Positive viewing feedback. Applicant liked the layout and Chelsea location, with questions about tenancy terms."
F-2816,V-3209,A-1900,P-1548,2026-05-15 17:00:00,3,0.0,,Applicant had reservations and asked for better matching alternatives.
F-2817,V-3210,A-1900,P-1703,2026-06-09 14:00:00,3,0.0,PRICE|TERMS,Applicant liked aspects of the property but raised price sensitivity versus budget.
F-2818,V-3211,A-1900,P-2948,2026-05-24 17:00:00,4,0.5,PRICE,"Positive viewing feedback. Applicant liked the layout and Clapham location, with questions about tenancy terms."
F-2819,V-3212,A-1900,P-1301,2026-08-03 16:00:00,5,1.0,,"Positive viewing feedback. Applicant liked the layout and Croydon location, with questions about tenancy terms."
F-2820,V-3213,A-1900,P-1706,2026-07-19 14:00:00,4,0.5,PRICE,"Positive viewing feedback. Applicant liked the layout and Clapham location, with questions about tenancy terms."
F-2821,V-3214,A-1900,P-1615,2026-07-27 11:00:00,4,0.5,,"Positive viewing feedback. Applicant liked the layout and Croydon location, with questions about tenancy terms."
F-2822,V-3215,A-1901,P-2324,2026-05-04 11:00:00,5,1.0,,"Positive viewing feedback. Applicant liked the layout and Canary Wharf location, with questions about tenancy terms."
F-2823,V-3216,A-1901,P-1902,2026-07-12 12:00:00,3,0.0,PRICE|TRANSPORT,Applicant liked aspects of the property but raised price sensitivity versus budget.
F-2824,V-3217,A-1901,P-1090,2026-06-21 12:00:00,5,1.0,TRANSPORT,"Positive viewing feedback. Applicant liked the layout and Canary Wharf location, with questions about tenancy terms."
F-2825,V-3218,A-1901,P-1144,2026-07-17 12:00:00,3,0.0,PRICE|TRANSPORT|TERMS,Applicant liked aspects of the property but raised price sensitivity versus budget.
F-2826,V-3219,A-1901,P-2159,2026-07-24 12:00:00,4,0.5,,"Positive viewing feedback. Applicant liked the layout and Camden location, with questions about tenancy terms."
F-2827,V-3220,A-1903,P-1389,2026-06-27 16:00:00,3,0.0,PRICE,Applicant liked aspects of the property but raised price sensitivity versus budget.
F-2828,V-3221,A-1903,P-2948,2026-05-28 14:00:00,4,0.5,PRICE,"Positive viewing feedback. Applicant liked the layout and Clapham location, with questions about tenancy terms."
F-2829,V-3222,A-1904,P-2811,2026-06-07 10:00:00,5,1.0,PRICE|TERMS,"Positive viewing feedback. Applicant liked the layout and Stratford location, with questions about tenancy terms."
F-2830,V-3223,A-1904,P-1475,2026-06-19 14:00:00,5,1.0,PRICE|TERMS,"Positive viewing feedback. Applicant liked the layout and Stratford location, with questions about tenancy terms."
F-2831,V-3224,A-1904,P-2510,2026-05-25 15:00:00,4,0.5,PRICE|TRANSPORT,"Positive viewing feedback. Applicant liked the layout and Canary Wharf location, with questions about tenancy terms."
F-2832,V-3225,A-1904,P-1073,2026-07-19 16:00:00,5,1.0,,"Positive viewing feedback. Applicant liked the layout and Stratford location, with questions about tenancy terms."
F-2833,V-3226,A-1904,P-2509,2026-06-18 17:00:00,5,1.0,PRICE|TRANSPORT,"Positive viewing feedback. Applicant liked the layout and Canary Wharf location, with questions about tenancy terms."
F-2834,V-3227,A-1905,P-2292,2026-05-12 17:00:00,5,1.0,TERMS,"Positive viewing feedback. Applicant liked the layout and Islington location, with questions about tenancy terms."
F-2835,V-3228,A-1905,P-1926,2026-07-17 12:00:00,4,0.5,PRICE,"Positive viewing feedback. Applicant liked the layout and Chelsea location, with questions about tenancy terms."
F-2836,V-3229,A-1906,P-2585,2026-06-14 16:00:00,4,0.5,PRICE|TRANSPORT,"Positive viewing feedback. Applicant liked the layout and Battersea location, with questions about tenancy terms."
F-2837,V-3230,A-1906,P-2309,2026-07-11 12:00:00,5,1.0,,"Positive viewing feedback. Applicant liked the layout and Battersea location, with questions about tenancy terms."
F-2838,V-3231,A-1906,P-2062,2026-06-07 16:00:00,5,1.0,TRANSPORT,"Positive viewing feedback. Applicant liked the layout and Camden location, with questions about tenancy terms."
F-2839,V-3232,A-1906,P-1957,2026-07-14 16:00:00,4,0.5,,"Positive viewing feedback. Applicant liked the layout and Camden location, with questions about tenancy terms."
F-2840,V-3233,A-1907,P-1095,2026-06-20 16:00:00,5,1.0,PRICE|TRANSPORT,"Positive viewing feedback. Applicant liked the layout and Shoreditch location, with questions about tenancy terms."
F-2841,V-3234,A-1907,P-2057,2026-06-09 16:00:00,5,1.0,PRICE,"Positive viewing feedback. Applicant liked the layout and Shoreditch location, with questions about tenancy terms."
F-2842,V-3235,A-1907,P-1787,2026-06-30 14:00:00,5,1.0,TRANSPORT|TERMS,"Positive viewing feedback. Applicant liked the layout and Shoreditch location, with questions about tenancy terms."
F-2843,V-3236,A-1908,P-2660,2026-07-07 15:00:00,5,1.0,TRANSPORT,"Positive viewing feedback. Applicant liked the layout and Greenwich location, with questions about tenancy terms."
F-2844,V-3237,A-1908,P-2577,2026-07-03 10:00:00,4,0.5,,"Positive viewing feedback. Applicant liked the layout and Greenwich location, with questions about tenancy terms."
F-2845,V-3238,A-1908,P-2097,2026-06-04 09:00:00,5,1.0,,"Positive viewing feedback. Applicant liked the layout and Wimbledon location, with questions about tenancy terms."
F-2846,V-3239,A-1908,P-2116,2026-07-02 16:00:00,5,1.0,TRANSPORT,"Positive viewing feedback. Applicant liked the layout and Wimbledon location, with questions about tenancy terms."
F-2847,V-3240,A-1909,P-2045,2026-05-16 10:00:00,5,1.0,PRICE,"Positive viewing feedback. Applicant liked the layout and Chelsea location, with questions about tenancy terms."
F-2848,V-3241,A-1909,P-1106,2026-05-25 17:00:00,4,0.5,TRANSPORT,"Positive viewing feedback. Applicant liked the layout and Islington location, with questions about tenancy terms."
F-2849,V-3242,A-1909,P-1705,2026-07-16 16:00:00,4,0.5,,"Positive viewing feedback. Applicant liked the layout and Islington location, with questions about tenancy terms."
F-2850,V-3243,A-1909,P-2969,2026-07-21 14:00:00,4,0.5,TRANSPORT,"Positive viewing feedback. Applicant liked the layout and Islington location, with questions about tenancy terms."
F-2851,V-3244,A-1909,P-1105,2026-05-11 14:00:00,4,0.5,,"Positive viewing feedback. Applicant liked the layout and Chelsea location, with questions about tenancy terms."
F-2852,V-3245,A-1910,P-1388,2026-05-08 13:00:00,5,1.0,,"Positive viewing feedback. Applicant liked the layout and Hackney location, with questions about tenancy terms."
F-2853,V-3246,A-1910,P-1870,2026-05-28 09:00:00,3,0.0,PRICE,Applicant liked aspects of the property but raised price sensitivity versus budget.
F-2854,V-3247,A-1910,P-1244,2026-06-12 10:00:00,3,0.0,PRICE,Applicant liked aspects of the property but raised price sensitivity versus budget.
F-2855,V-3249,A-1911,P-1294,2026-05-14 13:00:00,5,1.0,,"Positive viewing feedback. Applicant liked the layout and Hackney location, with questions about tenancy terms."
F-2856,V-3250,A-1912,P-2187,2026-06-28 13:00:00,4,0.5,,"Positive viewing feedback. Applicant liked the layout and Shoreditch location, with questions about tenancy terms."
F-2857,V-3251,A-1912,P-1959,2026-07-09 14:00:00,2,-0.5,AREA,Applicant had reservations and asked for better matching alternatives.
F-2858,V-3252,A-1912,P-1369,2026-06-11 14:00:00,5,1.0,TRANSPORT,"Positive viewing feedback. Applicant liked the layout and Shoreditch location, with questions about tenancy terms."
F-2859,V-3253,A-1912,P-1963,2026-07-03 15:00:00,4,0.5,,"Positive viewing feedback. Applicant liked the layout and Fulham location, with questions about tenancy terms."
F-2860,V-3254,A-1912,P-2914,2026-08-09 11:00:00,5,1.0,,"Positive viewing feedback. Applicant liked the layout and Fulham location, with questions about tenancy terms."
F-2861,V-3256,A-1912,P-1001,2026-06-06 14:00:00,3,0.0,,Applicant had reservations and asked for better matching alternatives.
F-2862,V-3257,A-1913,P-1023,2026-07-11 11:00:00,5,1.0,PRICE,"Positive viewing feedback. Applicant liked the layout and Fulham location, with questions about tenancy terms."
F-2863,V-3258,A-1914,P-1639,2026-06-05 16:00:00,5,1.0,,"Positive viewing feedback. Applicant liked the layout and Canary Wharf location, with questions about tenancy terms."
F-2864,V-3259,A-1914,P-1504,2026-06-16 10:00:00,3,0.0,,Applicant had reservations and asked for better matching alternatives.
F-2865,V-3260,A-1915,P-2286,2026-05-07 09:00:00,5,1.0,PRICE,"Positive viewing feedback. Applicant liked the layout and Camden location, with questions about tenancy terms."
F-2866,V-3262,A-1915,P-1854,2026-07-05 11:00:00,3,0.0,PRICE,Applicant liked aspects of the property but raised price sensitivity versus budget.
F-2867,V-3263,A-1915,P-2383,2026-07-06 11:00:00,5,1.0,,"Positive viewing feedback. Applicant liked the layout and Camden location, with questions about tenancy terms."
F-2868,V-3264,A-1916,P-2956,2026-06-30 15:00:00,3,0.0,PRICE|TRANSPORT,Applicant liked aspects of the property but raised price sensitivity versus budget.
F-2869,V-3266,A-1917,P-2705,2026-07-12 17:00:00,3,0.0,,Applicant had reservations and asked for better matching alternatives.
F-2870,V-3267,A-1917,P-1743,2026-06-26 14:00:00,4,0.5,TRANSPORT|TERMS,"Positive viewing feedback. Applicant liked the layout and Shoreditch location, with questions about tenancy terms."
F-2871,V-3268,A-1917,P-2869,2026-06-04 16:00:00,5,1.0,,"Positive viewing feedback. Applicant liked the layout and Shoreditch location, with questions about tenancy terms."
F-2872,V-3269,A-1917,P-1755,2026-08-09 15:00:00,5,1.0,,"Positive viewing feedback. Applicant liked the layout and Shoreditch location, with questions about tenancy terms."
F-2873,V-3270,A-1917,P-1776,2026-05-11 16:00:00,5,1.0,PRICE,"Positive viewing feedback. Applicant liked the layout and Shoreditch location, with questions about tenancy terms."
F-2874,V-3271,A-1918,P-2637,2026-06-23 14:00:00,4,0.5,,"Positive viewing feedback. Applicant liked the layout and Chelsea location, with questions about tenancy terms."
F-2875,V-3272,A-1918,P-2559,2026-06-03 09:00:00,3,0.0,,Applicant had reservations and asked for better matching alternatives.
F-2876,V-3273,A-1919,P-2648,2026-07-20 13:00:00,4,0.5,,"Positive viewing feedback. Applicant liked the layout and Wimbledon location, with questions about tenancy terms."
F-2877,V-3274,A-1919,P-1179,2026-06-17 13:00:00,2,-0.5,PRICE|CONDITION,Applicant liked aspects of the property but raised price sensitivity versus budget.
F-2878,V-3275,A-1919,P-1241,2026-05-15 09:00:00,5,1.0,TRANSPORT,"Positive viewing feedback. Applicant liked the layout and Wimbledon location, with questions about tenancy terms."
F-2879,V-3276,A-1919,P-1160,2026-08-04 11:00:00,4,0.5,,"Positive viewing feedback. Applicant liked the layout and Wimbledon location, with questions about tenancy terms."
F-2880,V-3277,A-1919,P-2216,2026-07-26 16:00:00,3,0.0,PRICE,Applicant liked aspects of the property but raised price sensitivity versus budget.
F-2881,V-3278,A-1919,P-2021,2026-06-08 13:00:00,3,0.0,,Applicant had reservations and asked for better matching alternatives.
F-2882,V-3279,A-1919,P-2219,2026-05-06 10:00:00,5,1.0,,"Positive viewing feedback. Applicant liked the layout and Wimbledon location, with questions about tenancy terms."
F-2883,V-3280,A-1919,P-2986,2026-06-18 12:00:00,5,1.0,,"Positive viewing feedback. Applicant liked the layout and Wimbledon location, with questions about tenancy terms."
F-2884,V-3281,A-1920,P-1152,2026-06-18 15:00:00,4,0.5,PRICE,"Positive viewing feedback. Applicant liked the layout and Hackney location, with questions about tenancy terms."
F-2885,V-3282,A-1920,P-2996,2026-07-29 13:00:00,4,0.5,,"Positive viewing feedback. Applicant liked the layout and Shoreditch location, with questions about tenancy terms."
F-2886,V-3284,A-1921,P-1114,2026-06-04 16:00:00,5,1.0,,"Positive viewing feedback. Applicant liked the layout and Canary Wharf location, with questions about tenancy terms."
F-2887,V-3285,A-1922,P-1274,2026-07-15 11:00:00,3,0.0,PRICE,Applicant liked aspects of the property but raised price sensitivity versus budget.
F-2888,V-3286,A-1922,P-1432,2026-06-07 16:00:00,4,0.5,,"Positive viewing feedback. Applicant liked the layout and Fulham location, with questions about tenancy terms."
F-2889,V-3287,A-1922,P-2038,2026-05-28 14:00:00,4,0.5,,"Positive viewing feedback. Applicant liked the layout and Fulham location, with questions about tenancy terms."
F-2890,V-3288,A-1923,P-2119,2026-07-24 10:00:00,4,0.5,,"Positive viewing feedback. Applicant liked the layout and Canary Wharf location, with questions about tenancy terms."
F-2891,V-3289,A-1923,P-2809,2026-05-28 09:00:00,4,0.5,,"Positive viewing feedback. Applicant liked the layout and Hackney location, with questions about tenancy terms."
F-2892,V-3290,A-1923,P-2978,2026-06-24 15:00:00,4,0.5,TRANSPORT,"Positive viewing feedback. Applicant liked the layout and Hackney location, with questions about tenancy terms."
F-2893,V-3291,A-1924,P-2220,2026-07-06 17:00:00,4,0.5,TRANSPORT,"Positive viewing feedback. Applicant liked the layout and Clapham location, with questions about tenancy terms."
F-2894,V-3292,A-1924,P-2763,2026-05-27 16:00:00,4,0.5,PRICE|TRANSPORT,"Positive viewing feedback. Applicant liked the layout and Clapham location, with questions about tenancy terms."
F-2895,V-3294,A-1925,P-2060,2026-05-04 13:00:00,5,1.0,PRICE,"Positive viewing feedback. Applicant liked the layout and Greenwich location, with questions about tenancy terms."
F-2896,V-3295,A-1925,P-1552,2026-05-04 09:00:00,4,0.5,,"Positive viewing feedback. Applicant liked the layout and Greenwich location, with questions about tenancy terms."
F-2897,V-3296,A-1926,P-1276,2026-05-29 10:00:00,3,0.0,PRICE,Applicant liked aspects of the property but raised price sensitivity versus budget.
F-2898,V-3297,A-1926,P-2654,2026-08-11 11:00:00,5,1.0,TERMS,"Positive viewing feedback. Applicant liked the layout and Camden location, with questions about tenancy terms."
F-2899,V-3298,A-1926,P-1662,2026-07-03 09:00:00,4,0.5,PRICE,"Positive viewing feedback. Applicant liked the layout and Camden location, with questions about tenancy terms."
F-2900,V-3300,A-1927,P-1608,2026-06-18 15:00:00,5,1.0,PRICE,"Positive viewing feedback. Applicant liked the layout and Battersea location, with questions about tenancy terms."
F-2901,V-3301,A-1927,P-1315,2026-05-27 15:00:00,5,1.0,PRICE,"Positive viewing feedback. Applicant liked the layout and Battersea location, with questions about tenancy terms."
F-2902,V-3302,A-1927,P-2133,2026-05-22 14:00:00,4,0.5,TRANSPORT,"Positive viewing feedback. Applicant liked the layout and Battersea location, with questions about tenancy terms."
F-2903,V-3304,A-1928,P-2639,2026-05-06 12:00:00,5,1.0,,"Positive viewing feedback. Applicant liked the layout and Fulham location, with questions about tenancy terms."
F-2904,V-3305,A-1928,P-2903,2026-06-15 09:00:00,4,0.5,,"Positive viewing feedback. Applicant liked the layout and Fulham location, with questions about tenancy terms."
F-2905,V-3309,A-1929,P-2387,2026-06-09 14:00:00,4,0.5,,"Positive viewing feedback. Applicant liked the layout and Shoreditch location, with questions about tenancy terms."
F-2906,V-3310,A-1930,P-1533,2026-05-18 11:00:00,5,1.0,PRICE,"Positive viewing feedback. Applicant liked the layout and Hackney location, with questions about tenancy terms."
F-2907,V-3311,A-1930,P-2953,2026-06-16 15:00:00,5,1.0,,"Positive viewing feedback. Applicant liked the layout and Hackney location, with questions about tenancy terms."
F-2908,V-3312,A-1931,P-2814,2026-07-07 12:00:00,1,-1.0,CONDITION,Applicant had reservations and asked for better matching alternatives.
F-2909,V-3313,A-1932,P-1262,2026-06-03 09:00:00,5,1.0,PRICE|TERMS,"Positive viewing feedback. Applicant liked the layout and Hackney location, with questions about tenancy terms."
F-2910,V-3314,A-1932,P-2284,2026-07-12 15:00:00,4,0.5,PRICE,"Positive viewing feedback. Applicant liked the layout and Clapham location, with questions about tenancy terms."
F-2911,V-3315,A-1933,P-1758,2026-06-20 14:00:00,2,-0.5,CONDITION,Applicant had reservations and asked for better matching alternatives.
F-2912,V-3316,A-1933,P-2646,2026-07-11 12:00:00,5,1.0,,"Positive viewing feedback. Applicant liked the layout and Hackney location, with questions about tenancy terms."
F-2913,V-3317,A-1934,P-1157,2026-05-10 10:00:00,4,0.5,,"Positive viewing feedback. Applicant liked the layout and Fulham location, with questions about tenancy terms."
F-2914,V-3318,A-1935,P-2675,2026-05-15 14:00:00,5,1.0,,"Positive viewing feedback. Applicant liked the layout and Stratford location, with questions about tenancy terms."
F-2915,V-3319,A-1935,P-2572,2026-07-23 15:00:00,4,0.5,TRANSPORT,"Positive viewing feedback. Applicant liked the layout and Shoreditch location, with questions about tenancy terms."
F-2916,V-3321,A-1936,P-2811,2026-07-29 12:00:00,3,0.0,PRICE,Applicant liked aspects of the property but raised price sensitivity versus budget.
F-2917,V-3322,A-1936,P-2087,2026-07-01 11:00:00,3,0.0,,Applicant had reservations and asked for better matching alternatives.
F-2918,V-3323,A-1936,P-1354,2026-08-09 13:00:00,4,0.5,PRICE,"Positive viewing feedback. Applicant liked the layout and Stratford location, with questions about tenancy terms."
F-2919,V-3324,A-1936,P-1675,2026-05-10 16:00:00,4,0.5,PRICE,"Positive viewing feedback. Applicant liked the layout and Stratford location, with questions about tenancy terms."
F-2920,V-3325,A-1937,P-2590,2026-06-04 12:00:00,3,0.0,PRICE|TERMS,Applicant liked aspects of the property but raised price sensitivity versus budget.
F-2921,V-3326,A-1937,P-2795,2026-06-03 12:00:00,4,0.5,PRICE|TERMS,"Positive viewing feedback. Applicant liked the layout and Chelsea location, with questions about tenancy terms."
F-2922,V-3328,A-1939,P-2912,2026-08-04 12:00:00,3,0.0,TRANSPORT,Applicant had reservations and asked for better matching alternatives.
F-2923,V-3329,A-1939,P-1730,2026-06-19 16:00:00,5,1.0,,"Positive viewing feedback. Applicant liked the layout and Shoreditch location, with questions about tenancy terms."
F-2924,V-3330,A-1939,P-1563,2026-07-17 12:00:00,4,0.5,PRICE|TERMS,"Positive viewing feedback. Applicant liked the layout and Islington location, with questions about tenancy terms."
F-2925,V-3331,A-1940,P-2564,2026-06-05 10:00:00,4,0.5,PRICE,"Positive viewing feedback. Applicant liked the layout and Fulham location, with questions about tenancy terms."
F-2926,V-3332,A-1940,P-1785,2026-06-27 17:00:00,5,1.0,,"Positive viewing feedback. Applicant liked the layout and Wimbledon location, with questions about tenancy terms."
F-2927,V-3334,A-1940,P-1966,2026-08-08 14:00:00,4,0.5,,"Positive viewing feedback. Applicant liked the layout and Wimbledon location, with questions about tenancy terms."
F-2928,V-3335,A-1940,P-1817,2026-06-11 15:00:00,3,0.0,,Applicant had reservations and asked for better matching alternatives.
F-2929,V-3336,A-1940,P-2922,2026-07-23 16:00:00,4,0.5,,"Positive viewing feedback. Applicant liked the layout and Canary Wharf location, with questions about tenancy terms."
F-2930,V-3338,A-1942,P-1663,2026-07-21 17:00:00,4,0.5,,"Positive viewing feedback. Applicant liked the layout and Fulham location, with questions about tenancy terms."
F-2931,V-3339,A-1942,P-1452,2026-06-16 09:00:00,3,0.0,PRICE,Applicant liked aspects of the property but raised price sensitivity versus budget.
F-2932,V-3340,A-1942,P-1488,2026-07-12 09:00:00,5,1.0,,"Positive viewing feedback. Applicant liked the layout and Fulham location, with questions about tenancy terms."
F-2933,V-3341,A-1943,P-1640,2026-06-26 17:00:00,3,0.0,PRICE,Applicant liked aspects of the property but raised price sensitivity versus budget.
F-2934,V-3342,A-1943,P-2688,2026-05-13 11:00:00,5,1.0,PRICE,"Positive viewing feedback. Applicant liked the layout and Croydon location, with questions about tenancy terms."
F-2935,V-3343,A-1943,P-2970,2026-07-02 17:00:00,5,1.0,,"Positive viewing feedback. Applicant liked the layout and Croydon location, with questions about tenancy terms."
F-2936,V-3344,A-1943,P-1478,2026-05-31 09:00:00,5,1.0,TRANSPORT,"Positive viewing feedback. Applicant liked the layout and Croydon location, with questions about tenancy terms."
F-2937,V-3345,A-1944,P-2055,2026-07-24 13:00:00,5,1.0,,"Positive viewing feedback. Applicant liked the layout and Hackney location, with questions about tenancy terms."
F-2938,V-3346,A-1944,P-2632,2026-05-22 17:00:00,4,0.5,,"Positive viewing feedback. Applicant liked the layout and Camden location, with questions about tenancy terms."
F-2939,V-3347,A-1944,P-2134,2026-08-01 10:00:00,5,1.0,TRANSPORT,"Positive viewing feedback. Applicant liked the layout and Camden location, with questions about tenancy terms."
F-2940,V-3348,A-1945,P-2974,2026-07-22 09:00:00,5,1.0,,"Positive viewing feedback. Applicant liked the layout and Clapham location, with questions about tenancy terms."
F-2941,V-3350,A-1946,P-2887,2026-07-03 12:00:00,5,1.0,TERMS,"Positive viewing feedback. Applicant liked the layout and Camden location, with questions about tenancy terms."
F-2942,V-3351,A-1946,P-1981,2026-05-03 14:00:00,4,0.5,TERMS,"Positive viewing feedback. Applicant liked the layout and Wimbledon location, with questions about tenancy terms."
F-2943,V-3352,A-1946,P-1500,2026-07-04 11:00:00,3,0.0,,Applicant had reservations and asked for better matching alternatives.
F-2944,V-3353,A-1947,P-2026,2026-06-14 17:00:00,5,1.0,,"Positive viewing feedback. Applicant liked the layout and Greenwich location, with questions about tenancy terms."
F-2945,V-3354,A-1948,P-1437,2026-07-15 15:00:00,4,0.5,,"Positive viewing feedback. Applicant liked the layout and Islington location, with questions about tenancy terms."
F-2946,V-3355,A-1948,P-1707,2026-08-04 11:00:00,3,0.0,TRANSPORT,Applicant had reservations and asked for better matching alternatives.
F-2947,V-3356,A-1949,P-2920,2026-06-07 16:00:00,3,0.0,PRICE|TRANSPORT,Applicant liked aspects of the property but raised price sensitivity versus budget.
F-2948,V-3357,A-1949,P-1590,2026-07-02 12:00:00,3,0.0,,Applicant had reservations and asked for better matching alternatives.
F-2949,V-3358,A-1949,P-2237,2026-06-18 11:00:00,5,1.0,TERMS,"Positive viewing feedback. Applicant liked the layout and Croydon location, with questions about tenancy terms."
F-2950,V-3359,A-1950,P-1592,2026-06-27 12:00:00,3,0.0,PRICE|TRANSPORT,Applicant liked aspects of the property but raised price sensitivity versus budget.
F-2951,V-3360,A-1950,P-2226,2026-07-21 12:00:00,2,-0.5,PRICE|TRANSPORT|CONDITION,Applicant liked aspects of the property but raised price sensitivity versus budget.
F-2952,V-3361,A-1950,P-1095,2026-06-03 16:00:00,5,1.0,TERMS,"Positive viewing feedback. Applicant liked the layout and Shoreditch location, with questions about tenancy terms."
F-2953,V-3362,A-1951,P-2324,2026-07-20 10:00:00,2,-0.5,CONDITION,Applicant had reservations and asked for better matching alternatives.
F-2954,V-3363,A-1951,P-2984,2026-07-12 16:00:00,3,0.0,TRANSPORT,Applicant had reservations and asked for better matching alternatives.
F-2955,V-3364,A-1952,P-2901,2026-07-05 10:00:00,3,0.0,TERMS,Applicant had reservations and asked for better matching alternatives.
F-2956,V-3365,A-1952,P-2627,2026-06-08 16:00:00,4,0.5,PRICE,"Positive viewing feedback. Applicant liked the layout and Islington location, with questions about tenancy terms."
F-2957,V-3366,A-1952,P-2054,2026-07-17 17:00:00,5,1.0,PRICE,"Positive viewing feedback. Applicant liked the layout and Islington location, with questions about tenancy terms."
F-2958,V-3367,A-1952,P-1640,2026-05-04 13:00:00,5,1.0,,"Positive viewing feedback. Applicant liked the layout and Croydon location, with questions about tenancy terms."
F-2959,V-3368,A-1953,P-1206,2026-05-21 15:00:00,5,1.0,,"Positive viewing feedback. Applicant liked the layout and Stratford location, with questions about tenancy terms."
F-2960,V-3369,A-1953,P-1969,2026-06-25 09:00:00,4,0.5,TRANSPORT,"Positive viewing feedback. Applicant liked the layout and Stratford location, with questions about tenancy terms."
F-2961,V-3370,A-1953,P-2845,2026-07-15 14:00:00,5,1.0,,"Positive viewing feedback. Applicant liked the layout and Stratford location, with questions about tenancy terms."
F-2962,V-3371,A-1954,P-2263,2026-06-04 17:00:00,5,1.0,PRICE,"Positive viewing feedback. Applicant liked the layout and Croydon location, with questions about tenancy terms."
F-2963,V-3372,A-1955,P-2283,2026-06-19 16:00:00,5,1.0,,"Positive viewing feedback. Applicant liked the layout and Camden location, with questions about tenancy terms."
F-2964,V-3373,A-1955,P-1591,2026-07-03 09:00:00,5,1.0,,"Positive viewing feedback. Applicant liked the layout and Camden location, with questions about tenancy terms."
F-2965,V-3374,A-1955,P-2776,2026-08-01 17:00:00,4,0.5,,"Positive viewing feedback. Applicant liked the layout and Canary Wharf location, with questions about tenancy terms."
F-2966,V-3375,A-1955,P-2192,2026-07-05 13:00:00,5,1.0,,"Positive viewing feedback. Applicant liked the layout and Canary Wharf location, with questions about tenancy terms."
F-2967,V-3376,A-1956,P-2051,2026-05-16 11:00:00,5,1.0,,"Positive viewing feedback. Applicant liked the layout and Wimbledon location, with questions about tenancy terms."
F-2968,V-3377,A-1956,P-1536,2026-06-13 10:00:00,5,1.0,TRANSPORT,"Positive viewing feedback. Applicant liked the layout and Wimbledon location, with questions about tenancy terms."
F-2969,V-3378,A-1956,P-2104,2026-08-09 12:00:00,4,0.5,,"Positive viewing feedback. Applicant liked the layout and Clapham location, with questions about tenancy terms."
F-2970,V-3379,A-1956,P-2147,2026-08-01 17:00:00,4,0.5,PRICE,"Positive viewing feedback. Applicant liked the layout and Clapham location, with questions about tenancy terms."
F-2971,V-3380,A-1957,P-2633,2026-06-13 13:00:00,5,1.0,PRICE|TRANSPORT,"Positive viewing feedback. Applicant liked the layout and Battersea location, with questions about tenancy terms."
F-2972,V-3381,A-1957,P-2751,2026-06-07 10:00:00,5,1.0,TERMS,"Positive viewing feedback. Applicant liked the layout and Battersea location, with questions about tenancy terms."
F-2973,V-3382,A-1957,P-1499,2026-05-24 17:00:00,3,0.0,,Applicant had reservations and asked for better matching alternatives.
F-2974,V-3383,A-1957,P-1989,2026-05-22 14:00:00,3,0.0,,Applicant had reservations and asked for better matching alternatives.
F-2975,V-3384,A-1957,P-2817,2026-07-25 09:00:00,5,1.0,PRICE,"Positive viewing feedback. Applicant liked the layout and Battersea location, with questions about tenancy terms."
F-2976,V-3385,A-1958,P-1945,2026-07-23 09:00:00,3,0.0,TRANSPORT|TERMS,Applicant had reservations and asked for better matching alternatives.
F-2977,V-3386,A-1958,P-1491,2026-05-08 17:00:00,4,0.5,,"Positive viewing feedback. Applicant liked the layout and Croydon location, with questions about tenancy terms."
F-2978,V-3387,A-1958,P-2735,2026-07-15 16:00:00,4,0.5,,"Positive viewing feedback. Applicant liked the layout and Croydon location, with questions about tenancy terms."
F-2979,V-3389,A-1959,P-2295,2026-07-30 17:00:00,3,0.0,PRICE,Applicant liked aspects of the property but raised price sensitivity versus budget.
F-2980,V-3390,A-1960,P-2431,2026-05-23 17:00:00,5,1.0,,"Positive viewing feedback. Applicant liked the layout and Clapham location, with questions about tenancy terms."
F-2981,V-3391,A-1960,P-2458,2026-06-09 09:00:00,2,-0.5,PRICE|CONDITION,Applicant liked aspects of the property but raised price sensitivity versus budget.
F-2982,V-3392,A-1960,P-2699,2026-06-17 12:00:00,4,0.5,,"Positive viewing feedback. Applicant liked the layout and Clapham location, with questions about tenancy terms."
F-2983,V-3393,A-1960,P-1133,2026-06-29 17:00:00,5,1.0,TERMS,"Positive viewing feedback. Applicant liked the layout and Clapham location, with questions about tenancy terms."
F-2984,V-3394,A-1961,P-1719,2026-05-09 12:00:00,3,0.0,PRICE,Applicant liked aspects of the property but raised price sensitivity versus budget.
F-2985,V-3395,A-1961,P-2366,2026-05-25 17:00:00,4,0.5,,"Positive viewing feedback. Applicant liked the layout and Camden location, with questions about tenancy terms."
F-2986,V-3396,A-1961,P-1570,2026-07-26 16:00:00,5,1.0,,"Positive viewing feedback. Applicant liked the layout and Battersea location, with questions about tenancy terms."
F-2987,V-3398,A-1962,P-1044,2026-05-16 17:00:00,5,1.0,PRICE,"Positive viewing feedback. Applicant liked the layout and Fulham location, with questions about tenancy terms."
F-2988,V-3399,A-1962,P-2283,2026-07-14 17:00:00,4,0.5,,"Positive viewing feedback. Applicant liked the layout and Camden location, with questions about tenancy terms."
F-2989,V-3400,A-1962,P-2741,2026-05-16 12:00:00,5,1.0,,"Positive viewing feedback. Applicant liked the layout and Fulham location, with questions about tenancy terms."
F-2990,V-3401,A-1962,P-1662,2026-06-05 11:00:00,5,1.0,TRANSPORT,"Positive viewing feedback. Applicant liked the layout and Camden location, with questions about tenancy terms."
F-2991,V-3402,A-1963,P-2256,2026-06-26 12:00:00,3,0.0,,Applicant had reservations and asked for better matching alternatives.
F-2992,V-3403,A-1964,P-1829,2026-06-25 15:00:00,4,0.5,,"Positive viewing feedback. Applicant liked the layout and Stratford location, with questions about tenancy terms."
F-2993,V-3405,A-1964,P-2955,2026-08-02 16:00:00,5,1.0,PRICE|TRANSPORT,"Positive viewing feedback. Applicant liked the layout and Fulham location, with questions about tenancy terms."
F-2994,V-3406,A-1964,P-2435,2026-07-26 17:00:00,5,1.0,,"Positive viewing feedback. Applicant liked the layout and Stratford location, with questions about tenancy terms."
F-2995,V-3407,A-1965,P-1009,2026-06-06 17:00:00,5,1.0,TRANSPORT,"Positive viewing feedback. Applicant liked the layout and Stratford location, with questions about tenancy terms."
F-2996,V-3408,A-1965,P-1581,2026-05-05 17:00:00,4,0.5,TRANSPORT,"Positive viewing feedback. Applicant liked the layout and Stratford location, with questions about tenancy terms."
F-2997,V-3409,A-1965,P-1533,2026-05-28 16:00:00,5,1.0,PRICE,"Positive viewing feedback. Applicant liked the layout and Hackney location, with questions about tenancy terms."
F-2998,V-3410,A-1965,P-2595,2026-05-26 16:00:00,4,0.5,,"Positive viewing feedback. Applicant liked the layout and Hackney location, with questions about tenancy terms."
F-2999,V-3411,A-1965,P-2646,2026-06-23 13:00:00,4,0.5,,"Positive viewing feedback. Applicant liked the layout and Hackney location, with questions about tenancy terms."
F-3000,V-3412,A-1965,P-2481,2026-05-14 10:00:00,3,0.0,PRICE,Applicant liked aspects of the property but raised price sensitivity versus budget.
F-3001,V-3414,A-1966,P-2859,2026-08-02 16:00:00,5,1.0,,"Positive viewing feedback. Applicant liked the layout and Croydon location, with questions about tenancy terms."
F-3002,V-3416,A-1967,P-2434,2026-06-11 11:00:00,5,1.0,PRICE,"Positive viewing feedback. Applicant liked the layout and Fulham location, with questions about tenancy terms."
F-3003,V-3417,A-1967,P-2329,2026-06-19 10:00:00,3,0.0,TERMS,Applicant had reservations and asked for better matching alternatives.
F-3004,V-3418,A-1968,P-1925,2026-07-18 14:00:00,4,0.5,,"Positive viewing feedback. Applicant liked the layout and Hackney location, with questions about tenancy terms."
F-3005,V-3419,A-1968,P-2020,2026-06-06 16:00:00,4,0.5,,"Positive viewing feedback. Applicant liked the layout and Canary Wharf location, with questions about tenancy terms."
F-3006,V-3420,A-1968,P-1774,2026-05-23 10:00:00,4,0.5,PRICE,"Positive viewing feedback. Applicant liked the layout and Canary Wharf location, with questions about tenancy terms."
F-3007,V-3421,A-1968,P-2247,2026-05-22 14:00:00,4,0.5,TERMS,"Positive viewing feedback. Applicant liked the layout and Canary Wharf location, with questions about tenancy terms."
F-3008,V-3422,A-1969,P-2259,2026-05-09 10:00:00,4,0.5,PRICE,"Positive viewing feedback. Applicant liked the layout and Wimbledon location, with questions about tenancy terms."
F-3009,V-3423,A-1969,P-2589,2026-06-16 13:00:00,5,1.0,,"Positive viewing feedback. Applicant liked the layout and Wimbledon location, with questions about tenancy terms."
F-3010,V-3424,A-1970,P-2437,2026-07-25 10:00:00,4,0.5,PRICE|TERMS,"Positive viewing feedback. Applicant liked the layout and Battersea location, with questions about tenancy terms."
F-3011,V-3425,A-1970,P-2995,2026-08-08 15:00:00,3,0.0,PRICE|TRANSPORT,Applicant liked aspects of the property but raised price sensitivity versus budget.
F-3012,V-3426,A-1970,P-1204,2026-05-09 16:00:00,3,0.0,PRICE,Applicant liked aspects of the property but raised price sensitivity versus budget.
F-3013,V-3427,A-1970,P-2011,2026-07-08 16:00:00,5,1.0,PRICE|TRANSPORT,"Positive viewing feedback. Applicant liked the layout and Battersea location, with questions about tenancy terms."
F-3014,V-3428,A-1971,P-1936,2026-07-16 17:00:00,3,0.0,PRICE,Applicant liked aspects of the property but raised price sensitivity versus budget.
F-3015,V-3429,A-1971,P-2887,2026-06-24 17:00:00,3,0.0,PRICE,Applicant liked aspects of the property but raised price sensitivity versus budget.
F-3016,V-3430,A-1972,P-1350,2026-07-06 09:00:00,5,1.0,PRICE|TRANSPORT|TERMS,"Positive viewing feedback. Applicant liked the layout and Greenwich location, with questions about tenancy terms."
F-3017,V-3431,A-1972,P-2537,2026-07-10 10:00:00,5,1.0,PRICE,"Positive viewing feedback. Applicant liked the layout and Greenwich location, with questions about tenancy terms."
F-3018,V-3432,A-1972,P-2331,2026-05-08 16:00:00,3,0.0,PRICE,Applicant liked aspects of the property but raised price sensitivity versus budget.
F-3019,V-3433,A-1972,P-1864,2026-05-21 13:00:00,5,1.0,,"Positive viewing feedback. Applicant liked the layout and Greenwich location, with questions about tenancy terms."
F-3020,V-3434,A-1972,P-1181,2026-07-21 17:00:00,3,0.0,PRICE|TRANSPORT,Applicant liked aspects of the property but raised price sensitivity versus budget.
F-3021,V-3435,A-1972,P-1924,2026-07-04 16:00:00,4,0.5,,"Positive viewing feedback. Applicant liked the layout and Greenwich location, with questions about tenancy terms."
F-3022,V-3436,A-1972,P-2775,2026-07-06 17:00:00,5,1.0,,"Positive viewing feedback. Applicant liked the layout and Greenwich location, with questions about tenancy terms."
F-3023,V-3437,A-1972,P-2792,2026-06-01 13:00:00,3,0.0,,Applicant had reservations and asked for better matching alternatives.
F-3024,V-3438,A-1973,P-2765,2026-06-15 13:00:00,5,1.0,,"Positive viewing feedback. Applicant liked the layout and Chelsea location, with questions about tenancy terms."
F-3025,V-3439,A-1973,P-2871,2026-05-29 10:00:00,5,1.0,TRANSPORT,"Positive viewing feedback. Applicant liked the layout and Chelsea location, with questions about tenancy terms."
F-3026,V-3440,A-1973,P-1465,2026-05-20 12:00:00,5,1.0,,"Positive viewing feedback. Applicant liked the layout and Chelsea location, with questions about tenancy terms."
F-3027,V-3441,A-1973,P-2306,2026-06-10 16:00:00,5,1.0,,"Positive viewing feedback. Applicant liked the layout and Chelsea location, with questions about tenancy terms."
F-3028,V-3442,A-1974,P-2914,2026-07-09 10:00:00,4,0.5,,"Positive viewing feedback. Applicant liked the layout and Fulham location, with questions about tenancy terms."
F-3029,V-3445,A-1975,P-2010,2026-05-14 11:00:00,3,0.0,,Applicant had reservations and asked for better matching alternatives.
F-3030,V-3446,A-1975,P-2899,2026-05-07 13:00:00,3,0.0,PRICE,Applicant liked aspects of the property but raised price sensitivity versus budget.
F-3031,V-3447,A-1976,P-2216,2026-07-26 14:00:00,2,-0.5,PRICE|CONDITION,Applicant liked aspects of the property but raised price sensitivity versus budget.
F-3032,V-3448,A-1976,P-1478,2026-08-07 12:00:00,4,0.5,,"Positive viewing feedback. Applicant liked the layout and Croydon location, with questions about tenancy terms."
F-3033,V-3450,A-1976,P-2190,2026-08-07 16:00:00,5,1.0,PRICE,"Positive viewing feedback. Applicant liked the layout and Chelsea location, with questions about tenancy terms."
F-3034,V-3451,A-1977,P-2143,2026-07-31 13:00:00,5,1.0,TRANSPORT,"Positive viewing feedback. Applicant liked the layout and Wimbledon location, with questions about tenancy terms."
F-3035,V-3452,A-1978,P-2356,2026-08-01 11:00:00,5,1.0,PRICE,"Positive viewing feedback. Applicant liked the layout and Hackney location, with questions about tenancy terms."
F-3036,V-3453,A-1978,P-1461,2026-07-09 12:00:00,4,0.5,,"Positive viewing feedback. Applicant liked the layout and Stratford location, with questions about tenancy terms."
F-3037,V-3454,A-1978,P-1270,2026-07-29 13:00:00,4,0.5,PRICE,"Positive viewing feedback. Applicant liked the layout and Stratford location, with questions about tenancy terms."
F-3038,V-3455,A-1978,P-2845,2026-07-16 11:00:00,3,0.0,PRICE,Applicant liked aspects of the property but raised price sensitivity versus budget.
F-3039,V-3456,A-1978,P-2856,2026-06-13 15:00:00,1,-1.0,PRICE|CONDITION,Applicant liked aspects of the property but raised price sensitivity versus budget.
F-3040,V-3458,A-1979,P-2107,2026-05-23 10:00:00,5,1.0,PRICE,"Positive viewing feedback. Applicant liked the layout and Clapham location, with questions about tenancy terms."
F-3041,V-3459,A-1979,P-2103,2026-06-22 13:00:00,4,0.5,PRICE,"Positive viewing feedback. Applicant liked the layout and Battersea location, with questions about tenancy terms."
F-3042,V-3460,A-1980,P-2462,2026-07-14 13:00:00,4,0.5,PRICE|TRANSPORT|TERMS,"Positive viewing feedback. Applicant liked the layout and Clapham location, with questions about tenancy terms."
F-3043,V-3461,A-1980,P-2932,2026-07-20 15:00:00,4,0.5,,"Positive viewing feedback. Applicant liked the layout and Croydon location, with questions about tenancy terms."
F-3044,V-3462,A-1980,P-2974,2026-08-04 12:00:00,3,0.0,PRICE|TERMS,Applicant liked aspects of the property but raised price sensitivity versus budget.
F-3045,V-3463,A-1980,P-2670,2026-07-01 10:00:00,3,0.0,PRICE,Applicant liked aspects of the property but raised price sensitivity versus budget.
F-3046,V-3464,A-1980,P-1592,2026-07-07 09:00:00,3,0.0,PRICE|TRANSPORT,Applicant liked aspects of the property but raised price sensitivity versus budget.
F-3047,V-3465,A-1980,P-2787,2026-07-16 17:00:00,5,1.0,TRANSPORT,"Positive viewing feedback. Applicant liked the layout and Croydon location, with questions about tenancy terms."
F-3048,V-3466,A-1980,P-2889,2026-06-13 13:00:00,5,1.0,,"Positive viewing feedback. Applicant liked the layout and Croydon location, with questions about tenancy terms."
F-3049,V-3467,A-1982,P-1710,2026-07-30 14:00:00,3,0.0,,Applicant had reservations and asked for better matching alternatives.
F-3050,V-3469,A-1982,P-1216,2026-05-24 15:00:00,5,1.0,,"Positive viewing feedback. Applicant liked the layout and Battersea location, with questions about tenancy terms."
F-3051,V-3470,A-1982,P-2146,2026-05-26 14:00:00,4,0.5,,"Positive viewing feedback. Applicant liked the layout and Battersea location, with questions about tenancy terms."
F-3052,V-3471,A-1982,P-2669,2026-06-04 12:00:00,2,-0.5,AREA,Applicant had reservations and asked for better matching alternatives.
F-3053,V-3472,A-1982,P-1953,2026-07-04 11:00:00,5,1.0,PRICE|TRANSPORT,"Positive viewing feedback. Applicant liked the layout and Battersea location, with questions about tenancy terms."
F-3054,V-3473,A-1982,P-2415,2026-07-02 10:00:00,5,1.0,,"Positive viewing feedback. Applicant liked the layout and Battersea location, with questions about tenancy terms."
F-3055,V-3474,A-1983,P-1852,2026-06-24 14:00:00,4,0.5,TERMS,"Positive viewing feedback. Applicant liked the layout and Canary Wharf location, with questions about tenancy terms."
F-3056,V-3475,A-1983,P-1801,2026-05-28 11:00:00,3,0.0,PRICE,Applicant liked aspects of the property but raised price sensitivity versus budget.
F-3057,V-3476,A-1983,P-2609,2026-06-05 09:00:00,5,1.0,TERMS,"Positive viewing feedback. Applicant liked the layout and Canary Wharf location, with questions about tenancy terms."
F-3058,V-3477,A-1983,P-1275,2026-08-06 10:00:00,4,0.5,PRICE,"Positive viewing feedback. Applicant liked the layout and Canary Wharf location, with questions about tenancy terms."
F-3059,V-3478,A-1983,P-2881,2026-05-23 17:00:00,5,1.0,,"Positive viewing feedback. Applicant liked the layout and Shoreditch location, with questions about tenancy terms."
F-3060,V-3479,A-1983,P-2842,2026-08-11 10:00:00,5,1.0,PRICE,"Positive viewing feedback. Applicant liked the layout and Canary Wharf location, with questions about tenancy terms."
F-3061,V-3480,A-1983,P-1910,2026-07-21 15:00:00,4,0.5,,"Positive viewing feedback. Applicant liked the layout and Canary Wharf location, with questions about tenancy terms."
F-3062,V-3481,A-1984,P-1992,2026-05-24 09:00:00,3,0.0,PRICE|TRANSPORT,Applicant liked aspects of the property but raised price sensitivity versus budget.
F-3063,V-3483,A-1985,P-2950,2026-08-08 14:00:00,5,1.0,,"Positive viewing feedback. Applicant liked the layout and Clapham location, with questions about tenancy terms."
F-3064,V-3484,A-1985,P-2055,2026-08-02 15:00:00,3,0.0,TRANSPORT|TERMS,Applicant had reservations and asked for better matching alternatives.
F-3065,V-3485,A-1985,P-1796,2026-08-07 16:00:00,3,0.0,PRICE|TERMS,Applicant liked aspects of the property but raised price sensitivity versus budget.
F-3066,V-3486,A-1985,P-2085,2026-05-31 17:00:00,3,0.0,,Applicant had reservations and asked for better matching alternatives.
F-3067,V-3487,A-1986,P-1664,2026-05-11 15:00:00,4,0.5,PRICE,"Positive viewing feedback. Applicant liked the layout and Hackney location, with questions about tenancy terms."
F-3068,V-3488,A-1986,P-1388,2026-05-22 15:00:00,5,1.0,PRICE|TERMS,"Positive viewing feedback. Applicant liked the layout and Hackney location, with questions about tenancy terms."
F-3069,V-3489,A-1986,P-2426,2026-05-06 11:00:00,3,0.0,PRICE|TRANSPORT,Applicant liked aspects of the property but raised price sensitivity versus budget.
F-3070,V-3490,A-1987,P-1059,2026-07-01 17:00:00,4,0.5,TERMS,"Positive viewing feedback. Applicant liked the layout and Croydon location, with questions about tenancy terms."
F-3071,V-3491,A-1987,P-1635,2026-07-11 13:00:00,5,1.0,TERMS,"Positive viewing feedback. Applicant liked the layout and Croydon location, with questions about tenancy terms."
F-3072,V-3492,A-1987,P-2656,2026-06-25 16:00:00,3,0.0,PRICE,Applicant liked aspects of the property but raised price sensitivity versus budget.
F-3073,V-3493,A-1987,P-2848,2026-07-14 12:00:00,2,-0.5,PRICE|AREA|TERMS,Applicant liked aspects of the property but raised price sensitivity versus budget.
F-3074,V-3494,A-1987,P-2029,2026-06-08 14:00:00,5,1.0,,"Positive viewing feedback. Applicant liked the layout and Croydon location, with questions about tenancy terms."
F-3075,V-3495,A-1988,P-2922,2026-06-15 13:00:00,4,0.5,TRANSPORT,"Positive viewing feedback. Applicant liked the layout and Canary Wharf location, with questions about tenancy terms."
F-3076,V-3496,A-1988,P-1715,2026-06-06 15:00:00,3,0.0,,Applicant had reservations and asked for better matching alternatives.
F-3077,V-3497,A-1989,P-1591,2026-07-14 12:00:00,5,1.0,,"Positive viewing feedback. Applicant liked the layout and Camden location, with questions about tenancy terms."
F-3078,V-3498,A-1989,P-1359,2026-07-02 13:00:00,5,1.0,,"Positive viewing feedback. Applicant liked the layout and Camden location, with questions about tenancy terms."
F-3079,V-3499,A-1989,P-2802,2026-05-15 09:00:00,2,-0.5,AREA,Applicant had reservations and asked for better matching alternatives.
F-3080,V-3500,A-1990,P-2259,2026-05-25 09:00:00,3,0.0,PRICE,Applicant liked aspects of the property but raised price sensitivity versus budget.
F-3081,V-3501,A-1990,P-2372,2026-06-03 17:00:00,5,1.0,PRICE|TRANSPORT|TERMS,"Positive viewing feedback. Applicant liked the layout and Croydon location, with questions about tenancy terms."
F-3082,V-3502,A-1990,P-2889,2026-08-08 16:00:00,3,0.0,PRICE,Applicant liked aspects of the property but raised price sensitivity versus budget.
F-3083,V-3503,A-1990,P-1726,2026-05-31 11:00:00,5,1.0,PRICE,"Positive viewing feedback. Applicant liked the layout and Croydon location, with questions about tenancy terms."
F-3084,V-3504,A-1990,P-1972,2026-07-10 16:00:00,5,1.0,,"Positive viewing feedback. Applicant liked the layout and Croydon location, with questions about tenancy terms."
F-3085,V-3506,A-1990,P-1975,2026-06-18 10:00:00,3,0.0,PRICE,Applicant liked aspects of the property but raised price sensitivity versus budget.
F-3086,V-3507,A-1991,P-1950,2026-07-10 11:00:00,5,1.0,,"Positive viewing feedback. Applicant liked the layout and Stratford location, with questions about tenancy terms."
F-3087,V-3508,A-1991,P-2096,2026-05-16 13:00:00,5,1.0,,"Positive viewing feedback. Applicant liked the layout and Battersea location, with questions about tenancy terms."
F-3088,V-3509,A-1991,P-2011,2026-06-26 11:00:00,5,1.0,TERMS,"Positive viewing feedback. Applicant liked the layout and Battersea location, with questions about tenancy terms."
F-3089,V-3511,A-1991,P-1530,2026-07-17 09:00:00,4,0.5,,"Positive viewing feedback. Applicant liked the layout and Battersea location, with questions about tenancy terms."
F-3090,V-3512,A-1991,P-1031,2026-07-18 12:00:00,5,1.0,PRICE,"Positive viewing feedback. Applicant liked the layout and Battersea location, with questions about tenancy terms."
F-3091,V-3513,A-1992,P-2256,2026-06-29 15:00:00,3,0.0,PRICE,Applicant liked aspects of the property but raised price sensitivity versus budget.
F-3092,V-3514,A-1992,P-2361,2026-07-16 09:00:00,5,1.0,,"Positive viewing feedback. Applicant liked the layout and Croydon location, with questions about tenancy terms."
F-3093,V-3515,A-1992,P-1804,2026-06-19 15:00:00,4,0.5,TERMS,"Positive viewing feedback. Applicant liked the layout and Croydon location, with questions about tenancy terms."
F-3094,V-3516,A-1992,P-2005,2026-08-06 14:00:00,1,-1.0,PRICE|SIZE,Applicant liked aspects of the property but raised price sensitivity versus budget.
F-3095,V-3517,A-1993,P-1973,2026-05-24 16:00:00,5,1.0,,"Positive viewing feedback. Applicant liked the layout and Fulham location, with questions about tenancy terms."
F-3096,V-3519,A-1993,P-1391,2026-06-15 09:00:00,3,0.0,,Applicant had reservations and asked for better matching alternatives.
F-3097,V-3521,A-1994,P-1447,2026-05-24 17:00:00,5,1.0,PRICE|TRANSPORT,"Positive viewing feedback. Applicant liked the layout and Croydon location, with questions about tenancy terms."
F-3098,V-3523,A-1994,P-2362,2026-07-24 09:00:00,5,1.0,,"Positive viewing feedback. Applicant liked the layout and Croydon location, with questions about tenancy terms."
F-3099,V-3524,A-1995,P-1641,2026-06-03 09:00:00,3,0.0,PRICE,Applicant liked aspects of the property but raised price sensitivity versus budget.
F-3100,V-3525,A-1995,P-1161,2026-08-07 09:00:00,5,1.0,TRANSPORT|TERMS,"Positive viewing feedback. Applicant liked the layout and Battersea location, with questions about tenancy terms."
F-3101,V-3526,A-1996,P-2535,2026-05-17 16:00:00,4,0.5,,"Positive viewing feedback. Applicant liked the layout and Stratford location, with questions about tenancy terms."
F-3102,V-3527,A-1996,P-1183,2026-06-29 09:00:00,4,0.5,PRICE,"Positive viewing feedback. Applicant liked the layout and Stratford location, with questions about tenancy terms."
F-3103,V-3528,A-1997,P-2730,2026-06-25 17:00:00,5,1.0,PRICE|TRANSPORT,"Positive viewing feedback. Applicant liked the layout and Camden location, with questions about tenancy terms."
F-3104,V-3529,A-1997,P-1166,2026-07-19 17:00:00,5,1.0,,"Positive viewing feedback. Applicant liked the layout and Fulham location, with questions about tenancy terms."
F-3105,V-3530,A-1997,P-2572,2026-07-10 09:00:00,4,0.5,,"Positive viewing feedback. Applicant liked the layout and Shoreditch location, with questions about tenancy terms."
F-3106,V-3531,A-1998,P-2040,2026-06-26 11:00:00,5,1.0,PRICE,"Positive viewing feedback. Applicant liked the layout and Shoreditch location, with questions about tenancy terms."
F-3107,V-3532,A-1999,P-1227,2026-06-05 17:00:00,4,0.5,PRICE,"Positive viewing feedback. Applicant liked the layout and Canary Wharf location, with questions about tenancy terms."
F-3108,V-3534,A-1999,P-1730,2026-07-15 14:00:00,5,1.0,,"Positive viewing feedback. Applicant liked the layout and Shoreditch location, with questions about tenancy terms."
