property_id,postcode,city,area,property_type,bedrooms,bathrooms,rent_pcm,sale_price,size_sqft,furnished,parking,garden,balcony,pets_allowed,available_date,amenities,description,latitude,longitude
P-DEMO-01,E14 5AB,London,Canary Wharf,flat,2,2,2675,,780,True,False,False,True,False,2026-09-01,transport|balcony|concierge|gym|river-view,"Modern furnished two-bedroom apartment in Canary Wharf with balcony, concierge, gym and strong transport links.",51.5058,-0.0222
P-DEMO-02,E20 1CD,London,Stratford,flat,2,1,2525,,735,True,False,False,True,True,2026-08-28,transport|balcony|workspace|gym,"Bright two-bedroom Stratford flat below Sarah's budget ceiling, close to Elizabeth line and local amenities.",51.5411,-0.004
P-1000,CR0 2GJ,London,Croydon,flat,2,2,2325,,965,True,True,False,True,False,2026-08-04,balcony|concierge|parking|transport|workspace,"A well-presented 2-bed flat in Croydon priced at £2325 pcm. Highlights include balcony, concierge, parking, transport, workspace. Suitable for applicants prioritising practical access, clear tenancy terms and responsive management.",51.379548,-0.080011
P-1001,EC2A 1CP,London,Shoreditch,flat,2,2,3750,,983,True,False,False,True,True,2026-09-05,balcony|pet-friendly|school,"A well-presented 2-bed flat in Shoreditch priced at £3750 pcm. Highlights include balcony, pet-friendly, school. Suitable for applicants prioritising practical access, clear tenancy terms and responsive management.",51.518039,-0.083483
P-1002,N1 8BM,London,Islington,flat,1,1,2550,,756,False,False,False,False,True,2026-10-02,concierge|gym|pet-friendly|transport|workspace,"A well-presented 1-bed flat in Islington priced at £2550 pcm. Highlights include concierge, gym, pet-friendly, transport, workspace. Suitable for applicants prioritising practical access, clear tenancy terms and responsive management.",51.556297,-0.13323
P-1003,N1 4BM,London,Islington,house,1,1,3000,,567,True,True,True,True,True,2026-09-20,balcony|gym|parking|transport|workspace,"A well-presented 1-bed house in Islington priced at £3000 pcm. Highlights include balcony, gym, parking, transport, workspace. Suitable for applicants prioritising practical access, clear tenancy terms and responsive management.",51.564088,-0.109864
P-1004,CR0 3DK,London,Croydon,house,1,1,2850,,711,True,True,False,True,False,2026-09-10,balcony|parking|school|workspace,"A well-presented 1-bed house in Croydon priced at £2850 pcm. Highlights include balcony, parking, school, workspace. Suitable for applicants prioritising practical access, clear tenancy terms and responsive management.",51.377667,-0.107478
P-1005,N1 6GL,London,Islington,maisonette,1,1,3075,,656,True,True,False,True,True,2026-08-20,balcony|parking|pet-friendly|transport,"A well-presented 1-bed maisonette in Islington priced at £3075 pcm. Highlights include balcony, parking, pet-friendly, transport. Suitable for applicants prioritising practical access, clear tenancy terms and responsive management.",51.53928,-0.072459
P-1006,SW19 9EP,London,Wimbledon,house,1,2,2900,,679,True,True,True,True,True,2026-09-16,balcony|parking|pet-friendly|river-view|workspace,"A well-presented 1-bed house in Wimbledon priced at £2900 pcm. Highlights include balcony, parking, pet-friendly, river-view, workspace. Suitable for applicants prioritising practical access, clear tenancy terms and responsive management.",51.418647,-0.199392
P-1007,SW19 7BM,London,Wimbledon,flat,2,2,3525,,783,False,False,False,True,True,2026-10-08,concierge|river-view|school|transport,"A well-presented 2-bed flat in Wimbledon priced at £3525 pcm. Highlights include concierge, river-view, school, transport. Suitable for applicants prioritising practical access, clear tenancy terms and responsive management.",51.405462,-0.202856
P-1008,SW3 1EN,London,Chelsea,flat,4,3,5975,,1530,False,False,True,True,True,2026-09-26,garden|gym|school,"A well-presented 4-bed flat in Chelsea priced at £5975 pcm. Highlights include garden, gym, school. Suitable for applicants prioritising practical access, clear tenancy terms and responsive management.",51.475391,-0.197199
P-1009,E20 6HJ,London,Stratford,house,1,1,2650,,764,True,False,False,True,True,2026-09-08,balcony|concierge|gym|river-view|school,"A well-presented 1-bed house in Stratford priced at £2650 pcm. Highlights include balcony, concierge, gym, river-view, school. Suitable for applicants prioritising practical access, clear tenancy terms and responsive management.",51.545423,-0.035035
P-1010,SW4 9CK,London,Clapham,flat,1,2,3425,,751,False,False,False,True,False,2026-09-22,balcony|gym|school,"A well-presented 1-bed flat in Clapham priced at £3425 pcm. Highlights include balcony, gym, school. Suitable for applicants prioritising practical access, clear tenancy terms and responsive management.",51.473332,-0.12441
P-1011,SW6 5GP,London,Fulham,studio,0,1,3075,,655,False,False,True,False,True,2026-09-09,garden|gym|pet-friendly|school,"A well-presented 0-bed studio in Fulham priced at £3075 pcm. Highlights include garden, gym, pet-friendly, school. Suitable for applicants prioritising practical access, clear tenancy terms and responsive management.",51.483975,-0.17744
P-1012,SW3 2AK,London,Chelsea,house,1,1,4575,,647,True,False,True,True,True,2026-07-28,balcony|concierge|gym|pet-friendly|school|transport,"A well-presented 1-bed house in Chelsea priced at £4575 pcm. Highlights include balcony, concierge, gym, pet-friendly, school, transport. Suitable for applicants prioritising practical access, clear tenancy terms and responsive management.",51.501657,-0.184868
P-1013,NW1 8DM,London,Camden,flat,2,2,3600,,1020,True,False,True,True,False,2026-08-17,balcony|garden|river-view|workspace,"A well-presented 2-bed flat in Camden priced at £3600 pcm. Highlights include balcony, garden, river-view, workspace. Suitable for applicants prioritising practical access, clear tenancy terms and responsive management.",51.54334,-0.154212
P-1014,E20 2AM,London,Stratford,flat,3,3,4025,,1227,True,True,False,True,True,2026-09-05,balcony|parking|pet-friendly|school|transport|workspace,"A well-presented 3-bed flat in Stratford priced at £4025 pcm. Highlights include balcony, parking, pet-friendly, school, transport, workspace. Suitable for applicants prioritising practical access, clear tenancy terms and responsive management.",51.581768,-0.019867
P-1015,SW4 8BJ,London,Clapham,house,2,3,3725,,916,True,False,True,True,False,2026-10-01,balcony|gym|river-view|workspace,"A well-presented 2-bed house in Clapham priced at £3725 pcm. Highlights include balcony, gym, river-view, workspace. Suitable for applicants prioritising practical access, clear tenancy terms and responsive management.",51.463701,-0.173776
P-1016,E14 1CM,London,Canary Wharf,maisonette,3,3,4000,,1080,True,False,False,True,True,2026-09-11,balcony|concierge|pet-friendly|river-view,"A well-presented 3-bed maisonette in Canary Wharf priced at £4000 pcm. Highlights include balcony, concierge, pet-friendly, river-view. Suitable for applicants prioritising practical access, clear tenancy terms and responsive management.",51.495929,-0.010113
P-1017,N1 1FJ,London,Islington,studio,0,1,2600,,639,True,True,True,False,True,2026-10-06,concierge|garden|gym|pet-friendly|river-view|school,"A well-presented 0-bed studio in Islington priced at £2600 pcm. Highlights include concierge, garden, gym, pet-friendly, river-view, school. Suitable for applicants prioritising practical access, clear tenancy terms and responsive management.",51.557485,-0.099882
P-1018,SW3 4GJ,London,Chelsea,flat,3,3,5850,,1214,True,False,False,False,True,2026-08-24,gym|pet-friendly|school|transport,"A well-presented 3-bed flat in Chelsea priced at £5850 pcm. Highlights include gym, pet-friendly, school, transport. Suitable for applicants prioritising practical access, clear tenancy terms and responsive management.",51.483789,-0.156584
P-1019,SW19 6DL,London,Wimbledon,flat,1,1,2925,,562,False,True,False,True,True,2026-08-09,parking|pet-friendly|school,"A well-presented 1-bed flat in Wimbledon priced at £2925 pcm. Highlights include parking, pet-friendly, school. Suitable for applicants prioritising practical access, clear tenancy terms and responsive management.",51.424953,-0.201701
P-1020,CR0 2BN,London,Croydon,studio,0,1,1050,,707,True,True,False,True,False,2026-09-26,balcony|gym|parking|river-view|transport,"A well-presented 0-bed studio in Croydon priced at £1050 pcm. Highlights include balcony, gym, parking, river-view, transport. Suitable for applicants prioritising practical access, clear tenancy terms and responsive management.",51.371454,-0.103404
P-1021,N1 5AP,London,Islington,flat,1,2,3200,,712,True,True,False,True,False,2026-08-31,balcony|concierge|gym|parking|workspace,"A well-presented 1-bed flat in Islington priced at £3200 pcm. Highlights include balcony, concierge, gym, parking, workspace. Suitable for applicants prioritising practical access, clear tenancy terms and responsive management.",51.569134,-0.102658
P-1022,CR0 6DP,London,Croydon,flat,2,3,2600,,806,True,True,True,True,False,2026-08-26,garden|gym|parking|school,"A well-presented 2-bed flat in Croydon priced at £2600 pcm. Highlights include garden, gym, parking, school. Suitable for applicants prioritising practical access, clear tenancy terms and responsive management.",51.36333,-0.116067
P-1023,SW6 3EK,London,Fulham,studio,0,1,3325,,877,True,True,True,True,False,2026-09-18,balcony|concierge|garden|gym|parking|transport,"A well-presented 0-bed studio in Fulham priced at £3325 pcm. Highlights include balcony, concierge, garden, gym, parking, transport. Suitable for applicants prioritising practical access, clear tenancy terms and responsive management.",51.477692,-0.189572
P-1024,SW6 3AL,London,Fulham,flat,1,1,3825,,679,True,False,False,False,True,2026-07-29,concierge|gym|workspace,"A well-presented 1-bed flat in Fulham priced at £3825 pcm. Highlights include concierge, gym, workspace. Suitable for applicants prioritising practical access, clear tenancy terms and responsive management.",51.489208,-0.215696
P-1025,NW1 4CK,London,Camden,flat,3,3,4250,,1127,False,True,True,False,True,2026-07-27,garden|gym|parking|pet-friendly,"A well-presented 3-bed flat in Camden priced at £4250 pcm. Highlights include garden, gym, parking, pet-friendly. Suitable for applicants prioritising practical access, clear tenancy terms and responsive management.",51.555834,-0.167833
P-1026,SE10 1HK,London,Greenwich,house,2,2,2875,,946,True,True,True,True,True,2026-09-20,balcony|garden|gym|parking|pet-friendly,"A well-presented 2-bed house in Greenwich priced at £2875 pcm. Highlights include balcony, garden, gym, parking, pet-friendly. Suitable for applicants prioritising practical access, clear tenancy terms and responsive management.",51.476679,0.008917
P-1027,NW1 5FP,London,Camden,flat,1,2,3200,,639,True,False,False,True,False,2026-09-13,balcony|river-view|transport|workspace,"A well-presented 1-bed flat in Camden priced at £3200 pcm. Highlights include balcony, river-view, transport, workspace. Suitable for applicants prioritising practical access, clear tenancy terms and responsive management.",51.520392,-0.141366
P-1028,CR0 6GN,London,Croydon,maisonette,2,3,2750,,866,False,False,True,True,False,2026-08-07,garden|gym|river-view|school|transport,"A well-presented 2-bed maisonette in Croydon priced at £2750 pcm. Highlights include garden, gym, river-view, school, transport. Suitable for applicants prioritising practical access, clear tenancy terms and responsive management.",51.383647,-0.101097
P-1029,E8 4FM,London,Hackney,house,1,1,2725,,654,True,False,True,False,True,2026-10-17,garden|pet-friendly|school|transport,"A well-presented 1-bed house in Hackney priced at £2725 pcm. Highlights include garden, pet-friendly, school, transport. Suitable for applicants prioritising practical access, clear tenancy terms and responsive management.",51.554762,-0.077456
P-1030,NW1 4GP,London,Camden,flat,3,3,4400,,1403,True,False,True,False,False,2026-10-18,garden|school|workspace,"A well-presented 3-bed flat in Camden priced at £4400 pcm. Highlights include garden, school, workspace. Suitable for applicants prioritising practical access, clear tenancy terms and responsive management.",51.535106,-0.146306
P-1031,SW11 8HP,London,Battersea,house,3,3,4550,,1262,True,False,False,True,True,2026-09-27,concierge|pet-friendly|school|transport|workspace,"A well-presented 3-bed house in Battersea priced at £4550 pcm. Highlights include concierge, pet-friendly, school, transport, workspace. Suitable for applicants prioritising practical access, clear tenancy terms and responsive management.",51.448957,-0.191468
P-1032,SW3 4DK,London,Chelsea,house,2,2,5225,,1037,False,True,True,False,False,2026-07-29,garden|gym|parking|transport,"A well-presented 2-bed house in Chelsea priced at £5225 pcm. Highlights include garden, gym, parking, transport. Suitable for applicants prioritising practical access, clear tenancy terms and responsive management.",51.490215,-0.153447
P-1033,EC2A 8GK,London,Shoreditch,studio,0,1,3075,,622,True,True,True,True,False,2026-10-15,balcony|garden|gym|parking|river-view|workspace,"A well-presented 0-bed studio in Shoreditch priced at £3075 pcm. Highlights include balcony, garden, gym, parking, river-view, workspace. Suitable for applicants prioritising practical access, clear tenancy terms and responsive management.",51.545989,-0.066571
P-1034,SW11 8AN,London,Battersea,flat,2,2,4250,,863,False,False,False,True,True,2026-08-08,balcony|concierge|pet-friendly,"A well-presented 2-bed flat in Battersea priced at £4250 pcm. Highlights include balcony, concierge, pet-friendly. Suitable for applicants prioritising practical access, clear tenancy terms and responsive management.",51.454786,-0.188048
P-1035,SW3 9GN,London,Chelsea,flat,3,3,5750,,1233,False,True,True,True,True,2026-08-13,balcony|garden|parking|pet-friendly|school|workspace,"A well-presented 3-bed flat in Chelsea priced at £5750 pcm. Highlights include balcony, garden, parking, pet-friendly, school, workspace. Suitable for applicants prioritising practical access, clear tenancy terms and responsive management.",51.497365,-0.134558
P-1036,SW11 2EK,London,Battersea,house,1,1,3275,,618,True,False,True,True,True,2026-09-04,balcony|garden|pet-friendly|river-view|school|workspace,"A well-presented 1-bed house in Battersea priced at £3275 pcm. Highlights include balcony, garden, pet-friendly, river-view, school, workspace. Suitable for applicants prioritising practical access, clear tenancy terms and responsive management.",51.474344,-0.172013
P-1037,NW1 6HM,London,Camden,house,2,2,3625,,1056,True,True,True,True,False,2026-08-19,balcony|concierge|workspace,"A well-presented 2-bed house in Camden priced at £3625 pcm. Highlights include balcony, concierge, workspace. Suitable for applicants prioritising practical access, clear tenancy terms and responsive management.",51.535824,-0.093637
P-1038,E8 7DM,London,Hackney,flat,1,1,2675,,758,True,False,False,False,True,2026-08-27,pet-friendly|river-view|workspace,"A well-presented 1-bed flat in Hackney priced at £2675 pcm. Highlights include pet-friendly, river-view, workspace. Suitable for applicants prioritising practical access, clear tenancy terms and responsive management.",51.545504,-0.057771
P-1039,E8 9AM,London,Hackney,flat,1,2,2875,,737,False,True,False,True,True,2026-10-04,balcony|concierge|gym|parking|pet-friendly|school,"A well-presented 1-bed flat in Hackney priced at £2875 pcm. Highlights include balcony, concierge, gym, parking, pet-friendly, school. Suitable for applicants prioritising practical access, clear tenancy terms and responsive management.",51.550679,-0.056611
P-1040,CR0 7EM,London,Croydon,flat,4,3,3350,,1522,True,False,False,True,False,2026-08-03,balcony|concierge|river-view|school|transport|workspace,"A well-presented 4-bed flat in Croydon priced at £3350 pcm. Highlights include balcony, concierge, river-view, school, transport, workspace. Suitable for applicants prioritising practical access, clear tenancy terms and responsive management.",51.388747,-0.104359
P-1041,SW3 1DK,London,Chelsea,flat,1,1,4675,,580,False,True,False,True,False,2026-10-11,balcony|gym|parking,"A well-presented 1-bed flat in Chelsea priced at £4675 pcm. Highlights include balcony, gym, parking. Suitable for applicants prioritising practical access, clear tenancy terms and responsive management.",51.489578,-0.161764
P-1042,SE10 2CL,London,Greenwich,flat,2,2,3175,,875,True,True,False,True,True,2026-10-06,balcony|concierge|gym|parking|pet-friendly|river-view,"A well-presented 2-bed flat in Greenwich priced at £3175 pcm. Highlights include balcony, concierge, gym, parking, pet-friendly, river-view. Suitable for applicants prioritising practical access, clear tenancy terms and responsive management.",51.495289,-0.006776
P-1043,E14 5BN,London,Canary Wharf,maisonette,3,3,4425,,1284,True,True,True,True,True,2026-09-06,balcony|garden|gym|parking|pet-friendly|river-view,"A well-presented 3-bed maisonette in Canary Wharf priced at £4425 pcm. Highlights include balcony, garden, gym, parking, pet-friendly, river-view. Suitable for applicants prioritising practical access, clear tenancy terms and responsive management.",51.488868,-0.040381
P-1044,SW6 6HP,London,Fulham,flat,3,3,4675,,1220,False,True,False,True,True,2026-09-17,balcony|gym|parking|school|transport,"A well-presented 3-bed flat in Fulham priced at £4675 pcm. Highlights include balcony, gym, parking, school, transport. Suitable for applicants prioritising practical access, clear tenancy terms and responsive management.",51.480287,-0.179306
P-1045,SE10 4BL,London,Greenwich,house,2,2,3250,,1030,False,False,True,True,True,2026-08-24,balcony|pet-friendly|river-view|school|workspace,"A well-presented 2-bed house in Greenwich priced at £3250 pcm. Highlights include balcony, pet-friendly, river-view, school, workspace. Suitable for applicants prioritising practical access, clear tenancy terms and responsive management.",51.494048,0.004025
P-1046,SW4 5FL,London,Clapham,flat,3,3,3850,,1079,True,True,False,False,True,2026-10-21,concierge|gym|parking|pet-friendly|river-view|transport,"A well-presented 3-bed flat in Clapham priced at £3850 pcm. Highlights include concierge, gym, parking, pet-friendly, river-view, transport. Suitable for applicants prioritising practical access, clear tenancy terms and responsive management.",51.46458,-0.153407
P-1047,N1 4HP,London,Islington,studio,0,1,3400,,530,True,False,False,True,False,2026-09-24,balcony|gym|school,"A well-presented 0-bed studio in Islington priced at £3400 pcm. Highlights include balcony, gym, school. Suitable for applicants prioritising practical access, clear tenancy terms and responsive management.",51.554735,-0.134829
P-1048,SW3 6HN,London,Chelsea,studio,0,1,3975,,653,True,False,True,True,False,2026-09-06,balcony|garden|gym,"A well-presented 0-bed studio in Chelsea priced at £3975 pcm. Highlights include balcony, garden, gym. Suitable for applicants prioritising practical access, clear tenancy terms and responsive management.",51.506225,-0.166386
P-1049,E8 6BP,London,Hackney,maisonette,1,2,2750,,697,True,True,True,False,True,2026-10-20,concierge|garden|parking|pet-friendly|river-view,"A well-presented 1-bed maisonette in Hackney priced at £2750 pcm. Highlights include concierge, garden, parking, pet-friendly, river-view. Suitable for applicants prioritising practical access, clear tenancy terms and responsive management.",51.545547,-0.067029
P-1050,SE10 5AJ,London,Greenwich,flat,2,3,3475,,1006,True,True,True,True,False,2026-08-30,concierge|garden|gym|school|transport|workspace,"A well-presented 2-bed flat in Greenwich priced at £3475 pcm. Highlights include concierge, garden, gym, school, transport, workspace. Suitable for applicants prioritising practical access, clear tenancy terms and responsive management.",51.482782,0.000257
P-1051,SW11 1EM,London,Battersea,maisonette,1,1,3450,,748,True,True,True,True,True,2026-08-01,balcony|garden|gym|parking|pet-friendly|transport,"A well-presented 1-bed maisonette in Battersea priced at £3450 pcm. Highlights include balcony, garden, gym, parking, pet-friendly, transport. Suitable for applicants prioritising practical access, clear tenancy terms and responsive management.",51.45429,-0.169765
P-1052,E8 4GM,London,Hackney,studio,0,1,2300,,812,True,False,True,False,False,2026-08-31,concierge|garden|gym|river-view|transport|workspace,"A well-presented 0-bed studio in Hackney priced at £2300 pcm. Highlights include concierge, garden, gym, river-view, transport, workspace. Suitable for applicants prioritising practical access, clear tenancy terms and responsive management.",51.540989,-0.061021
P-1053,SW19 4CN,London,Wimbledon,maisonette,1,1,3500,,712,True,False,False,True,True,2026-08-13,gym|pet-friendly|river-view|transport|workspace,"A well-presented 1-bed maisonette in Wimbledon priced at £3500 pcm. Highlights include gym, pet-friendly, river-view, transport, workspace. Suitable for applicants prioritising practical access, clear tenancy terms and responsive management.",51.406269,-0.189878
P-1054,E14 8BP,London,Canary Wharf,flat,4,3,4675,,1592,True,True,True,True,True,2026-08-26,balcony|concierge|garden|parking|pet-friendly|transport,"A well-presented 4-bed flat in Canary Wharf priced at £4675 pcm. Highlights include balcony, concierge, garden, parking, pet-friendly, transport. Suitable for applicants prioritising practical access, clear tenancy terms and responsive management.",51.489478,0.009687
P-1055,SW4 3BJ,London,Clapham,house,1,1,3600,,623,True,True,True,True,True,2026-09-01,balcony|gym|parking|pet-friendly,"A well-presented 1-bed house in Clapham priced at £3600 pcm. Highlights include balcony, gym, parking, pet-friendly. Suitable for applicants prioritising practical access, clear tenancy terms and responsive management.",51.467926,-0.124057
P-1056,SW19 2AM,London,Wimbledon,house,2,3,3450,,865,True,True,False,False,False,2026-09-03,concierge|gym|parking|river-view|workspace,"A well-presented 2-bed house in Wimbledon priced at £3450 pcm. Highlights include concierge, gym, parking, river-view, workspace. Suitable for applicants prioritising practical access, clear tenancy terms and responsive management.",51.405861,-0.208292
P-1057,SW19 9HL,London,Wimbledon,flat,2,2,3875,,825,True,False,True,True,True,2026-10-06,balcony|garden|transport,"A well-presented 2-bed flat in Wimbledon priced at £3875 pcm. Highlights include balcony, garden, transport. Suitable for applicants prioritising practical access, clear tenancy terms and responsive management.",51.416119,-0.204047
P-1058,E8 6GP,London,Hackney,flat,2,2,3375,,1127,True,True,False,True,False,2026-08-29,balcony|concierge|gym|parking|river-view|school,"A well-presented 2-bed flat in Hackney priced at £3375 pcm. Highlights include balcony, concierge, gym, parking, river-view, school. Suitable for applicants prioritising practical access, clear tenancy terms and responsive management.",51.54986,-0.038925
P-1059,CR0 9AP,London,Croydon,maisonette,1,2,2225,,631,True,True,False,True,False,2026-09-21,gym|parking|river-view,"A well-presented 1-bed maisonette in Croydon priced at £2225 pcm. Highlights include gym, parking, river-view. Suitable for applicants prioritising practical access, clear tenancy terms and responsive management.",51.377038,-0.105136
P-1060,E8 8HJ,London,Hackney,flat,4,3,3725,,1562,True,False,False,False,True,2026-10-12,pet-friendly|river-view|school|transport|workspace,"A well-presented 4-bed flat in Hackney priced at £3725 pcm. Highlights include pet-friendly, river-view, school, transport, workspace. Suitable for applicants prioritising practical access, clear tenancy terms and responsive management.",51.537618,-0.017296
P-1061,SW19 2CM,London,Wimbledon,house,2,3,3425,,987,True,False,True,False,True,2026-08-30,garden|school|transport|workspace,"A well-presented 2-bed house in Wimbledon priced at £3425 pcm. Highlights include garden, school, transport, workspace. Suitable for applicants prioritising practical access, clear tenancy terms and responsive management.",51.424772,-0.217609
P-1062,SW6 9CJ,London,Fulham,studio,0,1,3525,,642,True,False,False,True,True,2026-09-15,balcony|gym|pet-friendly|river-view|school,"A well-presented 0-bed studio in Fulham priced at £3525 pcm. Highlights include balcony, gym, pet-friendly, river-view, school. Suitable for applicants prioritising practical access, clear tenancy terms and responsive management.",51.472533,-0.201399
P-1063,NW1 8HL,London,Camden,maisonette,2,2,3850,,964,True,False,True,False,True,2026-10-02,garden|pet-friendly|river-view|school|transport,"A well-presented 2-bed maisonette in Camden priced at £3850 pcm. Highlights include garden, pet-friendly, river-view, school, transport. Suitable for applicants prioritising practical access, clear tenancy terms and responsive management.",51.548754,-0.131267
P-1064,SW4 6HP,London,Clapham,flat,1,1,3425,,623,False,True,True,True,False,2026-09-11,balcony|garden|gym|parking|river-view|school,"A well-presented 1-bed flat in Clapham priced at £3425 pcm. Highlights include balcony, garden, gym, parking, river-view, school. Suitable for applicants prioritising practical access, clear tenancy terms and responsive management.",51.441148,-0.15997
P-1065,CR0 2HJ,London,Croydon,house,3,3,3175,,1183,False,False,True,True,False,2026-08-11,concierge|garden|river-view|transport,"A well-presented 3-bed house in Croydon priced at £3175 pcm. Highlights include concierge, garden, river-view, transport. Suitable for applicants prioritising practical access, clear tenancy terms and responsive management.",51.373588,-0.078422
P-1066,E8 9GL,London,Hackney,house,3,3,3675,,1220,True,False,True,True,False,2026-09-24,concierge|garden|gym|river-view,"A well-presented 3-bed house in Hackney priced at £3675 pcm. Highlights include concierge, garden, gym, river-view. Suitable for applicants prioritising practical access, clear tenancy terms and responsive management.",51.545146,-0.038543
P-1067,SW6 2HK,London,Fulham,flat,3,3,4775,,1175,False,False,True,True,True,2026-08-31,balcony|garden|workspace,"A well-presented 3-bed flat in Fulham priced at £4775 pcm. Highlights include balcony, garden, workspace. Suitable for applicants prioritising practical access, clear tenancy terms and responsive management.",51.48389,-0.197343
P-1068,E14 3CK,London,Canary Wharf,flat,4,3,5075,,1545,True,True,True,True,False,2026-10-10,garden|parking|school,"A well-presented 4-bed flat in Canary Wharf priced at £5075 pcm. Highlights include garden, parking, school. Suitable for applicants prioritising practical access, clear tenancy terms and responsive management.",51.483895,-0.031542
P-1069,E8 8EP,London,Hackney,flat,1,2,3225,,743,True,False,False,True,False,2026-08-13,balcony|concierge|river-view|workspace,"A well-presented 1-bed flat in Hackney priced at £3225 pcm. Highlights include balcony, concierge, river-view, workspace. Suitable for applicants prioritising practical access, clear tenancy terms and responsive management.",51.552489,-0.04399
P-1070,E20 7HJ,London,Stratford,flat,1,1,2600,,679,True,True,True,True,True,2026-09-10,concierge|garden|parking|pet-friendly|workspace,"A well-presented 1-bed flat in Stratford priced at £2600 pcm. Highlights include concierge, garden, parking, pet-friendly, workspace. Suitable for applicants prioritising practical access, clear tenancy terms and responsive management.",51.51622,0.028568
P-1071,SW19 1HL,London,Wimbledon,flat,3,3,3675,,1174,True,False,True,False,True,2026-10-09,concierge|garden|pet-friendly|school|transport,"A well-presented 3-bed flat in Wimbledon priced at £3675 pcm. Highlights include concierge, garden, pet-friendly, school, transport. Suitable for applicants prioritising practical access, clear tenancy terms and responsive management.",51.426355,-0.216547
P-1072,SW4 8AN,London,Clapham,flat,2,2,3600,,956,True,True,True,False,True,2026-08-09,concierge|garden|parking|workspace,"A well-presented 2-bed flat in Clapham priced at £3600 pcm. Highlights include concierge, garden, parking, workspace. Suitable for applicants prioritising practical access, clear tenancy terms and responsive management.",51.469309,-0.122294
P-1073,E20 9EK,London,Stratford,house,1,1,2400,,567,False,False,True,True,True,2026-09-23,balcony|concierge|garden|gym|pet-friendly,"A well-presented 1-bed house in Stratford priced at £2400 pcm. Highlights include balcony, concierge, garden, gym, pet-friendly. Suitable for applicants prioritising practical access, clear tenancy terms and responsive management.",51.532679,-0.007142
P-1074,SW4 9FJ,London,Clapham,flat,3,3,3600,,1325,False,False,False,False,True,2026-07-25,gym|pet-friendly|river-view|school|workspace,"A well-presented 3-bed flat in Clapham priced at £3600 pcm. Highlights include gym, pet-friendly, river-view, school, workspace. Suitable for applicants prioritising practical access, clear tenancy terms and responsive management.",51.458972,-0.138082
P-1075,N1 1FN,London,Islington,flat,2,2,3750,,873,True,True,True,True,True,2026-10-14,concierge|garden|parking|pet-friendly|river-view|workspace,"A well-presented 2-bed flat in Islington priced at £3750 pcm. Highlights include concierge, garden, parking, pet-friendly, river-view, workspace. Suitable for applicants prioritising practical access, clear tenancy terms and responsive management.",51.552732,-0.078211
P-1076,E20 2DN,London,Stratford,flat,4,3,3700,,1392,True,True,True,False,True,2026-09-11,garden|gym|parking|pet-friendly|river-view|transport,"A well-presented 4-bed flat in Stratford priced at £3700 pcm. Highlights include garden, gym, parking, pet-friendly, river-view, transport. Suitable for applicants prioritising practical access, clear tenancy terms and responsive management.",51.537182,0.004938
P-1077,SW3 5AP,London,Chelsea,flat,4,3,5975,,1461,True,True,False,True,True,2026-08-20,balcony|concierge|parking|pet-friendly|transport|workspace,"A well-presented 4-bed flat in Chelsea priced at £5975 pcm. Highlights include balcony, concierge, parking, pet-friendly, transport, workspace. Suitable for applicants prioritising practical access, clear tenancy terms and responsive management.",51.488672,-0.182614
P-1078,SW3 5DJ,London,Chelsea,flat,4,3,6500,,1492,False,True,True,False,True,2026-08-04,garden|gym|parking|workspace,"A well-presented 4-bed flat in Chelsea priced at £6500 pcm. Highlights include garden, gym, parking, workspace. Suitable for applicants prioritising practical access, clear tenancy terms and responsive management.",51.482317,-0.135221
P-1079,CR0 4BN,London,Croydon,flat,2,2,2825,,954,False,True,False,True,False,2026-10-07,balcony|parking|transport,"A well-presented 2-bed flat in Croydon priced at £2825 pcm. Highlights include balcony, parking, transport. Suitable for applicants prioritising practical access, clear tenancy terms and responsive management.",51.402478,-0.112749
P-1080,EC2A 3BP,London,Shoreditch,house,1,1,3400,,571,False,True,True,True,True,2026-08-09,concierge|parking|school|transport,"A well-presented 1-bed house in Shoreditch priced at £3400 pcm. Highlights include concierge, parking, school, transport. Suitable for applicants prioritising practical access, clear tenancy terms and responsive management.",51.535991,-0.107682
P-1081,E14 9BP,London,Canary Wharf,studio,0,1,2950,,830,True,True,False,True,False,2026-09-22,balcony|concierge|gym|parking|transport,"A well-presented 0-bed studio in Canary Wharf priced at £2950 pcm. Highlights include balcony, concierge, gym, parking, transport. Suitable for applicants prioritising practical access, clear tenancy terms and responsive management.",51.516805,-0.033884
P-1082,SW3 9EM,London,Chelsea,house,2,3,5250,,1058,False,True,False,True,False,2026-07-27,balcony|river-view|school,"A well-presented 2-bed house in Chelsea priced at £5250 pcm. Highlights include balcony, river-view, school. Suitable for applicants prioritising practical access, clear tenancy terms and responsive management.",51.495903,-0.171081
P-1083,E14 6CJ,London,Canary Wharf,maisonette,3,3,4450,,1162,False,True,False,True,True,2026-08-28,balcony|gym|parking|pet-friendly|river-view|transport,"A well-presented 3-bed maisonette in Canary Wharf priced at £4450 pcm. Highlights include balcony, gym, parking, pet-friendly, river-view, transport. Suitable for applicants prioritising practical access, clear tenancy terms and responsive management.",51.484842,0.00087
P-1084,SW19 2DM,London,Wimbledon,flat,4,3,4400,,1482,True,True,True,True,True,2026-08-22,balcony|garden|pet-friendly|river-view|school,"A well-presented 4-bed flat in Wimbledon priced at £4400 pcm. Highlights include balcony, garden, pet-friendly, river-view, school. Suitable for applicants prioritising practical access, clear tenancy terms and responsive management.",51.391973,-0.222623
P-1085,E8 3HJ,London,Hackney,flat,1,1,2925,,683,True,False,False,True,True,2026-08-03,balcony|concierge|gym|pet-friendly|school|workspace,"A well-presented 1-bed flat in Hackney priced at £2925 pcm. Highlights include balcony, concierge, gym, pet-friendly, school, workspace. Suitable for applicants prioritising practical access, clear tenancy terms and responsive management.",51.539599,-0.044089
P-1086,E20 7AL,London,Stratford,flat,2,3,2850,,982,True,False,True,False,True,2026-09-01,concierge|garden|pet-friendly|school|transport,"A well-presented 2-bed flat in Stratford priced at £2850 pcm. Highlights include concierge, garden, pet-friendly, school, transport. Suitable for applicants prioritising practical access, clear tenancy terms and responsive management.",51.554025,0.024445
P-1087,NW1 6BL,London,Camden,flat,1,2,3275,,620,True,False,False,True,True,2026-08-21,balcony|concierge|pet-friendly|river-view,"A well-presented 1-bed flat in Camden priced at £3275 pcm. Highlights include balcony, concierge, pet-friendly, river-view. Suitable for applicants prioritising practical access, clear tenancy terms and responsive management.",51.557614,-0.140518
P-1088,SW4 1CK,London,Clapham,flat,2,3,3750,,1032,True,False,True,True,False,2026-10-16,garden|transport|workspace,"A well-presented 2-bed flat in Clapham priced at £3750 pcm. Highlights include garden, transport, workspace. Suitable for applicants prioritising practical access, clear tenancy terms and responsive management.",51.474919,-0.13501
P-1089,E8 5FN,London,Hackney,flat,2,3,3525,,1049,True,False,False,True,True,2026-08-03,balcony|gym|school,"A well-presented 2-bed flat in Hackney priced at £3525 pcm. Highlights include balcony, gym, school. Suitable for applicants prioritising practical access, clear tenancy terms and responsive management.",51.533421,-0.042951
P-1090,E14 9BL,London,Canary Wharf,flat,1,1,2825,,795,True,False,True,False,True,2026-08-07,garden|gym|river-view,"A well-presented 1-bed flat in Canary Wharf priced at £2825 pcm. Highlights include garden, gym, river-view. Suitable for applicants prioritising practical access, clear tenancy terms and responsive management.",51.516033,-0.025967
P-1091,N1 3EL,London,Islington,flat,1,1,3625,,685,True,True,True,True,False,2026-08-08,balcony|garden|gym|school|transport|workspace,"A well-presented 1-bed flat in Islington priced at £3625 pcm. Highlights include balcony, garden, gym, school, transport, workspace. Suitable for applicants prioritising practical access, clear tenancy terms and responsive management.",51.566043,-0.130642
P-1092,E14 6BM,London,Canary Wharf,flat,3,3,4125,,1263,True,True,True,False,True,2026-07-29,concierge|garden|gym|parking|pet-friendly|workspace,"A well-presented 3-bed flat in Canary Wharf priced at £4125 pcm. Highlights include concierge, garden, gym, parking, pet-friendly, workspace. Suitable for applicants prioritising practical access, clear tenancy terms and responsive management.",51.502023,-0.053464
P-1093,E8 2GJ,London,Hackney,flat,4,3,3675,,1452,True,True,False,False,True,2026-08-14,parking|pet-friendly|school,"A well-presented 4-bed flat in Hackney priced at £3675 pcm. Highlights include parking, pet-friendly, school. Suitable for applicants prioritising practical access, clear tenancy terms and responsive management.",51.529346,-0.043246
P-1094,SW4 2GL,London,Clapham,studio,0,1,2575,,719,True,True,False,False,True,2026-09-05,gym|parking|pet-friendly|river-view|school|transport,"A well-presented 0-bed studio in Clapham priced at £2575 pcm. Highlights include gym, parking, pet-friendly, river-view, school, transport. Suitable for applicants prioritising practical access, clear tenancy terms and responsive management.",51.471568,-0.143232
P-1095,EC2A 3DJ,London,Shoreditch,flat,2,2,3600,,980,True,False,True,False,False,2026-08-25,garden|gym|school|workspace,"A well-presented 2-bed flat in Shoreditch priced at £3600 pcm. Highlights include garden, gym, school, workspace. Suitable for applicants prioritising practical access, clear tenancy terms and responsive management.",51.517237,-0.089372
P-1096,EC2A 6FK,London,Shoreditch,flat,1,1,3050,,664,False,False,False,True,False,2026-08-01,balcony|concierge|gym|river-view,"A well-presented 1-bed flat in Shoreditch priced at £3050 pcm. Highlights include balcony, concierge, gym, river-view. Suitable for applicants prioritising practical access, clear tenancy terms and responsive management.",51.52429,-0.11619
P-1097,SW3 5BP,London,Chelsea,flat,2,2,4875,,957,True,True,True,False,True,2026-10-10,garden|parking|school|transport|workspace,"A well-presented 2-bed flat in Chelsea priced at £4875 pcm. Highlights include garden, parking, school, transport, workspace. Suitable for applicants prioritising practical access, clear tenancy terms and responsive management.",51.486152,-0.172677
P-1098,SW19 1HJ,London,Wimbledon,flat,3,3,3700,,1246,True,False,True,True,True,2026-08-03,balcony|garden|gym|school|transport|workspace,"A well-presented 3-bed flat in Wimbledon priced at £3700 pcm. Highlights include balcony, garden, gym, school, transport, workspace. Suitable for applicants prioritising practical access, clear tenancy terms and responsive management.",51.414833,-0.228505
P-1099,SW6 5GM,London,Fulham,flat,2,2,3775,,1049,True,False,False,True,False,2026-10-18,balcony|river-view|school,"A well-presented 2-bed flat in Fulham priced at £3775 pcm. Highlights include balcony, river-view, school. Suitable for applicants prioritising practical access, clear tenancy terms and responsive management.",51.49974,-0.199483
P-1100,SW19 3FJ,London,Wimbledon,studio,0,1,2825,,600,True,True,False,False,False,2026-10-16,gym|parking|workspace,"A well-presented 0-bed studio in Wimbledon priced at £2825 pcm. Highlights include gym, parking, workspace. Suitable for applicants prioritising practical access, clear tenancy terms and responsive management.",51.421743,-0.188965
P-1101,SE10 9BP,London,Greenwich,house,2,3,3075,,863,True,False,True,False,True,2026-09-16,concierge|garden|gym|pet-friendly|school,"A well-presented 2-bed house in Greenwich priced at £3075 pcm. Highlights include concierge, garden, gym, pet-friendly, school. Suitable for applicants prioritising practical access, clear tenancy terms and responsive management.",51.463323,-0.004038
P-1102,SW6 5BN,London,Fulham,flat,1,2,3675,,676,True,False,True,True,True,2026-09-29,balcony|concierge|garden|river-view|school,"A well-presented 1-bed flat in Fulham priced at £3675 pcm. Highlights include balcony, concierge, garden, river-view, school. Suitable for applicants prioritising practical access, clear tenancy terms and responsive management.",51.467265,-0.206779
P-1103,E14 3HJ,London,Canary Wharf,flat,1,1,3725,,750,True,False,False,False,True,2026-09-08,concierge|gym|pet-friendly|workspace,"A well-presented 1-bed flat in Canary Wharf priced at £3725 pcm. Highlights include concierge, gym, pet-friendly, workspace. Suitable for applicants prioritising practical access, clear tenancy terms and responsive management.",51.505304,0.003139
P-1104,CR0 4FP,London,Croydon,flat,1,2,2800,,761,True,False,True,False,True,2026-09-18,garden|gym|pet-friendly|river-view|school|workspace,"A well-presented 1-bed flat in Croydon priced at £2800 pcm. Highlights include garden, gym, pet-friendly, river-view, school, workspace. Suitable for applicants prioritising practical access, clear tenancy terms and responsive management.",51.370914,-0.069723
P-1105,SW3 6BP,London,Chelsea,house,1,2,4400,,569,True,False,True,False,True,2026-08-08,garden|gym|pet-friendly|river-view|school|workspace,"A well-presented 1-bed house in Chelsea priced at £4400 pcm. Highlights include garden, gym, pet-friendly, river-view, school, workspace. Suitable for applicants prioritising practical access, clear tenancy terms and responsive management.",51.498614,-0.134331
P-1106,N1 8FJ,London,Islington,flat,1,1,3225,,690,True,False,True,True,True,2026-07-30,concierge|garden|pet-friendly|river-view,"A well-presented 1-bed flat in Islington priced at £3225 pcm. Highlights include concierge, garden, pet-friendly, river-view. Suitable for applicants prioritising practical access, clear tenancy terms and responsive management.",51.542163,-0.110093
P-1107,E8 6CK,London,Hackney,flat,1,1,2750,,641,True,True,False,False,True,2026-08-29,gym|parking|pet-friendly|school,"A well-presented 1-bed flat in Hackney priced at £2750 pcm. Highlights include gym, parking, pet-friendly, school. Suitable for applicants prioritising practical access, clear tenancy terms and responsive management.",51.537891,-0.070852
P-1108,SW3 9GJ,London,Chelsea,flat,1,1,3975,,734,True,True,False,True,False,2026-08-23,river-view|school|transport|workspace,"A well-presented 1-bed flat in Chelsea priced at £3975 pcm. Highlights include river-view, school, transport, workspace. Suitable for applicants prioritising practical access, clear tenancy terms and responsive management.",51.492183,-0.170228
P-1109,N1 9DP,London,Islington,flat,3,3,3950,,1260,False,False,False,False,True,2026-08-30,gym|pet-friendly|river-view|transport,"A well-presented 3-bed flat in Islington priced at £3950 pcm. Highlights include gym, pet-friendly, river-view, transport. Suitable for applicants prioritising practical access, clear tenancy terms and responsive management.",51.552511,-0.123396
P-1110,E8 6BN,London,Hackney,flat,3,3,4325,,1329,True,True,False,True,True,2026-09-26,balcony|concierge|parking|pet-friendly|school,"A well-presented 3-bed flat in Hackney priced at £4325 pcm. Highlights include balcony, concierge, parking, pet-friendly, school. Suitable for applicants prioritising practical access, clear tenancy terms and responsive management.",51.556196,-0.069011
P-1111,SW4 1FJ,London,Clapham,maisonette,1,1,3075,,535,True,False,False,True,True,2026-08-23,pet-friendly|river-view|transport,"A well-presented 1-bed maisonette in Clapham priced at £3075 pcm. Highlights include pet-friendly, river-view, transport. Suitable for applicants prioritising practical access, clear tenancy terms and responsive management.",51.443069,-0.137134
P-1112,SW11 3HP,London,Battersea,flat,1,1,3225,,743,True,True,False,False,False,2026-10-12,concierge|parking|workspace,"A well-presented 1-bed flat in Battersea priced at £3225 pcm. Highlights include concierge, parking, workspace. Suitable for applicants prioritising practical access, clear tenancy terms and responsive management.",51.45013,-0.162881
P-1113,SE10 5GN,London,Greenwich,house,2,2,2950,,943,True,False,True,False,False,2026-08-25,garden|river-view|transport,"A well-presented 2-bed house in Greenwich priced at £2950 pcm. Highlights include garden, river-view, transport. Suitable for applicants prioritising practical access, clear tenancy terms and responsive management.",51.472275,-0.014622
P-1114,E14 6GM,London,Canary Wharf,studio,0,1,2700,,740,True,True,True,True,True,2026-09-18,garden|parking|pet-friendly|transport,"A well-presented 0-bed studio in Canary Wharf priced at £2700 pcm. Highlights include garden, parking, pet-friendly, transport. Suitable for applicants prioritising practical access, clear tenancy terms and responsive management.",51.518676,-0.009611
P-1115,E8 7BM,London,Hackney,flat,2,3,2725,,876,True,True,False,False,True,2026-08-16,parking|pet-friendly|river-view|workspace,"A well-presented 2-bed flat in Hackney priced at £2725 pcm. Highlights include parking, pet-friendly, river-view, workspace. Suitable for applicants prioritising practical access, clear tenancy terms and responsive management.",51.551925,-0.058955
P-1116,SW6 8FM,London,Fulham,flat,3,3,4625,,1207,True,True,True,False,False,2026-09-07,garden|gym|parking,"A well-presented 3-bed flat in Fulham priced at £4625 pcm. Highlights include garden, gym, parking. Suitable for applicants prioritising practical access, clear tenancy terms and responsive management.",51.485857,-0.166558
P-1117,SW19 3HJ,London,Wimbledon,maisonette,3,3,3975,,1167,False,False,True,False,True,2026-08-01,concierge|garden|gym|pet-friendly|transport,"A well-presented 3-bed maisonette in Wimbledon priced at £3975 pcm. Highlights include concierge, garden, gym, pet-friendly, transport. Suitable for applicants prioritising practical access, clear tenancy terms and responsive management.",51.415549,-0.214186
P-1118,EC2A 6HJ,London,Shoreditch,house,1,2,3575,,762,True,True,True,False,True,2026-08-10,garden|gym|parking|pet-friendly|transport,"A well-presented 1-bed house in Shoreditch priced at £3575 pcm. Highlights include garden, gym, parking, pet-friendly, transport. Suitable for applicants prioritising practical access, clear tenancy terms and responsive management.",51.497103,-0.068606
P-1119,SW6 9BL,London,Fulham,flat,3,3,4900,,1167,True,True,True,True,False,2026-10-22,balcony|garden|gym|parking|transport,"A well-presented 3-bed flat in Fulham priced at £4900 pcm. Highlights include balcony, garden, gym, parking, transport. Suitable for applicants prioritising practical access, clear tenancy terms and responsive management.",51.455543,-0.213146
P-1120,SW3 2FP,London,Chelsea,flat,2,2,5325,,872,True,False,False,True,False,2026-10-22,balcony|gym|river-view|transport|workspace,"A well-presented 2-bed flat in Chelsea priced at £5325 pcm. Highlights include balcony, gym, river-view, transport, workspace. Suitable for applicants prioritising practical access, clear tenancy terms and responsive management.",51.468537,-0.168411
P-1121,E20 3DM,London,Stratford,flat,3,3,3850,,1023,True,True,True,True,True,2026-09-08,concierge|garden|pet-friendly|river-view|school,"A well-presented 3-bed flat in Stratford priced at £3850 pcm. Highlights include concierge, garden, pet-friendly, river-view, school. Suitable for applicants prioritising practical access, clear tenancy terms and responsive management.",51.544127,0.010576
P-1122,SW6 7BK,London,Fulham,flat,1,1,3775,,725,False,False,False,True,False,2026-10-14,balcony|concierge|gym|school|transport|workspace,"A well-presented 1-bed flat in Fulham priced at £3775 pcm. Highlights include balcony, concierge, gym, school, transport, workspace. Suitable for applicants prioritising practical access, clear tenancy terms and responsive management.",51.469502,-0.202207
P-1123,E20 2CL,London,Stratford,flat,3,3,3800,,1381,True,False,False,True,True,2026-08-13,concierge|gym|pet-friendly|school|workspace,"A well-presented 3-bed flat in Stratford priced at £3800 pcm. Highlights include concierge, gym, pet-friendly, school, workspace. Suitable for applicants prioritising practical access, clear tenancy terms and responsive management.",51.543482,0.001168
P-1124,NW1 9EK,London,Camden,maisonette,1,2,2900,,614,True,True,True,True,True,2026-08-31,garden|parking|pet-friendly|school,"A well-presented 1-bed maisonette in Camden priced at £2900 pcm. Highlights include garden, parking, pet-friendly, school. Suitable for applicants prioritising practical access, clear tenancy terms and responsive management.",51.557117,-0.135363
P-1125,SW19 1AJ,London,Wimbledon,flat,3,3,4150,,1159,True,True,False,False,False,2026-10-14,concierge|parking|school|workspace,"A well-presented 3-bed flat in Wimbledon priced at £4150 pcm. Highlights include concierge, parking, school, workspace. Suitable for applicants prioritising practical access, clear tenancy terms and responsive management.",51.418162,-0.224018
P-1126,SW4 5HK,London,Clapham,flat,3,3,4025,,1155,False,False,False,True,True,2026-09-13,balcony|pet-friendly|transport|workspace,"A well-presented 3-bed flat in Clapham priced at £4025 pcm. Highlights include balcony, pet-friendly, transport, workspace. Suitable for applicants prioritising practical access, clear tenancy terms and responsive management.",51.474166,-0.120476
P-1127,N1 6FP,London,Islington,flat,2,2,3775,,1090,True,True,False,False,True,2026-09-13,concierge|pet-friendly|river-view,"A well-presented 2-bed flat in Islington priced at £3775 pcm. Highlights include concierge, pet-friendly, river-view. Suitable for applicants prioritising practical access, clear tenancy terms and responsive management.",51.537215,-0.128204
P-1128,SE10 1EM,London,Greenwich,house,1,2,2725,,746,True,True,True,True,True,2026-09-15,balcony|parking|river-view,"A well-presented 1-bed house in Greenwich priced at £2725 pcm. Highlights include balcony, parking, river-view. Suitable for applicants prioritising practical access, clear tenancy terms and responsive management.",51.47191,-0.049545
P-1129,EC2A 9HM,London,Shoreditch,maisonette,4,3,4800,,1369,True,True,False,True,True,2026-09-25,balcony|parking|pet-friendly|workspace,"A well-presented 4-bed maisonette in Shoreditch priced at £4800 pcm. Highlights include balcony, parking, pet-friendly, workspace. Suitable for applicants prioritising practical access, clear tenancy terms and responsive management.",51.552949,-0.072774
P-1130,E14 1EM,London,Canary Wharf,studio,0,1,3325,,727,False,True,False,False,True,2026-10-15,pet-friendly|river-view|school,"A well-presented 0-bed studio in Canary Wharf priced at £3325 pcm. Highlights include pet-friendly, river-view, school. Suitable for applicants prioritising practical access, clear tenancy terms and responsive management.",51.508002,-0.015542
P-1131,CR0 6AM,London,Croydon,flat,1,1,2675,,787,False,False,False,False,True,2026-10-04,concierge|gym|pet-friendly,"A well-presented 1-bed flat in Croydon priced at £2675 pcm. Highlights include concierge, gym, pet-friendly. Suitable for applicants prioritising practical access, clear tenancy terms and responsive management.",51.395318,-0.107402
P-1132,SW6 2CJ,London,Fulham,flat,3,3,4575,,1262,True,False,True,False,True,2026-09-09,garden|gym|pet-friendly|river-view|school,"A well-presented 3-bed flat in Fulham priced at £4575 pcm. Highlights include garden, gym, pet-friendly, river-view, school. Suitable for applicants prioritising practical access, clear tenancy terms and responsive management.",51.510464,-0.185569
P-1133,SW4 6HN,London,Clapham,maisonette,2,2,3675,,905,True,True,True,True,True,2026-08-12,balcony|concierge|garden|pet-friendly|transport,"A well-presented 2-bed maisonette in Clapham priced at £3675 pcm. Highlights include balcony, concierge, garden, pet-friendly, transport. Suitable for applicants prioritising practical access, clear tenancy terms and responsive management.",51.450455,-0.167787
P-1134,SW19 6HP,London,Wimbledon,house,2,3,3400,,990,False,True,False,True,False,2026-08-31,balcony|concierge|parking|workspace,"A well-presented 2-bed house in Wimbledon priced at £3400 pcm. Highlights include balcony, concierge, parking, workspace. Suitable for applicants prioritising practical access, clear tenancy terms and responsive management.",51.436642,-0.221133
P-1135,SW3 1HL,London,Chelsea,house,2,3,5000,,819,False,True,True,False,True,2026-10-06,concierge|garden|gym|parking|pet-friendly,"A well-presented 2-bed house in Chelsea priced at £5000 pcm. Highlights include concierge, garden, gym, parking, pet-friendly. Suitable for applicants prioritising practical access, clear tenancy terms and responsive management.",51.484551,-0.173609
P-1136,SW19 4AN,London,Wimbledon,flat,2,3,3675,,927,True,False,False,False,False,2026-08-07,concierge|river-view|workspace,"A well-presented 2-bed flat in Wimbledon priced at £3675 pcm. Highlights include concierge, river-view, workspace. Suitable for applicants prioritising practical access, clear tenancy terms and responsive management.",51.434366,-0.239608
P-1137,EC2A 8AP,London,Shoreditch,flat,2,2,3800,,851,True,True,False,False,True,2026-09-28,concierge|gym|parking|pet-friendly|workspace,"A well-presented 2-bed flat in Shoreditch priced at £3800 pcm. Highlights include concierge, gym, parking, pet-friendly, workspace. Suitable for applicants prioritising practical access, clear tenancy terms and responsive management.",51.55448,-0.074034
P-1138,EC2A 5HK,London,Shoreditch,studio,0,1,2800,,733,True,False,False,False,True,2026-08-28,concierge|gym|pet-friendly|river-view|school,"A well-presented 0-bed studio in Shoreditch priced at £2800 pcm. Highlights include concierge, gym, pet-friendly, river-view, school. Suitable for applicants prioritising practical access, clear tenancy terms and responsive management.",51.522222,-0.072309
P-1139,SW6 5EJ,London,Fulham,flat,1,2,3725,,636,True,False,True,True,False,2026-10-18,balcony|concierge|garden|river-view|school,"A well-presented 1-bed flat in Fulham priced at £3725 pcm. Highlights include balcony, concierge, garden, river-view, school. Suitable for applicants prioritising practical access, clear tenancy terms and responsive management.",51.471446,-0.193084
P-1140,SW6 5HK,London,Fulham,flat,3,3,4950,,987,True,True,True,False,True,2026-09-30,concierge|garden|parking|pet-friendly|school|transport,"A well-presented 3-bed flat in Fulham priced at £4950 pcm. Highlights include concierge, garden, parking, pet-friendly, school, transport. Suitable for applicants prioritising practical access, clear tenancy terms and responsive management.",51.455059,-0.217332
P-1141,N1 1BM,London,Islington,maisonette,2,2,3575,,910,True,False,False,True,False,2026-09-22,balcony|concierge|gym|school|transport,"A well-presented 2-bed maisonette in Islington priced at £3575 pcm. Highlights include balcony, concierge, gym, school, transport. Suitable for applicants prioritising practical access, clear tenancy terms and responsive management.",51.52961,-0.119801
P-1142,E20 4EL,London,Stratford,flat,2,2,3125,,934,True,False,False,True,False,2026-10-14,balcony|concierge|school|transport,"A well-presented 2-bed flat in Stratford priced at £3125 pcm. Highlights include balcony, concierge, school, transport. Suitable for applicants prioritising practical access, clear tenancy terms and responsive management.",51.547124,-0.017208
P-1143,E14 1GM,London,Canary Wharf,house,2,2,3900,,849,False,True,False,True,True,2026-08-30,balcony|transport|workspace,"A well-presented 2-bed house in Canary Wharf priced at £3900 pcm. Highlights include balcony, transport, workspace. Suitable for applicants prioritising practical access, clear tenancy terms and responsive management.",51.499106,-0.014691
P-1144,E14 3HL,London,Canary Wharf,flat,2,2,3625,,921,False,True,True,False,False,2026-08-07,garden|parking|river-view,"A well-presented 2-bed flat in Canary Wharf priced at £3625 pcm. Highlights include garden, parking, river-view. Suitable for applicants prioritising practical access, clear tenancy terms and responsive management.",51.515166,-0.040427
P-1145,NW1 3GM,London,Camden,flat,3,3,3950,,1292,True,True,True,False,True,2026-09-03,concierge|garden|parking|pet-friendly|school|transport,"A well-presented 3-bed flat in Camden priced at £3950 pcm. Highlights include concierge, garden, parking, pet-friendly, school, transport. Suitable for applicants prioritising practical access, clear tenancy terms and responsive management.",51.526027,-0.131513
P-1146,E20 5FL,London,Stratford,flat,1,2,2350,,821,True,False,False,True,True,2026-10-05,concierge|river-view|workspace,"A well-presented 1-bed flat in Stratford priced at £2350 pcm. Highlights include concierge, river-view, workspace. Suitable for applicants prioritising practical access, clear tenancy terms and responsive management.",51.526402,-0.017993
P-1147,E14 5BP,London,Canary Wharf,flat,2,2,3300,,988,True,False,False,True,False,2026-09-09,balcony|concierge|gym|transport|workspace,"A well-presented 2-bed flat in Canary Wharf priced at £3300 pcm. Highlights include balcony, concierge, gym, transport, workspace. Suitable for applicants prioritising practical access, clear tenancy terms and responsive management.",51.490035,0.008086
P-1148,SW19 8DK,London,Wimbledon,flat,2,3,3000,,896,False,True,False,False,False,2026-10-08,concierge|parking|river-view|workspace,"A well-presented 2-bed flat in Wimbledon priced at £3000 pcm. Highlights include concierge, parking, river-view, workspace. Suitable for applicants prioritising practical access, clear tenancy terms and responsive management.",51.433062,-0.206957
P-1149,SW4 9CK,London,Clapham,flat,3,3,4050,,1195,False,True,True,False,True,2026-09-28,garden|gym|parking|school|transport|workspace,"A well-presented 3-bed flat in Clapham priced at £4050 pcm. Highlights include garden, gym, parking, school, transport, workspace. Suitable for applicants prioritising practical access, clear tenancy terms and responsive management.",51.466294,-0.168783
P-1150,SW3 1HP,London,Chelsea,flat,2,2,4900,,906,True,True,True,True,False,2026-07-26,garden|gym|river-view|workspace,"A well-presented 2-bed flat in Chelsea priced at £4900 pcm. Highlights include garden, gym, river-view, workspace. Suitable for applicants prioritising practical access, clear tenancy terms and responsive management.",51.472039,-0.166885
P-1151,E8 1BM,London,Hackney,flat,1,1,2975,,601,True,False,False,True,False,2026-08-29,balcony|gym|transport,"A well-presented 1-bed flat in Hackney priced at £2975 pcm. Highlights include balcony, gym, transport. Suitable for applicants prioritising practical access, clear tenancy terms and responsive management.",51.549899,-0.085947
P-1152,E8 7GJ,London,Hackney,flat,2,3,3250,,982,False,True,False,True,True,2026-10-16,balcony|parking|pet-friendly|workspace,"A well-presented 2-bed flat in Hackney priced at £3250 pcm. Highlights include balcony, parking, pet-friendly, workspace. Suitable for applicants prioritising practical access, clear tenancy terms and responsive management.",51.564446,-0.027031
P-1153,SW6 1EM,London,Fulham,flat,2,3,3675,,837,False,False,True,True,True,2026-10-01,concierge|garden|gym|pet-friendly|workspace,"A well-presented 2-bed flat in Fulham priced at £3675 pcm. Highlights include concierge, garden, gym, pet-friendly, workspace. Suitable for applicants prioritising practical access, clear tenancy terms and responsive management.",51.472502,-0.19453
P-1154,E8 2AP,London,Hackney,flat,1,1,2850,,695,True,True,False,True,False,2026-10-10,balcony|gym|parking|river-view,"A well-presented 1-bed flat in Hackney priced at £2850 pcm. Highlights include balcony, gym, parking, river-view. Suitable for applicants prioritising practical access, clear tenancy terms and responsive management.",51.527788,-0.044842
P-1155,SW4 1DP,London,Clapham,maisonette,2,2,3475,,831,True,True,False,True,False,2026-09-13,balcony|gym|workspace,"A well-presented 2-bed maisonette in Clapham priced at £3475 pcm. Highlights include balcony, gym, workspace. Suitable for applicants prioritising practical access, clear tenancy terms and responsive management.",51.45089,-0.119034
P-1156,SW3 6DL,London,Chelsea,flat,2,2,5600,,915,False,False,True,True,False,2026-10-16,concierge|garden|gym|transport,"A well-presented 2-bed flat in Chelsea priced at £5600 pcm. Highlights include concierge, garden, gym, transport. Suitable for applicants prioritising practical access, clear tenancy terms and responsive management.",51.488644,-0.165477
P-1157,SW6 6GN,London,Fulham,flat,1,1,3575,,689,True,True,True,False,True,2026-10-21,concierge|garden|parking|pet-friendly|transport,"A well-presented 1-bed flat in Fulham priced at £3575 pcm. Highlights include concierge, garden, parking, pet-friendly, transport. Suitable for applicants prioritising practical access, clear tenancy terms and responsive management.",51.510721,-0.196729
P-1158,E8 1GM,London,Hackney,flat,1,2,2850,,699,True,False,False,False,True,2026-09-29,concierge|gym|pet-friendly|river-view|workspace,"A well-presented 1-bed flat in Hackney priced at £2850 pcm. Highlights include concierge, gym, pet-friendly, river-view, workspace. Suitable for applicants prioritising practical access, clear tenancy terms and responsive management.",51.547158,-0.061327
P-1159,SE10 4AL,London,Greenwich,flat,2,2,2950,,1084,True,True,False,True,False,2026-10-18,balcony|concierge|gym|parking|workspace,"A well-presented 2-bed flat in Greenwich priced at £2950 pcm. Highlights include balcony, concierge, gym, parking, workspace. Suitable for applicants prioritising practical access, clear tenancy terms and responsive management.",51.491093,-0.017824
P-1160,SW19 1DK,London,Wimbledon,flat,3,3,3600,,1274,True,False,False,True,False,2026-08-08,balcony|school|workspace,"A well-presented 3-bed flat in Wimbledon priced at £3600 pcm. Highlights include balcony, school, workspace. Suitable for applicants prioritising practical access, clear tenancy terms and responsive management.",51.400246,-0.185806
P-1161,SW11 9FL,London,Battersea,maisonette,1,1,3600,,729,False,False,True,True,True,2026-09-08,balcony|concierge|garden|gym|pet-friendly|workspace,"A well-presented 1-bed maisonette in Battersea priced at £3600 pcm. Highlights include balcony, concierge, garden, gym, pet-friendly, workspace. Suitable for applicants prioritising practical access, clear tenancy terms and responsive management.",51.465932,-0.191736
P-1162,SW6 5GL,London,Fulham,house,3,3,4800,,1249,True,True,False,True,True,2026-08-18,concierge|gym|parking|river-view|school|workspace,"A well-presented 3-bed house in Fulham priced at £4800 pcm. Highlights include concierge, gym, parking, river-view, school, workspace. Suitable for applicants prioritising practical access, clear tenancy terms and responsive management.",51.495435,-0.17588
P-1163,NW1 8HK,London,Camden,flat,3,3,4025,,1067,False,True,False,False,False,2026-09-07,concierge|parking|river-view|school,"A well-presented 3-bed flat in Camden priced at £4025 pcm. Highlights include concierge, parking, river-view, school. Suitable for applicants prioritising practical access, clear tenancy terms and responsive management.",51.544155,-0.138862
P-1164,SE10 7CP,London,Greenwich,flat,1,1,2900,,690,False,True,True,False,False,2026-08-01,concierge|garden|parking|river-view|school|transport,"A well-presented 1-bed flat in Greenwich priced at £2900 pcm. Highlights include concierge, garden, parking, river-view, school, transport. Suitable for applicants prioritising practical access, clear tenancy terms and responsive management.",51.48796,-0.011539
P-1165,SW11 8HJ,London,Battersea,flat,4,3,4900,,1514,True,True,False,False,False,2026-09-30,parking|river-view|school|transport,"A well-presented 4-bed flat in Battersea priced at £4900 pcm. Highlights include parking, river-view, school, transport. Suitable for applicants prioritising practical access, clear tenancy terms and responsive management.",51.46414,-0.167164
P-1166,SW6 3BJ,London,Fulham,flat,1,2,3375,,720,True,False,True,False,False,2026-08-12,garden|school|workspace,"A well-presented 1-bed flat in Fulham priced at £3375 pcm. Highlights include garden, school, workspace. Suitable for applicants prioritising practical access, clear tenancy terms and responsive management.",51.46749,-0.171997
P-1167,EC2A 4DL,London,Shoreditch,flat,2,3,3800,,904,False,True,True,False,True,2026-08-03,concierge|garden|parking|pet-friendly|transport,"A well-presented 2-bed flat in Shoreditch priced at £3800 pcm. Highlights include concierge, garden, parking, pet-friendly, transport. Suitable for applicants prioritising practical access, clear tenancy terms and responsive management.",51.540964,-0.071562
P-1168,CR0 3BM,London,Croydon,maisonette,1,1,2400,,702,True,False,False,False,True,2026-10-14,gym|pet-friendly|school,"A well-presented 1-bed maisonette in Croydon priced at £2400 pcm. Highlights include gym, pet-friendly, school. Suitable for applicants prioritising practical access, clear tenancy terms and responsive management.",51.360006,-0.087661
P-1169,SW4 5AJ,London,Clapham,studio,0,1,2875,,765,False,False,False,False,True,2026-08-28,gym|pet-friendly|school|transport|workspace,"A well-presented 0-bed studio in Clapham priced at £2875 pcm. Highlights include gym, pet-friendly, school, transport, workspace. Suitable for applicants prioritising practical access, clear tenancy terms and responsive management.",51.456393,-0.112632
P-1170,SW6 7BL,London,Fulham,flat,2,2,4400,,965,False,True,False,False,False,2026-10-04,concierge|parking|transport,"A well-presented 2-bed flat in Fulham priced at £4400 pcm. Highlights include concierge, parking, transport. Suitable for applicants prioritising practical access, clear tenancy terms and responsive management.",51.459818,-0.226655
P-1171,EC2A 2FJ,London,Shoreditch,flat,2,2,3750,,917,False,True,False,False,True,2026-09-17,gym|parking|pet-friendly|river-view|school|workspace,"A well-presented 2-bed flat in Shoreditch priced at £3750 pcm. Highlights include gym, parking, pet-friendly, river-view, school, workspace. Suitable for applicants prioritising practical access, clear tenancy terms and responsive management.",51.507467,-0.091636
P-1172,EC2A 6GM,London,Shoreditch,house,1,1,2925,,583,True,True,False,False,True,2026-10-19,parking|pet-friendly|river-view|transport|workspace,"A well-presented 1-bed house in Shoreditch priced at £2925 pcm. Highlights include parking, pet-friendly, river-view, transport, workspace. Suitable for applicants prioritising practical access, clear tenancy terms and responsive management.",51.510753,-0.062813
P-1173,SW19 3GL,London,Wimbledon,flat,4,3,4575,,1442,True,True,True,True,True,2026-08-06,balcony|garden|workspace,"A well-presented 4-bed flat in Wimbledon priced at £4575 pcm. Highlights include balcony, garden, workspace. Suitable for applicants prioritising practical access, clear tenancy terms and responsive management.",51.420806,-0.194253
P-1174,E20 9GJ,London,Stratford,flat,2,2,3525,,1069,True,True,True,False,False,2026-08-04,garden|gym|parking|river-view|transport,"A well-presented 2-bed flat in Stratford priced at £3525 pcm. Highlights include garden, gym, parking, river-view, transport. Suitable for applicants prioritising practical access, clear tenancy terms and responsive management.",51.52246,-0.001969
P-1175,NW1 9DN,London,Camden,flat,1,2,3025,,635,False,False,True,True,True,2026-08-14,balcony|garden|pet-friendly|transport|workspace,"A well-presented 1-bed flat in Camden priced at £3025 pcm. Highlights include balcony, garden, pet-friendly, transport, workspace. Suitable for applicants prioritising practical access, clear tenancy terms and responsive management.",51.531351,-0.121198
P-1176,CR0 5GL,London,Croydon,studio,0,1,1650,,586,True,True,True,True,True,2026-08-02,balcony|concierge|garden|pet-friendly|school|workspace,"A well-presented 0-bed studio in Croydon priced at £1650 pcm. Highlights include balcony, concierge, garden, pet-friendly, school, workspace. Suitable for applicants prioritising practical access, clear tenancy terms and responsive management.",51.385751,-0.079326
P-1177,NW1 7FM,London,Camden,flat,1,1,3025,,730,True,True,False,True,False,2026-09-17,balcony|river-view|transport|workspace,"A well-presented 1-bed flat in Camden priced at £3025 pcm. Highlights include balcony, river-view, transport, workspace. Suitable for applicants prioritising practical access, clear tenancy terms and responsive management.",51.541435,-0.169883
P-1178,CR0 6EP,London,Croydon,maisonette,2,3,2400,,953,True,True,True,True,False,2026-10-13,balcony|garden|parking|river-view,"A well-presented 2-bed maisonette in Croydon priced at £2400 pcm. Highlights include balcony, garden, parking, river-view. Suitable for applicants prioritising practical access, clear tenancy terms and responsive management.",51.37185,-0.087692
P-1179,SW3 4CP,London,Chelsea,maisonette,1,2,4700,,706,False,True,True,False,True,2026-07-27,garden|parking|pet-friendly|school,"A well-presented 1-bed maisonette in Chelsea priced at £4700 pcm. Highlights include garden, parking, pet-friendly, school. Suitable for applicants prioritising practical access, clear tenancy terms and responsive management.",51.495403,-0.132516
P-1180,SW11 3EK,London,Battersea,flat,1,1,3175,,579,False,False,True,False,True,2026-10-16,garden|gym|pet-friendly|river-view,"A well-presented 1-bed flat in Battersea priced at £3175 pcm. Highlights include garden, gym, pet-friendly, river-view. Suitable for applicants prioritising practical access, clear tenancy terms and responsive management.",51.474409,-0.184812
P-1181,SE10 7AL,London,Greenwich,flat,2,3,2975,,957,True,False,True,True,True,2026-09-30,balcony|garden|gym|pet-friendly|river-view|school,"A well-presented 2-bed flat in Greenwich priced at £2975 pcm. Highlights include balcony, garden, gym, pet-friendly, river-view, school. Suitable for applicants prioritising practical access, clear tenancy terms and responsive management.",51.482403,0.013691
P-1182,SW19 7FM,London,Wimbledon,flat,2,2,3775,,967,True,True,False,True,False,2026-07-25,balcony|gym|parking,"A well-presented 2-bed flat in Wimbledon priced at £3775 pcm. Highlights include balcony, gym, parking. Suitable for applicants prioritising practical access, clear tenancy terms and responsive management.",51.437286,-0.226773
P-1183,E20 9CL,London,Stratford,flat,2,2,3350,,911,False,True,False,True,True,2026-09-23,balcony|parking|pet-friendly|river-view,"A well-presented 2-bed flat in Stratford priced at £3350 pcm. Highlights include balcony, parking, pet-friendly, river-view. Suitable for applicants prioritising practical access, clear tenancy terms and responsive management.",51.548388,0.016657
P-1184,E20 8FM,London,Stratford,flat,3,3,3750,,1257,True,True,False,False,True,2026-09-18,concierge|gym|parking,"A well-presented 3-bed flat in Stratford priced at £3750 pcm. Highlights include concierge, gym, parking. Suitable for applicants prioritising practical access, clear tenancy terms and responsive management.",51.547329,0.012134
P-1185,SW11 2CP,London,Battersea,flat,2,2,4425,,991,True,True,True,False,True,2026-09-28,garden|gym|parking|pet-friendly|transport,"A well-presented 2-bed flat in Battersea priced at £4425 pcm. Highlights include garden, gym, parking, pet-friendly, transport. Suitable for applicants prioritising practical access, clear tenancy terms and responsive management.",51.461795,-0.165059
P-1186,SE10 7GJ,London,Greenwich,flat,1,2,2500,,719,True,True,False,True,True,2026-10-10,balcony|gym|pet-friendly|river-view|school,"A well-presented 1-bed flat in Greenwich priced at £2500 pcm. Highlights include balcony, gym, pet-friendly, river-view, school. Suitable for applicants prioritising practical access, clear tenancy terms and responsive management.",51.487619,-0.000493
P-1187,EC2A 9CL,London,Shoreditch,flat,2,2,3900,,943,True,False,False,True,True,2026-08-18,balcony|concierge|gym|pet-friendly|school|transport,"A well-presented 2-bed flat in Shoreditch priced at £3900 pcm. Highlights include balcony, concierge, gym, pet-friendly, school, transport. Suitable for applicants prioritising practical access, clear tenancy terms and responsive management.",51.507282,-0.061667
P-1188,SW3 6HN,London,Chelsea,flat,2,2,5450,,957,True,True,True,True,True,2026-10-18,balcony|garden|parking|pet-friendly|river-view|school,"A well-presented 2-bed flat in Chelsea priced at £5450 pcm. Highlights include balcony, garden, parking, pet-friendly, river-view, school. Suitable for applicants prioritising practical access, clear tenancy terms and responsive management.",51.490699,-0.175925
P-1189,SW11 7GN,London,Battersea,house,2,2,4025,,962,True,True,True,False,True,2026-10-05,concierge|gym|parking,"A well-presented 2-bed house in Battersea priced at £4025 pcm. Highlights include concierge, gym, parking. Suitable for applicants prioritising practical access, clear tenancy terms and responsive management.",51.471095,-0.164341
P-1190,E8 6AM,London,Hackney,flat,1,1,2975,,712,True,False,False,True,False,2026-08-17,balcony|concierge|gym|river-view|school|workspace,"A well-presented 1-bed flat in Hackney priced at £2975 pcm. Highlights include balcony, concierge, gym, river-view, school, workspace. Suitable for applicants prioritising practical access, clear tenancy terms and responsive management.",51.542764,-0.062584
P-1191,E8 1DL,London,Hackney,maisonette,2,2,3400,,883,True,True,False,True,True,2026-08-28,balcony|parking|pet-friendly|river-view|school|workspace,"A well-presented 2-bed maisonette in Hackney priced at £3400 pcm. Highlights include balcony, parking, pet-friendly, river-view, school, workspace. Suitable for applicants prioritising practical access, clear tenancy terms and responsive management.",51.559341,-0.082717
P-1192,EC2A 6AP,London,Shoreditch,studio,0,1,3100,,637,True,True,True,False,True,2026-10-01,concierge|garden|pet-friendly|river-view|school,"A well-presented 0-bed studio in Shoreditch priced at £3100 pcm. Highlights include concierge, garden, pet-friendly, river-view, school. Suitable for applicants prioritising practical access, clear tenancy terms and responsive management.",51.522028,-0.111734
P-1193,EC2A 8BK,London,Shoreditch,maisonette,3,3,4150,,1350,True,False,True,True,False,2026-10-07,balcony|garden|transport,"A well-presented 3-bed maisonette in Shoreditch priced at £4150 pcm. Highlights include balcony, garden, transport. Suitable for applicants prioritising practical access, clear tenancy terms and responsive management.",51.506224,-0.114679
P-1194,SW11 9CL,London,Battersea,flat,1,2,3800,,758,True,False,False,True,True,2026-08-30,balcony|concierge|gym|pet-friendly|transport|workspace,"A well-presented 1-bed flat in Battersea priced at £3800 pcm. Highlights include balcony, concierge, gym, pet-friendly, transport, workspace. Suitable for applicants prioritising practical access, clear tenancy terms and responsive management.",51.477262,-0.14411
P-1195,N1 3DK,London,Islington,flat,1,2,3400,,672,False,False,False,True,True,2026-09-03,concierge|pet-friendly|transport,"A well-presented 1-bed flat in Islington priced at £3400 pcm. Highlights include concierge, pet-friendly, transport. Suitable for applicants prioritising practical access, clear tenancy terms and responsive management.",51.56866,-0.125062
P-1196,EC2A 2GN,London,Shoreditch,house,2,3,4100,,923,True,True,True,True,True,2026-08-28,balcony|concierge|garden|parking|pet-friendly|river-view,"A well-presented 2-bed house in Shoreditch priced at £4100 pcm. Highlights include balcony, concierge, garden, parking, pet-friendly, river-view. Suitable for applicants prioritising practical access, clear tenancy terms and responsive management.",51.51507,-0.087144
P-1197,SW11 8FJ,London,Battersea,studio,0,1,2875,,795,False,True,True,False,True,2026-09-12,garden|parking|river-view|transport|workspace,"A well-presented 0-bed studio in Battersea priced at £2875 pcm. Highlights include garden, parking, river-view, transport, workspace. Suitable for applicants prioritising practical access, clear tenancy terms and responsive management.",51.462814,-0.147589
P-1198,EC2A 3HL,London,Shoreditch,maisonette,4,3,4800,,1441,True,True,True,False,True,2026-07-30,garden|parking|pet-friendly|river-view,"A well-presented 4-bed maisonette in Shoreditch priced at £4800 pcm. Highlights include garden, parking, pet-friendly, river-view. Suitable for applicants prioritising practical access, clear tenancy terms and responsive management.",51.532093,-0.062094
P-1199,E14 3EK,London,Canary Wharf,flat,3,3,4300,,1306,False,False,False,True,True,2026-08-04,balcony|concierge|gym|pet-friendly|transport|workspace,"A well-presented 3-bed flat in Canary Wharf priced at £4300 pcm. Highlights include balcony, concierge, gym, pet-friendly, transport, workspace. Suitable for applicants prioritising practical access, clear tenancy terms and responsive management.",51.507758,-0.010738
P-1200,CR0 4GP,London,Croydon,flat,3,3,2775,,1196,True,True,False,True,False,2026-10-22,concierge|parking|transport,"A well-presented 3-bed flat in Croydon priced at £2775 pcm. Highlights include concierge, parking, transport. Suitable for applicants prioritising practical access, clear tenancy terms and responsive management.",51.3807,-0.111833
P-1201,E20 2GP,London,Stratford,flat,2,2,3200,,825,True,True,True,True,False,2026-09-23,balcony|concierge|garden|gym|parking|river-view,"A well-presented 2-bed flat in Stratford priced at £3200 pcm. Highlights include balcony, concierge, garden, gym, parking, river-view. Suitable for applicants prioritising practical access, clear tenancy terms and responsive management.",51.542837,-0.015559
P-1202,E20 3CJ,London,Stratford,flat,1,2,2625,,759,True,True,False,True,False,2026-10-04,gym|parking|workspace,"A well-presented 1-bed flat in Stratford priced at £2625 pcm. Highlights include gym, parking, workspace. Suitable for applicants prioritising practical access, clear tenancy terms and responsive management.",51.537977,-0.003757
P-1203,E14 8DJ,London,Canary Wharf,studio,0,1,2725,,486,False,True,False,True,False,2026-08-10,balcony|parking|river-view|school,"A well-presented 0-bed studio in Canary Wharf priced at £2725 pcm. Highlights include balcony, parking, river-view, school. Suitable for applicants prioritising practical access, clear tenancy terms and responsive management.",51.486393,-0.009813
P-1204,SW4 9EP,London,Clapham,flat,2,2,3800,,978,True,True,False,True,True,2026-10-16,gym|parking|pet-friendly|river-view|school|workspace,"A well-presented 2-bed flat in Clapham priced at £3800 pcm. Highlights include gym, parking, pet-friendly, river-view, school, workspace. Suitable for applicants prioritising practical access, clear tenancy terms and responsive management.",51.46231,-0.148278
P-1205,N1 2DM,London,Islington,flat,1,2,3225,,587,False,False,True,False,True,2026-10-08,garden|pet-friendly|transport|workspace,"A well-presented 1-bed flat in Islington priced at £3225 pcm. Highlights include garden, pet-friendly, transport, workspace. Suitable for applicants prioritising practical access, clear tenancy terms and responsive management.",51.564541,-0.090007
P-1206,E20 9CM,London,Stratford,flat,2,2,2975,,943,True,True,False,False,False,2026-07-26,concierge|parking|workspace,"A well-presented 2-bed flat in Stratford priced at £2975 pcm. Highlights include concierge, parking, workspace. Suitable for applicants prioritising practical access, clear tenancy terms and responsive management.",51.53807,-0.00485
P-1207,SW19 9EP,London,Wimbledon,studio,0,1,2350,,657,True,True,True,True,False,2026-09-26,balcony|garden|transport,"A well-presented 0-bed studio in Wimbledon priced at £2350 pcm. Highlights include balcony, garden, transport. Suitable for applicants prioritising practical access, clear tenancy terms and responsive management.",51.442972,-0.194865
P-1208,SW4 3FM,London,Clapham,flat,3,3,4000,,1164,True,False,False,False,True,2026-10-13,concierge|gym|pet-friendly|river-view|school|transport,"A well-presented 3-bed flat in Clapham priced at £4000 pcm. Highlights include concierge, gym, pet-friendly, river-view, school, transport. Suitable for applicants prioritising practical access, clear tenancy terms and responsive management.",51.465906,-0.152374
P-1209,SW4 7BM,London,Clapham,house,2,3,3725,,888,True,True,True,True,True,2026-10-09,balcony|garden|pet-friendly,"A well-presented 2-bed house in Clapham priced at £3725 pcm. Highlights include balcony, garden, pet-friendly. Suitable for applicants prioritising practical access, clear tenancy terms and responsive management.",51.470979,-0.130917
P-1210,E14 9EK,London,Canary Wharf,flat,2,2,3550,,1027,True,True,False,False,False,2026-08-09,concierge|gym|parking|transport,"A well-presented 2-bed flat in Canary Wharf priced at £3550 pcm. Highlights include concierge, gym, parking, transport. Suitable for applicants prioritising practical access, clear tenancy terms and responsive management.",51.506774,-0.006397
P-1211,SW11 2HM,London,Battersea,house,3,3,5025,,1144,True,True,True,True,True,2026-09-08,balcony|gym|parking|pet-friendly|transport,"A well-presented 3-bed house in Battersea priced at £5025 pcm. Highlights include balcony, gym, parking, pet-friendly, transport. Suitable for applicants prioritising practical access, clear tenancy terms and responsive management.",51.484632,-0.164138
P-1212,E14 2DP,London,Canary Wharf,flat,1,2,3000,,637,True,True,True,False,True,2026-07-24,concierge|garden|parking|pet-friendly,"A well-presented 1-bed flat in Canary Wharf priced at £3000 pcm. Highlights include concierge, garden, parking, pet-friendly. Suitable for applicants prioritising practical access, clear tenancy terms and responsive management.",51.512824,-0.003172
P-1213,E14 1GK,London,Canary Wharf,house,2,2,4150,,974,True,False,True,True,False,2026-08-24,balcony|river-view|transport,"A well-presented 2-bed house in Canary Wharf priced at £4150 pcm. Highlights include balcony, river-view, transport. Suitable for applicants prioritising practical access, clear tenancy terms and responsive management.",51.505856,-0.021339
P-1214,E8 9AM,London,Hackney,house,1,1,2800,,696,True,True,True,True,True,2026-09-21,garden|gym|parking|transport|workspace,"A well-presented 1-bed house in Hackney priced at £2800 pcm. Highlights include garden, gym, parking, transport, workspace. Suitable for applicants prioritising practical access, clear tenancy terms and responsive management.",51.558093,-0.057293
P-1215,N1 8FN,London,Islington,house,2,2,3525,,1065,True,True,False,True,False,2026-08-18,concierge|gym|parking|river-view|transport,"A well-presented 2-bed house in Islington priced at £3525 pcm. Highlights include concierge, gym, parking, river-view, transport. Suitable for applicants prioritising practical access, clear tenancy terms and responsive management.",51.531791,-0.132159
P-1216,SW11 6AP,London,Battersea,house,4,3,4525,,1620,True,False,False,False,True,2026-09-01,concierge|pet-friendly|school|transport,"A well-presented 4-bed house in Battersea priced at £4525 pcm. Highlights include concierge, pet-friendly, school, transport. Suitable for applicants prioritising practical access, clear tenancy terms and responsive management.",51.462535,-0.135645
P-1217,E20 9GP,London,Stratford,flat,3,3,3600,,1270,True,True,False,False,True,2026-09-20,gym|pet-friendly|river-view|transport,"A well-presented 3-bed flat in Stratford priced at £3600 pcm. Highlights include gym, pet-friendly, river-view, transport. Suitable for applicants prioritising practical access, clear tenancy terms and responsive management.",51.549128,-0.031675
P-1218,SW11 3DL,London,Battersea,flat,3,3,4625,,1099,True,False,False,False,True,2026-09-02,concierge|pet-friendly|school,"A well-presented 3-bed flat in Battersea priced at £4625 pcm. Highlights include concierge, pet-friendly, school. Suitable for applicants prioritising practical access, clear tenancy terms and responsive management.",51.480322,-0.153714
P-1219,SW4 2CJ,London,Clapham,flat,1,1,3400,,700,False,True,True,True,False,2026-09-19,garden|gym|parking|river-view|transport,"A well-presented 1-bed flat in Clapham priced at £3400 pcm. Highlights include garden, gym, parking, river-view, transport. Suitable for applicants prioritising practical access, clear tenancy terms and responsive management.",51.455996,-0.150089
P-1220,SW3 2BK,London,Chelsea,flat,4,3,6000,,1436,True,True,False,True,False,2026-08-31,balcony|parking|school,"A well-presented 4-bed flat in Chelsea priced at £6000 pcm. Highlights include balcony, parking, school. Suitable for applicants prioritising practical access, clear tenancy terms and responsive management.",51.467694,-0.169608
P-1221,SW11 6GN,London,Battersea,flat,3,3,4700,,972,True,True,False,True,True,2026-10-18,balcony|concierge|parking,"A well-presented 3-bed flat in Battersea priced at £4700 pcm. Highlights include balcony, concierge, parking. Suitable for applicants prioritising practical access, clear tenancy terms and responsive management.",51.477585,-0.199015
P-1222,N1 3BJ,London,Islington,flat,1,1,3325,,673,False,False,True,False,True,2026-08-21,garden|pet-friendly|river-view|transport,"A well-presented 1-bed flat in Islington priced at £3325 pcm. Highlights include garden, pet-friendly, river-view, transport. Suitable for applicants prioritising practical access, clear tenancy terms and responsive management.",51.556188,-0.128224
P-1223,SE10 8CJ,London,Greenwich,flat,1,1,2550,,707,False,True,True,True,True,2026-08-08,garden|gym|parking|pet-friendly|transport|workspace,"A well-presented 1-bed flat in Greenwich priced at £2550 pcm. Highlights include garden, gym, parking, pet-friendly, transport, workspace. Suitable for applicants prioritising practical access, clear tenancy terms and responsive management.",51.482037,0.000887
P-1224,E14 6DK,London,Canary Wharf,maisonette,1,1,2725,,700,True,False,False,False,True,2026-08-28,concierge|pet-friendly|school,"A well-presented 1-bed maisonette in Canary Wharf priced at £2725 pcm. Highlights include concierge, pet-friendly, school. Suitable for applicants prioritising practical access, clear tenancy terms and responsive management.",51.502289,-0.001294
P-1225,SW3 2EM,London,Chelsea,house,1,1,5025,,748,True,False,True,True,False,2026-09-15,balcony|garden|workspace,"A well-presented 1-bed house in Chelsea priced at £5025 pcm. Highlights include balcony, garden, workspace. Suitable for applicants prioritising practical access, clear tenancy terms and responsive management.",51.483316,-0.174987
P-1226,EC2A 6FM,London,Shoreditch,studio,0,1,3225,,777,True,False,False,False,True,2026-08-16,pet-friendly|river-view|school|transport,"A well-presented 0-bed studio in Shoreditch priced at £3225 pcm. Highlights include pet-friendly, river-view, school, transport. Suitable for applicants prioritising practical access, clear tenancy terms and responsive management.",51.538174,-0.076711
P-1227,E14 4CJ,London,Canary Wharf,flat,3,3,4400,,1219,False,False,True,False,True,2026-10-16,garden|pet-friendly|transport|workspace,"A well-presented 3-bed flat in Canary Wharf priced at £4400 pcm. Highlights include garden, pet-friendly, transport, workspace. Suitable for applicants prioritising practical access, clear tenancy terms and responsive management.",51.502291,-0.027034
P-1228,EC2A 3CK,London,Shoreditch,flat,1,2,3450,,624,False,True,False,True,True,2026-09-02,balcony|parking|pet-friendly,"A well-presented 1-bed flat in Shoreditch priced at £3450 pcm. Highlights include balcony, parking, pet-friendly. Suitable for applicants prioritising practical access, clear tenancy terms and responsive management.",51.522029,-0.093729
P-1229,SW4 8EK,London,Clapham,house,3,3,4150,,1040,True,True,True,False,True,2026-07-28,garden|parking|pet-friendly|transport|workspace,"A well-presented 3-bed house in Clapham priced at £4150 pcm. Highlights include garden, parking, pet-friendly, transport, workspace. Suitable for applicants prioritising practical access, clear tenancy terms and responsive management.",51.473596,-0.131763
P-1230,E20 3FJ,London,Stratford,flat,2,2,2675,,1175,True,False,False,False,False,2026-08-11,river-view|school|transport|workspace,"A well-presented 2-bed flat in Stratford priced at £2675 pcm. Highlights include river-view, school, transport, workspace. Suitable for applicants prioritising practical access, clear tenancy terms and responsive management.",51.530846,0.003961
P-1231,SW19 2FL,London,Wimbledon,studio,0,1,2900,,596,True,True,False,False,False,2026-08-10,gym|parking|school|transport,"A well-presented 0-bed studio in Wimbledon priced at £2900 pcm. Highlights include gym, parking, school, transport. Suitable for applicants prioritising practical access, clear tenancy terms and responsive management.",51.428753,-0.225361
P-1232,SE10 3GL,London,Greenwich,house,4,3,4050,,1407,False,True,True,True,True,2026-10-20,concierge|garden|parking|pet-friendly|river-view|school,"A well-presented 4-bed house in Greenwich priced at £4050 pcm. Highlights include concierge, garden, parking, pet-friendly, river-view, school. Suitable for applicants prioritising practical access, clear tenancy terms and responsive management.",51.495477,-0.010651
P-1233,N1 4BM,London,Islington,flat,1,1,3450,,719,True,False,False,False,True,2026-09-04,pet-friendly|transport|workspace,"A well-presented 1-bed flat in Islington priced at £3450 pcm. Highlights include pet-friendly, transport, workspace. Suitable for applicants prioritising practical access, clear tenancy terms and responsive management.",51.548305,-0.099231
P-1234,SW11 6HJ,London,Battersea,flat,2,2,4300,,964,True,True,False,False,True,2026-08-19,concierge|gym|parking|pet-friendly|workspace,"A well-presented 2-bed flat in Battersea priced at £4300 pcm. Highlights include concierge, gym, parking, pet-friendly, workspace. Suitable for applicants prioritising practical access, clear tenancy terms and responsive management.",51.458413,-0.166485
P-1235,EC2A 7HM,London,Shoreditch,flat,3,3,4575,,1294,True,False,True,True,True,2026-10-01,balcony|garden|gym|river-view|transport,"A well-presented 3-bed flat in Shoreditch priced at £4575 pcm. Highlights include balcony, garden, gym, river-view, transport. Suitable for applicants prioritising practical access, clear tenancy terms and responsive management.",51.531265,-0.095674
P-1236,E8 2BL,London,Hackney,flat,2,2,3150,,963,True,True,False,True,False,2026-09-10,balcony|concierge|parking|school|transport|workspace,"A well-presented 2-bed flat in Hackney priced at £3150 pcm. Highlights include balcony, concierge, parking, school, transport, workspace. Suitable for applicants prioritising practical access, clear tenancy terms and responsive management.",51.557062,-0.059843
P-1237,SE10 1BL,London,Greenwich,house,3,3,3950,,1236,True,True,False,False,False,2026-08-17,parking|river-view|transport,"A well-presented 3-bed house in Greenwich priced at £3950 pcm. Highlights include parking, river-view, transport. Suitable for applicants prioritising practical access, clear tenancy terms and responsive management.",51.47967,0.009654
P-1238,E8 8CJ,London,Hackney,flat,1,1,3200,,725,True,False,True,True,True,2026-07-24,balcony|garden|pet-friendly|transport|workspace,"A well-presented 1-bed flat in Hackney priced at £3200 pcm. Highlights include balcony, garden, pet-friendly, transport, workspace. Suitable for applicants prioritising practical access, clear tenancy terms and responsive management.",51.553658,-0.043863
P-1239,E8 2EM,London,Hackney,flat,2,2,3325,,950,False,False,False,True,True,2026-09-24,balcony|concierge|gym|pet-friendly|school|transport,"A well-presented 2-bed flat in Hackney priced at £3325 pcm. Highlights include balcony, concierge, gym, pet-friendly, school, transport. Suitable for applicants prioritising practical access, clear tenancy terms and responsive management.",51.542923,-0.05502
P-1240,CR0 8HL,London,Croydon,flat,1,1,1850,,548,True,True,False,True,True,2026-08-27,balcony|concierge|gym|parking|pet-friendly|workspace,"A well-presented 1-bed flat in Croydon priced at £1850 pcm. Highlights include balcony, concierge, gym, parking, pet-friendly, workspace. Suitable for applicants prioritising practical access, clear tenancy terms and responsive management.",51.365578,-0.070254
P-1241,SW19 9AM,London,Wimbledon,flat,2,3,3300,,834,False,True,False,False,True,2026-09-15,gym|parking|pet-friendly,"A well-presented 2-bed flat in Wimbledon priced at £3300 pcm. Highlights include gym, parking, pet-friendly. Suitable for applicants prioritising practical access, clear tenancy terms and responsive management.",51.441104,-0.188223
P-1242,SW6 9CJ,London,Fulham,flat,2,2,3575,,885,False,False,False,True,False,2026-08-15,balcony|concierge|river-view|school|transport|workspace,"A well-presented 2-bed flat in Fulham priced at £3575 pcm. Highlights include balcony, concierge, river-view, school, transport, workspace. Suitable for applicants prioritising practical access, clear tenancy terms and responsive management.",51.48071,-0.17473
P-1243,SE10 3EL,London,Greenwich,maisonette,2,3,2750,,808,False,False,False,False,True,2026-08-01,concierge|pet-friendly|school|transport,"A well-presented 2-bed maisonette in Greenwich priced at £2750 pcm. Highlights include concierge, pet-friendly, school, transport. Suitable for applicants prioritising practical access, clear tenancy terms and responsive management.",51.494871,0.036216
P-1244,E20 9GJ,London,Stratford,flat,2,2,3375,,986,False,True,True,True,False,2026-08-12,balcony|garden|parking|river-view|school|transport,"A well-presented 2-bed flat in Stratford priced at £3375 pcm. Highlights include balcony, garden, parking, river-view, school, transport. Suitable for applicants prioritising practical access, clear tenancy terms and responsive management.",51.538268,0.003758
P-1245,SE10 8HJ,London,Greenwich,flat,3,3,3350,,1177,False,False,True,False,True,2026-08-28,garden|gym|workspace,"A well-presented 3-bed flat in Greenwich priced at £3350 pcm. Highlights include garden, gym, workspace. Suitable for applicants prioritising practical access, clear tenancy terms and responsive management.",51.462285,-0.00947
P-1246,E8 6AL,London,Hackney,flat,1,1,3175,,630,False,True,False,False,True,2026-09-01,gym|parking|pet-friendly|river-view|transport|workspace,"A well-presented 1-bed flat in Hackney priced at £3175 pcm. Highlights include gym, parking, pet-friendly, river-view, transport, workspace. Suitable for applicants prioritising practical access, clear tenancy terms and responsive management.",51.522055,-0.048157
P-1247,N1 5GN,London,Islington,house,2,3,3400,,1015,False,False,True,True,False,2026-08-04,balcony|concierge|garden,"A well-presented 2-bed house in Islington priced at £3400 pcm. Highlights include balcony, concierge, garden. Suitable for applicants prioritising practical access, clear tenancy terms and responsive management.",51.53471,-0.109843
P-1248,EC2A 9GK,London,Shoreditch,flat,1,2,3175,,724,False,True,True,True,True,2026-10-04,garden|parking|pet-friendly|river-view|school|transport,"A well-presented 1-bed flat in Shoreditch priced at £3175 pcm. Highlights include garden, parking, pet-friendly, river-view, school, transport. Suitable for applicants prioritising practical access, clear tenancy terms and responsive management.",51.54576,-0.071099
P-1249,E14 6HN,London,Canary Wharf,flat,1,1,2875,,715,True,False,False,True,True,2026-10-13,balcony|school|transport|workspace,"A well-presented 1-bed flat in Canary Wharf priced at £2875 pcm. Highlights include balcony, school, transport, workspace. Suitable for applicants prioritising practical access, clear tenancy terms and responsive management.",51.505164,-0.013555
P-1250,E20 6CL,London,Stratford,flat,3,3,3500,,1205,False,True,False,False,False,2026-10-20,gym|parking|river-view|school,"A well-presented 3-bed flat in Stratford priced at £3500 pcm. Highlights include gym, parking, river-view, school. Suitable for applicants prioritising practical access, clear tenancy terms and responsive management.",51.546964,-0.000794
P-1251,E20 5GN,London,Stratford,flat,2,2,3225,,943,True,True,False,True,True,2026-10-19,balcony|concierge|gym|parking|pet-friendly|transport,"A well-presented 2-bed flat in Stratford priced at £3225 pcm. Highlights include balcony, concierge, gym, parking, pet-friendly, transport. Suitable for applicants prioritising practical access, clear tenancy terms and responsive management.",51.532876,-0.015232
P-1252,E14 5GM,London,Canary Wharf,flat,2,2,4000,,915,True,False,False,True,False,2026-09-20,balcony|concierge|transport|workspace,"A well-presented 2-bed flat in Canary Wharf priced at £4000 pcm. Highlights include balcony, concierge, transport, workspace. Suitable for applicants prioritising practical access, clear tenancy terms and responsive management.",51.502096,-0.009975
P-1253,N1 9EL,London,Islington,flat,1,2,3050,,751,False,False,True,False,True,2026-08-06,garden|gym|pet-friendly|school|transport,"A well-presented 1-bed flat in Islington priced at £3050 pcm. Highlights include garden, gym, pet-friendly, school, transport. Suitable for applicants prioritising practical access, clear tenancy terms and responsive management.",51.542961,-0.083341
P-1254,SW3 4CN,London,Chelsea,flat,2,2,5125,,877,False,True,True,False,True,2026-07-31,garden|parking|pet-friendly|school|workspace,"A well-presented 2-bed flat in Chelsea priced at £5125 pcm. Highlights include garden, parking, pet-friendly, school, workspace. Suitable for applicants prioritising practical access, clear tenancy terms and responsive management.",51.514172,-0.190981
P-1255,SW4 1DL,London,Clapham,house,1,2,3450,,713,True,True,True,True,False,2026-08-21,balcony|concierge|parking|school|transport|workspace,"A well-presented 1-bed house in Clapham priced at £3450 pcm. Highlights include balcony, concierge, parking, school, transport, workspace. Suitable for applicants prioritising practical access, clear tenancy terms and responsive management.",51.460377,-0.140337
P-1256,CR0 3EP,London,Croydon,studio,0,1,2075,,809,True,True,True,True,True,2026-08-16,garden|gym|parking|pet-friendly|river-view|school,"A well-presented 0-bed studio in Croydon priced at £2075 pcm. Highlights include garden, gym, parking, pet-friendly, river-view, school. Suitable for applicants prioritising practical access, clear tenancy terms and responsive management.",51.357757,-0.09338
P-1257,CR0 6FL,London,Croydon,house,2,3,2575,,1146,False,True,True,True,False,2026-08-30,balcony|parking|workspace,"A well-presented 2-bed house in Croydon priced at £2575 pcm. Highlights include balcony, parking, workspace. Suitable for applicants prioritising practical access, clear tenancy terms and responsive management.",51.366556,-0.068696
P-1258,SW3 3CK,London,Chelsea,house,2,2,5325,,1028,False,False,True,True,True,2026-09-14,garden|gym|river-view|school|transport|workspace,"A well-presented 2-bed house in Chelsea priced at £5325 pcm. Highlights include garden, gym, river-view, school, transport, workspace. Suitable for applicants prioritising practical access, clear tenancy terms and responsive management.",51.491132,-0.178315
P-1259,SW19 6AJ,London,Wimbledon,house,2,2,3350,,923,True,True,False,True,True,2026-08-28,balcony|concierge|parking|pet-friendly|transport|workspace,"A well-presented 2-bed house in Wimbledon priced at £3350 pcm. Highlights include balcony, concierge, parking, pet-friendly, transport, workspace. Suitable for applicants prioritising practical access, clear tenancy terms and responsive management.",51.41442,-0.224666
P-1260,EC2A 7GM,London,Shoreditch,house,1,1,3275,,664,False,True,False,False,True,2026-07-24,concierge|pet-friendly|river-view|workspace,"A well-presented 1-bed house in Shoreditch priced at £3275 pcm. Highlights include concierge, pet-friendly, river-view, workspace. Suitable for applicants prioritising practical access, clear tenancy terms and responsive management.",51.514492,-0.074498
P-1261,E14 4FL,London,Canary Wharf,flat,3,3,4200,,1075,True,True,False,True,False,2026-08-06,balcony|parking|school|transport|workspace,"A well-presented 3-bed flat in Canary Wharf priced at £4200 pcm. Highlights include balcony, parking, school, transport, workspace. Suitable for applicants prioritising practical access, clear tenancy terms and responsive management.",51.509371,-0.008496
P-1262,E8 7CL,London,Hackney,flat,2,2,3050,,841,True,False,False,False,True,2026-09-07,concierge|gym|pet-friendly|transport|workspace,"A well-presented 2-bed flat in Hackney priced at £3050 pcm. Highlights include concierge, gym, pet-friendly, transport, workspace. Suitable for applicants prioritising practical access, clear tenancy terms and responsive management.",51.55334,-0.020262
P-1263,SW4 9CJ,London,Clapham,flat,2,2,3525,,935,False,True,False,True,True,2026-10-15,balcony|gym|parking|pet-friendly|school|transport,"A well-presented 2-bed flat in Clapham priced at £3525 pcm. Highlights include balcony, gym, parking, pet-friendly, school, transport. Suitable for applicants prioritising practical access, clear tenancy terms and responsive management.",51.4693,-0.136632
P-1264,SW4 7HM,London,Clapham,flat,1,1,3025,,730,True,True,False,True,False,2026-10-02,parking|river-view|school|transport|workspace,"A well-presented 1-bed flat in Clapham priced at £3025 pcm. Highlights include parking, river-view, school, transport, workspace. Suitable for applicants prioritising practical access, clear tenancy terms and responsive management.",51.45162,-0.136537
P-1265,N1 3GJ,London,Islington,flat,2,3,3475,,1038,True,False,True,True,True,2026-10-11,balcony|garden|transport|workspace,"A well-presented 2-bed flat in Islington priced at £3475 pcm. Highlights include balcony, garden, transport, workspace. Suitable for applicants prioritising practical access, clear tenancy terms and responsive management.",51.559596,-0.094836
P-1266,E20 6GL,London,Stratford,flat,3,3,3500,,1087,False,False,False,True,False,2026-07-29,balcony|river-view|school,"A well-presented 3-bed flat in Stratford priced at £3500 pcm. Highlights include balcony, river-view, school. Suitable for applicants prioritising practical access, clear tenancy terms and responsive management.",51.542176,0.010741
P-1267,SW6 2HK,London,Fulham,flat,3,3,5200,,1231,True,True,False,True,True,2026-09-27,balcony|parking|river-view|transport,"A well-presented 3-bed flat in Fulham priced at £5200 pcm. Highlights include balcony, parking, river-view, transport. Suitable for applicants prioritising practical access, clear tenancy terms and responsive management.",51.482305,-0.200564
P-1268,E20 2CJ,London,Stratford,house,1,1,2900,,726,False,False,True,True,False,2026-09-08,balcony|garden|river-view,"A well-presented 1-bed house in Stratford priced at £2900 pcm. Highlights include balcony, garden, river-view. Suitable for applicants prioritising practical access, clear tenancy terms and responsive management.",51.528453,-0.019315
P-1269,SW4 5BL,London,Clapham,flat,2,2,3225,,980,True,True,False,False,False,2026-08-16,gym|parking|river-view|school|transport|workspace,"A well-presented 2-bed flat in Clapham priced at £3225 pcm. Highlights include gym, parking, river-view, school, transport, workspace. Suitable for applicants prioritising practical access, clear tenancy terms and responsive management.",51.44936,-0.176752
P-1270,E20 1CJ,London,Stratford,flat,2,2,3425,,942,True,False,True,True,True,2026-10-07,balcony|garden|gym|pet-friendly|river-view|school,"A well-presented 2-bed flat in Stratford priced at £3425 pcm. Highlights include balcony, garden, gym, pet-friendly, river-view, school. Suitable for applicants prioritising practical access, clear tenancy terms and responsive management.",51.544316,-0.003328
P-1271,SW3 7HJ,London,Chelsea,house,3,3,5500,,1192,True,True,True,False,True,2026-08-26,concierge|garden|gym|parking|pet-friendly|transport,"A well-presented 3-bed house in Chelsea priced at £5500 pcm. Highlights include concierge, garden, gym, parking, pet-friendly, transport. Suitable for applicants prioritising practical access, clear tenancy terms and responsive management.",51.498529,-0.173925
P-1272,CR0 6GK,London,Croydon,flat,3,3,3200,,1247,True,True,False,True,True,2026-10-10,balcony|gym|parking|school,"A well-presented 3-bed flat in Croydon priced at £3200 pcm. Highlights include balcony, gym, parking, school. Suitable for applicants prioritising practical access, clear tenancy terms and responsive management.",51.370115,-0.102454
P-1273,E14 6EJ,London,Canary Wharf,flat,2,3,3850,,868,True,False,False,True,True,2026-08-21,pet-friendly|river-view|school|workspace,"A well-presented 2-bed flat in Canary Wharf priced at £3850 pcm. Highlights include pet-friendly, river-view, school, workspace. Suitable for applicants prioritising practical access, clear tenancy terms and responsive management.",51.505738,-0.023664
P-1274,SW6 6BM,London,Fulham,flat,2,3,4100,,955,True,False,True,True,True,2026-10-15,balcony|garden|gym|pet-friendly|river-view|workspace,"A well-presented 2-bed flat in Fulham priced at £4100 pcm. Highlights include balcony, garden, gym, pet-friendly, river-view, workspace. Suitable for applicants prioritising practical access, clear tenancy terms and responsive management.",51.509579,-0.200403
P-1275,E14 9DP,London,Canary Wharf,flat,3,3,4150,,1095,False,False,True,False,True,2026-09-20,garden|pet-friendly|river-view|school|transport|workspace,"A well-presented 3-bed flat in Canary Wharf priced at £4150 pcm. Highlights include garden, pet-friendly, river-view, school, transport, workspace. Suitable for applicants prioritising practical access, clear tenancy terms and responsive management.",51.492619,-0.028994
P-1276,NW1 8FP,London,Camden,flat,2,2,3750,,944,True,True,False,True,False,2026-08-07,balcony|parking|river-view,"A well-presented 2-bed flat in Camden priced at £3750 pcm. Highlights include balcony, parking, river-view. Suitable for applicants prioritising practical access, clear tenancy terms and responsive management.",51.517371,-0.154238
P-1277,E20 6BJ,London,Stratford,house,2,2,2975,,928,True,True,False,False,True,2026-09-25,parking|pet-friendly|school|transport,"A well-presented 2-bed house in Stratford priced at £2975 pcm. Highlights include parking, pet-friendly, school, transport. Suitable for applicants prioritising practical access, clear tenancy terms and responsive management.",51.526784,0.007499
P-1278,SE10 6BM,London,Greenwich,house,2,2,2850,,973,True,False,True,True,True,2026-10-13,balcony|garden|gym|river-view|transport|workspace,"A well-presented 2-bed house in Greenwich priced at £2850 pcm. Highlights include balcony, garden, gym, river-view, transport, workspace. Suitable for applicants prioritising practical access, clear tenancy terms and responsive management.",51.474336,-0.008828
P-1279,CR0 8CP,London,Croydon,flat,4,3,3500,,1433,False,False,True,True,False,2026-08-15,balcony|concierge|garden|river-view|school|transport,"A well-presented 4-bed flat in Croydon priced at £3500 pcm. Highlights include balcony, concierge, garden, river-view, school, transport. Suitable for applicants prioritising practical access, clear tenancy terms and responsive management.",51.368839,-0.103644
P-1280,SW11 4EM,London,Battersea,house,2,2,4075,,881,True,True,False,False,True,2026-08-30,parking|pet-friendly|workspace,"A well-presented 2-bed house in Battersea priced at £4075 pcm. Highlights include parking, pet-friendly, workspace. Suitable for applicants prioritising practical access, clear tenancy terms and responsive management.",51.445388,-0.151276
P-1281,SW3 9DK,London,Chelsea,house,2,2,4400,,1014,True,False,True,False,True,2026-10-11,garden|pet-friendly|school|workspace,"A well-presented 2-bed house in Chelsea priced at £4400 pcm. Highlights include garden, pet-friendly, school, workspace. Suitable for applicants prioritising practical access, clear tenancy terms and responsive management.",51.471097,-0.172746
P-1282,SW11 7EM,London,Battersea,flat,2,2,4375,,914,False,True,False,False,False,2026-09-28,concierge|parking|river-view|transport|workspace,"A well-presented 2-bed flat in Battersea priced at £4375 pcm. Highlights include concierge, parking, river-view, transport, workspace. Suitable for applicants prioritising practical access, clear tenancy terms and responsive management.",51.474344,-0.15398
P-1283,E20 3EP,London,Stratford,studio,0,1,2200,,472,True,True,False,False,True,2026-08-11,concierge|pet-friendly|transport,"A well-presented 0-bed studio in Stratford priced at £2200 pcm. Highlights include concierge, pet-friendly, transport. Suitable for applicants prioritising practical access, clear tenancy terms and responsive management.",51.534745,0.003752
P-1284,E14 4GK,London,Canary Wharf,flat,2,3,3450,,937,True,False,False,True,False,2026-10-21,balcony|concierge|school|transport|workspace,"A well-presented 2-bed flat in Canary Wharf priced at £3450 pcm. Highlights include balcony, concierge, school, transport, workspace. Suitable for applicants prioritising practical access, clear tenancy terms and responsive management.",51.481878,0.01359
P-1285,N1 9AJ,London,Islington,flat,3,3,4075,,1125,False,False,False,True,True,2026-08-25,pet-friendly|school|workspace,"A well-presented 3-bed flat in Islington priced at £4075 pcm. Highlights include pet-friendly, school, workspace. Suitable for applicants prioritising practical access, clear tenancy terms and responsive management.",51.541181,-0.121726
P-1286,EC2A 3BK,London,Shoreditch,flat,2,2,3250,,904,True,True,False,True,True,2026-09-27,balcony|gym|parking|pet-friendly|school|workspace,"A well-presented 2-bed flat in Shoreditch priced at £3250 pcm. Highlights include balcony, gym, parking, pet-friendly, school, workspace. Suitable for applicants prioritising practical access, clear tenancy terms and responsive management.",51.513102,-0.116075
P-1287,E20 3AK,London,Stratford,flat,3,3,3475,,1283,False,True,True,False,True,2026-10-08,garden|gym|pet-friendly|river-view|school|workspace,"A well-presented 3-bed flat in Stratford priced at £3475 pcm. Highlights include garden, gym, pet-friendly, river-view, school, workspace. Suitable for applicants prioritising practical access, clear tenancy terms and responsive management.",51.534033,0.029568
P-1288,E14 9CM,London,Canary Wharf,house,1,2,3250,,753,True,True,True,True,True,2026-09-30,parking|river-view|school|transport|workspace,"A well-presented 1-bed house in Canary Wharf priced at £3250 pcm. Highlights include parking, river-view, school, transport, workspace. Suitable for applicants prioritising practical access, clear tenancy terms and responsive management.",51.522327,-0.001639
P-1289,E8 9HN,London,Hackney,flat,3,3,4125,,1324,True,True,False,True,False,2026-07-25,balcony|concierge|parking|school,"A well-presented 3-bed flat in Hackney priced at £4125 pcm. Highlights include balcony, concierge, parking, school. Suitable for applicants prioritising practical access, clear tenancy terms and responsive management.",51.545384,-0.068862
P-1290,E20 7EN,London,Stratford,flat,1,2,2800,,817,False,True,False,True,False,2026-08-29,balcony|concierge|parking|school|transport|workspace,"A well-presented 1-bed flat in Stratford priced at £2800 pcm. Highlights include balcony, concierge, parking, school, transport, workspace. Suitable for applicants prioritising practical access, clear tenancy terms and responsive management.",51.538552,-0.001679
P-1291,E14 2CN,London,Canary Wharf,house,1,2,3175,,694,True,False,True,True,True,2026-07-24,balcony|river-view|school|transport|workspace,"A well-presented 1-bed house in Canary Wharf priced at £3175 pcm. Highlights include balcony, river-view, school, transport, workspace. Suitable for applicants prioritising practical access, clear tenancy terms and responsive management.",51.489234,-0.040989
P-1292,CR0 7BP,London,Croydon,flat,1,2,2350,,772,False,False,True,True,True,2026-08-12,balcony|garden|gym|pet-friendly,"A well-presented 1-bed flat in Croydon priced at £2350 pcm. Highlights include balcony, garden, gym, pet-friendly. Suitable for applicants prioritising practical access, clear tenancy terms and responsive management.",51.370783,-0.106049
P-1293,E14 5GM,London,Canary Wharf,flat,1,1,3600,,737,False,False,False,False,True,2026-10-12,gym|river-view|school|transport|workspace,"A well-presented 1-bed flat in Canary Wharf priced at £3600 pcm. Highlights include gym, river-view, school, transport, workspace. Suitable for applicants prioritising practical access, clear tenancy terms and responsive management.",51.517353,-0.037122
P-1294,E8 1BL,London,Hackney,flat,2,3,3025,,899,True,False,False,False,True,2026-08-06,gym|pet-friendly|transport,"A well-presented 2-bed flat in Hackney priced at £3025 pcm. Highlights include gym, pet-friendly, transport. Suitable for applicants prioritising practical access, clear tenancy terms and responsive management.",51.548374,-0.071961
P-1295,N1 1HK,London,Islington,house,3,3,4200,,1373,True,False,True,True,True,2026-08-21,balcony|garden|gym|pet-friendly|workspace,"A well-presented 3-bed house in Islington priced at £4200 pcm. Highlights include balcony, garden, gym, pet-friendly, workspace. Suitable for applicants prioritising practical access, clear tenancy terms and responsive management.",51.538778,-0.089099
P-1296,SE10 7BL,London,Greenwich,house,4,3,4350,,1603,False,True,True,True,True,2026-09-06,concierge|garden|parking|school|transport,"A well-presented 4-bed house in Greenwich priced at £4350 pcm. Highlights include concierge, garden, parking, school, transport. Suitable for applicants prioritising practical access, clear tenancy terms and responsive management.",51.49155,0.002982
P-1297,EC2A 1HP,London,Shoreditch,flat,2,3,3775,,872,False,True,True,True,True,2026-08-02,balcony|concierge|garden|workspace,"A well-presented 2-bed flat in Shoreditch priced at £3775 pcm. Highlights include balcony, concierge, garden, workspace. Suitable for applicants prioritising practical access, clear tenancy terms and responsive management.",51.511062,-0.110494
P-1298,N1 2EN,London,Islington,flat,2,2,3800,,951,True,False,False,True,True,2026-08-17,balcony|concierge|gym|pet-friendly|river-view,"A well-presented 2-bed flat in Islington priced at £3800 pcm. Highlights include balcony, concierge, gym, pet-friendly, river-view. Suitable for applicants prioritising practical access, clear tenancy terms and responsive management.",51.540694,-0.111766
P-1299,NW1 1FK,London,Camden,flat,1,1,3250,,745,True,False,True,False,True,2026-10-14,concierge|garden|pet-friendly|school|workspace,"A well-presented 1-bed flat in Camden priced at £3250 pcm. Highlights include concierge, garden, pet-friendly, school, workspace. Suitable for applicants prioritising practical access, clear tenancy terms and responsive management.",51.549326,-0.153095
P-1300,E8 5HN,London,Hackney,flat,3,3,4000,,1134,True,True,False,True,True,2026-08-15,balcony|concierge|parking|pet-friendly|river-view,"A well-presented 3-bed flat in Hackney priced at £4000 pcm. Highlights include balcony, concierge, parking, pet-friendly, river-view. Suitable for applicants prioritising practical access, clear tenancy terms and responsive management.",51.559565,-0.057821
P-1301,CR0 2AN,London,Croydon,flat,2,3,2775,,1033,False,True,False,True,True,2026-07-27,balcony|concierge|parking|school|workspace,"A well-presented 2-bed flat in Croydon priced at £2775 pcm. Highlights include balcony, concierge, parking, school, workspace. Suitable for applicants prioritising practical access, clear tenancy terms and responsive management.",51.378372,-0.121543
P-1302,SW19 7DN,London,Wimbledon,flat,4,3,4300,,1453,False,False,True,False,True,2026-08-30,garden|river-view|school|transport,"A well-presented 4-bed flat in Wimbledon priced at £4300 pcm. Highlights include garden, river-view, school, transport. Suitable for applicants prioritising practical access, clear tenancy terms and responsive management.",51.431152,-0.195998
P-1303,SE10 3CM,London,Greenwich,flat,1,1,3000,,681,True,True,False,False,True,2026-08-15,parking|pet-friendly|transport,"A well-presented 1-bed flat in Greenwich priced at £3000 pcm. Highlights include parking, pet-friendly, transport. Suitable for applicants prioritising practical access, clear tenancy terms and responsive management.",51.486306,0.02294
P-1304,SW19 4AP,London,Wimbledon,maisonette,2,2,2975,,946,False,True,False,True,True,2026-09-28,gym|parking|river-view|transport,"A well-presented 2-bed maisonette in Wimbledon priced at £2975 pcm. Highlights include gym, parking, river-view, transport. Suitable for applicants prioritising practical access, clear tenancy terms and responsive management.",51.443137,-0.195176
P-1305,SW4 5CM,London,Clapham,flat,3,3,4475,,1253,True,True,False,False,False,2026-09-10,concierge|parking|river-view|school|transport|workspace,"A well-presented 3-bed flat in Clapham priced at £4475 pcm. Highlights include concierge, parking, river-view, school, transport, workspace. Suitable for applicants prioritising practical access, clear tenancy terms and responsive management.",51.460939,-0.160037
P-1306,NW1 6HM,London,Camden,studio,0,1,2975,,605,False,False,True,False,True,2026-07-24,garden|pet-friendly|school,"A well-presented 0-bed studio in Camden priced at £2975 pcm. Highlights include garden, pet-friendly, school. Suitable for applicants prioritising practical access, clear tenancy terms and responsive management.",51.554456,-0.150211
P-1307,SW6 6BP,London,Fulham,house,1,1,4175,,711,True,True,True,True,True,2026-09-15,balcony|concierge|garden|gym|parking|workspace,"A well-presented 1-bed house in Fulham priced at £4175 pcm. Highlights include balcony, concierge, garden, gym, parking, workspace. Suitable for applicants prioritising practical access, clear tenancy terms and responsive management.",51.465649,-0.186997
P-1308,SW4 1CN,London,Clapham,flat,1,2,3350,,796,True,True,False,False,True,2026-08-13,river-view|school|workspace,"A well-presented 1-bed flat in Clapham priced at £3350 pcm. Highlights include river-view, school, workspace. Suitable for applicants prioritising practical access, clear tenancy terms and responsive management.",51.445202,-0.157914
P-1309,SE10 1EJ,London,Greenwich,flat,1,1,2875,,650,True,False,False,False,False,2026-09-19,concierge|transport|workspace,"A well-presented 1-bed flat in Greenwich priced at £2875 pcm. Highlights include concierge, transport, workspace. Suitable for applicants prioritising practical access, clear tenancy terms and responsive management.",51.503324,-0.014893
P-1310,SW19 9EK,London,Wimbledon,maisonette,3,3,3450,,1316,False,True,True,True,True,2026-10-19,balcony|concierge|garden|gym|pet-friendly|river-view,"A well-presented 3-bed maisonette in Wimbledon priced at £3450 pcm. Highlights include balcony, concierge, garden, gym, pet-friendly, river-view. Suitable for applicants prioritising practical access, clear tenancy terms and responsive management.",51.441573,-0.219916
P-1311,NW1 9GK,London,Camden,studio,0,1,2350,,781,True,True,False,True,True,2026-08-05,balcony|gym|pet-friendly|river-view|school|workspace,"A well-presented 0-bed studio in Camden priced at £2350 pcm. Highlights include balcony, gym, pet-friendly, river-view, school, workspace. Suitable for applicants prioritising practical access, clear tenancy terms and responsive management.",51.532378,-0.096552
P-1312,SE10 1GN,London,Greenwich,flat,2,2,3150,,884,True,False,False,False,False,2026-09-09,gym|school|workspace,"A well-presented 2-bed flat in Greenwich priced at £3150 pcm. Highlights include gym, school, workspace. Suitable for applicants prioritising practical access, clear tenancy terms and responsive management.",51.504936,0.026259
P-1313,E14 3EM,London,Canary Wharf,flat,2,2,3975,,987,True,True,True,True,True,2026-08-03,balcony|concierge|garden|parking|pet-friendly|river-view,"A well-presented 2-bed flat in Canary Wharf priced at £3975 pcm. Highlights include balcony, concierge, garden, parking, pet-friendly, river-view. Suitable for applicants prioritising practical access, clear tenancy terms and responsive management.",51.51474,-0.033421
P-1314,N1 2AM,London,Islington,flat,2,3,3950,,888,True,True,True,True,True,2026-08-19,balcony|garden|parking|pet-friendly|river-view|transport,"A well-presented 2-bed flat in Islington priced at £3950 pcm. Highlights include balcony, garden, parking, pet-friendly, river-view, transport. Suitable for applicants prioritising practical access, clear tenancy terms and responsive management.",51.557874,-0.093523
P-1315,SW11 7FN,London,Battersea,house,2,2,3775,,924,True,True,True,True,False,2026-10-19,balcony|concierge|garden|gym|parking|workspace,"A well-presented 2-bed house in Battersea priced at £3775 pcm. Highlights include balcony, concierge, garden, gym, parking, workspace. Suitable for applicants prioritising practical access, clear tenancy terms and responsive management.",51.455198,-0.201298
P-1316,E8 7CP,London,Hackney,house,1,1,3050,,570,True,False,True,True,False,2026-08-22,concierge|garden|gym|river-view|school|workspace,"A well-presented 1-bed house in Hackney priced at £3050 pcm. Highlights include concierge, garden, gym, river-view, school, workspace. Suitable for applicants prioritising practical access, clear tenancy terms and responsive management.",51.547278,-0.044918
P-1317,SW3 1CM,London,Chelsea,house,2,3,5375,,986,True,False,False,True,True,2026-07-24,balcony|gym|pet-friendly|river-view,"A well-presented 2-bed house in Chelsea priced at £5375 pcm. Highlights include balcony, gym, pet-friendly, river-view. Suitable for applicants prioritising practical access, clear tenancy terms and responsive management.",51.484782,-0.18597
P-1318,SW4 7GN,London,Clapham,flat,3,3,4450,,1045,True,False,False,False,True,2026-09-28,gym|pet-friendly|river-view|transport,"A well-presented 3-bed flat in Clapham priced at £4450 pcm. Highlights include gym, pet-friendly, river-view, transport. Suitable for applicants prioritising practical access, clear tenancy terms and responsive management.",51.44756,-0.131724
P-1319,N1 4AN,London,Islington,flat,2,3,3700,,798,True,False,False,False,False,2026-09-28,concierge|river-view|school,"A well-presented 2-bed flat in Islington priced at £3700 pcm. Highlights include concierge, river-view, school. Suitable for applicants prioritising practical access, clear tenancy terms and responsive management.",51.550378,-0.108457
P-1320,SW11 5GL,London,Battersea,flat,1,2,3900,,664,True,True,False,True,True,2026-09-12,balcony|parking|school|transport,"A well-presented 1-bed flat in Battersea priced at £3900 pcm. Highlights include balcony, parking, school, transport. Suitable for applicants prioritising practical access, clear tenancy terms and responsive management.",51.459374,-0.160468
P-1321,E8 5DN,London,Hackney,flat,3,3,3475,,970,False,False,True,False,False,2026-09-20,garden|gym|workspace,"A well-presented 3-bed flat in Hackney priced at £3475 pcm. Highlights include garden, gym, workspace. Suitable for applicants prioritising practical access, clear tenancy terms and responsive management.",51.54467,-0.023399
P-1322,E8 9EN,London,Hackney,flat,2,3,3600,,1002,True,False,True,True,True,2026-08-25,concierge|garden|gym|pet-friendly|transport,"A well-presented 2-bed flat in Hackney priced at £3600 pcm. Highlights include concierge, garden, gym, pet-friendly, transport. Suitable for applicants prioritising practical access, clear tenancy terms and responsive management.",51.549257,-0.075062
P-1323,SW11 1HJ,London,Battersea,flat,1,1,3825,,778,True,False,False,True,True,2026-08-01,balcony|concierge|pet-friendly|river-view|school|workspace,"A well-presented 1-bed flat in Battersea priced at £3825 pcm. Highlights include balcony, concierge, pet-friendly, river-view, school, workspace. Suitable for applicants prioritising practical access, clear tenancy terms and responsive management.",51.462598,-0.171366
P-1324,E8 1EK,London,Hackney,flat,1,1,3025,,662,True,True,False,True,True,2026-08-04,balcony|concierge|parking|pet-friendly,"A well-presented 1-bed flat in Hackney priced at £3025 pcm. Highlights include balcony, concierge, parking, pet-friendly. Suitable for applicants prioritising practical access, clear tenancy terms and responsive management.",51.534917,-0.071911
P-1325,E8 4HP,London,Hackney,flat,3,3,4175,,1178,True,False,False,True,True,2026-08-23,balcony|concierge|gym|river-view|school,"A well-presented 3-bed flat in Hackney priced at £4175 pcm. Highlights include balcony, concierge, gym, river-view, school. Suitable for applicants prioritising practical access, clear tenancy terms and responsive management.",51.544744,-0.06875
P-1326,SW11 2BJ,London,Battersea,studio,0,1,3225,,589,False,False,True,True,False,2026-10-16,balcony|garden|gym|school,"A well-presented 0-bed studio in Battersea priced at £3225 pcm. Highlights include balcony, garden, gym, school. Suitable for applicants prioritising practical access, clear tenancy terms and responsive management.",51.442646,-0.18618
P-1327,SW3 5HK,London,Chelsea,flat,3,3,5500,,1241,True,True,False,False,False,2026-08-28,parking|river-view|school,"A well-presented 3-bed flat in Chelsea priced at £5500 pcm. Highlights include parking, river-view, school. Suitable for applicants prioritising practical access, clear tenancy terms and responsive management.",51.468749,-0.178223
P-1328,E8 6GP,London,Hackney,flat,2,2,3075,,985,False,True,False,True,True,2026-09-20,balcony|pet-friendly|school|transport,"A well-presented 2-bed flat in Hackney priced at £3075 pcm. Highlights include balcony, pet-friendly, school, transport. Suitable for applicants prioritising practical access, clear tenancy terms and responsive management.",51.529002,-0.011834
P-1329,E20 5CN,London,Stratford,flat,4,3,3650,,1553,True,True,False,True,False,2026-08-23,balcony|gym|parking|school|transport|workspace,"A well-presented 4-bed flat in Stratford priced at £3650 pcm. Highlights include balcony, gym, parking, school, transport, workspace. Suitable for applicants prioritising practical access, clear tenancy terms and responsive management.",51.532485,-0.017885
P-1330,N1 6GL,London,Islington,flat,3,3,4350,,1413,True,True,False,True,False,2026-08-16,balcony|concierge|gym|parking|river-view,"A well-presented 3-bed flat in Islington priced at £4350 pcm. Highlights include balcony, concierge, gym, parking, river-view. Suitable for applicants prioritising practical access, clear tenancy terms and responsive management.",51.542954,-0.103058
P-1331,SW19 3HJ,London,Wimbledon,flat,2,2,3250,,946,True,False,True,True,True,2026-09-15,balcony|garden|gym|school,"A well-presented 2-bed flat in Wimbledon priced at £3250 pcm. Highlights include balcony, garden, gym, school. Suitable for applicants prioritising practical access, clear tenancy terms and responsive management.",51.408534,-0.258984
P-1332,SW3 4EM,London,Chelsea,flat,1,2,4525,,840,True,True,True,True,True,2026-08-05,garden|pet-friendly|river-view|school|workspace,"A well-presented 1-bed flat in Chelsea priced at £4525 pcm. Highlights include garden, pet-friendly, river-view, school, workspace. Suitable for applicants prioritising practical access, clear tenancy terms and responsive management.",51.508738,-0.187319
P-1333,SW3 4CL,London,Chelsea,house,2,2,5075,,881,True,True,True,False,False,2026-09-03,concierge|garden|parking|transport|workspace,"A well-presented 2-bed house in Chelsea priced at £5075 pcm. Highlights include concierge, garden, parking, transport, workspace. Suitable for applicants prioritising practical access, clear tenancy terms and responsive management.",51.485305,-0.143952
P-1334,CR0 3FM,London,Croydon,studio,0,1,1575,,728,True,True,True,True,True,2026-10-10,balcony|concierge|garden|gym|pet-friendly|river-view,"A well-presented 0-bed studio in Croydon priced at £1575 pcm. Highlights include balcony, concierge, garden, gym, pet-friendly, river-view. Suitable for applicants prioritising practical access, clear tenancy terms and responsive management.",51.367692,-0.107388
P-1335,SW19 5GL,London,Wimbledon,flat,1,1,3050,,809,True,True,False,True,False,2026-09-08,concierge|gym|parking,"A well-presented 1-bed flat in Wimbledon priced at £3050 pcm. Highlights include concierge, gym, parking. Suitable for applicants prioritising practical access, clear tenancy terms and responsive management.",51.425277,-0.210942
P-1336,SW11 2DK,London,Battersea,flat,3,3,4400,,1240,False,False,False,False,True,2026-08-06,concierge|gym|pet-friendly|school|transport|workspace,"A well-presented 3-bed flat in Battersea priced at £4400 pcm. Highlights include concierge, gym, pet-friendly, school, transport, workspace. Suitable for applicants prioritising practical access, clear tenancy terms and responsive management.",51.46761,-0.168275
P-1337,E20 5CJ,London,Stratford,flat,3,3,3875,,1193,False,True,True,True,True,2026-09-11,balcony|garden|pet-friendly|school|transport|workspace,"A well-presented 3-bed flat in Stratford priced at £3875 pcm. Highlights include balcony, garden, pet-friendly, school, transport, workspace. Suitable for applicants prioritising practical access, clear tenancy terms and responsive management.",51.539134,0.054176
P-1338,N1 8HN,London,Islington,flat,1,1,3500,,720,True,False,True,False,False,2026-10-02,concierge|garden|gym|river-view|school,"A well-presented 1-bed flat in Islington priced at £3500 pcm. Highlights include concierge, garden, gym, river-view, school. Suitable for applicants prioritising practical access, clear tenancy terms and responsive management.",51.562214,-0.116027
P-1339,SW3 8DJ,London,Chelsea,flat,4,3,5950,,1344,True,False,True,False,True,2026-09-01,garden|pet-friendly|river-view|workspace,"A well-presented 4-bed flat in Chelsea priced at £5950 pcm. Highlights include garden, pet-friendly, river-view, workspace. Suitable for applicants prioritising practical access, clear tenancy terms and responsive management.",51.498531,-0.180727
P-1340,NW1 1HM,London,Camden,flat,2,2,3925,,982,False,False,True,False,False,2026-07-25,garden|school|transport|workspace,"A well-presented 2-bed flat in Camden priced at £3925 pcm. Highlights include garden, school, transport, workspace. Suitable for applicants prioritising practical access, clear tenancy terms and responsive management.",51.548185,-0.146053
P-1341,SW4 4CP,London,Clapham,flat,2,3,3825,,872,True,False,True,True,False,2026-10-14,balcony|concierge|garden|transport|workspace,"A well-presented 2-bed flat in Clapham priced at £3825 pcm. Highlights include balcony, concierge, garden, transport, workspace. Suitable for applicants prioritising practical access, clear tenancy terms and responsive management.",51.454877,-0.119461
P-1342,E8 5EP,London,Hackney,house,3,3,3725,,1238,True,True,True,False,True,2026-09-30,garden|gym|parking|pet-friendly,"A well-presented 3-bed house in Hackney priced at £3725 pcm. Highlights include garden, gym, parking, pet-friendly. Suitable for applicants prioritising practical access, clear tenancy terms and responsive management.",51.538442,-0.064583
P-1343,SW4 8DL,London,Clapham,flat,3,3,3900,,1233,True,False,False,False,False,2026-08-12,concierge|gym|river-view|school,"A well-presented 3-bed flat in Clapham priced at £3900 pcm. Highlights include concierge, gym, river-view, school. Suitable for applicants prioritising practical access, clear tenancy terms and responsive management.",51.48735,-0.157216
P-1344,E14 3AM,London,Canary Wharf,maisonette,1,1,3325,,699,True,False,True,False,True,2026-09-05,concierge|garden|gym,"A well-presented 1-bed maisonette in Canary Wharf priced at £3325 pcm. Highlights include concierge, garden, gym. Suitable for applicants prioritising practical access, clear tenancy terms and responsive management.",51.511656,-0.023395
P-1345,E8 8CK,London,Hackney,flat,2,2,3075,,974,True,True,False,False,True,2026-09-10,concierge|gym|parking|river-view|school|transport,"A well-presented 2-bed flat in Hackney priced at £3075 pcm. Highlights include concierge, gym, parking, river-view, school, transport. Suitable for applicants prioritising practical access, clear tenancy terms and responsive management.",51.542754,-0.037557
P-1346,E14 4HP,London,Canary Wharf,flat,1,1,3300,,658,False,True,False,True,True,2026-09-28,balcony|parking|pet-friendly|river-view,"A well-presented 1-bed flat in Canary Wharf priced at £3300 pcm. Highlights include balcony, parking, pet-friendly, river-view. Suitable for applicants prioritising practical access, clear tenancy terms and responsive management.",51.526915,-0.019469
P-1347,CR0 2EM,London,Croydon,maisonette,3,3,3100,,1171,False,True,True,False,True,2026-08-31,garden|gym|parking|pet-friendly|river-view|transport,"A well-presented 3-bed maisonette in Croydon priced at £3100 pcm. Highlights include garden, gym, parking, pet-friendly, river-view, transport. Suitable for applicants prioritising practical access, clear tenancy terms and responsive management.",51.380262,-0.103517
P-1348,EC2A 5BM,London,Shoreditch,flat,3,3,4750,,1228,True,False,False,True,True,2026-07-25,balcony|gym|workspace,"A well-presented 3-bed flat in Shoreditch priced at £4750 pcm. Highlights include balcony, gym, workspace. Suitable for applicants prioritising practical access, clear tenancy terms and responsive management.",51.519956,-0.110295
P-1349,E14 6AJ,London,Canary Wharf,flat,3,3,3600,,1151,True,True,False,True,True,2026-10-14,concierge|gym|parking|pet-friendly|transport|workspace,"A well-presented 3-bed flat in Canary Wharf priced at £3600 pcm. Highlights include concierge, gym, parking, pet-friendly, transport, workspace. Suitable for applicants prioritising practical access, clear tenancy terms and responsive management.",51.520964,-0.023912
P-1350,SE10 6HP,London,Greenwich,flat,1,1,2825,,612,True,False,False,True,False,2026-07-26,balcony|concierge|river-view,"A well-presented 1-bed flat in Greenwich priced at £2825 pcm. Highlights include balcony, concierge, river-view. Suitable for applicants prioritising practical access, clear tenancy terms and responsive management.",51.475817,-0.015093
P-1351,SW11 4CN,London,Battersea,flat,1,1,4050,,654,True,True,True,True,False,2026-09-03,garden|parking|river-view|transport,"A well-presented 1-bed flat in Battersea priced at £4050 pcm. Highlights include garden, parking, river-view, transport. Suitable for applicants prioritising practical access, clear tenancy terms and responsive management.",51.478406,-0.140316
P-1352,SW11 1GP,London,Battersea,flat,1,1,3600,,778,True,False,False,True,False,2026-07-26,balcony|concierge|gym|school,"A well-presented 1-bed flat in Battersea priced at £3600 pcm. Highlights include balcony, concierge, gym, school. Suitable for applicants prioritising practical access, clear tenancy terms and responsive management.",51.464255,-0.16526
P-1353,SW19 5FM,London,Wimbledon,house,1,2,2725,,775,True,True,False,False,True,2026-09-03,gym|parking|pet-friendly|school,"A well-presented 1-bed house in Wimbledon priced at £2725 pcm. Highlights include gym, parking, pet-friendly, school. Suitable for applicants prioritising practical access, clear tenancy terms and responsive management.",51.415825,-0.202779
P-1354,E20 7HN,London,Stratford,flat,1,2,2675,,721,False,True,False,False,True,2026-10-21,concierge|school|transport,"A well-presented 1-bed flat in Stratford priced at £2675 pcm. Highlights include concierge, school, transport. Suitable for applicants prioritising practical access, clear tenancy terms and responsive management.",51.53519,0.010696
P-1355,SW19 2HP,London,Wimbledon,flat,2,2,3500,,1095,True,True,False,True,False,2026-09-08,balcony|gym|parking|school|transport,"A well-presented 2-bed flat in Wimbledon priced at £3500 pcm. Highlights include balcony, gym, parking, school, transport. Suitable for applicants prioritising practical access, clear tenancy terms and responsive management.",51.409396,-0.218599
P-1356,SW6 9BJ,London,Fulham,studio,0,1,3575,,574,False,True,True,True,True,2026-08-22,garden|parking|river-view|school|transport|workspace,"A well-presented 0-bed studio in Fulham priced at £3575 pcm. Highlights include garden, parking, river-view, school, transport, workspace. Suitable for applicants prioritising practical access, clear tenancy terms and responsive management.",51.488683,-0.182986
P-1357,SW6 6HP,London,Fulham,flat,2,3,4275,,920,False,False,True,True,True,2026-09-16,balcony|concierge|garden|school,"A well-presented 2-bed flat in Fulham priced at £4275 pcm. Highlights include balcony, concierge, garden, school. Suitable for applicants prioritising practical access, clear tenancy terms and responsive management.",51.488071,-0.160802
P-1358,E20 8FL,London,Stratford,flat,1,2,2325,,497,True,True,False,False,True,2026-09-03,parking|pet-friendly|river-view|school,"A well-presented 1-bed flat in Stratford priced at £2325 pcm. Highlights include parking, pet-friendly, river-view, school. Suitable for applicants prioritising practical access, clear tenancy terms and responsive management.",51.54299,0.016511
P-1359,NW1 7AP,London,Camden,flat,2,2,3475,,932,True,True,True,True,False,2026-08-29,balcony|concierge|garden|parking|river-view|school,"A well-presented 2-bed flat in Camden priced at £3475 pcm. Highlights include balcony, concierge, garden, parking, river-view, school. Suitable for applicants prioritising practical access, clear tenancy terms and responsive management.",51.542984,-0.139171
P-1360,SW19 5CJ,London,Wimbledon,flat,1,1,2925,,740,True,False,True,False,False,2026-09-20,garden|gym|transport|workspace,"A well-presented 1-bed flat in Wimbledon priced at £2925 pcm. Highlights include garden, gym, transport, workspace. Suitable for applicants prioritising practical access, clear tenancy terms and responsive management.",51.423752,-0.200694
P-1361,NW1 7DP,London,Camden,flat,3,3,3800,,1286,True,True,False,True,True,2026-09-03,balcony|concierge|parking|pet-friendly|school,"A well-presented 3-bed flat in Camden priced at £3800 pcm. Highlights include balcony, concierge, parking, pet-friendly, school. Suitable for applicants prioritising practical access, clear tenancy terms and responsive management.",51.532568,-0.128055
P-1362,SW4 6FM,London,Clapham,flat,3,3,4225,,1148,True,True,True,False,False,2026-08-08,garden|gym|parking|river-view|transport|workspace,"A well-presented 3-bed flat in Clapham priced at £4225 pcm. Highlights include garden, gym, parking, river-view, transport, workspace. Suitable for applicants prioritising practical access, clear tenancy terms and responsive management.",51.451672,-0.136346
P-1363,SW4 6DK,London,Clapham,flat,1,1,3275,,655,True,False,True,False,True,2026-10-18,garden|pet-friendly|transport,"A well-presented 1-bed flat in Clapham priced at £3275 pcm. Highlights include garden, pet-friendly, transport. Suitable for applicants prioritising practical access, clear tenancy terms and responsive management.",51.472199,-0.167094
P-1364,SW11 8AN,London,Battersea,maisonette,1,1,3900,,610,False,True,False,True,False,2026-08-26,balcony|concierge|gym|river-view|school|workspace,"A well-presented 1-bed maisonette in Battersea priced at £3900 pcm. Highlights include balcony, concierge, gym, river-view, school, workspace. Suitable for applicants prioritising practical access, clear tenancy terms and responsive management.",51.46894,-0.151516
P-1365,E20 9DK,London,Stratford,flat,2,2,3175,,926,True,False,True,True,False,2026-08-27,balcony|concierge|garden|gym|river-view|workspace,"A well-presented 2-bed flat in Stratford priced at £3175 pcm. Highlights include balcony, concierge, garden, gym, river-view, workspace. Suitable for applicants prioritising practical access, clear tenancy terms and responsive management.",51.542141,0.017614
P-1366,SW4 4FL,London,Clapham,studio,0,1,2950,,773,True,True,False,True,True,2026-10-15,balcony|gym|parking|pet-friendly|school|workspace,"A well-presented 0-bed studio in Clapham priced at £2950 pcm. Highlights include balcony, gym, parking, pet-friendly, school, workspace. Suitable for applicants prioritising practical access, clear tenancy terms and responsive management.",51.465782,-0.126445
P-1367,E14 6CP,London,Canary Wharf,house,3,3,4200,,1280,True,True,False,True,True,2026-08-07,balcony|concierge|parking|river-view,"A well-presented 3-bed house in Canary Wharf priced at £4200 pcm. Highlights include balcony, concierge, parking, river-view. Suitable for applicants prioritising practical access, clear tenancy terms and responsive management.",51.472961,-0.011298
P-1368,SW11 6DP,London,Battersea,flat,1,2,4025,,651,False,True,True,True,False,2026-08-20,garden|parking|river-view|transport,"A well-presented 1-bed flat in Battersea priced at £4025 pcm. Highlights include garden, parking, river-view, transport. Suitable for applicants prioritising practical access, clear tenancy terms and responsive management.",51.47443,-0.16356
P-1369,EC2A 9AL,London,Shoreditch,flat,2,2,4275,,1045,True,True,False,False,True,2026-07-31,concierge|parking|pet-friendly|river-view|school,"A well-presented 2-bed flat in Shoreditch priced at £4275 pcm. Highlights include concierge, parking, pet-friendly, river-view, school. Suitable for applicants prioritising practical access, clear tenancy terms and responsive management.",51.54328,-0.061742
P-1370,N1 6BJ,London,Islington,flat,1,1,2975,,682,True,False,False,True,False,2026-10-15,balcony|river-view|school|transport|workspace,"A well-presented 1-bed flat in Islington priced at £2975 pcm. Highlights include balcony, river-view, school, transport, workspace. Suitable for applicants prioritising practical access, clear tenancy terms and responsive management.",51.543421,-0.14905
P-1371,E8 8AJ,London,Hackney,flat,2,2,3400,,984,True,True,True,True,True,2026-09-29,balcony|garden|gym|parking|river-view|school,"A well-presented 2-bed flat in Hackney priced at £3400 pcm. Highlights include balcony, garden, gym, parking, river-view, school. Suitable for applicants prioritising practical access, clear tenancy terms and responsive management.",51.545523,-0.024789
P-1372,N1 9EJ,London,Islington,flat,2,3,3625,,925,True,True,False,True,True,2026-08-25,concierge|parking|pet-friendly|river-view|transport|workspace,"A well-presented 2-bed flat in Islington priced at £3625 pcm. Highlights include concierge, parking, pet-friendly, river-view, transport, workspace. Suitable for applicants prioritising practical access, clear tenancy terms and responsive management.",51.541225,-0.14554
P-1373,E8 2GN,London,Hackney,studio,0,1,2400,,624,True,False,True,True,False,2026-10-10,balcony|garden|school,"A well-presented 0-bed studio in Hackney priced at £2400 pcm. Highlights include balcony, garden, school. Suitable for applicants prioritising practical access, clear tenancy terms and responsive management.",51.528124,-0.056796
P-1374,CR0 3DK,London,Croydon,flat,2,2,2375,,886,True,True,True,True,True,2026-10-20,balcony|concierge|garden|pet-friendly|river-view|school,"A well-presented 2-bed flat in Croydon priced at £2375 pcm. Highlights include balcony, concierge, garden, pet-friendly, river-view, school. Suitable for applicants prioritising practical access, clear tenancy terms and responsive management.",51.373741,-0.098076
P-1375,SW11 3FK,London,Battersea,studio,0,1,3125,,619,True,False,False,False,True,2026-07-27,concierge|pet-friendly|river-view|school,"A well-presented 0-bed studio in Battersea priced at £3125 pcm. Highlights include concierge, pet-friendly, river-view, school. Suitable for applicants prioritising practical access, clear tenancy terms and responsive management.",51.46763,-0.143572
P-1376,SW4 3CJ,London,Clapham,flat,2,3,3800,,925,True,True,True,True,True,2026-10-10,concierge|garden|parking|pet-friendly|river-view|workspace,"A well-presented 2-bed flat in Clapham priced at £3800 pcm. Highlights include concierge, garden, parking, pet-friendly, river-view, workspace. Suitable for applicants prioritising practical access, clear tenancy terms and responsive management.",51.45325,-0.141498
P-1377,N1 8CN,London,Islington,flat,2,3,3575,,876,True,True,False,True,True,2026-09-22,balcony|parking|school|workspace,"A well-presented 2-bed flat in Islington priced at £3575 pcm. Highlights include balcony, parking, school, workspace. Suitable for applicants prioritising practical access, clear tenancy terms and responsive management.",51.559412,-0.105416
P-1378,SW11 1EM,London,Battersea,flat,2,2,3950,,887,True,False,False,False,True,2026-10-17,gym|pet-friendly|river-view|school,"A well-presented 2-bed flat in Battersea priced at £3950 pcm. Highlights include gym, pet-friendly, river-view, school. Suitable for applicants prioritising practical access, clear tenancy terms and responsive management.",51.447268,-0.201144
P-1379,EC2A 7FM,London,Shoreditch,house,2,3,3925,,980,True,False,False,False,False,2026-10-05,concierge|river-view|school,"A well-presented 2-bed house in Shoreditch priced at £3925 pcm. Highlights include concierge, river-view, school. Suitable for applicants prioritising practical access, clear tenancy terms and responsive management.",51.504626,-0.058989
P-1380,SW19 9GP,London,Wimbledon,flat,3,3,3925,,1150,True,False,False,False,True,2026-10-03,gym|river-view|school,"A well-presented 3-bed flat in Wimbledon priced at £3925 pcm. Highlights include gym, river-view, school. Suitable for applicants prioritising practical access, clear tenancy terms and responsive management.",51.412901,-0.200229
P-1381,E8 8CM,London,Hackney,flat,2,2,2800,,882,True,False,True,True,False,2026-10-10,balcony|garden|river-view,"A well-presented 2-bed flat in Hackney priced at £2800 pcm. Highlights include balcony, garden, river-view. Suitable for applicants prioritising practical access, clear tenancy terms and responsive management.",51.542466,-0.073069
P-1382,E14 9CM,London,Canary Wharf,flat,3,3,4275,,1186,True,True,False,True,False,2026-09-03,gym|parking|river-view|workspace,"A well-presented 3-bed flat in Canary Wharf priced at £4275 pcm. Highlights include gym, parking, river-view, workspace. Suitable for applicants prioritising practical access, clear tenancy terms and responsive management.",51.520117,-0.002672
P-1383,SW3 3BJ,London,Chelsea,flat,2,2,5025,,941,True,True,False,True,False,2026-10-22,balcony|concierge|parking|river-view|transport|workspace,"A well-presented 2-bed flat in Chelsea priced at £5025 pcm. Highlights include balcony, concierge, parking, river-view, transport, workspace. Suitable for applicants prioritising practical access, clear tenancy terms and responsive management.",51.495999,-0.164502
P-1384,SW3 6CK,London,Chelsea,flat,2,2,5150,,990,True,False,False,False,True,2026-08-15,concierge|pet-friendly|school,"A well-presented 2-bed flat in Chelsea priced at £5150 pcm. Highlights include concierge, pet-friendly, school. Suitable for applicants prioritising practical access, clear tenancy terms and responsive management.",51.4882,-0.182106
P-1385,SW4 5AM,London,Clapham,flat,1,1,3275,,663,True,True,True,True,True,2026-09-25,concierge|garden|gym|parking|river-view|workspace,"A well-presented 1-bed flat in Clapham priced at £3275 pcm. Highlights include concierge, garden, gym, parking, river-view, workspace. Suitable for applicants prioritising practical access, clear tenancy terms and responsive management.",51.461058,-0.171873
P-1386,SW6 4EN,London,Fulham,house,2,3,3650,,998,True,True,False,True,True,2026-10-03,balcony|parking|pet-friendly|river-view|school|workspace,"A well-presented 2-bed house in Fulham priced at £3650 pcm. Highlights include balcony, parking, pet-friendly, river-view, school, workspace. Suitable for applicants prioritising practical access, clear tenancy terms and responsive management.",51.490266,-0.171828
P-1387,EC2A 5FJ,London,Shoreditch,flat,3,3,4125,,1342,False,True,False,False,False,2026-08-06,gym|parking|transport|workspace,"A well-presented 3-bed flat in Shoreditch priced at £4125 pcm. Highlights include gym, parking, transport, workspace. Suitable for applicants prioritising practical access, clear tenancy terms and responsive management.",51.509276,-0.058555
P-1388,E8 5FL,London,Hackney,maisonette,1,1,2850,,794,False,False,True,True,True,2026-08-01,balcony|concierge|garden|school,"A well-presented 1-bed maisonette in Hackney priced at £2850 pcm. Highlights include balcony, concierge, garden, school. Suitable for applicants prioritising practical access, clear tenancy terms and responsive management.",51.551337,-0.046504
P-1389,SW4 4DN,London,Clapham,flat,3,3,4100,,1264,True,False,True,True,False,2026-08-06,concierge|garden|river-view,"A well-presented 3-bed flat in Clapham priced at £4100 pcm. Highlights include concierge, garden, river-view. Suitable for applicants prioritising practical access, clear tenancy terms and responsive management.",51.472122,-0.169474
P-1390,SW19 6CN,London,Wimbledon,house,2,3,3875,,1002,True,False,True,False,True,2026-09-25,garden|pet-friendly|river-view,"A well-presented 2-bed house in Wimbledon priced at £3875 pcm. Highlights include garden, pet-friendly, river-view. Suitable for applicants prioritising practical access, clear tenancy terms and responsive management.",51.409559,-0.179724
P-1391,SW6 2DN,London,Fulham,house,1,1,3450,,662,True,True,True,True,False,2026-09-14,balcony|concierge|gym|parking|river-view|school,"A well-presented 1-bed house in Fulham priced at £3450 pcm. Highlights include balcony, concierge, gym, parking, river-view, school. Suitable for applicants prioritising practical access, clear tenancy terms and responsive management.",51.476304,-0.180966
P-1392,E14 6AJ,London,Canary Wharf,flat,1,2,3300,,667,False,False,True,True,False,2026-09-04,balcony|concierge|garden|transport,"A well-presented 1-bed flat in Canary Wharf priced at £3300 pcm. Highlights include balcony, concierge, garden, transport. Suitable for applicants prioritising practical access, clear tenancy terms and responsive management.",51.488448,-0.00166
P-1393,NW1 1CM,London,Camden,studio,0,1,2300,,615,False,True,False,False,False,2026-10-12,concierge|gym|parking|river-view|transport|workspace,"A well-presented 0-bed studio in Camden priced at £2300 pcm. Highlights include concierge, gym, parking, river-view, transport, workspace. Suitable for applicants prioritising practical access, clear tenancy terms and responsive management.",51.550578,-0.11352
P-1394,SW3 9AK,London,Chelsea,house,2,3,5550,,903,True,False,True,True,True,2026-10-19,garden|pet-friendly|river-view|school|transport,"A well-presented 2-bed house in Chelsea priced at £5550 pcm. Highlights include garden, pet-friendly, river-view, school, transport. Suitable for applicants prioritising practical access, clear tenancy terms and responsive management.",51.486948,-0.18934
P-1395,NW1 3GK,London,Camden,studio,0,1,2900,,680,True,False,True,False,True,2026-08-07,concierge|garden|gym|pet-friendly|transport,"A well-presented 0-bed studio in Camden priced at £2900 pcm. Highlights include concierge, garden, gym, pet-friendly, transport. Suitable for applicants prioritising practical access, clear tenancy terms and responsive management.",51.533763,-0.144573
P-1396,SW4 8EK,London,Clapham,studio,0,1,2575,,651,True,True,True,True,True,2026-08-31,balcony|garden|parking|school|transport,"A well-presented 0-bed studio in Clapham priced at £2575 pcm. Highlights include balcony, garden, parking, school, transport. Suitable for applicants prioritising practical access, clear tenancy terms and responsive management.",51.440955,-0.14439
P-1397,SE10 3DL,London,Greenwich,flat,3,3,3725,,1173,True,False,False,True,False,2026-09-29,balcony|gym|river-view,"A well-presented 3-bed flat in Greenwich priced at £3725 pcm. Highlights include balcony, gym, river-view. Suitable for applicants prioritising practical access, clear tenancy terms and responsive management.",51.496677,-0.001046
P-1398,N1 1BL,London,Islington,house,4,3,4125,,1341,False,False,False,False,True,2026-07-29,concierge|gym|school|workspace,"A well-presented 4-bed house in Islington priced at £4125 pcm. Highlights include concierge, gym, school, workspace. Suitable for applicants prioritising practical access, clear tenancy terms and responsive management.",51.552847,-0.142501
P-1399,E20 8BL,London,Stratford,flat,1,1,3225,,858,True,False,True,True,False,2026-08-13,balcony|concierge|garden|gym|transport,"A well-presented 1-bed flat in Stratford priced at £3225 pcm. Highlights include balcony, concierge, garden, gym, transport. Suitable for applicants prioritising practical access, clear tenancy terms and responsive management.",51.548957,0.005715
P-1400,N1 5DK,London,Islington,flat,2,2,3375,,870,True,True,False,True,True,2026-09-01,balcony|parking|school,"A well-presented 2-bed flat in Islington priced at £3375 pcm. Highlights include balcony, parking, school. Suitable for applicants prioritising practical access, clear tenancy terms and responsive management.",51.531363,-0.121371
P-1401,SW19 3HN,London,Wimbledon,house,4,3,3800,,1519,True,True,True,True,False,2026-09-01,balcony|concierge|parking|river-view|transport|workspace,"A well-presented 4-bed house in Wimbledon priced at £3800 pcm. Highlights include balcony, concierge, parking, river-view, transport, workspace. Suitable for applicants prioritising practical access, clear tenancy terms and responsive management.",51.408527,-0.202094
P-1402,NW1 8HK,London,Camden,house,2,2,3550,,1126,False,False,False,False,False,2026-08-11,concierge|gym|river-view,"A well-presented 2-bed house in Camden priced at £3550 pcm. Highlights include concierge, gym, river-view. Suitable for applicants prioritising practical access, clear tenancy terms and responsive management.",51.542502,-0.12641
P-1403,SW19 8BL,London,Wimbledon,flat,2,2,3150,,979,True,True,False,True,True,2026-09-21,concierge|parking|pet-friendly|school|workspace,"A well-presented 2-bed flat in Wimbledon priced at £3150 pcm. Highlights include concierge, parking, pet-friendly, school, workspace. Suitable for applicants prioritising practical access, clear tenancy terms and responsive management.",51.415816,-0.208307
P-1404,SE10 2EN,London,Greenwich,flat,2,2,2725,,959,False,True,False,True,False,2026-09-13,balcony|concierge|gym|parking|workspace,"A well-presented 2-bed flat in Greenwich priced at £2725 pcm. Highlights include balcony, concierge, gym, parking, workspace. Suitable for applicants prioritising practical access, clear tenancy terms and responsive management.",51.485791,0.024144
P-1405,SW19 7GN,London,Wimbledon,flat,3,3,3975,,1168,True,True,False,True,False,2026-10-01,balcony|concierge|river-view|school,"A well-presented 3-bed flat in Wimbledon priced at £3975 pcm. Highlights include balcony, concierge, river-view, school. Suitable for applicants prioritising practical access, clear tenancy terms and responsive management.",51.42463,-0.212577
P-1406,SW11 3EM,London,Battersea,flat,1,1,3600,,586,True,False,False,False,False,2026-10-08,gym|river-view|workspace,"A well-presented 1-bed flat in Battersea priced at £3600 pcm. Highlights include gym, river-view, workspace. Suitable for applicants prioritising practical access, clear tenancy terms and responsive management.",51.463638,-0.160671
P-1407,E20 1CP,London,Stratford,flat,3,3,3175,,1300,False,True,False,False,False,2026-09-19,gym|parking|river-view|school|transport|workspace,"A well-presented 3-bed flat in Stratford priced at £3175 pcm. Highlights include gym, parking, river-view, school, transport, workspace. Suitable for applicants prioritising practical access, clear tenancy terms and responsive management.",51.530431,-0.015068
P-1408,SW6 7FJ,London,Fulham,flat,3,3,4650,,1006,False,True,True,True,True,2026-07-25,balcony|concierge|garden|parking|pet-friendly|workspace,"A well-presented 3-bed flat in Fulham priced at £4650 pcm. Highlights include balcony, concierge, garden, parking, pet-friendly, workspace. Suitable for applicants prioritising practical access, clear tenancy terms and responsive management.",51.512591,-0.199855
P-1409,SW19 5AK,London,Wimbledon,maisonette,3,3,3875,,1222,True,False,True,False,True,2026-10-21,concierge|garden|river-view|school|transport|workspace,"A well-presented 3-bed maisonette in Wimbledon priced at £3875 pcm. Highlights include concierge, garden, river-view, school, transport, workspace. Suitable for applicants prioritising practical access, clear tenancy terms and responsive management.",51.427653,-0.194786
P-1410,SW19 3DN,London,Wimbledon,flat,2,2,3775,,923,True,True,True,True,True,2026-09-08,balcony|garden|pet-friendly|school|workspace,"A well-presented 2-bed flat in Wimbledon priced at £3775 pcm. Highlights include balcony, garden, pet-friendly, school, workspace. Suitable for applicants prioritising practical access, clear tenancy terms and responsive management.",51.419777,-0.188336
P-1411,E8 7CJ,London,Hackney,flat,2,2,3525,,955,True,True,False,False,False,2026-10-14,concierge|gym|parking|transport,"A well-presented 2-bed flat in Hackney priced at £3525 pcm. Highlights include concierge, gym, parking, transport. Suitable for applicants prioritising practical access, clear tenancy terms and responsive management.",51.544775,-0.062293
P-1412,SW4 6DK,London,Clapham,flat,2,2,3950,,1028,True,False,True,True,True,2026-10-09,balcony|concierge|garden|pet-friendly|school|workspace,"A well-presented 2-bed flat in Clapham priced at £3950 pcm. Highlights include balcony, concierge, garden, pet-friendly, school, workspace. Suitable for applicants prioritising practical access, clear tenancy terms and responsive management.",51.45768,-0.151447
P-1413,E14 8FJ,London,Canary Wharf,flat,1,2,3125,,748,True,True,True,True,True,2026-09-23,garden|pet-friendly|school|workspace,"A well-presented 1-bed flat in Canary Wharf priced at £3125 pcm. Highlights include garden, pet-friendly, school, workspace. Suitable for applicants prioritising practical access, clear tenancy terms and responsive management.",51.516838,-0.014264
P-1414,SW11 2EN,London,Battersea,flat,1,1,3775,,737,True,False,True,False,True,2026-09-05,garden|gym|pet-friendly|river-view|school,"A well-presented 1-bed flat in Battersea priced at £3775 pcm. Highlights include garden, gym, pet-friendly, river-view, school. Suitable for applicants prioritising practical access, clear tenancy terms and responsive management.",51.468857,-0.178389
P-1415,SW6 5CJ,London,Fulham,house,3,3,4900,,1256,True,True,True,False,False,2026-10-08,concierge|garden|parking|river-view|school|workspace,"A well-presented 3-bed house in Fulham priced at £4900 pcm. Highlights include concierge, garden, parking, river-view, school, workspace. Suitable for applicants prioritising practical access, clear tenancy terms and responsive management.",51.484217,-0.175737
P-1416,SW11 8BK,London,Battersea,flat,1,2,3425,,678,True,False,True,False,True,2026-08-02,concierge|garden|river-view|transport|workspace,"A well-presented 1-bed flat in Battersea priced at £3425 pcm. Highlights include concierge, garden, river-view, transport, workspace. Suitable for applicants prioritising practical access, clear tenancy terms and responsive management.",51.444117,-0.197086
P-1417,SW4 3HL,London,Clapham,studio,0,1,2650,,655,True,True,True,True,True,2026-08-26,concierge|garden|pet-friendly|school|workspace,"A well-presented 0-bed studio in Clapham priced at £2650 pcm. Highlights include concierge, garden, pet-friendly, school, workspace. Suitable for applicants prioritising practical access, clear tenancy terms and responsive management.",51.439877,-0.134161
P-1418,SW4 8GM,London,Clapham,studio,0,1,3225,,680,False,False,False,False,False,2026-10-16,concierge|river-view|school|transport,"A well-presented 0-bed studio in Clapham priced at £3225 pcm. Highlights include concierge, river-view, school, transport. Suitable for applicants prioritising practical access, clear tenancy terms and responsive management.",51.460449,-0.136515
P-1419,SW3 1CM,London,Chelsea,studio,0,1,3775,,618,True,True,False,True,False,2026-09-22,balcony|parking|school|transport,"A well-presented 0-bed studio in Chelsea priced at £3775 pcm. Highlights include balcony, parking, school, transport. Suitable for applicants prioritising practical access, clear tenancy terms and responsive management.",51.47827,-0.185618
P-1420,N1 8GP,London,Islington,flat,3,3,4050,,1256,True,False,False,True,True,2026-09-29,concierge|pet-friendly|river-view|workspace,"A well-presented 3-bed flat in Islington priced at £4050 pcm. Highlights include concierge, pet-friendly, river-view, workspace. Suitable for applicants prioritising practical access, clear tenancy terms and responsive management.",51.543159,-0.094399
P-1421,CR0 5FL,London,Croydon,maisonette,2,2,2775,,840,True,True,False,False,True,2026-08-05,parking|pet-friendly|school,"A well-presented 2-bed maisonette in Croydon priced at £2775 pcm. Highlights include parking, pet-friendly, school. Suitable for applicants prioritising practical access, clear tenancy terms and responsive management.",51.376919,-0.093207
P-1422,N1 2AM,London,Islington,flat,1,1,3000,,706,True,True,True,True,True,2026-09-29,balcony|concierge|garden|gym|river-view|school,"A well-presented 1-bed flat in Islington priced at £3000 pcm. Highlights include balcony, concierge, garden, gym, river-view, school. Suitable for applicants prioritising practical access, clear tenancy terms and responsive management.",51.546596,-0.087733
P-1423,E20 4BP,London,Stratford,flat,2,2,3675,,1039,True,True,True,True,False,2026-08-04,balcony|garden|gym|school|transport,"A well-presented 2-bed flat in Stratford priced at £3675 pcm. Highlights include balcony, garden, gym, school, transport. Suitable for applicants prioritising practical access, clear tenancy terms and responsive management.",51.543816,-0.012149
P-1424,SW19 5GP,London,Wimbledon,flat,1,2,3250,,724,True,False,True,False,False,2026-09-03,concierge|garden|gym|school,"A well-presented 1-bed flat in Wimbledon priced at £3250 pcm. Highlights include concierge, garden, gym, school. Suitable for applicants prioritising practical access, clear tenancy terms and responsive management.",51.424239,-0.181745
P-1425,N1 5CM,London,Islington,flat,2,2,3750,,899,True,False,True,True,True,2026-09-24,garden|pet-friendly|transport,"A well-presented 2-bed flat in Islington priced at £3750 pcm. Highlights include garden, pet-friendly, transport. Suitable for applicants prioritising practical access, clear tenancy terms and responsive management.",51.546193,-0.137643
P-1426,EC2A 5BJ,London,Shoreditch,flat,1,1,3525,,604,False,True,True,False,False,2026-08-02,concierge|garden|gym|river-view,"A well-presented 1-bed flat in Shoreditch priced at £3525 pcm. Highlights include concierge, garden, gym, river-view. Suitable for applicants prioritising practical access, clear tenancy terms and responsive management.",51.516086,-0.074823
P-1427,SW19 6GN,London,Wimbledon,house,1,1,2950,,692,False,True,False,True,True,2026-09-27,concierge|parking|pet-friendly|river-view|transport|workspace,"A well-presented 1-bed house in Wimbledon priced at £2950 pcm. Highlights include concierge, parking, pet-friendly, river-view, transport, workspace. Suitable for applicants prioritising practical access, clear tenancy terms and responsive management.",51.431301,-0.222008
P-1428,SW11 8BN,London,Battersea,maisonette,1,2,3550,,617,True,True,False,True,True,2026-09-07,parking|pet-friendly|river-view|school|transport|workspace,"A well-presented 1-bed maisonette in Battersea priced at £3550 pcm. Highlights include parking, pet-friendly, river-view, school, transport, workspace. Suitable for applicants prioritising practical access, clear tenancy terms and responsive management.",51.472544,-0.176488
P-1429,NW1 4CN,London,Camden,flat,1,1,3250,,695,False,True,True,False,False,2026-09-11,concierge|garden|gym|parking|transport|workspace,"A well-presented 1-bed flat in Camden priced at £3250 pcm. Highlights include concierge, garden, gym, parking, transport, workspace. Suitable for applicants prioritising practical access, clear tenancy terms and responsive management.",51.549211,-0.145073
P-1430,CR0 4AP,London,Croydon,flat,2,3,2600,,1098,False,True,False,True,True,2026-08-23,balcony|gym|parking|river-view|school|transport,"A well-presented 2-bed flat in Croydon priced at £2600 pcm. Highlights include balcony, gym, parking, river-view, school, transport. Suitable for applicants prioritising practical access, clear tenancy terms and responsive management.",51.395025,-0.122106
P-1431,SW3 7BK,London,Chelsea,flat,2,3,5300,,1038,True,False,False,False,True,2026-10-17,pet-friendly|river-view|school|transport|workspace,"A well-presented 2-bed flat in Chelsea priced at £5300 pcm. Highlights include pet-friendly, river-view, school, transport, workspace. Suitable for applicants prioritising practical access, clear tenancy terms and responsive management.",51.488564,-0.165148
P-1432,SW6 1DP,London,Fulham,flat,1,2,3775,,657,False,False,False,True,True,2026-08-09,balcony|gym|transport|workspace,"A well-presented 1-bed flat in Fulham priced at £3775 pcm. Highlights include balcony, gym, transport, workspace. Suitable for applicants prioritising practical access, clear tenancy terms and responsive management.",51.474743,-0.192484
P-1433,E14 2HN,London,Canary Wharf,flat,2,3,3700,,988,True,False,True,True,False,2026-08-21,garden|gym|river-view,"A well-presented 2-bed flat in Canary Wharf priced at £3700 pcm. Highlights include garden, gym, river-view. Suitable for applicants prioritising practical access, clear tenancy terms and responsive management.",51.488074,-0.064831
P-1434,E20 4AN,London,Stratford,house,1,1,2425,,566,True,True,True,True,True,2026-09-04,garden|parking|pet-friendly|river-view|transport|workspace,"A well-presented 1-bed house in Stratford priced at £2425 pcm. Highlights include garden, parking, pet-friendly, river-view, transport, workspace. Suitable for applicants prioritising practical access, clear tenancy terms and responsive management.",51.556121,-0.009062
P-1435,E20 1CJ,London,Stratford,flat,3,3,3800,,1108,True,True,True,True,True,2026-10-10,concierge|garden|parking|pet-friendly,"A well-presented 3-bed flat in Stratford priced at £3800 pcm. Highlights include concierge, garden, parking, pet-friendly. Suitable for applicants prioritising practical access, clear tenancy terms and responsive management.",51.553769,-0.004664
P-1436,E8 8CK,London,Hackney,house,1,1,3175,,808,True,False,False,False,False,2026-10-13,gym|river-view|transport,"A well-presented 1-bed house in Hackney priced at £3175 pcm. Highlights include gym, river-view, transport. Suitable for applicants prioritising practical access, clear tenancy terms and responsive management.",51.536096,-0.062823
P-1437,N1 5FM,London,Islington,flat,2,2,3425,,1030,True,True,True,True,False,2026-10-03,balcony|concierge|garden|gym|transport|workspace,"A well-presented 2-bed flat in Islington priced at £3425 pcm. Highlights include balcony, concierge, garden, gym, transport, workspace. Suitable for applicants prioritising practical access, clear tenancy terms and responsive management.",51.532227,-0.076232
P-1438,EC2A 4EJ,London,Shoreditch,flat,2,2,3900,,928,True,True,False,True,False,2026-08-07,balcony|parking|workspace,"A well-presented 2-bed flat in Shoreditch priced at £3900 pcm. Highlights include balcony, parking, workspace. Suitable for applicants prioritising practical access, clear tenancy terms and responsive management.",51.513058,-0.100526
P-1439,SW4 7EL,London,Clapham,studio,0,1,2850,,599,True,True,False,False,False,2026-09-20,concierge|gym|river-view|workspace,"A well-presented 0-bed studio in Clapham priced at £2850 pcm. Highlights include concierge, gym, river-view, workspace. Suitable for applicants prioritising practical access, clear tenancy terms and responsive management.",51.47149,-0.147238
P-1440,E14 4HN,London,Canary Wharf,studio,0,1,2450,,589,True,True,False,False,True,2026-09-03,concierge|school|transport,"A well-presented 0-bed studio in Canary Wharf priced at £2450 pcm. Highlights include concierge, school, transport. Suitable for applicants prioritising practical access, clear tenancy terms and responsive management.",51.502784,-0.070999
P-1441,E8 4GK,London,Hackney,flat,2,2,3975,,1002,True,True,False,True,False,2026-09-22,balcony|gym|parking|school|transport,"A well-presented 2-bed flat in Hackney priced at £3975 pcm. Highlights include balcony, gym, parking, school, transport. Suitable for applicants prioritising practical access, clear tenancy terms and responsive management.",51.544769,-0.060032
P-1442,SW19 5DL,London,Wimbledon,flat,4,3,4850,,1477,True,False,False,True,False,2026-07-28,balcony|concierge|gym|river-view|school|workspace,"A well-presented 4-bed flat in Wimbledon priced at £4850 pcm. Highlights include balcony, concierge, gym, river-view, school, workspace. Suitable for applicants prioritising practical access, clear tenancy terms and responsive management.",51.434043,-0.219422
P-1443,SW11 5CP,London,Battersea,flat,3,3,4600,,1201,True,False,False,True,True,2026-08-14,balcony|concierge|gym|pet-friendly|river-view,"A well-presented 3-bed flat in Battersea priced at £4600 pcm. Highlights include balcony, concierge, gym, pet-friendly, river-view. Suitable for applicants prioritising practical access, clear tenancy terms and responsive management.",51.471874,-0.157047
P-1444,SW19 5AP,London,Wimbledon,maisonette,1,1,3275,,620,False,False,False,False,True,2026-08-24,gym|pet-friendly|river-view|school,"A well-presented 1-bed maisonette in Wimbledon priced at £3275 pcm. Highlights include gym, pet-friendly, river-view, school. Suitable for applicants prioritising practical access, clear tenancy terms and responsive management.",51.395461,-0.2018
P-1445,EC2A 9AM,London,Shoreditch,flat,2,3,3900,,944,False,True,False,True,False,2026-09-12,balcony|concierge|transport|workspace,"A well-presented 2-bed flat in Shoreditch priced at £3900 pcm. Highlights include balcony, concierge, transport, workspace. Suitable for applicants prioritising practical access, clear tenancy terms and responsive management.",51.52568,-0.070709
P-1446,SW3 4CL,London,Chelsea,house,3,3,4900,,1125,True,False,False,True,False,2026-08-23,balcony|river-view|workspace,"A well-presented 3-bed house in Chelsea priced at £4900 pcm. Highlights include balcony, river-view, workspace. Suitable for applicants prioritising practical access, clear tenancy terms and responsive management.",51.48275,-0.171933
P-1447,CR0 8HK,London,Croydon,maisonette,1,2,2150,,548,True,False,True,False,True,2026-09-13,concierge|garden|river-view,"A well-presented 1-bed maisonette in Croydon priced at £2150 pcm. Highlights include concierge, garden, river-view. Suitable for applicants prioritising practical access, clear tenancy terms and responsive management.",51.37409,-0.068294
P-1448,SE10 7EP,London,Greenwich,studio,0,1,2400,,684,True,True,False,True,True,2026-10-01,balcony|gym|parking|river-view|transport,"A well-presented 0-bed studio in Greenwich priced at £2400 pcm. Highlights include balcony, gym, parking, river-view, transport. Suitable for applicants prioritising practical access, clear tenancy terms and responsive management.",51.480131,-0.0194
P-1449,SW19 7FM,London,Wimbledon,house,1,2,2925,,654,True,True,False,False,True,2026-07-29,parking|transport|workspace,"A well-presented 1-bed house in Wimbledon priced at £2925 pcm. Highlights include parking, transport, workspace. Suitable for applicants prioritising practical access, clear tenancy terms and responsive management.",51.43678,-0.196362
P-1450,NW1 8DP,London,Camden,flat,2,2,3700,,910,False,False,False,True,True,2026-09-03,balcony|concierge|school,"A well-presented 2-bed flat in Camden priced at £3700 pcm. Highlights include balcony, concierge, school. Suitable for applicants prioritising practical access, clear tenancy terms and responsive management.",51.523422,-0.114194
P-1451,NW1 2HP,London,Camden,house,2,3,3400,,839,True,False,True,True,True,2026-10-18,balcony|concierge|garden|gym|pet-friendly|transport,"A well-presented 2-bed house in Camden priced at £3400 pcm. Highlights include balcony, concierge, garden, gym, pet-friendly, transport. Suitable for applicants prioritising practical access, clear tenancy terms and responsive management.",51.536192,-0.134206
P-1452,SW6 2BK,London,Fulham,house,2,2,4250,,989,True,True,False,True,False,2026-08-07,balcony|gym|parking|river-view|transport|workspace,"A well-presented 2-bed house in Fulham priced at £4250 pcm. Highlights include balcony, gym, parking, river-view, transport, workspace. Suitable for applicants prioritising practical access, clear tenancy terms and responsive management.",51.466931,-0.197805
P-1453,SW11 8FM,London,Battersea,flat,4,3,4500,,1474,True,False,False,True,False,2026-10-14,balcony|concierge|school|transport,"A well-presented 4-bed flat in Battersea priced at £4500 pcm. Highlights include balcony, concierge, school, transport. Suitable for applicants prioritising practical access, clear tenancy terms and responsive management.",51.488083,-0.167578
P-1454,E14 6GN,London,Canary Wharf,studio,0,1,3075,,630,False,False,False,True,True,2026-10-15,balcony|gym|pet-friendly|school|transport,"A well-presented 0-bed studio in Canary Wharf priced at £3075 pcm. Highlights include balcony, gym, pet-friendly, school, transport. Suitable for applicants prioritising practical access, clear tenancy terms and responsive management.",51.531652,-0.057601
P-1455,CR0 5DM,London,Croydon,house,2,2,2250,,918,True,False,True,True,True,2026-08-29,balcony|concierge|garden|river-view|school|workspace,"A well-presented 2-bed house in Croydon priced at £2250 pcm. Highlights include balcony, concierge, garden, river-view, school, workspace. Suitable for applicants prioritising practical access, clear tenancy terms and responsive management.",51.371049,-0.087606
P-1456,SW4 3CP,London,Clapham,house,4,3,4575,,1486,True,True,True,True,False,2026-10-17,garden|gym|parking|river-view,"A well-presented 4-bed house in Clapham priced at £4575 pcm. Highlights include garden, gym, parking, river-view. Suitable for applicants prioritising practical access, clear tenancy terms and responsive management.",51.457515,-0.167113
P-1457,SW4 9AP,London,Clapham,flat,2,2,3750,,887,True,True,True,True,True,2026-09-06,garden|gym|parking|transport,"A well-presented 2-bed flat in Clapham priced at £3750 pcm. Highlights include garden, gym, parking, transport. Suitable for applicants prioritising practical access, clear tenancy terms and responsive management.",51.467711,-0.137655
P-1458,SE10 6CJ,London,Greenwich,flat,3,3,3525,,1100,True,False,True,True,False,2026-10-01,garden|gym|school|transport,"A well-presented 3-bed flat in Greenwich priced at £3525 pcm. Highlights include garden, gym, school, transport. Suitable for applicants prioritising practical access, clear tenancy terms and responsive management.",51.471062,0.007255
P-1459,SW6 2HJ,London,Fulham,flat,2,2,3900,,977,False,False,True,True,True,2026-10-18,concierge|garden|pet-friendly|river-view|school,"A well-presented 2-bed flat in Fulham priced at £3900 pcm. Highlights include concierge, garden, pet-friendly, river-view, school. Suitable for applicants prioritising practical access, clear tenancy terms and responsive management.",51.497809,-0.188599
P-1460,SW6 4DL,London,Fulham,flat,2,2,4325,,923,True,False,False,True,True,2026-07-26,balcony|pet-friendly|river-view,"A well-presented 2-bed flat in Fulham priced at £4325 pcm. Highlights include balcony, pet-friendly, river-view. Suitable for applicants prioritising practical access, clear tenancy terms and responsive management.",51.487544,-0.217849
P-1461,E20 1FM,London,Stratford,flat,1,1,3000,,643,True,False,False,True,True,2026-09-16,balcony|concierge|gym|pet-friendly|school|workspace,"A well-presented 1-bed flat in Stratford priced at £3000 pcm. Highlights include balcony, concierge, gym, pet-friendly, school, workspace. Suitable for applicants prioritising practical access, clear tenancy terms and responsive management.",51.535659,0.001486
P-1462,NW1 4HP,London,Camden,flat,2,2,3600,,901,True,True,True,False,False,2026-09-18,garden|parking|school,"A well-presented 2-bed flat in Camden priced at £3600 pcm. Highlights include garden, parking, school. Suitable for applicants prioritising practical access, clear tenancy terms and responsive management.",51.529446,-0.136498
P-1463,N1 2GJ,London,Islington,flat,1,1,3425,,665,True,False,False,False,True,2026-09-14,concierge|gym|pet-friendly|river-view|school|workspace,"A well-presented 1-bed flat in Islington priced at £3425 pcm. Highlights include concierge, gym, pet-friendly, river-view, school, workspace. Suitable for applicants prioritising practical access, clear tenancy terms and responsive management.",51.538708,-0.082017
P-1464,CR0 8AL,London,Croydon,house,2,3,2675,,952,True,True,True,False,False,2026-08-31,concierge|garden|gym|parking|river-view|school,"A well-presented 2-bed house in Croydon priced at £2675 pcm. Highlights include concierge, garden, gym, parking, river-view, school. Suitable for applicants prioritising practical access, clear tenancy terms and responsive management.",51.377406,-0.087621
P-1465,SW3 8BP,London,Chelsea,flat,1,2,4450,,743,False,True,False,True,False,2026-08-29,balcony|concierge|gym|parking|school|transport,"A well-presented 1-bed flat in Chelsea priced at £4450 pcm. Highlights include balcony, concierge, gym, parking, school, transport. Suitable for applicants prioritising practical access, clear tenancy terms and responsive management.",51.463859,-0.152633
P-1466,E8 8GL,London,Hackney,flat,2,3,3175,,892,False,True,True,True,False,2026-10-19,balcony|garden|gym|transport,"A well-presented 2-bed flat in Hackney priced at £3175 pcm. Highlights include balcony, garden, gym, transport. Suitable for applicants prioritising practical access, clear tenancy terms and responsive management.",51.526685,-0.054714
P-1467,SW3 6HP,London,Chelsea,studio,0,1,4100,,734,False,True,False,True,True,2026-09-07,parking|school|transport,"A well-presented 0-bed studio in Chelsea priced at £4100 pcm. Highlights include parking, school, transport. Suitable for applicants prioritising practical access, clear tenancy terms and responsive management.",51.488771,-0.158181
P-1468,SE10 9DP,London,Greenwich,flat,2,2,3250,,1150,True,True,False,False,True,2026-08-05,concierge|parking|pet-friendly|transport|workspace,"A well-presented 2-bed flat in Greenwich priced at £3250 pcm. Highlights include concierge, parking, pet-friendly, transport, workspace. Suitable for applicants prioritising practical access, clear tenancy terms and responsive management.",51.472939,0.009542
P-1469,SW19 6CJ,London,Wimbledon,house,1,1,2975,,753,True,True,True,True,True,2026-09-28,garden|parking|pet-friendly|school|workspace,"A well-presented 1-bed house in Wimbledon priced at £2975 pcm. Highlights include garden, parking, pet-friendly, school, workspace. Suitable for applicants prioritising practical access, clear tenancy terms and responsive management.",51.419869,-0.179199
P-1470,N1 9BM,London,Islington,flat,2,2,3775,,833,True,True,False,False,True,2026-08-02,concierge|gym|parking|pet-friendly|school|transport,"A well-presented 2-bed flat in Islington priced at £3775 pcm. Highlights include concierge, gym, parking, pet-friendly, school, transport. Suitable for applicants prioritising practical access, clear tenancy terms and responsive management.",51.539891,-0.124272
P-1471,E20 9FK,London,Stratford,house,3,3,2975,,1215,True,True,True,True,False,2026-08-31,garden|parking|river-view,"A well-presented 3-bed house in Stratford priced at £2975 pcm. Highlights include garden, parking, river-view. Suitable for applicants prioritising practical access, clear tenancy terms and responsive management.",51.546541,0.003977
P-1472,E14 7BJ,London,Canary Wharf,house,1,1,3550,,739,True,False,True,True,False,2026-09-23,balcony|concierge|school,"A well-presented 1-bed house in Canary Wharf priced at £3550 pcm. Highlights include balcony, concierge, school. Suitable for applicants prioritising practical access, clear tenancy terms and responsive management.",51.493974,-0.015892
P-1473,SW4 1BJ,London,Clapham,flat,3,3,3675,,1225,True,False,False,True,True,2026-08-19,balcony|gym|school|transport,"A well-presented 3-bed flat in Clapham priced at £3675 pcm. Highlights include balcony, gym, school, transport. Suitable for applicants prioritising practical access, clear tenancy terms and responsive management.",51.45655,-0.139467
P-1474,SW19 3DN,London,Wimbledon,house,1,2,3200,,475,False,True,False,False,False,2026-08-01,gym|parking|river-view|transport,"A well-presented 1-bed house in Wimbledon priced at £3200 pcm. Highlights include gym, parking, river-view, transport. Suitable for applicants prioritising practical access, clear tenancy terms and responsive management.",51.412622,-0.224818
P-1475,E20 2DN,London,Stratford,house,1,2,2950,,588,False,True,False,True,True,2026-09-22,balcony|school|workspace,"A well-presented 1-bed house in Stratford priced at £2950 pcm. Highlights include balcony, school, workspace. Suitable for applicants prioritising practical access, clear tenancy terms and responsive management.",51.549296,0.005027
P-1476,NW1 4GJ,London,Camden,flat,2,2,3325,,844,True,False,False,True,True,2026-08-08,concierge|gym|pet-friendly|river-view,"A well-presented 2-bed flat in Camden priced at £3325 pcm. Highlights include concierge, gym, pet-friendly, river-view. Suitable for applicants prioritising practical access, clear tenancy terms and responsive management.",51.549363,-0.132166
P-1477,SW3 7EM,London,Chelsea,flat,1,2,4825,,659,False,True,True,True,False,2026-09-01,garden|parking|river-view|workspace,"A well-presented 1-bed flat in Chelsea priced at £4825 pcm. Highlights include garden, parking, river-view, workspace. Suitable for applicants prioritising practical access, clear tenancy terms and responsive management.",51.48033,-0.143097
P-1478,CR0 8FK,London,Croydon,maisonette,2,2,2450,,958,False,False,False,True,True,2026-10-18,balcony|concierge|gym|pet-friendly|school|workspace,"A well-presented 2-bed maisonette in Croydon priced at £2450 pcm. Highlights include balcony, concierge, gym, pet-friendly, school, workspace. Suitable for applicants prioritising practical access, clear tenancy terms and responsive management.",51.397826,-0.091304
P-1479,SW3 3BL,London,Chelsea,flat,1,1,4750,,792,True,False,False,True,True,2026-09-05,balcony|gym|river-view|school|transport|workspace,"A well-presented 1-bed flat in Chelsea priced at £4750 pcm. Highlights include balcony, gym, river-view, school, transport, workspace. Suitable for applicants prioritising practical access, clear tenancy terms and responsive management.",51.495305,-0.195755
P-1480,EC2A 5GL,London,Shoreditch,flat,1,1,3675,,744,False,True,False,True,True,2026-10-17,balcony|concierge|gym|parking|pet-friendly|school,"A well-presented 1-bed flat in Shoreditch priced at £3675 pcm. Highlights include balcony, concierge, gym, parking, pet-friendly, school. Suitable for applicants prioritising practical access, clear tenancy terms and responsive management.",51.524,-0.092311
P-1481,SW19 4CJ,London,Wimbledon,maisonette,2,2,3625,,925,True,False,True,True,True,2026-07-30,balcony|concierge|garden|pet-friendly|school|transport,"A well-presented 2-bed maisonette in Wimbledon priced at £3625 pcm. Highlights include balcony, concierge, garden, pet-friendly, school, transport. Suitable for applicants prioritising practical access, clear tenancy terms and responsive management.",51.427814,-0.190422
P-1482,E20 2BP,London,Stratford,flat,2,3,3425,,934,True,True,False,False,True,2026-09-25,concierge|parking|pet-friendly,"A well-presented 2-bed flat in Stratford priced at £3425 pcm. Highlights include concierge, parking, pet-friendly. Suitable for applicants prioritising practical access, clear tenancy terms and responsive management.",51.55435,0.013335
P-1483,SW4 7BM,London,Clapham,flat,3,3,4350,,1150,False,False,True,True,False,2026-09-02,concierge|garden|river-view|school|workspace,"A well-presented 3-bed flat in Clapham priced at £4350 pcm. Highlights include concierge, garden, river-view, school, workspace. Suitable for applicants prioritising practical access, clear tenancy terms and responsive management.",51.4559,-0.157803
P-1484,E8 7HJ,London,Hackney,flat,1,2,3200,,755,False,True,True,False,False,2026-10-18,concierge|garden|transport,"A well-presented 1-bed flat in Hackney priced at £3200 pcm. Highlights include concierge, garden, transport. Suitable for applicants prioritising practical access, clear tenancy terms and responsive management.",51.552603,-0.053717
P-1485,SW3 6EL,London,Chelsea,flat,2,2,4775,,909,True,False,True,True,False,2026-07-27,balcony|concierge|garden|river-view|school|transport,"A well-presented 2-bed flat in Chelsea priced at £4775 pcm. Highlights include balcony, concierge, garden, river-view, school, transport. Suitable for applicants prioritising practical access, clear tenancy terms and responsive management.",51.495846,-0.153416
P-1486,SW19 7FJ,London,Wimbledon,flat,2,3,3450,,976,True,True,False,True,False,2026-08-24,balcony|parking|school|transport|workspace,"A well-presented 2-bed flat in Wimbledon priced at £3450 pcm. Highlights include balcony, parking, school, transport, workspace. Suitable for applicants prioritising practical access, clear tenancy terms and responsive management.",51.43069,-0.224426
P-1487,EC2A 1HP,London,Shoreditch,flat,3,3,4425,,1203,True,True,False,False,True,2026-10-04,concierge|gym|pet-friendly|school|workspace,"A well-presented 3-bed flat in Shoreditch priced at £4425 pcm. Highlights include concierge, gym, pet-friendly, school, workspace. Suitable for applicants prioritising practical access, clear tenancy terms and responsive management.",51.523685,-0.086986
P-1488,SW6 4FM,London,Fulham,house,2,3,4100,,961,True,False,True,True,False,2026-10-17,balcony|concierge|river-view|transport|workspace,"A well-presented 2-bed house in Fulham priced at £4100 pcm. Highlights include balcony, concierge, river-view, transport, workspace. Suitable for applicants prioritising practical access, clear tenancy terms and responsive management.",51.482924,-0.170038
P-1489,NW1 2DL,London,Camden,flat,2,2,3475,,870,False,True,False,True,True,2026-07-30,balcony|parking|pet-friendly|river-view|workspace,"A well-presented 2-bed flat in Camden priced at £3475 pcm. Highlights include balcony, parking, pet-friendly, river-view, workspace. Suitable for applicants prioritising practical access, clear tenancy terms and responsive management.",51.547322,-0.149656
P-1490,N1 8GK,London,Islington,maisonette,2,2,3500,,1001,True,True,True,True,False,2026-08-02,balcony|concierge|garden|gym|parking|school,"A well-presented 2-bed maisonette in Islington priced at £3500 pcm. Highlights include balcony, concierge, garden, gym, parking, school. Suitable for applicants prioritising practical access, clear tenancy terms and responsive management.",51.559839,-0.070975
P-1491,CR0 8CJ,London,Croydon,house,3,3,2950,,1211,True,True,False,True,True,2026-10-22,balcony|gym|parking|pet-friendly|school,"A well-presented 3-bed house in Croydon priced at £2950 pcm. Highlights include balcony, gym, parking, pet-friendly, school. Suitable for applicants prioritising practical access, clear tenancy terms and responsive management.",51.354885,-0.090844
P-1492,SW6 7AN,London,Fulham,house,1,1,4050,,558,False,True,True,True,True,2026-09-08,balcony|garden|parking|pet-friendly|river-view|school,"A well-presented 1-bed house in Fulham priced at £4050 pcm. Highlights include balcony, garden, parking, pet-friendly, river-view, school. Suitable for applicants prioritising practical access, clear tenancy terms and responsive management.",51.494613,-0.210632
P-1493,SW3 7EL,London,Chelsea,flat,2,3,4925,,803,False,False,True,False,True,2026-08-13,concierge|garden|pet-friendly|school,"A well-presented 2-bed flat in Chelsea priced at £4925 pcm. Highlights include concierge, garden, pet-friendly, school. Suitable for applicants prioritising practical access, clear tenancy terms and responsive management.",51.474102,-0.146455
P-1494,N1 5HM,London,Islington,studio,0,1,2950,,667,True,False,False,True,True,2026-09-17,balcony|gym|pet-friendly|river-view,"A well-presented 0-bed studio in Islington priced at £2950 pcm. Highlights include balcony, gym, pet-friendly, river-view. Suitable for applicants prioritising practical access, clear tenancy terms and responsive management.",51.563147,-0.085161
P-1495,E8 9CP,London,Hackney,flat,2,2,3275,,833,True,False,True,True,False,2026-09-24,balcony|concierge|garden,"A well-presented 2-bed flat in Hackney priced at £3275 pcm. Highlights include balcony, concierge, garden. Suitable for applicants prioritising practical access, clear tenancy terms and responsive management.",51.540038,-0.050615
P-1496,SW4 2GP,London,Clapham,flat,1,1,3150,,546,False,True,True,False,False,2026-08-23,garden|gym|parking,"A well-presented 1-bed flat in Clapham priced at £3150 pcm. Highlights include garden, gym, parking. Suitable for applicants prioritising practical access, clear tenancy terms and responsive management.",51.44666,-0.136605
P-1497,E20 6FN,London,Stratford,flat,4,3,4000,,1386,True,True,True,False,False,2026-09-11,garden|school|workspace,"A well-presented 4-bed flat in Stratford priced at £4000 pcm. Highlights include garden, school, workspace. Suitable for applicants prioritising practical access, clear tenancy terms and responsive management.",51.551982,0.015334
P-1498,SW4 5AM,London,Clapham,house,2,3,3425,,807,True,False,True,True,True,2026-09-09,balcony|concierge|pet-friendly|transport,"A well-presented 2-bed house in Clapham priced at £3425 pcm. Highlights include balcony, concierge, pet-friendly, transport. Suitable for applicants prioritising practical access, clear tenancy terms and responsive management.",51.452658,-0.14993
P-1499,SW11 3FM,London,Battersea,maisonette,2,3,3825,,859,False,True,False,False,True,2026-09-09,gym|parking|pet-friendly|river-view|school,"A well-presented 2-bed maisonette in Battersea priced at £3825 pcm. Highlights include gym, parking, pet-friendly, river-view, school. Suitable for applicants prioritising practical access, clear tenancy terms and responsive management.",51.466287,-0.166452
P-1500,N1 6BN,London,Islington,flat,2,2,3650,,954,True,False,True,True,False,2026-09-18,balcony|garden|transport,"A well-presented 2-bed flat in Islington priced at £3650 pcm. Highlights include balcony, garden, transport. Suitable for applicants prioritising practical access, clear tenancy terms and responsive management.",51.548868,-0.120429
P-1501,E8 6GJ,London,Hackney,flat,2,2,3025,,1006,True,False,True,False,True,2026-08-03,concierge|garden|gym|pet-friendly|river-view|workspace,"A well-presented 2-bed flat in Hackney priced at £3025 pcm. Highlights include concierge, garden, gym, pet-friendly, river-view, workspace. Suitable for applicants prioritising practical access, clear tenancy terms and responsive management.",51.554737,-0.075969
P-1502,SW4 6GN,London,Clapham,maisonette,2,3,3300,,1014,True,True,False,False,True,2026-10-02,gym|parking|pet-friendly|river-view|transport|workspace,"A well-presented 2-bed maisonette in Clapham priced at £3300 pcm. Highlights include gym, parking, pet-friendly, river-view, transport, workspace. Suitable for applicants prioritising practical access, clear tenancy terms and responsive management.",51.470467,-0.165657
P-1503,SW11 6BJ,London,Battersea,flat,3,3,4625,,1227,False,True,False,False,False,2026-08-24,concierge|river-view|transport,"A well-presented 3-bed flat in Battersea priced at £4625 pcm. Highlights include concierge, river-view, transport. Suitable for applicants prioritising practical access, clear tenancy terms and responsive management.",51.468488,-0.191576
P-1504,SW6 3EK,London,Fulham,flat,2,3,3925,,1075,True,True,False,True,True,2026-10-07,balcony|parking|pet-friendly|workspace,"A well-presented 2-bed flat in Fulham priced at £3925 pcm. Highlights include balcony, parking, pet-friendly, workspace. Suitable for applicants prioritising practical access, clear tenancy terms and responsive management.",51.480525,-0.199605
P-1505,NW1 4AJ,London,Camden,house,1,2,3325,,675,True,True,True,False,True,2026-10-14,gym|parking|pet-friendly|workspace,"A well-presented 1-bed house in Camden priced at £3325 pcm. Highlights include gym, parking, pet-friendly, workspace. Suitable for applicants prioritising practical access, clear tenancy terms and responsive management.",51.552492,-0.148613
P-1506,SW19 7EK,London,Wimbledon,flat,1,1,2800,,668,True,True,True,True,False,2026-09-09,balcony|garden|river-view,"A well-presented 1-bed flat in Wimbledon priced at £2800 pcm. Highlights include balcony, garden, river-view. Suitable for applicants prioritising practical access, clear tenancy terms and responsive management.",51.425198,-0.202986
P-1507,SE10 8BK,London,Greenwich,maisonette,2,3,3000,,811,False,False,False,False,True,2026-08-19,pet-friendly|school|transport,"A well-presented 2-bed maisonette in Greenwich priced at £3000 pcm. Highlights include pet-friendly, school, transport. Suitable for applicants prioritising practical access, clear tenancy terms and responsive management.",51.503595,0.017166
P-1508,EC2A 5DM,London,Shoreditch,maisonette,2,2,4075,,862,False,False,True,True,True,2026-09-14,balcony|garden|gym|pet-friendly|river-view,"A well-presented 2-bed maisonette in Shoreditch priced at £4075 pcm. Highlights include balcony, garden, gym, pet-friendly, river-view. Suitable for applicants prioritising practical access, clear tenancy terms and responsive management.",51.52791,-0.064877
P-1509,SW4 8BJ,London,Clapham,studio,0,1,2650,,624,True,False,True,False,False,2026-08-10,garden|gym|school|transport,"A well-presented 0-bed studio in Clapham priced at £2650 pcm. Highlights include garden, gym, school, transport. Suitable for applicants prioritising practical access, clear tenancy terms and responsive management.",51.451606,-0.152973
P-1510,NW1 9AJ,London,Camden,studio,0,1,3200,,655,True,True,True,True,True,2026-08-23,balcony|concierge|garden|parking|pet-friendly|school,"A well-presented 0-bed studio in Camden priced at £3200 pcm. Highlights include balcony, concierge, garden, parking, pet-friendly, school. Suitable for applicants prioritising practical access, clear tenancy terms and responsive management.",51.55838,-0.124652
P-1511,SW3 9AN,London,Chelsea,house,1,1,4750,,717,True,False,True,False,True,2026-08-26,garden|pet-friendly|transport,"A well-presented 1-bed house in Chelsea priced at £4750 pcm. Highlights include garden, pet-friendly, transport. Suitable for applicants prioritising practical access, clear tenancy terms and responsive management.",51.488411,-0.155332
P-1512,SE10 1CM,London,Greenwich,flat,1,1,3050,,734,True,True,False,True,True,2026-09-08,concierge|gym|parking|river-view|school,"A well-presented 1-bed flat in Greenwich priced at £3050 pcm. Highlights include concierge, gym, parking, river-view, school. Suitable for applicants prioritising practical access, clear tenancy terms and responsive management.",51.484452,0.023115
P-1513,E8 3HJ,London,Hackney,studio,0,1,2675,,663,True,True,True,True,False,2026-08-12,balcony|garden|gym|parking|workspace,"A well-presented 0-bed studio in Hackney priced at £2675 pcm. Highlights include balcony, garden, gym, parking, workspace. Suitable for applicants prioritising practical access, clear tenancy terms and responsive management.",51.557876,-0.01275
P-1514,E14 1HL,London,Canary Wharf,flat,1,2,3500,,658,True,False,True,False,False,2026-10-03,concierge|garden|river-view,"A well-presented 1-bed flat in Canary Wharf priced at £3500 pcm. Highlights include concierge, garden, river-view. Suitable for applicants prioritising practical access, clear tenancy terms and responsive management.",51.518684,-0.011959
P-1515,SW3 3EN,London,Chelsea,flat,2,3,4700,,995,True,True,False,False,True,2026-10-06,concierge|gym|parking,"A well-presented 2-bed flat in Chelsea priced at £4700 pcm. Highlights include concierge, gym, parking. Suitable for applicants prioritising practical access, clear tenancy terms and responsive management.",51.48023,-0.137751
P-1516,EC2A 2FJ,London,Shoreditch,flat,2,2,4000,,954,False,False,False,False,True,2026-10-19,concierge|pet-friendly|school,"A well-presented 2-bed flat in Shoreditch priced at £4000 pcm. Highlights include concierge, pet-friendly, school. Suitable for applicants prioritising practical access, clear tenancy terms and responsive management.",51.517851,-0.107023
P-1517,CR0 2HP,London,Croydon,studio,0,1,1750,,526,False,True,False,True,True,2026-09-23,gym|parking|pet-friendly,"A well-presented 0-bed studio in Croydon priced at £1750 pcm. Highlights include gym, parking, pet-friendly. Suitable for applicants prioritising practical access, clear tenancy terms and responsive management.",51.376034,-0.110615
P-1518,SW3 3DJ,London,Chelsea,flat,3,3,5550,,1169,True,True,False,False,False,2026-08-29,parking|river-view|school|transport|workspace,"A well-presented 3-bed flat in Chelsea priced at £5550 pcm. Highlights include parking, river-view, school, transport, workspace. Suitable for applicants prioritising practical access, clear tenancy terms and responsive management.",51.508491,-0.187028
P-1519,NW1 2AK,London,Camden,house,1,1,3100,,657,True,True,False,False,True,2026-09-11,gym|pet-friendly|school,"A well-presented 1-bed house in Camden priced at £3100 pcm. Highlights include gym, pet-friendly, school. Suitable for applicants prioritising practical access, clear tenancy terms and responsive management.",51.548484,-0.136479
P-1520,SW4 3FP,London,Clapham,flat,3,3,3950,,1226,True,False,True,True,True,2026-09-09,garden|gym|pet-friendly|river-view,"A well-presented 3-bed flat in Clapham priced at £3950 pcm. Highlights include garden, gym, pet-friendly, river-view. Suitable for applicants prioritising practical access, clear tenancy terms and responsive management.",51.450506,-0.158107
P-1521,SW6 6CM,London,Fulham,flat,1,2,4500,,779,True,False,True,True,True,2026-09-16,balcony|garden|pet-friendly|river-view|school|workspace,"A well-presented 1-bed flat in Fulham priced at £4500 pcm. Highlights include balcony, garden, pet-friendly, river-view, school, workspace. Suitable for applicants prioritising practical access, clear tenancy terms and responsive management.",51.463787,-0.218804
P-1522,E20 7BM,London,Stratford,flat,3,3,3475,,1280,True,False,True,True,False,2026-08-12,balcony|concierge|garden|river-view|school,"A well-presented 3-bed flat in Stratford priced at £3475 pcm. Highlights include balcony, concierge, garden, river-view, school. Suitable for applicants prioritising practical access, clear tenancy terms and responsive management.",51.527554,-0.027841
P-1523,SE10 1BN,London,Greenwich,flat,2,2,3050,,871,True,True,True,True,True,2026-09-14,balcony|concierge|garden|pet-friendly|school,"A well-presented 2-bed flat in Greenwich priced at £3050 pcm. Highlights include balcony, concierge, garden, pet-friendly, school. Suitable for applicants prioritising practical access, clear tenancy terms and responsive management.",51.484703,0.046035
P-1524,E20 8CK,London,Stratford,flat,1,1,2900,,747,True,True,True,False,True,2026-07-29,garden|gym|parking|pet-friendly|school,"A well-presented 1-bed flat in Stratford priced at £2900 pcm. Highlights include garden, gym, parking, pet-friendly, school. Suitable for applicants prioritising practical access, clear tenancy terms and responsive management.",51.543398,-0.000336
P-1525,E20 4CJ,London,Stratford,flat,3,3,4175,,1109,True,True,True,False,False,2026-10-09,concierge|garden|parking|river-view|school,"A well-presented 3-bed flat in Stratford priced at £4175 pcm. Highlights include concierge, garden, parking, river-view, school. Suitable for applicants prioritising practical access, clear tenancy terms and responsive management.",51.546984,-0.019975
P-1526,N1 7HL,London,Islington,house,1,2,2950,,739,True,True,True,False,True,2026-10-10,pet-friendly|school|transport,"A well-presented 1-bed house in Islington priced at £2950 pcm. Highlights include pet-friendly, school, transport. Suitable for applicants prioritising practical access, clear tenancy terms and responsive management.",51.547845,-0.074396
P-1527,NW1 1DM,London,Camden,flat,1,2,3000,,579,True,True,True,False,True,2026-08-11,concierge|garden|gym|pet-friendly|school|transport,"A well-presented 1-bed flat in Camden priced at £3000 pcm. Highlights include concierge, garden, gym, pet-friendly, school, transport. Suitable for applicants prioritising practical access, clear tenancy terms and responsive management.",51.536396,-0.148153
P-1528,CR0 8HM,London,Croydon,flat,2,2,2250,,987,True,True,True,True,True,2026-09-19,garden|gym|river-view|workspace,"A well-presented 2-bed flat in Croydon priced at £2250 pcm. Highlights include garden, gym, river-view, workspace. Suitable for applicants prioritising practical access, clear tenancy terms and responsive management.",51.374447,-0.108873
P-1529,SW19 7HP,London,Wimbledon,flat,1,2,3300,,847,True,False,False,False,True,2026-10-08,concierge|pet-friendly|river-view|transport|workspace,"A well-presented 1-bed flat in Wimbledon priced at £3300 pcm. Highlights include concierge, pet-friendly, river-view, transport, workspace. Suitable for applicants prioritising practical access, clear tenancy terms and responsive management.",51.402368,-0.240239
P-1530,SW11 8DP,London,Battersea,flat,2,2,4350,,1024,True,False,True,True,True,2026-09-29,balcony|garden|pet-friendly|river-view|transport,"A well-presented 2-bed flat in Battersea priced at £4350 pcm. Highlights include balcony, garden, pet-friendly, river-view, transport. Suitable for applicants prioritising practical access, clear tenancy terms and responsive management.",51.463805,-0.191049
P-1531,E14 6HP,London,Canary Wharf,flat,2,2,3800,,1013,False,True,True,True,True,2026-07-26,balcony|garden|gym|parking|school,"A well-presented 2-bed flat in Canary Wharf priced at £3800 pcm. Highlights include balcony, garden, gym, parking, school. Suitable for applicants prioritising practical access, clear tenancy terms and responsive management.",51.493233,-0.021958
P-1532,SE10 8CL,London,Greenwich,flat,2,3,3025,,876,True,True,False,False,False,2026-09-11,gym|parking|river-view|workspace,"A well-presented 2-bed flat in Greenwich priced at £3025 pcm. Highlights include gym, parking, river-view, workspace. Suitable for applicants prioritising practical access, clear tenancy terms and responsive management.",51.487802,-0.022209
P-1533,E8 4CN,London,Hackney,house,1,1,3150,,661,False,True,False,True,True,2026-08-05,balcony|concierge|parking|river-view|school,"A well-presented 1-bed house in Hackney priced at £3150 pcm. Highlights include balcony, concierge, parking, river-view, school. Suitable for applicants prioritising practical access, clear tenancy terms and responsive management.",51.545459,-0.081375
P-1534,SW4 3CN,London,Clapham,flat,2,2,3700,,878,True,True,True,True,True,2026-08-01,balcony|garden|parking|school|transport|workspace,"A well-presented 2-bed flat in Clapham priced at £3700 pcm. Highlights include balcony, garden, parking, school, transport, workspace. Suitable for applicants prioritising practical access, clear tenancy terms and responsive management.",51.486944,-0.120747
P-1535,NW1 1EK,London,Camden,flat,2,3,3675,,1080,True,False,False,True,False,2026-09-27,balcony|gym|river-view|school,"A well-presented 2-bed flat in Camden priced at £3675 pcm. Highlights include balcony, gym, river-view, school. Suitable for applicants prioritising practical access, clear tenancy terms and responsive management.",51.543465,-0.135595
P-1536,SW19 2AN,London,Wimbledon,flat,3,3,3350,,1185,False,False,False,False,False,2026-08-14,gym|river-view|workspace,"A well-presented 3-bed flat in Wimbledon priced at £3350 pcm. Highlights include gym, river-view, workspace. Suitable for applicants prioritising practical access, clear tenancy terms and responsive management.",51.418533,-0.180657
P-1537,CR0 2CP,London,Croydon,flat,1,1,1975,,674,True,True,True,False,False,2026-09-04,concierge|garden|parking|workspace,"A well-presented 1-bed flat in Croydon priced at £1975 pcm. Highlights include concierge, garden, parking, workspace. Suitable for applicants prioritising practical access, clear tenancy terms and responsive management.",51.391049,-0.106431
P-1538,SE10 3BL,London,Greenwich,flat,3,3,3475,,1275,False,False,False,True,True,2026-09-15,gym|pet-friendly|river-view|transport,"A well-presented 3-bed flat in Greenwich priced at £3475 pcm. Highlights include gym, pet-friendly, river-view, transport. Suitable for applicants prioritising practical access, clear tenancy terms and responsive management.",51.488554,-0.006903
P-1539,NW1 7HN,London,Camden,studio,0,1,2600,,696,True,False,False,False,True,2026-09-08,concierge|pet-friendly|river-view|school,"A well-presented 0-bed studio in Camden priced at £2600 pcm. Highlights include concierge, pet-friendly, river-view, school. Suitable for applicants prioritising practical access, clear tenancy terms and responsive management.",51.553401,-0.151454
P-1540,E14 7AP,London,Canary Wharf,flat,2,3,3425,,884,True,False,False,False,False,2026-08-12,gym|school|workspace,"A well-presented 2-bed flat in Canary Wharf priced at £3425 pcm. Highlights include gym, school, workspace. Suitable for applicants prioritising practical access, clear tenancy terms and responsive management.",51.490348,-0.049976
P-1541,SW19 5FL,London,Wimbledon,studio,0,1,2450,,503,True,False,True,False,True,2026-08-28,garden|pet-friendly|school,"A well-presented 0-bed studio in Wimbledon priced at £2450 pcm. Highlights include garden, pet-friendly, school. Suitable for applicants prioritising practical access, clear tenancy terms and responsive management.",51.432165,-0.183452
P-1542,SW6 8FP,London,Fulham,flat,2,2,4100,,1108,True,False,True,True,True,2026-08-18,balcony|garden|pet-friendly|river-view,"A well-presented 2-bed flat in Fulham priced at £4100 pcm. Highlights include balcony, garden, pet-friendly, river-view. Suitable for applicants prioritising practical access, clear tenancy terms and responsive management.",51.483222,-0.167766
P-1543,N1 9EK,London,Islington,studio,0,1,2925,,796,True,True,False,False,False,2026-09-27,parking|school|transport,"A well-presented 0-bed studio in Islington priced at £2925 pcm. Highlights include parking, school, transport. Suitable for applicants prioritising practical access, clear tenancy terms and responsive management.",51.554954,-0.091597
P-1544,SW6 7BP,London,Fulham,flat,3,3,4300,,1204,True,False,True,False,True,2026-09-09,concierge|garden|pet-friendly|school|transport,"A well-presented 3-bed flat in Fulham priced at £4300 pcm. Highlights include concierge, garden, pet-friendly, school, transport. Suitable for applicants prioritising practical access, clear tenancy terms and responsive management.",51.492891,-0.167529
P-1545,N1 4DL,London,Islington,flat,3,3,3975,,1161,True,True,False,True,False,2026-08-29,balcony|concierge|gym|transport|workspace,"A well-presented 3-bed flat in Islington priced at £3975 pcm. Highlights include balcony, concierge, gym, transport, workspace. Suitable for applicants prioritising practical access, clear tenancy terms and responsive management.",51.550059,-0.097463
P-1546,CR0 6HJ,London,Croydon,house,3,3,3175,,1315,True,False,False,True,True,2026-09-16,balcony|pet-friendly|school|transport,"A well-presented 3-bed house in Croydon priced at £3175 pcm. Highlights include balcony, pet-friendly, school, transport. Suitable for applicants prioritising practical access, clear tenancy terms and responsive management.",51.38561,-0.092609
P-1547,E8 7GL,London,Hackney,flat,2,3,3100,,971,True,True,False,False,True,2026-09-25,concierge|pet-friendly|river-view,"A well-presented 2-bed flat in Hackney priced at £3100 pcm. Highlights include concierge, pet-friendly, river-view. Suitable for applicants prioritising practical access, clear tenancy terms and responsive management.",51.566712,-0.059225
P-1548,CR0 9BP,London,Croydon,flat,1,1,2025,,599,True,False,True,False,True,2026-09-20,concierge|garden|gym|pet-friendly|river-view|school,"A well-presented 1-bed flat in Croydon priced at £2025 pcm. Highlights include concierge, garden, gym, pet-friendly, river-view, school. Suitable for applicants prioritising practical access, clear tenancy terms and responsive management.",51.367103,-0.110573
P-1549,SW3 5AN,London,Chelsea,flat,2,2,5075,,1012,False,True,True,True,False,2026-08-08,garden|gym|parking|school,"A well-presented 2-bed flat in Chelsea priced at £5075 pcm. Highlights include garden, gym, parking, school. Suitable for applicants prioritising practical access, clear tenancy terms and responsive management.",51.476607,-0.141353
P-1550,NW1 5DK,London,Camden,flat,3,3,4325,,1247,True,False,True,True,False,2026-09-24,garden|gym|river-view|transport|workspace,"A well-presented 3-bed flat in Camden priced at £4325 pcm. Highlights include garden, gym, river-view, transport, workspace. Suitable for applicants prioritising practical access, clear tenancy terms and responsive management.",51.550119,-0.162374
P-1551,E14 6GM,London,Canary Wharf,flat,1,2,3325,,724,True,False,True,True,True,2026-10-09,balcony|garden|gym|pet-friendly|transport,"A well-presented 1-bed flat in Canary Wharf priced at £3325 pcm. Highlights include balcony, garden, gym, pet-friendly, transport. Suitable for applicants prioritising practical access, clear tenancy terms and responsive management.",51.491293,-0.039611
P-1552,SE10 7DM,London,Greenwich,house,1,1,2425,,736,True,True,False,False,True,2026-10-01,concierge|parking|pet-friendly|river-view|school|workspace,"A well-presented 1-bed house in Greenwich priced at £2425 pcm. Highlights include concierge, parking, pet-friendly, river-view, school, workspace. Suitable for applicants prioritising practical access, clear tenancy terms and responsive management.",51.464289,0.003422
P-1553,E14 2BK,London,Canary Wharf,maisonette,2,3,3850,,990,True,True,True,False,False,2026-10-01,concierge|garden|gym|parking|transport|workspace,"A well-presented 2-bed maisonette in Canary Wharf priced at £3850 pcm. Highlights include concierge, garden, gym, parking, transport, workspace. Suitable for applicants prioritising practical access, clear tenancy terms and responsive management.",51.497039,-0.013024
P-1554,SW19 8BN,London,Wimbledon,house,1,2,2775,,794,True,False,False,True,True,2026-09-03,river-view|school|transport|workspace,"A well-presented 1-bed house in Wimbledon priced at £2775 pcm. Highlights include river-view, school, transport, workspace. Suitable for applicants prioritising practical access, clear tenancy terms and responsive management.",51.415879,-0.207595
P-1555,E8 6GL,London,Hackney,flat,1,1,3025,,554,False,True,False,True,True,2026-08-07,balcony|gym|parking|pet-friendly|transport|workspace,"A well-presented 1-bed flat in Hackney priced at £3025 pcm. Highlights include balcony, gym, parking, pet-friendly, transport, workspace. Suitable for applicants prioritising practical access, clear tenancy terms and responsive management.",51.546144,-0.060042
P-1556,E20 1FK,London,Stratford,flat,1,1,2950,,656,True,False,True,False,True,2026-07-31,concierge|garden|pet-friendly|transport|workspace,"A well-presented 1-bed flat in Stratford priced at £2950 pcm. Highlights include concierge, garden, pet-friendly, transport, workspace. Suitable for applicants prioritising practical access, clear tenancy terms and responsive management.",51.53567,0.008303
P-1557,N1 2AK,London,Islington,flat,2,2,3850,,988,False,True,False,True,True,2026-10-08,balcony|concierge|parking|pet-friendly|workspace,"A well-presented 2-bed flat in Islington priced at £3850 pcm. Highlights include balcony, concierge, parking, pet-friendly, workspace. Suitable for applicants prioritising practical access, clear tenancy terms and responsive management.",51.5343,-0.110193
P-1558,SW19 2HJ,London,Wimbledon,studio,0,1,2925,,632,True,False,False,False,True,2026-10-13,pet-friendly|river-view|school|transport,"A well-presented 0-bed studio in Wimbledon priced at £2925 pcm. Highlights include pet-friendly, river-view, school, transport. Suitable for applicants prioritising practical access, clear tenancy terms and responsive management.",51.399656,-0.19487
P-1559,EC2A 7HJ,London,Shoreditch,house,2,3,4025,,1046,True,False,True,False,False,2026-09-26,garden|gym|school,"A well-presented 2-bed house in Shoreditch priced at £4025 pcm. Highlights include garden, gym, school. Suitable for applicants prioritising practical access, clear tenancy terms and responsive management.",51.528242,-0.055462
P-1560,EC2A 9HJ,London,Shoreditch,house,2,2,4100,,966,True,True,False,False,True,2026-09-21,concierge|parking|pet-friendly|school,"A well-presented 2-bed house in Shoreditch priced at £4100 pcm. Highlights include concierge, parking, pet-friendly, school. Suitable for applicants prioritising practical access, clear tenancy terms and responsive management.",51.543207,-0.043514
P-1561,SW19 4EJ,London,Wimbledon,flat,4,3,4225,,1585,True,False,False,False,False,2026-09-30,concierge|river-view|transport|workspace,"A well-presented 4-bed flat in Wimbledon priced at £4225 pcm. Highlights include concierge, river-view, transport, workspace. Suitable for applicants prioritising practical access, clear tenancy terms and responsive management.",51.411579,-0.178817
P-1562,SW19 4FP,London,Wimbledon,flat,1,1,3225,,692,False,False,False,False,True,2026-10-13,concierge|gym|pet-friendly,"A well-presented 1-bed flat in Wimbledon priced at £3225 pcm. Highlights include concierge, gym, pet-friendly. Suitable for applicants prioritising practical access, clear tenancy terms and responsive management.",51.418922,-0.196311
P-1563,N1 3AN,London,Islington,maisonette,2,2,3825,,1010,False,True,True,True,False,2026-07-24,balcony|concierge|garden|gym|parking|school,"A well-presented 2-bed maisonette in Islington priced at £3825 pcm. Highlights include balcony, concierge, garden, gym, parking, school. Suitable for applicants prioritising practical access, clear tenancy terms and responsive management.",51.539392,-0.103576
P-1564,E14 8BL,London,Canary Wharf,flat,2,2,4025,,1033,True,True,True,False,True,2026-10-08,garden|parking|pet-friendly|river-view|school|transport,"A well-presented 2-bed flat in Canary Wharf priced at £4025 pcm. Highlights include garden, parking, pet-friendly, river-view, school, transport. Suitable for applicants prioritising practical access, clear tenancy terms and responsive management.",51.5121,-0.026387
P-1565,NW1 1EP,London,Camden,flat,1,2,3700,,680,False,True,False,False,True,2026-09-07,gym|parking|river-view,"A well-presented 1-bed flat in Camden priced at £3700 pcm. Highlights include gym, parking, river-view. Suitable for applicants prioritising practical access, clear tenancy terms and responsive management.",51.551138,-0.118453
P-1566,EC2A 4AK,London,Shoreditch,flat,1,2,3525,,598,True,False,False,True,False,2026-09-12,balcony|concierge|river-view|transport|workspace,"A well-presented 1-bed flat in Shoreditch priced at £3525 pcm. Highlights include balcony, concierge, river-view, transport, workspace. Suitable for applicants prioritising practical access, clear tenancy terms and responsive management.",51.509128,-0.068377
P-1567,E20 3BN,London,Stratford,house,2,2,3725,,897,True,True,True,True,True,2026-08-01,balcony|concierge|garden|parking|pet-friendly|school,"A well-presented 2-bed house in Stratford priced at £3725 pcm. Highlights include balcony, concierge, garden, parking, pet-friendly, school. Suitable for applicants prioritising practical access, clear tenancy terms and responsive management.",51.537278,0.002862
P-1568,SE10 9EP,London,Greenwich,studio,0,1,2375,,786,True,True,True,True,False,2026-09-20,balcony|garden|gym|parking|workspace,"A well-presented 0-bed studio in Greenwich priced at £2375 pcm. Highlights include balcony, garden, gym, parking, workspace. Suitable for applicants prioritising practical access, clear tenancy terms and responsive management.",51.492758,0.001296
P-1569,E14 8HL,London,Canary Wharf,maisonette,3,3,4150,,1244,True,True,False,False,True,2026-07-29,parking|pet-friendly|school,"A well-presented 3-bed maisonette in Canary Wharf priced at £4150 pcm. Highlights include parking, pet-friendly, school. Suitable for applicants prioritising practical access, clear tenancy terms and responsive management.",51.475045,-0.028839
P-1570,SW11 1DP,London,Battersea,flat,1,1,3200,,723,True,False,False,False,True,2026-08-02,concierge|pet-friendly|river-view|school|transport,"A well-presented 1-bed flat in Battersea priced at £3200 pcm. Highlights include concierge, pet-friendly, river-view, school, transport. Suitable for applicants prioritising practical access, clear tenancy terms and responsive management.",51.465613,-0.153925
P-1571,EC2A 6EK,London,Shoreditch,flat,2,2,3750,,927,True,True,True,True,False,2026-09-22,balcony|garden|gym|school|transport,"A well-presented 2-bed flat in Shoreditch priced at £3750 pcm. Highlights include balcony, garden, gym, school, transport. Suitable for applicants prioritising practical access, clear tenancy terms and responsive management.",51.522713,-0.08323
P-1572,EC2A 8BP,London,Shoreditch,maisonette,1,1,3675,,700,False,True,False,True,False,2026-10-06,balcony|parking|school,"A well-presented 1-bed maisonette in Shoreditch priced at £3675 pcm. Highlights include balcony, parking, school. Suitable for applicants prioritising practical access, clear tenancy terms and responsive management.",51.527583,-0.060715
P-1573,E20 3AM,London,Stratford,flat,1,1,2950,,615,False,True,False,False,True,2026-08-31,parking|pet-friendly|transport,"A well-presented 1-bed flat in Stratford priced at £2950 pcm. Highlights include parking, pet-friendly, transport. Suitable for applicants prioritising practical access, clear tenancy terms and responsive management.",51.552044,-0.014668
P-1574,SW19 4AM,London,Wimbledon,flat,4,3,4400,,1465,True,False,False,True,False,2026-09-21,gym|school|transport,"A well-presented 4-bed flat in Wimbledon priced at £4400 pcm. Highlights include gym, school, transport. Suitable for applicants prioritising practical access, clear tenancy terms and responsive management.",51.43571,-0.208562
P-1575,SW4 4BJ,London,Clapham,studio,0,1,2725,,664,True,True,False,True,True,2026-10-08,gym|parking|pet-friendly|river-view|transport|workspace,"A well-presented 0-bed studio in Clapham priced at £2725 pcm. Highlights include gym, parking, pet-friendly, river-view, transport, workspace. Suitable for applicants prioritising practical access, clear tenancy terms and responsive management.",51.46013,-0.151438
P-1576,SW11 8CK,London,Battersea,studio,0,1,3025,,623,True,False,False,True,False,2026-07-29,balcony|concierge|workspace,"A well-presented 0-bed studio in Battersea priced at £3025 pcm. Highlights include balcony, concierge, workspace. Suitable for applicants prioritising practical access, clear tenancy terms and responsive management.",51.443041,-0.171856
P-1577,E14 6EL,London,Canary Wharf,flat,1,1,3225,,660,True,True,True,True,True,2026-09-28,garden|gym|parking|pet-friendly|river-view|school,"A well-presented 1-bed flat in Canary Wharf priced at £3225 pcm. Highlights include garden, gym, parking, pet-friendly, river-view, school. Suitable for applicants prioritising practical access, clear tenancy terms and responsive management.",51.504659,-0.01487
P-1578,SW19 4BL,London,Wimbledon,flat,1,1,2875,,764,True,False,False,True,False,2026-10-17,balcony|school|transport|workspace,"A well-presented 1-bed flat in Wimbledon priced at £2875 pcm. Highlights include balcony, school, transport, workspace. Suitable for applicants prioritising practical access, clear tenancy terms and responsive management.",51.409221,-0.220101
P-1579,SW3 1HK,London,Chelsea,flat,1,1,4425,,576,True,True,True,True,True,2026-10-13,balcony|concierge|garden|parking|school|workspace,"A well-presented 1-bed flat in Chelsea priced at £4425 pcm. Highlights include balcony, concierge, garden, parking, school, workspace. Suitable for applicants prioritising practical access, clear tenancy terms and responsive management.",51.482027,-0.165434
P-1580,EC2A 7CJ,London,Shoreditch,flat,1,1,3325,,706,False,True,False,True,False,2026-07-25,balcony|concierge|parking|river-view|school|workspace,"A well-presented 1-bed flat in Shoreditch priced at £3325 pcm. Highlights include balcony, concierge, parking, river-view, school, workspace. Suitable for applicants prioritising practical access, clear tenancy terms and responsive management.",51.534174,-0.081944
P-1581,E20 1DK,London,Stratford,flat,1,1,2775,,612,True,False,True,False,True,2026-08-15,concierge|garden|river-view,"A well-presented 1-bed flat in Stratford priced at £2775 pcm. Highlights include concierge, garden, river-view. Suitable for applicants prioritising practical access, clear tenancy terms and responsive management.",51.548178,-0.035446
P-1582,EC2A 2AP,London,Shoreditch,house,3,3,4350,,1114,True,True,True,True,True,2026-09-10,balcony|gym|parking|school,"A well-presented 3-bed house in Shoreditch priced at £4350 pcm. Highlights include balcony, gym, parking, school. Suitable for applicants prioritising practical access, clear tenancy terms and responsive management.",51.509612,-0.074775
P-1583,CR0 6CN,London,Croydon,house,2,3,2575,,797,True,True,True,True,False,2026-09-17,balcony|garden|parking,"A well-presented 2-bed house in Croydon priced at £2575 pcm. Highlights include balcony, garden, parking. Suitable for applicants prioritising practical access, clear tenancy terms and responsive management.",51.375233,-0.113195
P-1584,SW11 4AN,London,Battersea,flat,1,2,3325,,494,True,False,True,True,False,2026-08-17,balcony|concierge|garden|school,"A well-presented 1-bed flat in Battersea priced at £3325 pcm. Highlights include balcony, concierge, garden, school. Suitable for applicants prioritising practical access, clear tenancy terms and responsive management.",51.470302,-0.138159
P-1585,SW6 9HK,London,Fulham,flat,2,3,4275,,969,False,True,False,True,False,2026-08-03,balcony|parking|transport|workspace,"A well-presented 2-bed flat in Fulham priced at £4275 pcm. Highlights include balcony, parking, transport, workspace. Suitable for applicants prioritising practical access, clear tenancy terms and responsive management.",51.484726,-0.229698
P-1586,SW4 8HK,London,Clapham,flat,3,3,3825,,1160,False,False,False,False,True,2026-09-09,concierge|pet-friendly|school,"A well-presented 3-bed flat in Clapham priced at £3825 pcm. Highlights include concierge, pet-friendly, school. Suitable for applicants prioritising practical access, clear tenancy terms and responsive management.",51.483032,-0.139345
P-1587,SW6 8DM,London,Fulham,flat,2,2,4475,,935,True,True,True,False,True,2026-09-01,garden|parking|pet-friendly|river-view|school|transport,"A well-presented 2-bed flat in Fulham priced at £4475 pcm. Highlights include garden, parking, pet-friendly, river-view, school, transport. Suitable for applicants prioritising practical access, clear tenancy terms and responsive management.",51.491417,-0.201597
P-1588,E8 4AM,London,Hackney,house,2,3,3225,,782,False,True,True,True,False,2026-10-11,garden|gym|parking|river-view,"A well-presented 2-bed house in Hackney priced at £3225 pcm. Highlights include garden, gym, parking, river-view. Suitable for applicants prioritising practical access, clear tenancy terms and responsive management.",51.539101,-0.049091
P-1589,NW1 1CM,London,Camden,flat,1,1,3675,,810,True,True,False,True,True,2026-08-26,balcony|concierge|parking|pet-friendly|school|workspace,"A well-presented 1-bed flat in Camden priced at £3675 pcm. Highlights include balcony, concierge, parking, pet-friendly, school, workspace. Suitable for applicants prioritising practical access, clear tenancy terms and responsive management.",51.565625,-0.145463
P-1590,CR0 1DL,London,Croydon,flat,1,1,1625,,749,False,False,True,True,True,2026-10-18,garden|gym|school,"A well-presented 1-bed flat in Croydon priced at £1625 pcm. Highlights include garden, gym, school. Suitable for applicants prioritising practical access, clear tenancy terms and responsive management.",51.365492,-0.090962
P-1591,NW1 7AM,London,Camden,flat,2,3,3450,,873,True,False,True,True,False,2026-09-27,balcony|concierge|garden|school|transport,"A well-presented 2-bed flat in Camden priced at £3450 pcm. Highlights include balcony, concierge, garden, school, transport. Suitable for applicants prioritising practical access, clear tenancy terms and responsive management.",51.531705,-0.152304
P-1592,SW4 8FJ,London,Clapham,maisonette,3,3,4250,,1184,True,False,True,True,False,2026-08-17,balcony|garden|gym|river-view|school|workspace,"A well-presented 3-bed maisonette in Clapham priced at £4250 pcm. Highlights include balcony, garden, gym, river-view, school, workspace. Suitable for applicants prioritising practical access, clear tenancy terms and responsive management.",51.46341,-0.129988
P-1593,E8 3EP,London,Hackney,house,1,1,3250,,638,True,False,True,True,True,2026-09-25,balcony|garden|pet-friendly|river-view|school|transport,"A well-presented 1-bed house in Hackney priced at £3250 pcm. Highlights include balcony, garden, pet-friendly, river-view, school, transport. Suitable for applicants prioritising practical access, clear tenancy terms and responsive management.",51.536385,-0.059449
P-1594,SW4 9EL,London,Clapham,flat,2,3,3825,,977,False,True,False,True,True,2026-07-26,balcony|parking|pet-friendly|school|workspace,"A well-presented 2-bed flat in Clapham priced at £3825 pcm. Highlights include balcony, parking, pet-friendly, school, workspace. Suitable for applicants prioritising practical access, clear tenancy terms and responsive management.",51.46884,-0.155601
P-1595,SW19 9GK,London,Wimbledon,house,1,1,3125,,655,True,True,True,True,True,2026-08-06,balcony|concierge|parking|pet-friendly,"A well-presented 1-bed house in Wimbledon priced at £3125 pcm. Highlights include balcony, concierge, parking, pet-friendly. Suitable for applicants prioritising practical access, clear tenancy terms and responsive management.",51.411337,-0.22236
P-1596,NW1 1CK,London,Camden,studio,0,1,2825,,710,True,True,True,False,False,2026-09-11,concierge|garden|gym|parking|transport|workspace,"A well-presented 0-bed studio in Camden priced at £2825 pcm. Highlights include concierge, garden, gym, parking, transport, workspace. Suitable for applicants prioritising practical access, clear tenancy terms and responsive management.",51.555248,-0.1302
P-1597,N1 3BK,London,Islington,flat,1,2,2675,,633,True,True,False,False,False,2026-09-15,concierge|gym|river-view|school|transport,"A well-presented 1-bed flat in Islington priced at £2675 pcm. Highlights include concierge, gym, river-view, school, transport. Suitable for applicants prioritising practical access, clear tenancy terms and responsive management.",51.546127,-0.122174
P-1598,SW3 4HL,London,Chelsea,house,3,3,5325,,1141,True,True,False,True,False,2026-07-24,balcony|concierge|parking|river-view|school|workspace,"A well-presented 3-bed house in Chelsea priced at £5325 pcm. Highlights include balcony, concierge, parking, river-view, school, workspace. Suitable for applicants prioritising practical access, clear tenancy terms and responsive management.",51.486665,-0.15268
P-1599,SE10 2EP,London,Greenwich,flat,2,2,2950,,976,True,True,True,True,True,2026-09-06,balcony|garden|parking|river-view|school|workspace,"A well-presented 2-bed flat in Greenwich priced at £2950 pcm. Highlights include balcony, garden, parking, river-view, school, workspace. Suitable for applicants prioritising practical access, clear tenancy terms and responsive management.",51.44963,-0.016695
P-1600,SW11 3BM,London,Battersea,house,2,3,4375,,910,False,False,False,False,True,2026-07-29,concierge|gym|pet-friendly|river-view|workspace,"A well-presented 2-bed house in Battersea priced at £4375 pcm. Highlights include concierge, gym, pet-friendly, river-view, workspace. Suitable for applicants prioritising practical access, clear tenancy terms and responsive management.",51.456608,-0.18768
P-1601,EC2A 4HM,London,Shoreditch,house,2,3,4050,,957,False,True,True,False,False,2026-08-08,garden|parking|school|workspace,"A well-presented 2-bed house in Shoreditch priced at £4050 pcm. Highlights include garden, parking, school, workspace. Suitable for applicants prioritising practical access, clear tenancy terms and responsive management.",51.529699,-0.004428
P-1602,NW1 1HJ,London,Camden,studio,0,1,2775,,639,True,True,False,True,True,2026-10-13,gym|parking|school,"A well-presented 0-bed studio in Camden priced at £2775 pcm. Highlights include gym, parking, school. Suitable for applicants prioritising practical access, clear tenancy terms and responsive management.",51.553396,-0.146536
P-1603,SW11 5BP,London,Battersea,flat,1,1,3625,,646,True,True,False,True,True,2026-09-03,balcony|gym|parking|pet-friendly|river-view|workspace,"A well-presented 1-bed flat in Battersea priced at £3625 pcm. Highlights include balcony, gym, parking, pet-friendly, river-view, workspace. Suitable for applicants prioritising practical access, clear tenancy terms and responsive management.",51.456962,-0.161769
P-1604,CR0 5CK,London,Croydon,house,2,2,2400,,896,True,True,True,False,False,2026-10-09,garden|gym|parking|river-view|school|workspace,"A well-presented 2-bed house in Croydon priced at £2400 pcm. Highlights include garden, gym, parking, river-view, school, workspace. Suitable for applicants prioritising practical access, clear tenancy terms and responsive management.",51.390855,-0.106969
P-1605,E20 3HL,London,Stratford,flat,2,2,3075,,968,True,False,False,False,True,2026-08-20,concierge|pet-friendly|school,"A well-presented 2-bed flat in Stratford priced at £3075 pcm. Highlights include concierge, pet-friendly, school. Suitable for applicants prioritising practical access, clear tenancy terms and responsive management.",51.532529,0.010343
P-1606,SW11 1GK,London,Battersea,flat,2,2,4250,,949,True,False,False,True,False,2026-09-09,balcony|gym|river-view|transport,"A well-presented 2-bed flat in Battersea priced at £4250 pcm. Highlights include balcony, gym, river-view, transport. Suitable for applicants prioritising practical access, clear tenancy terms and responsive management.",51.45612,-0.170692
P-1607,EC2A 2DJ,London,Shoreditch,studio,0,1,3025,,783,False,False,False,True,True,2026-08-14,gym|pet-friendly|school|transport,"A well-presented 0-bed studio in Shoreditch priced at £3025 pcm. Highlights include gym, pet-friendly, school, transport. Suitable for applicants prioritising practical access, clear tenancy terms and responsive management.",51.514974,-0.06169
P-1608,SW11 7BK,London,Battersea,flat,1,1,3750,,695,True,True,True,False,False,2026-08-06,concierge|garden|gym|parking|school|workspace,"A well-presented 1-bed flat in Battersea priced at £3750 pcm. Highlights include concierge, garden, gym, parking, school, workspace. Suitable for applicants prioritising practical access, clear tenancy terms and responsive management.",51.47214,-0.19402
P-1609,NW1 2EP,London,Camden,flat,2,3,3825,,903,True,True,False,False,True,2026-09-09,parking|pet-friendly|transport,"A well-presented 2-bed flat in Camden priced at £3825 pcm. Highlights include parking, pet-friendly, transport. Suitable for applicants prioritising practical access, clear tenancy terms and responsive management.",51.528329,-0.125405
P-1610,E14 3EJ,London,Canary Wharf,flat,1,2,3550,,763,True,False,True,False,True,2026-09-03,garden|pet-friendly|river-view|transport,"A well-presented 1-bed flat in Canary Wharf priced at £3550 pcm. Highlights include garden, pet-friendly, river-view, transport. Suitable for applicants prioritising practical access, clear tenancy terms and responsive management.",51.49234,-0.046529
P-1611,CR0 2FJ,London,Croydon,studio,0,1,1325,,648,False,True,False,False,True,2026-10-06,concierge|parking|pet-friendly|river-view|school|workspace,"A well-presented 0-bed studio in Croydon priced at £1325 pcm. Highlights include concierge, parking, pet-friendly, river-view, school, workspace. Suitable for applicants prioritising practical access, clear tenancy terms and responsive management.",51.388159,-0.106597
P-1612,SW3 7DN,London,Chelsea,flat,3,3,5375,,1107,True,False,False,True,False,2026-07-31,balcony|school|transport|workspace,"A well-presented 3-bed flat in Chelsea priced at £5375 pcm. Highlights include balcony, school, transport, workspace. Suitable for applicants prioritising practical access, clear tenancy terms and responsive management.",51.474355,-0.163329
P-1613,SE10 8FK,London,Greenwich,flat,4,3,4000,,1220,True,True,False,True,True,2026-09-02,balcony|concierge|gym|parking|pet-friendly,"A well-presented 4-bed flat in Greenwich priced at £4000 pcm. Highlights include balcony, concierge, gym, parking, pet-friendly. Suitable for applicants prioritising practical access, clear tenancy terms and responsive management.",51.480357,-0.037049
P-1614,CR0 6DK,London,Croydon,house,2,3,2825,,1005,False,False,True,False,True,2026-07-30,garden|pet-friendly|school,"A well-presented 2-bed house in Croydon priced at £2825 pcm. Highlights include garden, pet-friendly, school. Suitable for applicants prioritising practical access, clear tenancy terms and responsive management.",51.386582,-0.0952
P-1615,CR0 8BK,London,Croydon,maisonette,3,3,2800,,1339,True,True,False,True,True,2026-10-13,gym|parking|pet-friendly|workspace,"A well-presented 3-bed maisonette in Croydon priced at £2800 pcm. Highlights include gym, parking, pet-friendly, workspace. Suitable for applicants prioritising practical access, clear tenancy terms and responsive management.",51.387386,-0.102458
P-1616,SE10 3DK,London,Greenwich,maisonette,3,3,3475,,1247,True,False,False,True,False,2026-08-15,balcony|concierge|gym|workspace,"A well-presented 3-bed maisonette in Greenwich priced at £3475 pcm. Highlights include balcony, concierge, gym, workspace. Suitable for applicants prioritising practical access, clear tenancy terms and responsive management.",51.469347,0.008931
P-1617,SW19 3HM,London,Wimbledon,flat,1,1,2900,,595,True,False,False,True,False,2026-09-26,balcony|concierge|river-view|school|workspace,"A well-presented 1-bed flat in Wimbledon priced at £2900 pcm. Highlights include balcony, concierge, river-view, school, workspace. Suitable for applicants prioritising practical access, clear tenancy terms and responsive management.",51.436077,-0.211059
P-1618,SW19 9CN,London,Wimbledon,house,1,2,3100,,817,False,False,False,True,True,2026-08-15,balcony|pet-friendly|river-view|transport,"A well-presented 1-bed house in Wimbledon priced at £3100 pcm. Highlights include balcony, pet-friendly, river-view, transport. Suitable for applicants prioritising practical access, clear tenancy terms and responsive management.",51.420648,-0.239711
P-1619,N1 4CK,London,Islington,flat,1,1,2875,,838,True,False,True,False,True,2026-07-25,garden|pet-friendly|river-view|school|workspace,"A well-presented 1-bed flat in Islington priced at £2875 pcm. Highlights include garden, pet-friendly, river-view, school, workspace. Suitable for applicants prioritising practical access, clear tenancy terms and responsive management.",51.557436,-0.103896
P-1620,SW6 2GJ,London,Fulham,house,1,1,3950,,780,True,True,False,True,True,2026-09-11,balcony|parking|pet-friendly|river-view|school,"A well-presented 1-bed house in Fulham priced at £3950 pcm. Highlights include balcony, parking, pet-friendly, river-view, school. Suitable for applicants prioritising practical access, clear tenancy terms and responsive management.",51.502913,-0.180422
P-1621,SW19 7DK,London,Wimbledon,flat,3,3,3450,,1123,True,True,True,False,True,2026-07-28,concierge|garden|parking|pet-friendly|river-view|school,"A well-presented 3-bed flat in Wimbledon priced at £3450 pcm. Highlights include concierge, garden, parking, pet-friendly, river-view, school. Suitable for applicants prioritising practical access, clear tenancy terms and responsive management.",51.419927,-0.204719
P-1622,NW1 3AJ,London,Camden,flat,2,2,3350,,932,False,True,True,True,False,2026-10-14,concierge|garden|river-view,"A well-presented 2-bed flat in Camden priced at £3350 pcm. Highlights include concierge, garden, river-view. Suitable for applicants prioritising practical access, clear tenancy terms and responsive management.",51.540787,-0.15483
P-1623,SW11 7EP,London,Battersea,house,2,2,4075,,923,True,False,False,True,True,2026-08-04,balcony|gym|pet-friendly|river-view|school|workspace,"A well-presented 2-bed house in Battersea priced at £4075 pcm. Highlights include balcony, gym, pet-friendly, river-view, school, workspace. Suitable for applicants prioritising practical access, clear tenancy terms and responsive management.",51.452377,-0.166305
P-1624,E20 3HJ,London,Stratford,flat,1,1,2325,,726,True,True,True,True,True,2026-08-01,balcony|concierge|garden|parking|river-view,"A well-presented 1-bed flat in Stratford priced at £2325 pcm. Highlights include balcony, concierge, garden, parking, river-view. Suitable for applicants prioritising practical access, clear tenancy terms and responsive management.",51.540508,0.004812
P-1625,SW4 2HN,London,Clapham,flat,1,1,3175,,831,True,True,True,True,True,2026-08-16,concierge|garden|gym|pet-friendly|river-view|school,"A well-presented 1-bed flat in Clapham priced at £3175 pcm. Highlights include concierge, garden, gym, pet-friendly, river-view, school. Suitable for applicants prioritising practical access, clear tenancy terms and responsive management.",51.469279,-0.162039
P-1626,EC2A 3BL,London,Shoreditch,flat,1,1,2950,,762,True,False,True,True,True,2026-09-10,balcony|garden|pet-friendly|workspace,"A well-presented 1-bed flat in Shoreditch priced at £2950 pcm. Highlights include balcony, garden, pet-friendly, workspace. Suitable for applicants prioritising practical access, clear tenancy terms and responsive management.",51.528755,-0.067299
P-1627,E20 5AP,London,Stratford,flat,2,3,2875,,828,False,True,False,True,True,2026-07-29,balcony|parking|river-view|school|transport,"A well-presented 2-bed flat in Stratford priced at £2875 pcm. Highlights include balcony, parking, river-view, school, transport. Suitable for applicants prioritising practical access, clear tenancy terms and responsive management.",51.534297,0.015391
P-1628,E20 7FL,London,Stratford,flat,1,2,2750,,611,False,False,True,True,True,2026-09-05,garden|pet-friendly|school,"A well-presented 1-bed flat in Stratford priced at £2750 pcm. Highlights include garden, pet-friendly, school. Suitable for applicants prioritising practical access, clear tenancy terms and responsive management.",51.556106,-0.004464
P-1629,NW1 3AN,London,Camden,house,1,1,3500,,642,False,True,False,False,True,2026-09-29,concierge|pet-friendly|school|transport|workspace,"A well-presented 1-bed house in Camden priced at £3500 pcm. Highlights include concierge, pet-friendly, school, transport, workspace. Suitable for applicants prioritising practical access, clear tenancy terms and responsive management.",51.534063,-0.12183
P-1630,N1 6AP,London,Islington,maisonette,2,2,3775,,925,True,True,True,True,False,2026-07-29,garden|parking|river-view|school,"A well-presented 2-bed maisonette in Islington priced at £3775 pcm. Highlights include garden, parking, river-view, school. Suitable for applicants prioritising practical access, clear tenancy terms and responsive management.",51.550533,-0.070571
P-1631,SW4 7HP,London,Clapham,studio,0,1,2200,,627,True,True,False,True,True,2026-08-05,balcony|parking|river-view|school|workspace,"A well-presented 0-bed studio in Clapham priced at £2200 pcm. Highlights include balcony, parking, river-view, school, workspace. Suitable for applicants prioritising practical access, clear tenancy terms and responsive management.",51.468042,-0.155681
P-1632,SW11 8CM,London,Battersea,flat,4,3,5375,,1499,True,True,False,False,False,2026-09-23,concierge|gym|school|transport,"A well-presented 4-bed flat in Battersea priced at £5375 pcm. Highlights include concierge, gym, school, transport. Suitable for applicants prioritising practical access, clear tenancy terms and responsive management.",51.462182,-0.180418
P-1633,CR0 6GL,London,Croydon,flat,1,1,2350,,692,True,False,False,True,True,2026-08-25,balcony|concierge|gym|transport,"A well-presented 1-bed flat in Croydon priced at £2350 pcm. Highlights include balcony, concierge, gym, transport. Suitable for applicants prioritising practical access, clear tenancy terms and responsive management.",51.369162,-0.094164
P-1634,CR0 2FM,London,Croydon,flat,1,2,1600,,771,True,False,False,False,False,2026-09-10,concierge|river-view|school,"A well-presented 1-bed flat in Croydon priced at £1600 pcm. Highlights include concierge, river-view, school. Suitable for applicants prioritising practical access, clear tenancy terms and responsive management.",51.38104,-0.090503
P-1635,CR0 4BN,London,Croydon,flat,2,2,2250,,883,True,False,True,True,True,2026-08-09,balcony|concierge|garden|pet-friendly|transport|workspace,"A well-presented 2-bed flat in Croydon priced at £2250 pcm. Highlights include balcony, concierge, garden, pet-friendly, transport, workspace. Suitable for applicants prioritising practical access, clear tenancy terms and responsive management.",51.372737,-0.112308
P-1636,NW1 6CN,London,Camden,maisonette,2,3,3900,,1042,False,False,True,True,False,2026-10-09,balcony|garden|transport,"A well-presented 2-bed maisonette in Camden priced at £3900 pcm. Highlights include balcony, garden, transport. Suitable for applicants prioritising practical access, clear tenancy terms and responsive management.",51.537014,-0.154829
P-1637,SW19 5CP,London,Wimbledon,flat,1,2,3125,,653,False,False,False,False,True,2026-10-21,concierge|gym|pet-friendly|river-view|school|transport,"A well-presented 1-bed flat in Wimbledon priced at £3125 pcm. Highlights include concierge, gym, pet-friendly, river-view, school, transport. Suitable for applicants prioritising practical access, clear tenancy terms and responsive management.",51.420279,-0.215928
P-1638,E14 4HL,London,Canary Wharf,flat,1,2,3325,,761,True,True,True,False,True,2026-09-10,garden|gym|parking|pet-friendly|school,"A well-presented 1-bed flat in Canary Wharf priced at £3325 pcm. Highlights include garden, gym, parking, pet-friendly, school. Suitable for applicants prioritising practical access, clear tenancy terms and responsive management.",51.505571,-0.051874
P-1639,E14 3HP,London,Canary Wharf,maisonette,2,2,3775,,995,True,True,False,True,True,2026-08-31,balcony|concierge|parking|pet-friendly|school,"A well-presented 2-bed maisonette in Canary Wharf priced at £3775 pcm. Highlights include balcony, concierge, parking, pet-friendly, school. Suitable for applicants prioritising practical access, clear tenancy terms and responsive management.",51.490168,0.007145
P-1640,CR0 2EL,London,Croydon,house,3,3,3550,,1228,True,False,True,False,True,2026-08-17,concierge|pet-friendly|school|transport,"A well-presented 3-bed house in Croydon priced at £3550 pcm. Highlights include concierge, pet-friendly, school, transport. Suitable for applicants prioritising practical access, clear tenancy terms and responsive management.",51.395717,-0.107247
P-1641,SW11 8CN,London,Battersea,house,3,3,4550,,1180,False,True,True,False,True,2026-09-18,concierge|garden|gym|parking|pet-friendly|transport,"A well-presented 3-bed house in Battersea priced at £4550 pcm. Highlights include concierge, garden, gym, parking, pet-friendly, transport. Suitable for applicants prioritising practical access, clear tenancy terms and responsive management.",51.478206,-0.165174
P-1642,SW11 2CM,London,Battersea,flat,2,2,4250,,922,True,True,False,True,False,2026-10-18,balcony|parking|school|workspace,"A well-presented 2-bed flat in Battersea priced at £4250 pcm. Highlights include balcony, parking, school, workspace. Suitable for applicants prioritising practical access, clear tenancy terms and responsive management.",51.471656,-0.176219
P-1643,SE10 6GK,London,Greenwich,maisonette,2,3,2600,,951,False,True,False,True,False,2026-09-13,concierge|parking|river-view,"A well-presented 2-bed maisonette in Greenwich priced at £2600 pcm. Highlights include concierge, parking, river-view. Suitable for applicants prioritising practical access, clear tenancy terms and responsive management.",51.460784,0.005975
P-1644,EC2A 3GP,London,Shoreditch,studio,0,1,3400,,624,True,False,False,True,True,2026-10-16,balcony|gym|pet-friendly,"A well-presented 0-bed studio in Shoreditch priced at £3400 pcm. Highlights include balcony, gym, pet-friendly. Suitable for applicants prioritising practical access, clear tenancy terms and responsive management.",51.539296,-0.096319
P-1645,E20 9DJ,London,Stratford,house,3,3,3600,,1246,True,True,True,False,True,2026-10-05,garden|parking|pet-friendly|river-view|school|transport,"A well-presented 3-bed house in Stratford priced at £3600 pcm. Highlights include garden, parking, pet-friendly, river-view, school, transport. Suitable for applicants prioritising practical access, clear tenancy terms and responsive management.",51.532817,0.0121
P-1646,SW19 3BL,London,Wimbledon,flat,4,3,4350,,1433,True,False,False,False,True,2026-09-30,concierge|pet-friendly|workspace,"A well-presented 4-bed flat in Wimbledon priced at £4350 pcm. Highlights include concierge, pet-friendly, workspace. Suitable for applicants prioritising practical access, clear tenancy terms and responsive management.",51.436788,-0.186821
P-1647,SE10 2DP,London,Greenwich,flat,1,1,2350,,725,True,False,False,False,True,2026-08-16,pet-friendly|river-view|school,"A well-presented 1-bed flat in Greenwich priced at £2350 pcm. Highlights include pet-friendly, river-view, school. Suitable for applicants prioritising practical access, clear tenancy terms and responsive management.",51.488007,-0.041357
P-1648,SW19 3BN,London,Wimbledon,flat,2,2,3375,,912,True,True,False,True,True,2026-07-28,parking|river-view|school,"A well-presented 2-bed flat in Wimbledon priced at £3375 pcm. Highlights include parking, river-view, school. Suitable for applicants prioritising practical access, clear tenancy terms and responsive management.",51.439353,-0.214968
P-1649,E20 9EP,London,Stratford,maisonette,3,3,3600,,1139,True,True,False,True,False,2026-09-18,balcony|concierge|parking|school|workspace,"A well-presented 3-bed maisonette in Stratford priced at £3600 pcm. Highlights include balcony, concierge, parking, school, workspace. Suitable for applicants prioritising practical access, clear tenancy terms and responsive management.",51.553884,0.026497
P-1650,SE10 1DK,London,Greenwich,flat,1,1,2575,,639,True,True,False,True,True,2026-08-20,balcony|parking|school|transport|workspace,"A well-presented 1-bed flat in Greenwich priced at £2575 pcm. Highlights include balcony, parking, school, transport, workspace. Suitable for applicants prioritising practical access, clear tenancy terms and responsive management.",51.475473,-0.009612
P-1651,SE10 5GP,London,Greenwich,studio,0,1,1750,,785,False,True,True,False,False,2026-09-13,garden|gym|parking|workspace,"A well-presented 0-bed studio in Greenwich priced at £1750 pcm. Highlights include garden, gym, parking, workspace. Suitable for applicants prioritising practical access, clear tenancy terms and responsive management.",51.483472,-0.015107
P-1652,SW3 4FN,London,Chelsea,studio,0,1,4025,,760,True,True,True,False,True,2026-10-14,concierge|garden|pet-friendly,"A well-presented 0-bed studio in Chelsea priced at £4025 pcm. Highlights include concierge, garden, pet-friendly. Suitable for applicants prioritising practical access, clear tenancy terms and responsive management.",51.488662,-0.177769
P-1653,SW6 5BN,London,Fulham,flat,2,2,4175,,975,True,True,True,True,True,2026-10-19,balcony|concierge|garden|parking|pet-friendly|transport,"A well-presented 2-bed flat in Fulham priced at £4175 pcm. Highlights include balcony, concierge, garden, parking, pet-friendly, transport. Suitable for applicants prioritising practical access, clear tenancy terms and responsive management.",51.491419,-0.213381
P-1654,SW6 5AJ,London,Fulham,flat,1,1,3675,,742,True,True,False,False,True,2026-08-21,concierge|gym|parking|pet-friendly|school,"A well-presented 1-bed flat in Fulham priced at £3675 pcm. Highlights include concierge, gym, parking, pet-friendly, school. Suitable for applicants prioritising practical access, clear tenancy terms and responsive management.",51.472437,-0.193741
P-1655,E8 5EN,London,Hackney,maisonette,2,2,3475,,977,True,False,True,True,False,2026-07-30,concierge|garden|school,"A well-presented 2-bed maisonette in Hackney priced at £3475 pcm. Highlights include concierge, garden, school. Suitable for applicants prioritising practical access, clear tenancy terms and responsive management.",51.536508,-0.068119
P-1656,SE10 9CP,London,Greenwich,flat,3,3,3025,,1151,True,True,True,True,True,2026-08-11,balcony|concierge|garden|gym|parking|pet-friendly,"A well-presented 3-bed flat in Greenwich priced at £3025 pcm. Highlights include balcony, concierge, garden, gym, parking, pet-friendly. Suitable for applicants prioritising practical access, clear tenancy terms and responsive management.",51.490728,-0.021651
P-1657,E8 8FM,London,Hackney,studio,0,1,1750,,650,True,True,True,True,False,2026-08-29,balcony|garden|parking|school|transport,"A well-presented 0-bed studio in Hackney priced at £1750 pcm. Highlights include balcony, garden, parking, school, transport. Suitable for applicants prioritising practical access, clear tenancy terms and responsive management.",51.532537,-0.084663
P-1658,N1 2DJ,London,Islington,maisonette,2,2,3725,,845,False,False,True,True,False,2026-10-05,balcony|garden|gym|workspace,"A well-presented 2-bed maisonette in Islington priced at £3725 pcm. Highlights include balcony, garden, gym, workspace. Suitable for applicants prioritising practical access, clear tenancy terms and responsive management.",51.553801,-0.092942
P-1659,E14 8HN,London,Canary Wharf,flat,1,2,3150,,624,True,True,False,True,False,2026-10-18,balcony|parking|river-view|school|transport,"A well-presented 1-bed flat in Canary Wharf priced at £3150 pcm. Highlights include balcony, parking, river-view, school, transport. Suitable for applicants prioritising practical access, clear tenancy terms and responsive management.",51.491548,-0.055033
P-1660,SW6 9AN,London,Fulham,flat,2,2,4575,,871,False,True,True,True,True,2026-08-14,balcony|garden|parking|school|transport|workspace,"A well-presented 2-bed flat in Fulham priced at £4575 pcm. Highlights include balcony, garden, parking, school, transport, workspace. Suitable for applicants prioritising practical access, clear tenancy terms and responsive management.",51.486302,-0.215481
P-1661,CR0 1GM,London,Croydon,maisonette,1,1,1925,,619,True,True,False,False,True,2026-08-14,concierge|gym|parking|pet-friendly,"A well-presented 1-bed maisonette in Croydon priced at £1925 pcm. Highlights include concierge, gym, parking, pet-friendly. Suitable for applicants prioritising practical access, clear tenancy terms and responsive management.",51.358599,-0.107225
P-1662,NW1 1GK,London,Camden,maisonette,2,2,3750,,1017,True,False,False,True,True,2026-10-14,balcony|concierge|gym|pet-friendly|school,"A well-presented 2-bed maisonette in Camden priced at £3750 pcm. Highlights include balcony, concierge, gym, pet-friendly, school. Suitable for applicants prioritising practical access, clear tenancy terms and responsive management.",51.534494,-0.121318
P-1663,SW6 3GL,London,Fulham,house,1,1,3525,,786,True,False,True,False,True,2026-08-05,river-view|transport|workspace,"A well-presented 1-bed house in Fulham priced at £3525 pcm. Highlights include river-view, transport, workspace. Suitable for applicants prioritising practical access, clear tenancy terms and responsive management.",51.465639,-0.178913
P-1664,E8 5DM,London,Hackney,flat,1,1,3075,,769,True,False,False,True,False,2026-09-09,concierge|school|workspace,"A well-presented 1-bed flat in Hackney priced at £3075 pcm. Highlights include concierge, school, workspace. Suitable for applicants prioritising practical access, clear tenancy terms and responsive management.",51.557633,-0.051273
P-1665,N1 7AL,London,Islington,flat,1,2,3825,,630,True,False,True,True,True,2026-08-18,balcony|garden|gym|school,"A well-presented 1-bed flat in Islington priced at £3825 pcm. Highlights include balcony, garden, gym, school. Suitable for applicants prioritising practical access, clear tenancy terms and responsive management.",51.52808,-0.13964
P-1666,E20 4HP,London,Stratford,flat,1,1,3075,,696,False,False,False,True,True,2026-08-08,concierge|pet-friendly|school,"A well-presented 1-bed flat in Stratford priced at £3075 pcm. Highlights include concierge, pet-friendly, school. Suitable for applicants prioritising practical access, clear tenancy terms and responsive management.",51.552437,0.006471
P-1667,E8 2AK,London,Hackney,flat,2,2,3100,,885,True,True,True,True,True,2026-09-06,balcony|concierge|garden|parking|pet-friendly|school,"A well-presented 2-bed flat in Hackney priced at £3100 pcm. Highlights include balcony, concierge, garden, parking, pet-friendly, school. Suitable for applicants prioritising practical access, clear tenancy terms and responsive management.",51.535728,-0.040357
P-1668,SW6 5EM,London,Fulham,flat,3,3,4475,,1271,False,True,True,False,True,2026-09-16,garden|parking|pet-friendly|transport,"A well-presented 3-bed flat in Fulham priced at £4475 pcm. Highlights include garden, parking, pet-friendly, transport. Suitable for applicants prioritising practical access, clear tenancy terms and responsive management.",51.490819,-0.164608
P-1669,EC2A 7DM,London,Shoreditch,flat,2,3,4050,,1082,True,False,True,True,True,2026-08-06,balcony|garden|gym|pet-friendly,"A well-presented 2-bed flat in Shoreditch priced at £4050 pcm. Highlights include balcony, garden, gym, pet-friendly. Suitable for applicants prioritising practical access, clear tenancy terms and responsive management.",51.503721,-0.08454
P-1670,SW11 7AN,London,Battersea,house,3,3,4675,,1117,True,True,False,True,False,2026-08-04,balcony|concierge|transport|workspace,"A well-presented 3-bed house in Battersea priced at £4675 pcm. Highlights include balcony, concierge, transport, workspace. Suitable for applicants prioritising practical access, clear tenancy terms and responsive management.",51.471224,-0.191393
P-1671,E14 7AL,London,Canary Wharf,flat,3,3,4225,,1120,True,True,False,True,True,2026-08-27,balcony|parking|pet-friendly|school|workspace,"A well-presented 3-bed flat in Canary Wharf priced at £4225 pcm. Highlights include balcony, parking, pet-friendly, school, workspace. Suitable for applicants prioritising practical access, clear tenancy terms and responsive management.",51.495238,-0.001007
P-1672,NW1 1FK,London,Camden,flat,2,2,3550,,982,True,True,False,True,True,2026-09-22,balcony|gym|parking|pet-friendly|transport,"A well-presented 2-bed flat in Camden priced at £3550 pcm. Highlights include balcony, gym, parking, pet-friendly, transport. Suitable for applicants prioritising practical access, clear tenancy terms and responsive management.",51.535199,-0.143006
P-1673,N1 2AP,London,Islington,house,1,2,2950,,832,False,False,True,True,True,2026-08-09,concierge|garden|pet-friendly,"A well-presented 1-bed house in Islington priced at £2950 pcm. Highlights include concierge, garden, pet-friendly. Suitable for applicants prioritising practical access, clear tenancy terms and responsive management.",51.531135,-0.102389
P-1674,NW1 2CP,London,Camden,flat,1,2,3225,,686,True,True,False,False,True,2026-10-09,gym|parking|river-view|school|workspace,"A well-presented 1-bed flat in Camden priced at £3225 pcm. Highlights include gym, parking, river-view, school, workspace. Suitable for applicants prioritising practical access, clear tenancy terms and responsive management.",51.558466,-0.107479
P-1675,E20 8DN,London,Stratford,flat,2,3,2775,,1024,False,False,False,True,False,2026-08-12,balcony|gym|river-view|transport,"A well-presented 2-bed flat in Stratford priced at £2775 pcm. Highlights include balcony, gym, river-view, transport. Suitable for applicants prioritising practical access, clear tenancy terms and responsive management.",51.539226,0.010595
P-1676,E14 7AK,London,Canary Wharf,flat,1,2,3025,,762,False,True,True,True,True,2026-08-28,balcony|concierge|garden|parking|school|transport,"A well-presented 1-bed flat in Canary Wharf priced at £3025 pcm. Highlights include balcony, concierge, garden, parking, school, transport. Suitable for applicants prioritising practical access, clear tenancy terms and responsive management.",51.528219,-0.019093
P-1677,SW11 9BK,London,Battersea,maisonette,3,3,4650,,1284,True,True,False,True,False,2026-09-27,balcony|parking|river-view|transport|workspace,"A well-presented 3-bed maisonette in Battersea priced at £4650 pcm. Highlights include balcony, parking, river-view, transport, workspace. Suitable for applicants prioritising practical access, clear tenancy terms and responsive management.",51.468211,-0.165034
P-1678,E8 1HN,London,Hackney,flat,1,2,3100,,588,True,False,True,True,True,2026-09-29,balcony|garden|gym|pet-friendly|transport|workspace,"A well-presented 1-bed flat in Hackney priced at £3100 pcm. Highlights include balcony, garden, gym, pet-friendly, transport, workspace. Suitable for applicants prioritising practical access, clear tenancy terms and responsive management.",51.559551,-0.024073
P-1679,N1 1CL,London,Islington,studio,0,1,2575,,773,True,True,True,True,True,2026-08-27,balcony|garden|river-view|school|transport,"A well-presented 0-bed studio in Islington priced at £2575 pcm. Highlights include balcony, garden, river-view, school, transport. Suitable for applicants prioritising practical access, clear tenancy terms and responsive management.",51.554485,-0.070858
P-1680,SW4 6BP,London,Clapham,flat,1,2,3075,,702,True,False,False,True,False,2026-08-26,balcony|gym|school|transport,"A well-presented 1-bed flat in Clapham priced at £3075 pcm. Highlights include balcony, gym, school, transport. Suitable for applicants prioritising practical access, clear tenancy terms and responsive management.",51.481022,-0.149825
P-1681,SW11 3EJ,London,Battersea,flat,3,3,4250,,1308,True,True,False,False,True,2026-10-16,concierge|parking|pet-friendly|school|transport,"A well-presented 3-bed flat in Battersea priced at £4250 pcm. Highlights include concierge, parking, pet-friendly, school, transport. Suitable for applicants prioritising practical access, clear tenancy terms and responsive management.",51.477842,-0.165283
P-1682,SW4 5DN,London,Clapham,maisonette,4,3,4725,,1681,False,False,True,True,True,2026-09-12,balcony|garden|pet-friendly,"A well-presented 4-bed maisonette in Clapham priced at £4725 pcm. Highlights include balcony, garden, pet-friendly. Suitable for applicants prioritising practical access, clear tenancy terms and responsive management.",51.46379,-0.153151
P-1683,SE10 3DN,London,Greenwich,flat,2,2,2700,,1060,True,True,False,True,False,2026-08-16,balcony|concierge|gym|parking|river-view|transport,"A well-presented 2-bed flat in Greenwich priced at £2700 pcm. Highlights include balcony, concierge, gym, parking, river-view, transport. Suitable for applicants prioritising practical access, clear tenancy terms and responsive management.",51.478639,-0.01151
P-1684,CR0 7DM,London,Croydon,flat,1,2,2175,,701,True,True,True,True,True,2026-09-13,concierge|garden|parking|pet-friendly|workspace,"A well-presented 1-bed flat in Croydon priced at £2175 pcm. Highlights include concierge, garden, parking, pet-friendly, workspace. Suitable for applicants prioritising practical access, clear tenancy terms and responsive management.",51.389028,-0.096559
P-1685,E20 1CK,London,Stratford,house,4,3,4400,,1487,True,False,False,True,True,2026-08-27,balcony|gym|pet-friendly|transport,"A well-presented 4-bed house in Stratford priced at £4400 pcm. Highlights include balcony, gym, pet-friendly, transport. Suitable for applicants prioritising practical access, clear tenancy terms and responsive management.",51.526816,-0.022656
P-1686,SE10 8CL,London,Greenwich,maisonette,2,2,3425,,1031,False,True,False,True,True,2026-09-23,gym|parking|transport,"A well-presented 2-bed maisonette in Greenwich priced at £3425 pcm. Highlights include gym, parking, transport. Suitable for applicants prioritising practical access, clear tenancy terms and responsive management.",51.473092,-0.014884
P-1687,SE10 7CJ,London,Greenwich,flat,2,2,3175,,857,True,False,False,False,True,2026-07-27,gym|pet-friendly|river-view|school|transport,"A well-presented 2-bed flat in Greenwich priced at £3175 pcm. Highlights include gym, pet-friendly, river-view, school, transport. Suitable for applicants prioritising practical access, clear tenancy terms and responsive management.",51.49581,0.011405
P-1688,EC2A 2HK,London,Shoreditch,flat,3,3,4300,,1286,True,True,True,True,False,2026-08-21,balcony|garden|parking|workspace,"A well-presented 3-bed flat in Shoreditch priced at £4300 pcm. Highlights include balcony, garden, parking, workspace. Suitable for applicants prioritising practical access, clear tenancy terms and responsive management.",51.53254,-0.04919
P-1689,E20 3CM,London,Stratford,maisonette,1,2,3325,,598,False,True,False,False,False,2026-09-04,concierge|gym|parking|transport|workspace,"A well-presented 1-bed maisonette in Stratford priced at £3325 pcm. Highlights include concierge, gym, parking, transport, workspace. Suitable for applicants prioritising practical access, clear tenancy terms and responsive management.",51.536962,0.004196
P-1690,SW19 2AK,London,Wimbledon,flat,1,2,3700,,628,False,False,True,False,True,2026-08-11,concierge|garden|pet-friendly|school|transport|workspace,"A well-presented 1-bed flat in Wimbledon priced at £3700 pcm. Highlights include concierge, garden, pet-friendly, school, transport, workspace. Suitable for applicants prioritising practical access, clear tenancy terms and responsive management.",51.41116,-0.204865
P-1691,NW1 5CJ,London,Camden,studio,0,1,2800,,607,True,False,False,False,True,2026-08-09,pet-friendly|river-view|school|workspace,"A well-presented 0-bed studio in Camden priced at £2800 pcm. Highlights include pet-friendly, river-view, school, workspace. Suitable for applicants prioritising practical access, clear tenancy terms and responsive management.",51.520412,-0.137956
P-1692,SE10 6CP,London,Greenwich,house,2,2,3625,,938,False,True,False,True,True,2026-09-11,balcony|parking|pet-friendly|river-view|workspace,"A well-presented 2-bed house in Greenwich priced at £3625 pcm. Highlights include balcony, parking, pet-friendly, river-view, workspace. Suitable for applicants prioritising practical access, clear tenancy terms and responsive management.",51.472547,-0.027129
P-1693,E8 4BK,London,Hackney,flat,2,2,3775,,985,True,False,True,True,False,2026-07-24,balcony|garden|river-view|school|transport|workspace,"A well-presented 2-bed flat in Hackney priced at £3775 pcm. Highlights include balcony, garden, river-view, school, transport, workspace. Suitable for applicants prioritising practical access, clear tenancy terms and responsive management.",51.561795,-0.079458
P-1694,EC2A 6FK,London,Shoreditch,maisonette,2,2,4025,,866,False,True,False,False,True,2026-09-20,parking|river-view|school,"A well-presented 2-bed maisonette in Shoreditch priced at £4025 pcm. Highlights include parking, river-view, school. Suitable for applicants prioritising practical access, clear tenancy terms and responsive management.",51.499295,-0.060539
P-1695,SE10 1GL,London,Greenwich,house,3,3,3275,,1298,True,True,False,True,True,2026-10-21,balcony|gym|parking|school|transport|workspace,"A well-presented 3-bed house in Greenwich priced at £3275 pcm. Highlights include balcony, gym, parking, school, transport, workspace. Suitable for applicants prioritising practical access, clear tenancy terms and responsive management.",51.471024,0.021612
P-1696,E20 7CK,London,Stratford,flat,3,3,3050,,1105,True,True,False,True,True,2026-08-10,concierge|river-view|transport,"A well-presented 3-bed flat in Stratford priced at £3050 pcm. Highlights include concierge, river-view, transport. Suitable for applicants prioritising practical access, clear tenancy terms and responsive management.",51.543916,-0.020919
P-1697,SW11 5BK,London,Battersea,flat,4,3,4775,,1446,True,True,False,True,True,2026-10-14,balcony|parking|pet-friendly|river-view|workspace,"A well-presented 4-bed flat in Battersea priced at £4775 pcm. Highlights include balcony, parking, pet-friendly, river-view, workspace. Suitable for applicants prioritising practical access, clear tenancy terms and responsive management.",51.464743,-0.206017
P-1698,E14 9EN,London,Canary Wharf,flat,1,2,2750,,625,False,False,False,True,False,2026-09-01,balcony|concierge|school|transport,"A well-presented 1-bed flat in Canary Wharf priced at £2750 pcm. Highlights include balcony, concierge, school, transport. Suitable for applicants prioritising practical access, clear tenancy terms and responsive management.",51.494267,-0.027809
P-1699,SW11 7CP,London,Battersea,flat,3,3,4025,,1091,False,False,True,True,True,2026-10-09,garden|gym|pet-friendly|school,"A well-presented 3-bed flat in Battersea priced at £4025 pcm. Highlights include garden, gym, pet-friendly, school. Suitable for applicants prioritising practical access, clear tenancy terms and responsive management.",51.455292,-0.132541
P-1700,E20 7DL,London,Stratford,house,2,2,3250,,980,True,True,True,True,True,2026-08-06,balcony|gym|parking|pet-friendly|river-view|workspace,"A well-presented 2-bed house in Stratford priced at £3250 pcm. Highlights include balcony, gym, parking, pet-friendly, river-view, workspace. Suitable for applicants prioritising practical access, clear tenancy terms and responsive management.",51.570635,-0.013061
P-1701,E20 5DN,London,Stratford,flat,2,2,2775,,858,True,True,True,True,True,2026-10-13,balcony|garden|gym|river-view|transport,"A well-presented 2-bed flat in Stratford priced at £2775 pcm. Highlights include balcony, garden, gym, river-view, transport. Suitable for applicants prioritising practical access, clear tenancy terms and responsive management.",51.537942,-0.020662
P-1702,E14 6EM,London,Canary Wharf,flat,1,2,3050,,734,True,False,False,False,True,2026-08-17,river-view|transport|workspace,"A well-presented 1-bed flat in Canary Wharf priced at £3050 pcm. Highlights include river-view, transport, workspace. Suitable for applicants prioritising practical access, clear tenancy terms and responsive management.",51.506369,-0.035759
P-1703,NW1 1GM,London,Camden,house,2,3,3675,,1022,True,True,False,True,False,2026-07-28,balcony|concierge|gym|parking|river-view,"A well-presented 2-bed house in Camden priced at £3675 pcm. Highlights include balcony, concierge, gym, parking, river-view. Suitable for applicants prioritising practical access, clear tenancy terms and responsive management.",51.552271,-0.152751
P-1704,N1 3FM,London,Islington,flat,2,2,3700,,876,False,True,False,True,True,2026-09-05,balcony|gym|parking|pet-friendly|school|workspace,"A well-presented 2-bed flat in Islington priced at £3700 pcm. Highlights include balcony, gym, parking, pet-friendly, school, workspace. Suitable for applicants prioritising practical access, clear tenancy terms and responsive management.",51.544048,-0.091329
P-1705,N1 3HJ,London,Islington,flat,1,1,3200,,673,True,True,True,True,True,2026-08-11,balcony|garden|gym|parking|pet-friendly|transport,"A well-presented 1-bed flat in Islington priced at £3200 pcm. Highlights include balcony, garden, gym, parking, pet-friendly, transport. Suitable for applicants prioritising practical access, clear tenancy terms and responsive management.",51.570171,-0.130748
P-1706,SW4 2BK,London,Clapham,house,1,2,3600,,705,True,False,True,True,False,2026-09-20,gym|river-view|workspace,"A well-presented 1-bed house in Clapham priced at £3600 pcm. Highlights include gym, river-view, workspace. Suitable for applicants prioritising practical access, clear tenancy terms and responsive management.",51.46205,-0.152963
P-1707,N1 3HL,London,Islington,maisonette,2,3,3800,,985,True,False,True,True,False,2026-10-11,balcony|concierge|garden|gym|river-view,"A well-presented 2-bed maisonette in Islington priced at £3800 pcm. Highlights include balcony, concierge, garden, gym, river-view. Suitable for applicants prioritising practical access, clear tenancy terms and responsive management.",51.548846,-0.107579
P-1708,NW1 9AK,London,Camden,flat,1,1,3325,,614,False,True,True,True,False,2026-08-30,garden|parking|river-view|school|transport|workspace,"A well-presented 1-bed flat in Camden priced at £3325 pcm. Highlights include garden, parking, river-view, school, transport, workspace. Suitable for applicants prioritising practical access, clear tenancy terms and responsive management.",51.537783,-0.15147
P-1709,E8 9HJ,London,Hackney,flat,2,2,3525,,950,True,False,False,True,True,2026-08-16,balcony|gym|pet-friendly|river-view|school|transport,"A well-presented 2-bed flat in Hackney priced at £3525 pcm. Highlights include balcony, gym, pet-friendly, river-view, school, transport. Suitable for applicants prioritising practical access, clear tenancy terms and responsive management.",51.54233,-0.018456
P-1710,SW11 4HJ,London,Battersea,flat,3,3,4325,,1267,True,False,False,True,True,2026-09-20,balcony|concierge|pet-friendly|river-view|transport|workspace,"A well-presented 3-bed flat in Battersea priced at £4325 pcm. Highlights include balcony, concierge, pet-friendly, river-view, transport, workspace. Suitable for applicants prioritising practical access, clear tenancy terms and responsive management.",51.461701,-0.186958
P-1711,E14 1FM,London,Canary Wharf,flat,2,2,3575,,928,False,True,True,True,True,2026-08-20,balcony|concierge|garden|parking|pet-friendly|transport,"A well-presented 2-bed flat in Canary Wharf priced at £3575 pcm. Highlights include balcony, concierge, garden, parking, pet-friendly, transport. Suitable for applicants prioritising practical access, clear tenancy terms and responsive management.",51.515489,-0.01976
P-1712,E14 7BL,London,Canary Wharf,flat,2,3,3625,,824,True,True,True,True,True,2026-09-19,garden|pet-friendly|school,"A well-presented 2-bed flat in Canary Wharf priced at £3625 pcm. Highlights include garden, pet-friendly, school. Suitable for applicants prioritising practical access, clear tenancy terms and responsive management.",51.50931,-0.00175
P-1713,E8 7HM,London,Hackney,flat,1,2,3000,,790,False,False,False,True,True,2026-10-20,balcony|concierge|gym|transport|workspace,"A well-presented 1-bed flat in Hackney priced at £3000 pcm. Highlights include balcony, concierge, gym, transport, workspace. Suitable for applicants prioritising practical access, clear tenancy terms and responsive management.",51.55033,-0.035476
P-1714,SW4 3FP,London,Clapham,flat,3,3,3750,,1339,True,True,True,False,True,2026-09-02,garden|gym|parking|pet-friendly|school|transport,"A well-presented 3-bed flat in Clapham priced at £3750 pcm. Highlights include garden, gym, parking, pet-friendly, school, transport. Suitable for applicants prioritising practical access, clear tenancy terms and responsive management.",51.463221,-0.127618
P-1715,E14 8CP,London,Canary Wharf,flat,2,2,3850,,837,True,True,False,True,False,2026-10-13,balcony|concierge|parking|river-view|school|transport,"A well-presented 2-bed flat in Canary Wharf priced at £3850 pcm. Highlights include balcony, concierge, parking, river-view, school, transport. Suitable for applicants prioritising practical access, clear tenancy terms and responsive management.",51.48994,-0.018231
P-1716,SW19 7DL,London,Wimbledon,studio,0,1,2975,,724,True,False,False,True,True,2026-08-17,balcony|school|transport,"A well-presented 0-bed studio in Wimbledon priced at £2975 pcm. Highlights include balcony, school, transport. Suitable for applicants prioritising practical access, clear tenancy terms and responsive management.",51.402867,-0.204019
P-1717,CR0 2HP,London,Croydon,flat,2,2,2575,,875,True,True,False,True,False,2026-09-14,parking|transport|workspace,"A well-presented 2-bed flat in Croydon priced at £2575 pcm. Highlights include parking, transport, workspace. Suitable for applicants prioritising practical access, clear tenancy terms and responsive management.",51.371548,-0.105645
P-1718,E8 3GM,London,Hackney,flat,1,1,2800,,669,True,True,False,True,False,2026-10-16,balcony|gym|parking|river-view|school|workspace,"A well-presented 1-bed flat in Hackney priced at £2800 pcm. Highlights include balcony, gym, parking, river-view, school, workspace. Suitable for applicants prioritising practical access, clear tenancy terms and responsive management.",51.548434,-0.100273
P-1719,SW11 2HP,London,Battersea,flat,2,3,4350,,909,True,True,False,False,True,2026-10-01,gym|pet-friendly|school|transport|workspace,"A well-presented 2-bed flat in Battersea priced at £4350 pcm. Highlights include gym, pet-friendly, school, transport, workspace. Suitable for applicants prioritising practical access, clear tenancy terms and responsive management.",51.464026,-0.18879
P-1720,E20 7BK,London,Stratford,studio,0,1,2375,,621,True,False,True,True,True,2026-08-08,balcony|garden|gym|pet-friendly|school|transport,"A well-presented 0-bed studio in Stratford priced at £2375 pcm. Highlights include balcony, garden, gym, pet-friendly, school, transport. Suitable for applicants prioritising practical access, clear tenancy terms and responsive management.",51.553461,-0.000114
P-1721,NW1 7DJ,London,Camden,maisonette,2,2,3650,,833,True,False,True,True,True,2026-07-28,concierge|garden|gym|pet-friendly|transport|workspace,"A well-presented 2-bed maisonette in Camden priced at £3650 pcm. Highlights include concierge, garden, gym, pet-friendly, transport, workspace. Suitable for applicants prioritising practical access, clear tenancy terms and responsive management.",51.534058,-0.140225
P-1722,E14 4GJ,London,Canary Wharf,flat,4,3,4450,,1525,False,True,True,True,False,2026-09-16,garden|gym|parking|school|workspace,"A well-presented 4-bed flat in Canary Wharf priced at £4450 pcm. Highlights include garden, gym, parking, school, workspace. Suitable for applicants prioritising practical access, clear tenancy terms and responsive management.",51.485749,-0.021347
P-1723,SE10 3BP,London,Greenwich,maisonette,1,2,2925,,511,True,True,True,True,True,2026-09-12,balcony|concierge|garden|gym|parking|pet-friendly,"A well-presented 1-bed maisonette in Greenwich priced at £2925 pcm. Highlights include balcony, concierge, garden, gym, parking, pet-friendly. Suitable for applicants prioritising practical access, clear tenancy terms and responsive management.",51.496443,0.017254
P-1724,SW4 3AN,London,Clapham,flat,2,3,3025,,914,True,True,False,False,False,2026-10-01,concierge|gym|parking|school|transport,"A well-presented 2-bed flat in Clapham priced at £3025 pcm. Highlights include concierge, gym, parking, school, transport. Suitable for applicants prioritising practical access, clear tenancy terms and responsive management.",51.463925,-0.128866
P-1725,E20 4DP,London,Stratford,flat,2,2,2975,,812,True,True,False,False,True,2026-08-26,concierge|parking|river-view,"A well-presented 2-bed flat in Stratford priced at £2975 pcm. Highlights include concierge, parking, river-view. Suitable for applicants prioritising practical access, clear tenancy terms and responsive management.",51.537376,-0.007142
P-1726,CR0 5CJ,London,Croydon,flat,1,1,2350,,763,True,False,False,True,True,2026-09-25,concierge|gym|transport,"A well-presented 1-bed flat in Croydon priced at £2350 pcm. Highlights include concierge, gym, transport. Suitable for applicants prioritising practical access, clear tenancy terms and responsive management.",51.359352,-0.050589
P-1727,NW1 7GL,London,Camden,house,3,3,4000,,1171,True,True,False,True,True,2026-09-19,gym|pet-friendly|river-view|workspace,"A well-presented 3-bed house in Camden priced at £4000 pcm. Highlights include gym, pet-friendly, river-view, workspace. Suitable for applicants prioritising practical access, clear tenancy terms and responsive management.",51.553168,-0.153892
P-1728,SW4 3EJ,London,Clapham,flat,4,3,4700,,1432,False,False,False,False,False,2026-10-09,concierge|river-view|school|transport|workspace,"A well-presented 4-bed flat in Clapham priced at £4700 pcm. Highlights include concierge, river-view, school, transport, workspace. Suitable for applicants prioritising practical access, clear tenancy terms and responsive management.",51.456647,-0.127278
P-1729,E14 2CL,London,Canary Wharf,flat,2,2,3800,,935,True,True,False,True,True,2026-09-23,balcony|gym|parking|river-view,"A well-presented 2-bed flat in Canary Wharf priced at £3800 pcm. Highlights include balcony, gym, parking, river-view. Suitable for applicants prioritising practical access, clear tenancy terms and responsive management.",51.511403,-0.033105
P-1730,EC2A 4EK,London,Shoreditch,maisonette,1,1,3275,,807,True,True,True,True,False,2026-10-19,balcony|garden|parking|river-view|school,"A well-presented 1-bed maisonette in Shoreditch priced at £3275 pcm. Highlights include balcony, garden, parking, river-view, school. Suitable for applicants prioritising practical access, clear tenancy terms and responsive management.",51.538012,-0.070007
P-1731,SW11 5FN,London,Battersea,flat,3,3,4275,,1233,True,False,True,True,True,2026-10-09,balcony|concierge|garden|gym|pet-friendly|workspace,"A well-presented 3-bed flat in Battersea priced at £4275 pcm. Highlights include balcony, concierge, garden, gym, pet-friendly, workspace. Suitable for applicants prioritising practical access, clear tenancy terms and responsive management.",51.479154,-0.207603
P-1732,E8 9FM,London,Hackney,flat,2,2,3400,,940,False,True,False,True,False,2026-08-07,gym|parking|river-view|school|transport,"A well-presented 2-bed flat in Hackney priced at £3400 pcm. Highlights include gym, parking, river-view, school, transport. Suitable for applicants prioritising practical access, clear tenancy terms and responsive management.",51.549781,-0.070211
P-1733,SE10 6AP,London,Greenwich,house,2,2,2950,,846,True,True,False,True,True,2026-08-20,balcony|concierge|gym|parking|transport|workspace,"A well-presented 2-bed house in Greenwich priced at £2950 pcm. Highlights include balcony, concierge, gym, parking, transport, workspace. Suitable for applicants prioritising practical access, clear tenancy terms and responsive management.",51.480225,0.029522
P-1734,SW3 5BN,London,Chelsea,flat,2,3,5350,,801,True,False,False,True,True,2026-09-15,balcony|concierge|gym|school|workspace,"A well-presented 2-bed flat in Chelsea priced at £5350 pcm. Highlights include balcony, concierge, gym, school, workspace. Suitable for applicants prioritising practical access, clear tenancy terms and responsive management.",51.473337,-0.163956
P-1735,CR0 2HK,London,Croydon,house,2,3,3150,,1067,True,True,False,True,False,2026-09-03,balcony|parking|river-view|school|transport,"A well-presented 2-bed house in Croydon priced at £3150 pcm. Highlights include balcony, parking, river-view, school, transport. Suitable for applicants prioritising practical access, clear tenancy terms and responsive management.",51.384347,-0.112823
P-1736,SW19 5CM,London,Wimbledon,studio,0,1,2925,,630,False,True,True,True,False,2026-09-30,balcony|garden|parking|river-view|school|transport,"A well-presented 0-bed studio in Wimbledon priced at £2925 pcm. Highlights include balcony, garden, parking, river-view, school, transport. Suitable for applicants prioritising practical access, clear tenancy terms and responsive management.",51.401943,-0.198593
P-1737,SW6 6GJ,London,Fulham,flat,2,3,4525,,965,False,False,False,True,False,2026-09-02,gym|river-view|workspace,"A well-presented 2-bed flat in Fulham priced at £4525 pcm. Highlights include gym, river-view, workspace. Suitable for applicants prioritising practical access, clear tenancy terms and responsive management.",51.488245,-0.168602
P-1738,SW3 2AK,London,Chelsea,flat,2,2,4950,,891,False,True,True,False,True,2026-07-25,garden|parking|pet-friendly|river-view|school|transport,"A well-presented 2-bed flat in Chelsea priced at £4950 pcm. Highlights include garden, parking, pet-friendly, river-view, school, transport. Suitable for applicants prioritising practical access, clear tenancy terms and responsive management.",51.509214,-0.195236
P-1739,SE10 9AP,London,Greenwich,flat,2,2,2625,,937,False,False,False,True,True,2026-08-26,balcony|concierge|gym|pet-friendly|transport,"A well-presented 2-bed flat in Greenwich priced at £2625 pcm. Highlights include balcony, concierge, gym, pet-friendly, transport. Suitable for applicants prioritising practical access, clear tenancy terms and responsive management.",51.490287,-0.005485
P-1740,SW4 3CN,London,Clapham,flat,1,1,3050,,675,True,False,True,False,True,2026-08-08,garden|gym|workspace,"A well-presented 1-bed flat in Clapham priced at £3050 pcm. Highlights include garden, gym, workspace. Suitable for applicants prioritising practical access, clear tenancy terms and responsive management.",51.472831,-0.09983
P-1741,SE10 8HL,London,Greenwich,flat,2,2,3350,,944,True,True,False,False,True,2026-09-23,parking|pet-friendly|river-view|workspace,"A well-presented 2-bed flat in Greenwich priced at £3350 pcm. Highlights include parking, pet-friendly, river-view, workspace. Suitable for applicants prioritising practical access, clear tenancy terms and responsive management.",51.485349,0.011638
P-1742,EC2A 4BJ,London,Shoreditch,flat,3,3,4625,,1231,False,True,False,True,True,2026-07-31,balcony|gym|parking|pet-friendly|school,"A well-presented 3-bed flat in Shoreditch priced at £4625 pcm. Highlights include balcony, gym, parking, pet-friendly, school. Suitable for applicants prioritising practical access, clear tenancy terms and responsive management.",51.542306,-0.082997
P-1743,EC2A 9FL,London,Shoreditch,flat,3,3,3950,,1222,True,True,False,True,True,2026-09-20,balcony|pet-friendly|river-view|workspace,"A well-presented 3-bed flat in Shoreditch priced at £3950 pcm. Highlights include balcony, pet-friendly, river-view, workspace. Suitable for applicants prioritising practical access, clear tenancy terms and responsive management.",51.513617,-0.086589
P-1744,CR0 9DM,London,Croydon,flat,1,1,2325,,533,True,True,False,True,False,2026-08-01,balcony|concierge|parking,"A well-presented 1-bed flat in Croydon priced at £2325 pcm. Highlights include balcony, concierge, parking. Suitable for applicants prioritising practical access, clear tenancy terms and responsive management.",51.357528,-0.064671
P-1745,N1 3EJ,London,Islington,flat,2,2,3675,,836,False,False,False,True,False,2026-10-16,balcony|concierge|gym|transport|workspace,"A well-presented 2-bed flat in Islington priced at £3675 pcm. Highlights include balcony, concierge, gym, transport, workspace. Suitable for applicants prioritising practical access, clear tenancy terms and responsive management.",51.538152,-0.122326
P-1746,SW6 6AM,London,Fulham,flat,2,2,4500,,1034,True,False,False,True,False,2026-09-09,balcony|concierge|gym|school|workspace,"A well-presented 2-bed flat in Fulham priced at £4500 pcm. Highlights include balcony, concierge, gym, school, workspace. Suitable for applicants prioritising practical access, clear tenancy terms and responsive management.",51.478712,-0.17701
P-1747,E20 8GJ,London,Stratford,flat,2,3,3525,,1031,True,False,True,True,True,2026-07-30,balcony|garden|gym|pet-friendly|school|workspace,"A well-presented 2-bed flat in Stratford priced at £3525 pcm. Highlights include balcony, garden, gym, pet-friendly, school, workspace. Suitable for applicants prioritising practical access, clear tenancy terms and responsive management.",51.529619,0.014828
P-1748,CR0 9BL,London,Croydon,flat,3,3,2975,,1236,False,False,False,True,True,2026-10-11,balcony|gym|transport,"A well-presented 3-bed flat in Croydon priced at £2975 pcm. Highlights include balcony, gym, transport. Suitable for applicants prioritising practical access, clear tenancy terms and responsive management.",51.370514,-0.104784
P-1749,SW11 3DL,London,Battersea,flat,3,3,5025,,1200,True,True,False,True,True,2026-08-29,balcony|concierge|gym|parking|pet-friendly|workspace,"A well-presented 3-bed flat in Battersea priced at £5025 pcm. Highlights include balcony, concierge, gym, parking, pet-friendly, workspace. Suitable for applicants prioritising practical access, clear tenancy terms and responsive management.",51.473186,-0.181936
P-1750,SW11 2CK,London,Battersea,flat,3,3,4275,,1064,False,False,False,False,True,2026-09-20,concierge|gym|river-view,"A well-presented 3-bed flat in Battersea priced at £4275 pcm. Highlights include concierge, gym, river-view. Suitable for applicants prioritising practical access, clear tenancy terms and responsive management.",51.470516,-0.164324
P-1751,SE10 1FM,London,Greenwich,maisonette,1,2,2850,,738,True,True,False,False,True,2026-07-24,concierge|gym|parking|pet-friendly|river-view|transport,"A well-presented 1-bed maisonette in Greenwich priced at £2850 pcm. Highlights include concierge, gym, parking, pet-friendly, river-view, transport. Suitable for applicants prioritising practical access, clear tenancy terms and responsive management.",51.47077,-0.012815
P-1752,SW3 3BJ,London,Chelsea,house,2,2,5200,,1069,False,True,True,False,True,2026-09-04,concierge|garden|gym|parking|school|transport,"A well-presented 2-bed house in Chelsea priced at £5200 pcm. Highlights include concierge, garden, gym, parking, school, transport. Suitable for applicants prioritising practical access, clear tenancy terms and responsive management.",51.487766,-0.194997
P-1753,SW3 6HJ,London,Chelsea,flat,1,1,5125,,604,True,False,True,True,True,2026-10-19,concierge|garden|pet-friendly|river-view|school,"A well-presented 1-bed flat in Chelsea priced at £5125 pcm. Highlights include concierge, garden, pet-friendly, river-view, school. Suitable for applicants prioritising practical access, clear tenancy terms and responsive management.",51.477488,-0.154947
P-1754,SW6 4GL,London,Fulham,house,2,2,3950,,888,True,True,False,True,True,2026-08-04,balcony|concierge|pet-friendly,"A well-presented 2-bed house in Fulham priced at £3950 pcm. Highlights include balcony, concierge, pet-friendly. Suitable for applicants prioritising practical access, clear tenancy terms and responsive management.",51.481313,-0.193636
P-1755,EC2A 5EK,London,Shoreditch,maisonette,2,2,3975,,961,False,False,True,True,False,2026-10-06,concierge|garden|gym|river-view|school|workspace,"A well-presented 2-bed maisonette in Shoreditch priced at £3975 pcm. Highlights include concierge, garden, gym, river-view, school, workspace. Suitable for applicants prioritising practical access, clear tenancy terms and responsive management.",51.519531,-0.068439
P-1756,SW6 8CM,London,Fulham,flat,4,3,4625,,1367,True,True,False,False,True,2026-08-12,parking|pet-friendly|river-view,"A well-presented 4-bed flat in Fulham priced at £4625 pcm. Highlights include parking, pet-friendly, river-view. Suitable for applicants prioritising practical access, clear tenancy terms and responsive management.",51.479724,-0.208116
P-1757,SW6 2AM,London,Fulham,maisonette,1,1,3525,,590,False,True,True,True,False,2026-07-24,garden|river-view|transport|workspace,"A well-presented 1-bed maisonette in Fulham priced at £3525 pcm. Highlights include garden, river-view, transport, workspace. Suitable for applicants prioritising practical access, clear tenancy terms and responsive management.",51.483104,-0.191171
P-1758,E8 9CJ,London,Hackney,flat,1,2,2775,,713,True,False,True,False,False,2026-08-27,concierge|garden|transport,"A well-presented 1-bed flat in Hackney priced at £2775 pcm. Highlights include concierge, garden, transport. Suitable for applicants prioritising practical access, clear tenancy terms and responsive management.",51.548978,-0.052748
P-1759,SE10 7GM,London,Greenwich,maisonette,2,2,3100,,773,True,False,True,True,True,2026-08-26,garden|gym|pet-friendly|school,"A well-presented 2-bed maisonette in Greenwich priced at £3100 pcm. Highlights include garden, gym, pet-friendly, school. Suitable for applicants prioritising practical access, clear tenancy terms and responsive management.",51.484526,0.032126
P-1760,N1 4EK,London,Islington,flat,1,1,3475,,630,True,True,False,False,True,2026-10-02,parking|pet-friendly|school|workspace,"A well-presented 1-bed flat in Islington priced at £3475 pcm. Highlights include parking, pet-friendly, school, workspace. Suitable for applicants prioritising practical access, clear tenancy terms and responsive management.",51.544953,-0.099668
P-1761,EC2A 8FN,London,Shoreditch,flat,2,3,4050,,987,True,False,True,False,True,2026-09-07,concierge|garden|river-view,"A well-presented 2-bed flat in Shoreditch priced at £4050 pcm. Highlights include concierge, garden, river-view. Suitable for applicants prioritising practical access, clear tenancy terms and responsive management.",51.521894,-0.069004
P-1762,SW3 5DN,London,Chelsea,flat,3,3,5600,,1142,False,False,True,False,True,2026-09-09,garden|pet-friendly|river-view|school|transport|workspace,"A well-presented 3-bed flat in Chelsea priced at £5600 pcm. Highlights include garden, pet-friendly, river-view, school, transport, workspace. Suitable for applicants prioritising practical access, clear tenancy terms and responsive management.",51.497646,-0.147978
P-1763,SE10 9HJ,London,Greenwich,flat,1,1,2675,,685,True,True,False,True,True,2026-07-31,balcony|concierge|parking|pet-friendly|transport,"A well-presented 1-bed flat in Greenwich priced at £2675 pcm. Highlights include balcony, concierge, parking, pet-friendly, transport. Suitable for applicants prioritising practical access, clear tenancy terms and responsive management.",51.483478,-0.010404
P-1764,N1 2AP,London,Islington,house,2,2,3575,,1023,True,True,True,False,False,2026-09-28,garden|gym|parking,"A well-presented 2-bed house in Islington priced at £3575 pcm. Highlights include garden, gym, parking. Suitable for applicants prioritising practical access, clear tenancy terms and responsive management.",51.550567,-0.111814
P-1765,SE10 1HN,London,Greenwich,flat,2,3,3275,,871,True,True,False,True,True,2026-08-18,balcony|concierge|parking|pet-friendly|river-view|workspace,"A well-presented 2-bed flat in Greenwich priced at £3275 pcm. Highlights include balcony, concierge, parking, pet-friendly, river-view, workspace. Suitable for applicants prioritising practical access, clear tenancy terms and responsive management.",51.512422,-0.002934
P-1766,E20 1BL,London,Stratford,flat,2,2,3300,,970,True,False,False,False,False,2026-09-23,gym|river-view|school|workspace,"A well-presented 2-bed flat in Stratford priced at £3300 pcm. Highlights include gym, river-view, school, workspace. Suitable for applicants prioritising practical access, clear tenancy terms and responsive management.",51.534183,0.002365
P-1767,SE10 3DM,London,Greenwich,house,3,3,3850,,1284,True,True,False,True,False,2026-08-30,balcony|gym|river-view|school|workspace,"A well-presented 3-bed house in Greenwich priced at £3850 pcm. Highlights include balcony, gym, river-view, school, workspace. Suitable for applicants prioritising practical access, clear tenancy terms and responsive management.",51.493066,-0.013372
P-1768,N1 7CJ,London,Islington,flat,2,2,3600,,865,True,True,True,True,True,2026-09-20,balcony|garden|parking|pet-friendly|transport|workspace,"A well-presented 2-bed flat in Islington priced at £3600 pcm. Highlights include balcony, garden, parking, pet-friendly, transport, workspace. Suitable for applicants prioritising practical access, clear tenancy terms and responsive management.",51.547373,-0.102429
P-1769,E20 6CM,London,Stratford,flat,2,3,2975,,873,True,False,True,False,True,2026-09-20,garden|transport|workspace,"A well-presented 2-bed flat in Stratford priced at £2975 pcm. Highlights include garden, transport, workspace. Suitable for applicants prioritising practical access, clear tenancy terms and responsive management.",51.539615,0.002237
P-1770,N1 9BK,London,Islington,flat,3,3,3825,,1175,False,True,False,True,False,2026-08-12,balcony|concierge|parking|school,"A well-presented 3-bed flat in Islington priced at £3825 pcm. Highlights include balcony, concierge, parking, school. Suitable for applicants prioritising practical access, clear tenancy terms and responsive management.",51.546787,-0.110555
P-1771,NW1 8GM,London,Camden,flat,4,3,4100,,1354,True,True,True,False,True,2026-10-16,concierge|garden|parking|pet-friendly|river-view,"A well-presented 4-bed flat in Camden priced at £4100 pcm. Highlights include concierge, garden, parking, pet-friendly, river-view. Suitable for applicants prioritising practical access, clear tenancy terms and responsive management.",51.542372,-0.180987
P-1772,SE10 1CK,London,Greenwich,flat,2,2,3125,,1023,False,True,True,True,True,2026-10-17,concierge|garden|parking|pet-friendly|school,"A well-presented 2-bed flat in Greenwich priced at £3125 pcm. Highlights include concierge, garden, parking, pet-friendly, school. Suitable for applicants prioritising practical access, clear tenancy terms and responsive management.",51.468947,-0.007261
P-1773,E20 2AN,London,Stratford,flat,4,3,4025,,1451,False,True,False,True,False,2026-08-07,balcony|gym|parking|river-view|school|transport,"A well-presented 4-bed flat in Stratford priced at £4025 pcm. Highlights include balcony, gym, parking, river-view, school, transport. Suitable for applicants prioritising practical access, clear tenancy terms and responsive management.",51.553247,0.027357
P-1774,E14 9DK,London,Canary Wharf,house,2,2,4075,,909,False,True,True,False,False,2026-09-24,parking|river-view|transport,"A well-presented 2-bed house in Canary Wharf priced at £4075 pcm. Highlights include parking, river-view, transport. Suitable for applicants prioritising practical access, clear tenancy terms and responsive management.",51.511523,-0.032226
P-1775,SW3 2AP,London,Chelsea,flat,2,3,4750,,754,True,False,False,True,True,2026-08-05,balcony|concierge|pet-friendly|river-view,"A well-presented 2-bed flat in Chelsea priced at £4750 pcm. Highlights include balcony, concierge, pet-friendly, river-view. Suitable for applicants prioritising practical access, clear tenancy terms and responsive management.",51.497796,-0.183608
P-1776,EC2A 3HK,London,Shoreditch,flat,2,2,4100,,806,True,True,True,True,True,2026-10-05,garden|parking|pet-friendly|transport,"A well-presented 2-bed flat in Shoreditch priced at £4100 pcm. Highlights include garden, parking, pet-friendly, transport. Suitable for applicants prioritising practical access, clear tenancy terms and responsive management.",51.523567,-0.074721
P-1777,SW3 2CN,London,Chelsea,flat,3,3,5375,,1187,True,False,False,False,True,2026-08-05,concierge|pet-friendly|school|transport|workspace,"A well-presented 3-bed flat in Chelsea priced at £5375 pcm. Highlights include concierge, pet-friendly, school, transport, workspace. Suitable for applicants prioritising practical access, clear tenancy terms and responsive management.",51.483053,-0.192965
P-1778,E20 5GP,London,Stratford,flat,1,1,2900,,734,True,True,False,False,False,2026-08-01,parking|school|workspace,"A well-presented 1-bed flat in Stratford priced at £2900 pcm. Highlights include parking, school, workspace. Suitable for applicants prioritising practical access, clear tenancy terms and responsive management.",51.543093,-0.008491
P-1779,SE10 2HL,London,Greenwich,maisonette,3,3,3275,,1185,True,True,True,True,False,2026-07-27,balcony|garden|school,"A well-presented 3-bed maisonette in Greenwich priced at £3275 pcm. Highlights include balcony, garden, school. Suitable for applicants prioritising practical access, clear tenancy terms and responsive management.",51.456475,-0.004487
P-1780,E14 6AK,London,Canary Wharf,flat,2,2,4100,,1004,True,True,False,True,True,2026-08-02,balcony|gym|parking|pet-friendly|transport,"A well-presented 2-bed flat in Canary Wharf priced at £4100 pcm. Highlights include balcony, gym, parking, pet-friendly, transport. Suitable for applicants prioritising practical access, clear tenancy terms and responsive management.",51.504122,-0.031668
P-1781,SW4 2HK,London,Clapham,maisonette,3,3,3950,,1042,True,True,False,False,True,2026-07-29,gym|parking|pet-friendly,"A well-presented 3-bed maisonette in Clapham priced at £3950 pcm. Highlights include gym, parking, pet-friendly. Suitable for applicants prioritising practical access, clear tenancy terms and responsive management.",51.463841,-0.101243
P-1782,E20 4AJ,London,Stratford,flat,3,3,3575,,1320,False,True,False,False,True,2026-08-18,concierge|parking|pet-friendly|river-view,"A well-presented 3-bed flat in Stratford priced at £3575 pcm. Highlights include concierge, parking, pet-friendly, river-view. Suitable for applicants prioritising practical access, clear tenancy terms and responsive management.",51.541178,0.002035
P-1783,SW6 7CJ,London,Fulham,flat,4,3,4800,,1525,True,True,False,True,False,2026-08-08,balcony|parking|river-view|school|transport|workspace,"A well-presented 4-bed flat in Fulham priced at £4800 pcm. Highlights include balcony, parking, river-view, school, transport, workspace. Suitable for applicants prioritising practical access, clear tenancy terms and responsive management.",51.482709,-0.194683
P-1784,SW19 1DM,London,Wimbledon,maisonette,3,3,3975,,1154,True,True,False,True,True,2026-09-30,balcony|parking|school|transport|workspace,"A well-presented 3-bed maisonette in Wimbledon priced at £3975 pcm. Highlights include balcony, parking, school, transport, workspace. Suitable for applicants prioritising practical access, clear tenancy terms and responsive management.",51.404346,-0.215708
P-1785,SW19 6FN,London,Wimbledon,flat,3,3,4150,,1160,True,False,False,True,False,2026-08-24,balcony|gym|transport,"A well-presented 3-bed flat in Wimbledon priced at £4150 pcm. Highlights include balcony, gym, transport. Suitable for applicants prioritising practical access, clear tenancy terms and responsive management.",51.412016,-0.220075
P-1786,N1 5DM,London,Islington,studio,0,1,2850,,573,True,True,False,True,True,2026-09-07,parking|pet-friendly|river-view|workspace,"A well-presented 0-bed studio in Islington priced at £2850 pcm. Highlights include parking, pet-friendly, river-view, workspace. Suitable for applicants prioritising practical access, clear tenancy terms and responsive management.",51.538592,-0.135761
P-1787,EC2A 6BJ,London,Shoreditch,flat,2,2,3325,,933,True,True,True,False,True,2026-09-14,garden|parking|pet-friendly|school|workspace,"A well-presented 2-bed flat in Shoreditch priced at £3325 pcm. Highlights include garden, parking, pet-friendly, school, workspace. Suitable for applicants prioritising practical access, clear tenancy terms and responsive management.",51.521796,-0.080981
P-1788,SW11 2FP,London,Battersea,maisonette,1,1,3400,,640,True,False,True,True,True,2026-07-28,balcony|garden|gym|pet-friendly|school|workspace,"A well-presented 1-bed maisonette in Battersea priced at £3400 pcm. Highlights include balcony, garden, gym, pet-friendly, school, workspace. Suitable for applicants prioritising practical access, clear tenancy terms and responsive management.",51.459182,-0.162505
P-1789,EC2A 2AL,London,Shoreditch,flat,2,3,3900,,1044,True,False,False,False,True,2026-09-11,concierge|gym|pet-friendly|river-view|school|transport,"A well-presented 2-bed flat in Shoreditch priced at £3900 pcm. Highlights include concierge, gym, pet-friendly, river-view, school, transport. Suitable for applicants prioritising practical access, clear tenancy terms and responsive management.",51.530634,-0.082523
P-1790,SW3 1EJ,London,Chelsea,flat,1,2,5050,,685,True,False,False,True,True,2026-09-06,balcony|gym|pet-friendly|river-view|transport|workspace,"A well-presented 1-bed flat in Chelsea priced at £5050 pcm. Highlights include balcony, gym, pet-friendly, river-view, transport, workspace. Suitable for applicants prioritising practical access, clear tenancy terms and responsive management.",51.479829,-0.184736
P-1791,E14 7AJ,London,Canary Wharf,house,1,2,2925,,551,False,True,True,True,False,2026-09-11,balcony|concierge|garden|parking|transport,"A well-presented 1-bed house in Canary Wharf priced at £2925 pcm. Highlights include balcony, concierge, garden, parking, transport. Suitable for applicants prioritising practical access, clear tenancy terms and responsive management.",51.490793,-0.02063
P-1792,SW11 3GM,London,Battersea,maisonette,2,3,3925,,868,True,True,True,False,True,2026-08-23,garden|parking|pet-friendly|river-view|school,"A well-presented 2-bed maisonette in Battersea priced at £3925 pcm. Highlights include garden, parking, pet-friendly, river-view, school. Suitable for applicants prioritising practical access, clear tenancy terms and responsive management.",51.48115,-0.167406
P-1793,SE10 1EL,London,Greenwich,house,2,2,2850,,973,True,False,True,True,True,2026-10-16,balcony|garden|gym|pet-friendly|workspace,"A well-presented 2-bed house in Greenwich priced at £2850 pcm. Highlights include balcony, garden, gym, pet-friendly, workspace. Suitable for applicants prioritising practical access, clear tenancy terms and responsive management.",51.472322,-0.005942
P-1794,N1 1HJ,London,Islington,house,2,2,3525,,932,False,True,True,False,False,2026-07-28,garden|gym|parking,"A well-presented 2-bed house in Islington priced at £3525 pcm. Highlights include garden, gym, parking. Suitable for applicants prioritising practical access, clear tenancy terms and responsive management.",51.54489,-0.098382
P-1795,NW1 6BM,London,Camden,studio,0,1,2650,,585,True,False,True,True,True,2026-08-26,balcony|garden|pet-friendly|river-view|school|transport,"A well-presented 0-bed studio in Camden priced at £2650 pcm. Highlights include balcony, garden, pet-friendly, river-view, school, transport. Suitable for applicants prioritising practical access, clear tenancy terms and responsive management.",51.534201,-0.137753
P-1796,SW4 2AK,London,Clapham,house,4,3,4900,,1414,True,True,False,True,True,2026-09-26,balcony|concierge|gym|parking|river-view,"A well-presented 4-bed house in Clapham priced at £4900 pcm. Highlights include balcony, concierge, gym, parking, river-view. Suitable for applicants prioritising practical access, clear tenancy terms and responsive management.",51.476966,-0.164569
P-1797,SW3 1FN,London,Chelsea,flat,1,2,4925,,718,False,False,False,True,False,2026-07-29,balcony|school|transport,"A well-presented 1-bed flat in Chelsea priced at £4925 pcm. Highlights include balcony, school, transport. Suitable for applicants prioritising practical access, clear tenancy terms and responsive management.",51.48507,-0.178209
P-1798,SW19 7BP,London,Wimbledon,flat,1,1,2675,,785,True,True,False,True,False,2026-08-29,gym|river-view|school,"A well-presented 1-bed flat in Wimbledon priced at £2675 pcm. Highlights include gym, river-view, school. Suitable for applicants prioritising practical access, clear tenancy terms and responsive management.",51.424971,-0.225919
P-1799,SE10 3FJ,London,Greenwich,flat,3,3,3300,,1175,True,True,False,True,True,2026-08-12,balcony|concierge|parking|pet-friendly|workspace,"A well-presented 3-bed flat in Greenwich priced at £3300 pcm. Highlights include balcony, concierge, parking, pet-friendly, workspace. Suitable for applicants prioritising practical access, clear tenancy terms and responsive management.",51.475228,-0.020476
P-1800,SW19 3GP,London,Wimbledon,flat,1,1,3350,,813,True,True,False,False,False,2026-08-02,gym|parking|school|workspace,"A well-presented 1-bed flat in Wimbledon priced at £3350 pcm. Highlights include gym, parking, school, workspace. Suitable for applicants prioritising practical access, clear tenancy terms and responsive management.",51.409578,-0.181111
P-1801,EC2A 4EK,London,Shoreditch,flat,3,3,4250,,1085,True,False,True,True,True,2026-08-24,balcony|garden|gym|pet-friendly|school|transport,"A well-presented 3-bed flat in Shoreditch priced at £4250 pcm. Highlights include balcony, garden, gym, pet-friendly, school, transport. Suitable for applicants prioritising practical access, clear tenancy terms and responsive management.",51.517304,-0.066214
P-1802,SW4 7FJ,London,Clapham,house,1,1,3200,,744,True,True,True,True,False,2026-10-03,balcony|parking|river-view|school|transport,"A well-presented 1-bed house in Clapham priced at £3200 pcm. Highlights include balcony, parking, river-view, school, transport. Suitable for applicants prioritising practical access, clear tenancy terms and responsive management.",51.449281,-0.117353
P-1803,SW6 3DM,London,Fulham,studio,0,1,2925,,727,True,True,False,True,False,2026-10-06,balcony|parking|river-view,"A well-presented 0-bed studio in Fulham priced at £2925 pcm. Highlights include balcony, parking, river-view. Suitable for applicants prioritising practical access, clear tenancy terms and responsive management.",51.471312,-0.198517
P-1804,CR0 3HP,London,Croydon,flat,1,1,2050,,658,True,True,True,False,True,2026-08-16,garden|parking|pet-friendly|school|transport,"A well-presented 1-bed flat in Croydon priced at £2050 pcm. Highlights include garden, parking, pet-friendly, school, transport. Suitable for applicants prioritising practical access, clear tenancy terms and responsive management.",51.363464,-0.099018
P-1805,SW3 7AP,London,Chelsea,flat,1,1,4725,,812,False,True,True,True,True,2026-08-02,garden|pet-friendly|river-view,"A well-presented 1-bed flat in Chelsea priced at £4725 pcm. Highlights include garden, pet-friendly, river-view. Suitable for applicants prioritising practical access, clear tenancy terms and responsive management.",51.489179,-0.15077
P-1806,SE10 5BL,London,Greenwich,flat,2,2,3000,,905,True,True,True,True,True,2026-10-07,balcony|concierge|garden|parking|pet-friendly|school,"A well-presented 2-bed flat in Greenwich priced at £3000 pcm. Highlights include balcony, concierge, garden, parking, pet-friendly, school. Suitable for applicants prioritising practical access, clear tenancy terms and responsive management.",51.479645,0.003023
P-1807,SW19 7EM,London,Wimbledon,flat,2,3,3275,,1035,False,True,False,False,False,2026-08-10,gym|parking|river-view,"A well-presented 2-bed flat in Wimbledon priced at £3275 pcm. Highlights include gym, parking, river-view. Suitable for applicants prioritising practical access, clear tenancy terms and responsive management.",51.4328,-0.202026
P-1808,SW11 7FM,London,Battersea,studio,0,1,3150,,546,False,False,False,False,False,2026-09-27,gym|river-view|school|workspace,"A well-presented 0-bed studio in Battersea priced at £3150 pcm. Highlights include gym, river-view, school, workspace. Suitable for applicants prioritising practical access, clear tenancy terms and responsive management.",51.472727,-0.182689
P-1809,SW11 9GL,London,Battersea,flat,3,3,4000,,1128,True,False,True,True,False,2026-09-11,balcony|garden|river-view,"A well-presented 3-bed flat in Battersea priced at £4000 pcm. Highlights include balcony, garden, river-view. Suitable for applicants prioritising practical access, clear tenancy terms and responsive management.",51.463031,-0.158047
P-1810,NW1 6BL,London,Camden,house,2,2,3800,,919,True,False,True,True,True,2026-08-14,balcony|garden|pet-friendly|transport,"A well-presented 2-bed house in Camden priced at £3800 pcm. Highlights include balcony, garden, pet-friendly, transport. Suitable for applicants prioritising practical access, clear tenancy terms and responsive management.",51.55716,-0.135435
P-1811,E20 5CJ,London,Stratford,flat,3,3,3425,,1047,False,False,True,True,True,2026-10-02,balcony|concierge|garden|pet-friendly|river-view|workspace,"A well-presented 3-bed flat in Stratford priced at £3425 pcm. Highlights include balcony, concierge, garden, pet-friendly, river-view, workspace. Suitable for applicants prioritising practical access, clear tenancy terms and responsive management.",51.536583,0.014729
P-1812,SW6 7HN,London,Fulham,house,3,3,4625,,1245,True,False,True,True,True,2026-09-20,balcony|transport|workspace,"A well-presented 3-bed house in Fulham priced at £4625 pcm. Highlights include balcony, transport, workspace. Suitable for applicants prioritising practical access, clear tenancy terms and responsive management.",51.489417,-0.183813
P-1813,N1 2FJ,London,Islington,house,3,3,3950,,1189,True,False,False,False,True,2026-08-21,pet-friendly|river-view|workspace,"A well-presented 3-bed house in Islington priced at £3950 pcm. Highlights include pet-friendly, river-view, workspace. Suitable for applicants prioritising practical access, clear tenancy terms and responsive management.",51.566529,-0.122766
P-1814,SW11 2FJ,London,Battersea,flat,2,2,3875,,1043,True,True,True,True,False,2026-08-05,balcony|garden|parking|school,"A well-presented 2-bed flat in Battersea priced at £3875 pcm. Highlights include balcony, garden, parking, school. Suitable for applicants prioritising practical access, clear tenancy terms and responsive management.",51.450174,-0.158918
P-1815,SW11 7DP,London,Battersea,house,3,3,4125,,1217,True,True,True,True,True,2026-08-26,balcony|parking|pet-friendly|school|transport,"A well-presented 3-bed house in Battersea priced at £4125 pcm. Highlights include balcony, parking, pet-friendly, school, transport. Suitable for applicants prioritising practical access, clear tenancy terms and responsive management.",51.475914,-0.182909
P-1816,SW3 4AM,London,Chelsea,flat,2,2,4825,,732,True,True,True,False,False,2026-09-24,concierge|garden|gym|river-view,"A well-presented 2-bed flat in Chelsea priced at £4825 pcm. Highlights include concierge, garden, gym, river-view. Suitable for applicants prioritising practical access, clear tenancy terms and responsive management.",51.488217,-0.151609
P-1817,SW6 8CL,London,Fulham,flat,2,2,4075,,811,True,False,True,False,True,2026-08-30,garden|pet-friendly|river-view|transport,"A well-presented 2-bed flat in Fulham priced at £4075 pcm. Highlights include garden, pet-friendly, river-view, transport. Suitable for applicants prioritising practical access, clear tenancy terms and responsive management.",51.476848,-0.201055
P-1818,CR0 2EM,London,Croydon,studio,0,1,1950,,585,True,True,True,True,True,2026-09-03,balcony|concierge|garden|parking|pet-friendly|river-view,"A well-presented 0-bed studio in Croydon priced at £1950 pcm. Highlights include balcony, concierge, garden, parking, pet-friendly, river-view. Suitable for applicants prioritising practical access, clear tenancy terms and responsive management.",51.378378,-0.07633
P-1819,EC2A 3HM,London,Shoreditch,flat,1,2,3600,,802,True,True,False,False,False,2026-09-14,concierge|parking|river-view,"A well-presented 1-bed flat in Shoreditch priced at £3600 pcm. Highlights include concierge, parking, river-view. Suitable for applicants prioritising practical access, clear tenancy terms and responsive management.",51.53425,-0.061405
P-1820,CR0 5FM,London,Croydon,flat,4,3,2975,,1529,True,False,True,True,True,2026-09-18,balcony|garden|pet-friendly|river-view|school,"A well-presented 4-bed flat in Croydon priced at £2975 pcm. Highlights include balcony, garden, pet-friendly, river-view, school. Suitable for applicants prioritising practical access, clear tenancy terms and responsive management.",51.369344,-0.094662
P-1821,E8 7DN,London,Hackney,flat,3,3,3700,,1138,True,False,True,True,False,2026-09-30,balcony|garden|river-view,"A well-presented 3-bed flat in Hackney priced at £3700 pcm. Highlights include balcony, garden, river-view. Suitable for applicants prioritising practical access, clear tenancy terms and responsive management.",51.54955,-0.033156
P-1822,EC2A 2FL,London,Shoreditch,house,2,3,4175,,933,True,True,True,False,False,2026-08-01,concierge|parking|workspace,"A well-presented 2-bed house in Shoreditch priced at £4175 pcm. Highlights include concierge, parking, workspace. Suitable for applicants prioritising practical access, clear tenancy terms and responsive management.",51.533841,-0.081749
P-1823,CR0 4EK,London,Croydon,flat,1,1,2325,,714,False,True,False,True,False,2026-09-04,balcony|gym|parking|school,"A well-presented 1-bed flat in Croydon priced at £2325 pcm. Highlights include balcony, gym, parking, school. Suitable for applicants prioritising practical access, clear tenancy terms and responsive management.",51.37284,-0.121223
P-1824,E8 8AK,London,Hackney,flat,1,1,3000,,827,False,True,False,False,True,2026-08-31,pet-friendly|school|transport|workspace,"A well-presented 1-bed flat in Hackney priced at £3000 pcm. Highlights include pet-friendly, school, transport, workspace. Suitable for applicants prioritising practical access, clear tenancy terms and responsive management.",51.53099,-0.04593
P-1825,E14 5BJ,London,Canary Wharf,flat,1,1,3250,,660,False,False,True,True,True,2026-09-26,garden|gym|pet-friendly|transport,"A well-presented 1-bed flat in Canary Wharf priced at £3250 pcm. Highlights include garden, gym, pet-friendly, transport. Suitable for applicants prioritising practical access, clear tenancy terms and responsive management.",51.518802,-0.020145
P-1826,SW11 5FM,London,Battersea,flat,2,3,4225,,933,False,True,True,True,False,2026-07-26,concierge|garden|parking|school|transport|workspace,"A well-presented 2-bed flat in Battersea priced at £4225 pcm. Highlights include concierge, garden, parking, school, transport, workspace. Suitable for applicants prioritising practical access, clear tenancy terms and responsive management.",51.467799,-0.164643
P-1827,N1 9EM,London,Islington,flat,2,2,3500,,969,True,True,True,True,False,2026-10-21,balcony|garden|gym|river-view,"A well-presented 2-bed flat in Islington priced at £3500 pcm. Highlights include balcony, garden, gym, river-view. Suitable for applicants prioritising practical access, clear tenancy terms and responsive management.",51.550233,-0.139814
P-1828,SW6 4HL,London,Fulham,flat,2,2,3850,,967,True,False,True,True,True,2026-10-04,concierge|garden|pet-friendly|river-view|transport|workspace,"A well-presented 2-bed flat in Fulham priced at £3850 pcm. Highlights include concierge, garden, pet-friendly, river-view, transport, workspace. Suitable for applicants prioritising practical access, clear tenancy terms and responsive management.",51.497496,-0.221932
P-1829,E20 7HN,London,Stratford,flat,4,3,4150,,1475,True,False,True,False,True,2026-10-04,concierge|garden|gym|river-view|school,"A well-presented 4-bed flat in Stratford priced at £4150 pcm. Highlights include concierge, garden, gym, river-view, school. Suitable for applicants prioritising practical access, clear tenancy terms and responsive management.",51.547375,0.022752
P-1830,SW4 7AL,London,Clapham,flat,1,2,3575,,800,True,True,True,False,True,2026-08-19,concierge|garden|gym|parking|pet-friendly|workspace,"A well-presented 1-bed flat in Clapham priced at £3575 pcm. Highlights include concierge, garden, gym, parking, pet-friendly, workspace. Suitable for applicants prioritising practical access, clear tenancy terms and responsive management.",51.459608,-0.09297
P-1831,SW4 2BM,London,Clapham,flat,2,3,3775,,773,True,True,False,False,False,2026-08-02,concierge|gym|parking|river-view|school|workspace,"A well-presented 2-bed flat in Clapham priced at £3775 pcm. Highlights include concierge, gym, parking, river-view, school, workspace. Suitable for applicants prioritising practical access, clear tenancy terms and responsive management.",51.469238,-0.147868
P-1832,E8 7HK,London,Hackney,flat,1,2,2900,,613,True,False,False,False,True,2026-09-29,concierge|gym|school,"A well-presented 1-bed flat in Hackney priced at £2900 pcm. Highlights include concierge, gym, school. Suitable for applicants prioritising practical access, clear tenancy terms and responsive management.",51.535877,-0.020516
P-1833,SW3 5FN,London,Chelsea,flat,1,1,4125,,740,True,False,True,True,True,2026-10-04,balcony|concierge|garden|pet-friendly|school|transport,"A well-presented 1-bed flat in Chelsea priced at £4125 pcm. Highlights include balcony, concierge, garden, pet-friendly, school, transport. Suitable for applicants prioritising practical access, clear tenancy terms and responsive management.",51.462719,-0.168188
P-1834,CR0 8DL,London,Croydon,flat,2,3,2600,,896,True,True,True,True,True,2026-08-10,balcony|garden|parking|pet-friendly|school,"A well-presented 2-bed flat in Croydon priced at £2600 pcm. Highlights include balcony, garden, parking, pet-friendly, school. Suitable for applicants prioritising practical access, clear tenancy terms and responsive management.",51.383362,-0.102381
P-1835,SE10 1EP,London,Greenwich,studio,0,1,2675,,708,True,True,False,True,True,2026-08-18,balcony|gym|parking|pet-friendly|river-view|transport,"A well-presented 0-bed studio in Greenwich priced at £2675 pcm. Highlights include balcony, gym, parking, pet-friendly, river-view, transport. Suitable for applicants prioritising practical access, clear tenancy terms and responsive management.",51.472238,-0.008262
P-1836,SW11 6DL,London,Battersea,flat,4,3,5550,,1490,True,True,True,True,True,2026-07-25,balcony|garden|gym|parking|pet-friendly|transport,"A well-presented 4-bed flat in Battersea priced at £5550 pcm. Highlights include balcony, garden, gym, parking, pet-friendly, transport. Suitable for applicants prioritising practical access, clear tenancy terms and responsive management.",51.4626,-0.196421
P-1837,EC2A 4BN,London,Shoreditch,flat,2,2,3725,,990,True,True,True,True,False,2026-08-06,balcony|concierge|garden|parking|school|workspace,"A well-presented 2-bed flat in Shoreditch priced at £3725 pcm. Highlights include balcony, concierge, garden, parking, school, workspace. Suitable for applicants prioritising practical access, clear tenancy terms and responsive management.",51.523872,-0.1004
P-1838,SW11 5HK,London,Battersea,flat,3,3,4525,,1146,True,False,True,False,True,2026-07-24,concierge|garden|gym|pet-friendly,"A well-presented 3-bed flat in Battersea priced at £4525 pcm. Highlights include concierge, garden, gym, pet-friendly. Suitable for applicants prioritising practical access, clear tenancy terms and responsive management.",51.477931,-0.171526
P-1839,SW4 3HM,London,Clapham,flat,1,2,3150,,672,True,True,False,True,False,2026-09-22,concierge|gym|school|workspace,"A well-presented 1-bed flat in Clapham priced at £3150 pcm. Highlights include concierge, gym, school, workspace. Suitable for applicants prioritising practical access, clear tenancy terms and responsive management.",51.488639,-0.163626
P-1840,NW1 8FL,London,Camden,flat,2,3,3300,,850,True,False,False,True,True,2026-09-02,balcony|pet-friendly|school,"A well-presented 2-bed flat in Camden priced at £3300 pcm. Highlights include balcony, pet-friendly, school. Suitable for applicants prioritising practical access, clear tenancy terms and responsive management.",51.535684,-0.157289
P-1841,SW6 5BN,London,Fulham,flat,1,1,4150,,744,True,False,True,False,True,2026-10-15,concierge|garden|pet-friendly|workspace,"A well-presented 1-bed flat in Fulham priced at £4150 pcm. Highlights include concierge, garden, pet-friendly, workspace. Suitable for applicants prioritising practical access, clear tenancy terms and responsive management.",51.490347,-0.220492
P-1842,NW1 4GL,London,Camden,flat,2,2,4025,,930,True,True,True,False,True,2026-07-25,garden|gym|parking|pet-friendly|river-view,"A well-presented 2-bed flat in Camden priced at £4025 pcm. Highlights include garden, gym, parking, pet-friendly, river-view. Suitable for applicants prioritising practical access, clear tenancy terms and responsive management.",51.527437,-0.163388
P-1843,EC2A 1EJ,London,Shoreditch,flat,3,3,4275,,1144,False,True,True,False,False,2026-08-28,garden|parking|transport|workspace,"A well-presented 3-bed flat in Shoreditch priced at £4275 pcm. Highlights include garden, parking, transport, workspace. Suitable for applicants prioritising practical access, clear tenancy terms and responsive management.",51.526057,-0.061314
P-1844,CR0 8HK,London,Croydon,flat,2,2,2400,,841,False,False,True,False,False,2026-10-14,garden|transport|workspace,"A well-presented 2-bed flat in Croydon priced at £2400 pcm. Highlights include garden, transport, workspace. Suitable for applicants prioritising practical access, clear tenancy terms and responsive management.",51.378511,-0.077594
P-1845,SW4 3CJ,London,Clapham,flat,2,2,3675,,971,True,True,False,False,False,2026-08-08,parking|transport|workspace,"A well-presented 2-bed flat in Clapham priced at £3675 pcm. Highlights include parking, transport, workspace. Suitable for applicants prioritising practical access, clear tenancy terms and responsive management.",51.453743,-0.134737
P-1846,E14 1FP,London,Canary Wharf,flat,2,2,3750,,996,False,True,True,True,False,2026-10-22,garden|gym|parking,"A well-presented 2-bed flat in Canary Wharf priced at £3750 pcm. Highlights include garden, gym, parking. Suitable for applicants prioritising practical access, clear tenancy terms and responsive management.",51.50805,-0.041684
P-1847,SE10 9CP,London,Greenwich,house,3,3,3800,,1181,True,True,True,True,True,2026-08-03,balcony|parking|pet-friendly|school|transport,"A well-presented 3-bed house in Greenwich priced at £3800 pcm. Highlights include balcony, parking, pet-friendly, school, transport. Suitable for applicants prioritising practical access, clear tenancy terms and responsive management.",51.491599,-0.002673
P-1848,SE10 1EL,London,Greenwich,flat,2,3,3000,,878,False,True,False,True,True,2026-09-06,balcony|gym|parking|pet-friendly|workspace,"A well-presented 2-bed flat in Greenwich priced at £3000 pcm. Highlights include balcony, gym, parking, pet-friendly, workspace. Suitable for applicants prioritising practical access, clear tenancy terms and responsive management.",51.491764,0.012593
P-1849,E20 1CJ,London,Stratford,flat,1,1,2925,,623,True,True,False,False,True,2026-10-13,gym|river-view|workspace,"A well-presented 1-bed flat in Stratford priced at £2925 pcm. Highlights include gym, river-view, workspace. Suitable for applicants prioritising practical access, clear tenancy terms and responsive management.",51.522849,-0.005908
P-1850,NW1 3FM,London,Camden,flat,2,2,3575,,920,True,False,True,True,True,2026-08-17,balcony|concierge|garden|river-view,"A well-presented 2-bed flat in Camden priced at £3575 pcm. Highlights include balcony, concierge, garden, river-view. Suitable for applicants prioritising practical access, clear tenancy terms and responsive management.",51.524921,-0.144486
P-1851,N1 9HP,London,Islington,house,4,3,4425,,1435,True,False,True,False,False,2026-08-14,concierge|garden|river-view|workspace,"A well-presented 4-bed house in Islington priced at £4425 pcm. Highlights include concierge, garden, river-view, workspace. Suitable for applicants prioritising practical access, clear tenancy terms and responsive management.",51.554104,-0.118368
P-1852,E14 5DL,London,Canary Wharf,maisonette,2,3,3625,,943,True,True,False,True,False,2026-09-26,balcony|concierge|parking|river-view|school|workspace,"A well-presented 2-bed maisonette in Canary Wharf priced at £3625 pcm. Highlights include balcony, concierge, parking, river-view, school, workspace. Suitable for applicants prioritising practical access, clear tenancy terms and responsive management.",51.504695,-0.03259
P-1853,SW6 3HK,London,Fulham,house,3,3,4825,,1206,True,True,True,True,False,2026-10-07,balcony|concierge|gym|school|workspace,"A well-presented 3-bed house in Fulham priced at £4825 pcm. Highlights include balcony, concierge, gym, school, workspace. Suitable for applicants prioritising practical access, clear tenancy terms and responsive management.",51.493675,-0.201973
P-1854,NW1 6FP,London,Camden,flat,1,1,3225,,713,False,True,False,True,False,2026-08-16,concierge|parking|river-view|school|transport|workspace,"A well-presented 1-bed flat in Camden priced at £3225 pcm. Highlights include concierge, parking, river-view, school, transport, workspace. Suitable for applicants prioritising practical access, clear tenancy terms and responsive management.",51.545704,-0.145735
P-1855,NW1 7HK,London,Camden,flat,1,1,3500,,597,True,False,True,True,True,2026-09-09,balcony|concierge|garden|pet-friendly|school|transport,"A well-presented 1-bed flat in Camden priced at £3500 pcm. Highlights include balcony, concierge, garden, pet-friendly, school, transport. Suitable for applicants prioritising practical access, clear tenancy terms and responsive management.",51.546146,-0.153218
P-1856,SW19 7AK,London,Wimbledon,flat,2,3,3425,,890,True,False,True,True,True,2026-08-14,balcony|garden|pet-friendly|school|transport|workspace,"A well-presented 2-bed flat in Wimbledon priced at £3425 pcm. Highlights include balcony, garden, pet-friendly, school, transport, workspace. Suitable for applicants prioritising practical access, clear tenancy terms and responsive management.",51.409635,-0.226008
P-1857,N1 3FM,London,Islington,house,4,3,4875,,1530,True,True,False,False,False,2026-08-14,concierge|parking|school|workspace,"A well-presented 4-bed house in Islington priced at £4875 pcm. Highlights include concierge, parking, school, workspace. Suitable for applicants prioritising practical access, clear tenancy terms and responsive management.",51.545748,-0.101424
P-1858,SW3 2DK,London,Chelsea,flat,3,3,5775,,1185,True,False,True,True,True,2026-10-03,balcony|concierge|garden|school,"A well-presented 3-bed flat in Chelsea priced at £5775 pcm. Highlights include balcony, concierge, garden, school. Suitable for applicants prioritising practical access, clear tenancy terms and responsive management.",51.479385,-0.188399
P-1859,SW4 8GM,London,Clapham,flat,3,3,4550,,1077,True,True,True,True,True,2026-08-24,balcony|concierge|garden|gym|parking|pet-friendly,"A well-presented 3-bed flat in Clapham priced at £4550 pcm. Highlights include balcony, concierge, garden, gym, parking, pet-friendly. Suitable for applicants prioritising practical access, clear tenancy terms and responsive management.",51.482156,-0.144708
P-1860,SW4 7BL,London,Clapham,house,1,1,3250,,654,False,True,False,True,False,2026-10-17,balcony|concierge|parking|river-view|school|workspace,"A well-presented 1-bed house in Clapham priced at £3250 pcm. Highlights include balcony, concierge, parking, river-view, school, workspace. Suitable for applicants prioritising practical access, clear tenancy terms and responsive management.",51.447343,-0.139771
P-1861,SW11 7BP,London,Battersea,maisonette,1,1,3475,,669,True,False,False,True,False,2026-08-10,balcony|concierge|workspace,"A well-presented 1-bed maisonette in Battersea priced at £3475 pcm. Highlights include balcony, concierge, workspace. Suitable for applicants prioritising practical access, clear tenancy terms and responsive management.",51.475293,-0.163963
P-1862,SW3 5GP,London,Chelsea,flat,1,1,5075,,760,True,True,True,True,True,2026-07-28,concierge|garden|gym|pet-friendly,"A well-presented 1-bed flat in Chelsea priced at £5075 pcm. Highlights include concierge, garden, gym, pet-friendly. Suitable for applicants prioritising practical access, clear tenancy terms and responsive management.",51.507869,-0.180956
P-1863,N1 2GJ,London,Islington,maisonette,2,2,3600,,940,True,True,True,True,True,2026-09-02,concierge|garden|parking|pet-friendly|transport|workspace,"A well-presented 2-bed maisonette in Islington priced at £3600 pcm. Highlights include concierge, garden, parking, pet-friendly, transport, workspace. Suitable for applicants prioritising practical access, clear tenancy terms and responsive management.",51.559344,-0.082906
P-1864,SE10 1EM,London,Greenwich,studio,0,1,2300,,676,True,True,False,True,True,2026-10-13,balcony|parking|pet-friendly|river-view|transport|workspace,"A well-presented 0-bed studio in Greenwich priced at £2300 pcm. Highlights include balcony, parking, pet-friendly, river-view, transport, workspace. Suitable for applicants prioritising practical access, clear tenancy terms and responsive management.",51.483399,-0.056538
P-1865,E20 7GP,London,Stratford,flat,3,3,3800,,1331,False,True,True,True,True,2026-08-12,concierge|garden|parking|river-view|school|workspace,"A well-presented 3-bed flat in Stratford priced at £3800 pcm. Highlights include concierge, garden, parking, river-view, school, workspace. Suitable for applicants prioritising practical access, clear tenancy terms and responsive management.",51.545876,0.00231
P-1866,E14 8FJ,London,Canary Wharf,flat,2,3,3100,,898,True,True,False,True,False,2026-10-19,balcony|river-view|school|transport|workspace,"A well-presented 2-bed flat in Canary Wharf priced at £3100 pcm. Highlights include balcony, river-view, school, transport, workspace. Suitable for applicants prioritising practical access, clear tenancy terms and responsive management.",51.49621,-0.024121
P-1867,NW1 2FP,London,Camden,flat,2,2,3875,,922,True,True,True,True,False,2026-09-30,concierge|garden|gym|transport|workspace,"A well-presented 2-bed flat in Camden priced at £3875 pcm. Highlights include concierge, garden, gym, transport, workspace. Suitable for applicants prioritising practical access, clear tenancy terms and responsive management.",51.545318,-0.151193
P-1868,SW11 8DP,London,Battersea,flat,2,3,3575,,948,False,False,False,False,True,2026-10-04,gym|river-view|school|workspace,"A well-presented 2-bed flat in Battersea priced at £3575 pcm. Highlights include gym, river-view, school, workspace. Suitable for applicants prioritising practical access, clear tenancy terms and responsive management.",51.477554,-0.169464
P-1869,SW3 2FP,London,Chelsea,flat,1,2,4550,,660,True,True,True,False,False,2026-08-31,concierge|garden|parking|transport|workspace,"A well-presented 1-bed flat in Chelsea priced at £4550 pcm. Highlights include concierge, garden, parking, transport, workspace. Suitable for applicants prioritising practical access, clear tenancy terms and responsive management.",51.499337,-0.181516
P-1870,E8 9DP,London,Hackney,flat,2,2,3200,,900,False,False,True,False,True,2026-09-09,garden|gym|pet-friendly|transport,"A well-presented 2-bed flat in Hackney priced at £3200 pcm. Highlights include garden, gym, pet-friendly, transport. Suitable for applicants prioritising practical access, clear tenancy terms and responsive management.",51.550517,-0.058447
P-1871,SW19 5AM,London,Wimbledon,flat,1,1,3025,,704,True,True,True,False,False,2026-07-26,concierge|garden|parking|river-view|transport|workspace,"A well-presented 1-bed flat in Wimbledon priced at £3025 pcm. Highlights include concierge, garden, parking, river-view, transport, workspace. Suitable for applicants prioritising practical access, clear tenancy terms and responsive management.",51.443161,-0.212572
P-1872,SW4 6DJ,London,Clapham,flat,4,3,4325,,1538,False,False,True,True,True,2026-08-29,garden|river-view|school|workspace,"A well-presented 4-bed flat in Clapham priced at £4325 pcm. Highlights include garden, river-view, school, workspace. Suitable for applicants prioritising practical access, clear tenancy terms and responsive management.",51.461426,-0.157943
P-1873,SW11 1FL,London,Battersea,flat,2,2,3950,,934,False,True,True,True,True,2026-09-06,balcony|garden|parking|pet-friendly|river-view|workspace,"A well-presented 2-bed flat in Battersea priced at £3950 pcm. Highlights include balcony, garden, parking, pet-friendly, river-view, workspace. Suitable for applicants prioritising practical access, clear tenancy terms and responsive management.",51.46855,-0.162956
P-1874,SW3 2HN,London,Chelsea,flat,2,2,4625,,1151,True,True,False,True,False,2026-08-03,balcony|concierge|parking|river-view|school|workspace,"A well-presented 2-bed flat in Chelsea priced at £4625 pcm. Highlights include balcony, concierge, parking, river-view, school, workspace. Suitable for applicants prioritising practical access, clear tenancy terms and responsive management.",51.498219,-0.173298
P-1875,EC2A 3FN,London,Shoreditch,house,3,3,4575,,1074,True,True,True,True,True,2026-09-15,balcony|garden|parking|river-view|workspace,"A well-presented 3-bed house in Shoreditch priced at £4575 pcm. Highlights include balcony, garden, parking, river-view, workspace. Suitable for applicants prioritising practical access, clear tenancy terms and responsive management.",51.487508,-0.064819
P-1876,SW4 2GK,London,Clapham,flat,1,1,2850,,728,True,False,True,True,False,2026-08-07,balcony|garden|river-view|school|workspace,"A well-presented 1-bed flat in Clapham priced at £2850 pcm. Highlights include balcony, garden, river-view, school, workspace. Suitable for applicants prioritising practical access, clear tenancy terms and responsive management.",51.45449,-0.166288
P-1877,SW19 6FP,London,Wimbledon,flat,4,3,4350,,1409,False,False,False,False,True,2026-10-17,concierge|pet-friendly|school|workspace,"A well-presented 4-bed flat in Wimbledon priced at £4350 pcm. Highlights include concierge, pet-friendly, school, workspace. Suitable for applicants prioritising practical access, clear tenancy terms and responsive management.",51.427329,-0.257783
P-1878,CR0 8CK,London,Croydon,maisonette,1,1,2025,,659,True,False,False,True,True,2026-08-29,balcony|gym|pet-friendly|school|workspace,"A well-presented 1-bed maisonette in Croydon priced at £2025 pcm. Highlights include balcony, gym, pet-friendly, school, workspace. Suitable for applicants prioritising practical access, clear tenancy terms and responsive management.",51.374284,-0.090459
P-1879,E14 1DK,London,Canary Wharf,flat,2,3,3725,,984,True,False,True,True,False,2026-10-11,balcony|concierge|garden|gym|river-view,"A well-presented 2-bed flat in Canary Wharf priced at £3725 pcm. Highlights include balcony, concierge, garden, gym, river-view. Suitable for applicants prioritising practical access, clear tenancy terms and responsive management.",51.52768,-0.032172
P-1880,SW6 1GN,London,Fulham,maisonette,2,3,4675,,1122,True,True,True,True,False,2026-08-17,balcony|garden|gym|parking|river-view|transport,"A well-presented 2-bed maisonette in Fulham priced at £4675 pcm. Highlights include balcony, garden, gym, parking, river-view, transport. Suitable for applicants prioritising practical access, clear tenancy terms and responsive management.",51.465888,-0.201037
P-1881,SE10 8HK,London,Greenwich,flat,4,3,3975,,1554,True,True,False,True,True,2026-10-09,balcony|concierge|river-view|workspace,"A well-presented 4-bed flat in Greenwich priced at £3975 pcm. Highlights include balcony, concierge, river-view, workspace. Suitable for applicants prioritising practical access, clear tenancy terms and responsive management.",51.466119,0.001658
P-1882,SW3 3DM,London,Chelsea,maisonette,2,3,5100,,1094,True,False,False,False,True,2026-08-01,gym|pet-friendly|river-view|school,"A well-presented 2-bed maisonette in Chelsea priced at £5100 pcm. Highlights include gym, pet-friendly, river-view, school. Suitable for applicants prioritising practical access, clear tenancy terms and responsive management.",51.50294,-0.17968
P-1883,E14 9AM,London,Canary Wharf,house,1,1,2875,,585,False,False,False,True,True,2026-07-31,balcony|concierge|pet-friendly|river-view|school|transport,"A well-presented 1-bed house in Canary Wharf priced at £2875 pcm. Highlights include balcony, concierge, pet-friendly, river-view, school, transport. Suitable for applicants prioritising practical access, clear tenancy terms and responsive management.",51.522621,-0.029751
P-1884,N1 5BP,London,Islington,house,2,2,3750,,1049,True,True,True,True,True,2026-09-08,parking|pet-friendly|river-view,"A well-presented 2-bed house in Islington priced at £3750 pcm. Highlights include parking, pet-friendly, river-view. Suitable for applicants prioritising practical access, clear tenancy terms and responsive management.",51.559379,-0.115643
P-1885,E8 8DL,London,Hackney,flat,1,1,2925,,556,True,False,False,True,True,2026-08-30,balcony|concierge|river-view|workspace,"A well-presented 1-bed flat in Hackney priced at £2925 pcm. Highlights include balcony, concierge, river-view, workspace. Suitable for applicants prioritising practical access, clear tenancy terms and responsive management.",51.546972,-0.015768
P-1886,SW11 6FP,London,Battersea,flat,2,2,4075,,977,True,True,True,True,True,2026-09-01,garden|gym|parking|pet-friendly|transport|workspace,"A well-presented 2-bed flat in Battersea priced at £4075 pcm. Highlights include garden, gym, parking, pet-friendly, transport, workspace. Suitable for applicants prioritising practical access, clear tenancy terms and responsive management.",51.476484,-0.164122
P-1887,SW11 7EP,London,Battersea,flat,2,2,3850,,1053,False,True,True,True,False,2026-07-27,garden|gym|parking|river-view|workspace,"A well-presented 2-bed flat in Battersea priced at £3850 pcm. Highlights include garden, gym, parking, river-view, workspace. Suitable for applicants prioritising practical access, clear tenancy terms and responsive management.",51.4627,-0.18368
P-1888,EC2A 3FP,London,Shoreditch,flat,2,2,3750,,983,False,False,True,False,False,2026-10-07,concierge|garden|transport|workspace,"A well-presented 2-bed flat in Shoreditch priced at £3750 pcm. Highlights include concierge, garden, transport, workspace. Suitable for applicants prioritising practical access, clear tenancy terms and responsive management.",51.514596,-0.097533
P-1889,SW6 2FK,London,Fulham,flat,3,3,4575,,1239,True,False,True,False,True,2026-08-19,concierge|garden|pet-friendly|river-view|workspace,"A well-presented 3-bed flat in Fulham priced at £4575 pcm. Highlights include concierge, garden, pet-friendly, river-view, workspace. Suitable for applicants prioritising practical access, clear tenancy terms and responsive management.",51.483491,-0.23092
P-1890,EC2A 1DP,London,Shoreditch,flat,2,2,4100,,867,True,True,False,True,False,2026-09-08,balcony|parking|river-view,"A well-presented 2-bed flat in Shoreditch priced at £4100 pcm. Highlights include balcony, parking, river-view. Suitable for applicants prioritising practical access, clear tenancy terms and responsive management.",51.504719,-0.097079
P-1891,CR0 9BJ,London,Croydon,flat,1,1,1650,,671,True,True,False,False,False,2026-10-04,gym|parking|school,"A well-presented 1-bed flat in Croydon priced at £1650 pcm. Highlights include gym, parking, school. Suitable for applicants prioritising practical access, clear tenancy terms and responsive management.",51.369019,-0.115599
P-1892,SW6 1EN,London,Fulham,flat,4,3,4675,,1290,True,True,False,True,True,2026-08-04,balcony|concierge|parking|pet-friendly|school,"A well-presented 4-bed flat in Fulham priced at £4675 pcm. Highlights include balcony, concierge, parking, pet-friendly, school. Suitable for applicants prioritising practical access, clear tenancy terms and responsive management.",51.483476,-0.194174
P-1893,SW11 8BN,London,Battersea,flat,1,1,3925,,757,True,False,True,False,False,2026-09-02,concierge|garden|school,"A well-presented 1-bed flat in Battersea priced at £3925 pcm. Highlights include concierge, garden, school. Suitable for applicants prioritising practical access, clear tenancy terms and responsive management.",51.454451,-0.164042
P-1894,SW4 5AN,London,Clapham,flat,2,2,3750,,887,True,True,False,False,False,2026-08-07,gym|river-view|transport|workspace,"A well-presented 2-bed flat in Clapham priced at £3750 pcm. Highlights include gym, river-view, transport, workspace. Suitable for applicants prioritising practical access, clear tenancy terms and responsive management.",51.452709,-0.125701
P-1895,SW11 9EP,London,Battersea,house,3,3,4100,,1183,False,False,False,True,False,2026-08-26,concierge|river-view|transport|workspace,"A well-presented 3-bed house in Battersea priced at £4100 pcm. Highlights include concierge, river-view, transport, workspace. Suitable for applicants prioritising practical access, clear tenancy terms and responsive management.",51.478279,-0.195189
P-1896,SW6 3HJ,London,Fulham,flat,2,2,4050,,885,True,True,True,True,False,2026-09-27,balcony|garden|parking|school|workspace,"A well-presented 2-bed flat in Fulham priced at £4050 pcm. Highlights include balcony, garden, parking, school, workspace. Suitable for applicants prioritising practical access, clear tenancy terms and responsive management.",51.471056,-0.207235
P-1897,SW3 9CK,London,Chelsea,flat,2,2,4800,,996,False,False,True,False,True,2026-08-22,garden|gym|pet-friendly|transport,"A well-presented 2-bed flat in Chelsea priced at £4800 pcm. Highlights include garden, gym, pet-friendly, transport. Suitable for applicants prioritising practical access, clear tenancy terms and responsive management.",51.471812,-0.197462
P-1898,EC2A 3FK,London,Shoreditch,flat,4,3,4425,,1388,True,True,False,False,False,2026-09-12,parking|river-view|school|transport|workspace,"A well-presented 4-bed flat in Shoreditch priced at £4425 pcm. Highlights include parking, river-view, school, transport, workspace. Suitable for applicants prioritising practical access, clear tenancy terms and responsive management.",51.541995,-0.074511
P-1899,SW4 5DL,London,Clapham,flat,3,3,4025,,1280,False,True,True,False,False,2026-08-31,concierge|garden|parking|workspace,"A well-presented 3-bed flat in Clapham priced at £4025 pcm. Highlights include concierge, garden, parking, workspace. Suitable for applicants prioritising practical access, clear tenancy terms and responsive management.",51.44907,-0.117698
P-1900,NW1 7GM,London,Camden,studio,0,1,2300,,606,False,True,True,False,True,2026-09-13,garden|parking|pet-friendly|school,"A well-presented 0-bed studio in Camden priced at £2300 pcm. Highlights include garden, parking, pet-friendly, school. Suitable for applicants prioritising practical access, clear tenancy terms and responsive management.",51.55156,-0.128916
P-1901,E14 6AL,London,Canary Wharf,maisonette,1,1,3125,,752,True,True,True,False,True,2026-09-10,concierge|garden|parking|river-view|transport,"A well-presented 1-bed maisonette in Canary Wharf priced at £3125 pcm. Highlights include concierge, garden, parking, river-view, transport. Suitable for applicants prioritising practical access, clear tenancy terms and responsive management.",51.525793,-0.030732
P-1902,NW1 3FP,London,Camden,flat,2,2,3900,,1068,True,True,False,True,True,2026-10-07,balcony|pet-friendly|river-view|school,"A well-presented 2-bed flat in Camden priced at £3900 pcm. Highlights include balcony, pet-friendly, river-view, school. Suitable for applicants prioritising practical access, clear tenancy terms and responsive management.",51.544065,-0.114576
P-1903,SW3 7AJ,London,Chelsea,maisonette,1,1,4100,,654,True,False,False,True,True,2026-10-13,balcony|pet-friendly|river-view,"A well-presented 1-bed maisonette in Chelsea priced at £4100 pcm. Highlights include balcony, pet-friendly, river-view. Suitable for applicants prioritising practical access, clear tenancy terms and responsive management.",51.498794,-0.165246
P-1904,NW1 7CK,London,Camden,flat,2,3,3700,,1122,False,True,True,True,False,2026-08-31,balcony|garden|gym|river-view|workspace,"A well-presented 2-bed flat in Camden priced at £3700 pcm. Highlights include balcony, garden, gym, river-view, workspace. Suitable for applicants prioritising practical access, clear tenancy terms and responsive management.",51.515409,-0.144091
P-1905,SW19 5EP,London,Wimbledon,flat,1,1,2500,,683,True,True,False,True,False,2026-08-10,balcony|parking|river-view,"A well-presented 1-bed flat in Wimbledon priced at £2500 pcm. Highlights include balcony, parking, river-view. Suitable for applicants prioritising practical access, clear tenancy terms and responsive management.",51.418411,-0.236512
P-1906,SW4 5EN,London,Clapham,house,1,2,3125,,705,True,True,False,True,False,2026-07-26,balcony|concierge|gym|parking|river-view,"A well-presented 1-bed house in Clapham priced at £3125 pcm. Highlights include balcony, concierge, gym, parking, river-view. Suitable for applicants prioritising practical access, clear tenancy terms and responsive management.",51.470393,-0.127528
P-1907,SE10 7AN,London,Greenwich,flat,3,3,3625,,1134,True,False,True,False,True,2026-09-30,garden|pet-friendly|river-view|school|transport|workspace,"A well-presented 3-bed flat in Greenwich priced at £3625 pcm. Highlights include garden, pet-friendly, river-view, school, transport, workspace. Suitable for applicants prioritising practical access, clear tenancy terms and responsive management.",51.485919,0.013819
P-1908,SW3 8DJ,London,Chelsea,flat,2,3,5500,,740,True,False,True,False,True,2026-09-17,garden|gym|school|transport|workspace,"A well-presented 2-bed flat in Chelsea priced at £5500 pcm. Highlights include garden, gym, school, transport, workspace. Suitable for applicants prioritising practical access, clear tenancy terms and responsive management.",51.48866,-0.174531
P-1909,N1 7AM,London,Islington,flat,1,2,2775,,636,True,True,False,False,False,2026-08-30,concierge|gym|parking|workspace,"A well-presented 1-bed flat in Islington priced at £2775 pcm. Highlights include concierge, gym, parking, workspace. Suitable for applicants prioritising practical access, clear tenancy terms and responsive management.",51.533395,-0.103364
P-1910,E14 6HP,London,Canary Wharf,flat,2,3,3575,,975,True,False,False,True,False,2026-08-18,balcony|concierge|gym|river-view|transport|workspace,"A well-presented 2-bed flat in Canary Wharf priced at £3575 pcm. Highlights include balcony, concierge, gym, river-view, transport, workspace. Suitable for applicants prioritising practical access, clear tenancy terms and responsive management.",51.506345,-0.004529
P-1911,SW4 1CN,London,Clapham,house,2,2,3775,,877,True,True,True,True,True,2026-08-01,balcony|concierge|gym|pet-friendly|workspace,"A well-presented 2-bed house in Clapham priced at £3775 pcm. Highlights include balcony, concierge, gym, pet-friendly, workspace. Suitable for applicants prioritising practical access, clear tenancy terms and responsive management.",51.464486,-0.134829
P-1912,NW1 4FJ,London,Camden,house,2,2,3500,,890,True,False,True,True,False,2026-09-18,balcony|garden|gym|workspace,"A well-presented 2-bed house in Camden priced at £3500 pcm. Highlights include balcony, garden, gym, workspace. Suitable for applicants prioritising practical access, clear tenancy terms and responsive management.",51.545911,-0.14529
P-1913,E20 2BK,London,Stratford,house,2,3,3350,,1005,True,True,False,True,True,2026-10-06,balcony|pet-friendly|river-view|school|transport|workspace,"A well-presented 2-bed house in Stratford priced at £3350 pcm. Highlights include balcony, pet-friendly, river-view, school, transport, workspace. Suitable for applicants prioritising practical access, clear tenancy terms and responsive management.",51.545192,-0.012889
P-1914,SW11 6GK,London,Battersea,flat,1,1,3275,,777,True,True,False,True,False,2026-08-04,balcony|gym|parking|river-view,"A well-presented 1-bed flat in Battersea priced at £3275 pcm. Highlights include balcony, gym, parking, river-view. Suitable for applicants prioritising practical access, clear tenancy terms and responsive management.",51.467651,-0.170662
P-1915,SW4 2FL,London,Clapham,studio,0,1,3125,,755,True,False,True,True,False,2026-08-01,balcony|garden|gym|river-view|transport,"A well-presented 0-bed studio in Clapham priced at £3125 pcm. Highlights include balcony, garden, gym, river-view, transport. Suitable for applicants prioritising practical access, clear tenancy terms and responsive management.",51.468448,-0.118705
P-1916,E8 6AK,London,Hackney,maisonette,2,2,3450,,870,False,False,False,True,True,2026-08-15,balcony|gym|pet-friendly|transport|workspace,"A well-presented 2-bed maisonette in Hackney priced at £3450 pcm. Highlights include balcony, gym, pet-friendly, transport, workspace. Suitable for applicants prioritising practical access, clear tenancy terms and responsive management.",51.538502,-0.05659
P-1917,SW19 7CM,London,Wimbledon,flat,2,2,3600,,1010,True,True,False,False,False,2026-08-15,concierge|river-view|school|transport,"A well-presented 2-bed flat in Wimbledon priced at £3600 pcm. Highlights include concierge, river-view, school, transport. Suitable for applicants prioritising practical access, clear tenancy terms and responsive management.",51.41338,-0.207499
P-1918,SW6 5FJ,London,Fulham,maisonette,2,2,4350,,935,True,True,False,True,False,2026-09-04,concierge|gym|parking|transport,"A well-presented 2-bed maisonette in Fulham priced at £4350 pcm. Highlights include concierge, gym, parking, transport. Suitable for applicants prioritising practical access, clear tenancy terms and responsive management.",51.463325,-0.176264
P-1919,E14 2AL,London,Canary Wharf,house,2,2,3625,,762,True,False,False,True,True,2026-08-04,concierge|pet-friendly|transport,"A well-presented 2-bed house in Canary Wharf priced at £3625 pcm. Highlights include concierge, pet-friendly, transport. Suitable for applicants prioritising practical access, clear tenancy terms and responsive management.",51.521836,-0.043049
P-1920,E8 1EM,London,Hackney,maisonette,2,2,3100,,1013,False,False,False,True,True,2026-08-25,pet-friendly|river-view|workspace,"A well-presented 2-bed maisonette in Hackney priced at £3100 pcm. Highlights include pet-friendly, river-view, workspace. Suitable for applicants prioritising practical access, clear tenancy terms and responsive management.",51.535863,-0.062042
P-1921,SE10 3DN,London,Greenwich,flat,2,2,3125,,901,False,True,False,True,False,2026-08-11,balcony|gym|parking|river-view|workspace,"A well-presented 2-bed flat in Greenwich priced at £3125 pcm. Highlights include balcony, gym, parking, river-view, workspace. Suitable for applicants prioritising practical access, clear tenancy terms and responsive management.",51.461226,-0.047848
P-1922,EC2A 3EL,London,Shoreditch,studio,0,1,3250,,722,False,True,True,True,True,2026-09-21,garden|gym|pet-friendly,"A well-presented 0-bed studio in Shoreditch priced at £3250 pcm. Highlights include garden, gym, pet-friendly. Suitable for applicants prioritising practical access, clear tenancy terms and responsive management.",51.518004,-0.102333
P-1923,CR0 1GP,London,Croydon,flat,3,3,2950,,1240,True,True,False,False,True,2026-08-18,concierge|parking|pet-friendly|school|workspace,"A well-presented 3-bed flat in Croydon priced at £2950 pcm. Highlights include concierge, parking, pet-friendly, school, workspace. Suitable for applicants prioritising practical access, clear tenancy terms and responsive management.",51.359917,-0.094183
P-1924,SE10 8FK,London,Greenwich,flat,1,2,2625,,774,True,False,False,True,True,2026-10-05,balcony|concierge|pet-friendly,"A well-presented 1-bed flat in Greenwich priced at £2625 pcm. Highlights include balcony, concierge, pet-friendly. Suitable for applicants prioritising practical access, clear tenancy terms and responsive management.",51.489761,-0.044126
P-1925,E8 3EL,London,Hackney,flat,1,1,3050,,799,False,False,True,False,False,2026-10-02,garden|river-view|transport|workspace,"A well-presented 1-bed flat in Hackney priced at £3050 pcm. Highlights include garden, river-view, transport, workspace. Suitable for applicants prioritising practical access, clear tenancy terms and responsive management.",51.53906,-0.064256
P-1926,SW3 2DM,London,Chelsea,flat,1,1,4650,,629,True,True,True,False,True,2026-08-08,concierge|garden|gym|pet-friendly|school,"A well-presented 1-bed flat in Chelsea priced at £4650 pcm. Highlights include concierge, garden, gym, pet-friendly, school. Suitable for applicants prioritising practical access, clear tenancy terms and responsive management.",51.488649,-0.17938
P-1927,SW6 9CM,London,Fulham,flat,3,3,4300,,1093,True,True,True,True,False,2026-08-17,balcony|garden|parking|river-view,"A well-presented 3-bed flat in Fulham priced at £4300 pcm. Highlights include balcony, garden, parking, river-view. Suitable for applicants prioritising practical access, clear tenancy terms and responsive management.",51.461382,-0.183083
P-1928,SE10 9AN,London,Greenwich,studio,0,1,2450,,791,True,True,True,True,True,2026-10-01,balcony|garden|parking|transport,"A well-presented 0-bed studio in Greenwich priced at £2450 pcm. Highlights include balcony, garden, parking, transport. Suitable for applicants prioritising practical access, clear tenancy terms and responsive management.",51.501289,0.001667
P-1929,EC2A 3GK,London,Shoreditch,flat,2,2,3700,,847,True,True,False,False,False,2026-07-30,concierge|gym|parking|workspace,"A well-presented 2-bed flat in Shoreditch priced at £3700 pcm. Highlights include concierge, gym, parking, workspace. Suitable for applicants prioritising practical access, clear tenancy terms and responsive management.",51.533801,-0.067582
P-1930,E8 5DP,London,Hackney,flat,4,3,3925,,1497,True,True,False,True,False,2026-10-08,concierge|gym|parking|river-view|school|workspace,"A well-presented 4-bed flat in Hackney priced at £3925 pcm. Highlights include concierge, gym, parking, river-view, school, workspace. Suitable for applicants prioritising practical access, clear tenancy terms and responsive management.",51.567407,-0.032922
P-1931,E20 7GN,London,Stratford,flat,3,3,3850,,1241,True,True,False,True,True,2026-08-24,concierge|gym|parking|pet-friendly|river-view|workspace,"A well-presented 3-bed flat in Stratford priced at £3850 pcm. Highlights include concierge, gym, parking, pet-friendly, river-view, workspace. Suitable for applicants prioritising practical access, clear tenancy terms and responsive management.",51.535766,0.010318
P-1932,NW1 4HK,London,Camden,flat,2,3,3650,,933,True,True,False,False,True,2026-08-28,concierge|gym|parking|pet-friendly|school,"A well-presented 2-bed flat in Camden priced at £3650 pcm. Highlights include concierge, gym, parking, pet-friendly, school. Suitable for applicants prioritising practical access, clear tenancy terms and responsive management.",51.539947,-0.150905
P-1933,SW4 2HK,London,Clapham,flat,1,1,3050,,724,False,False,True,True,False,2026-09-05,garden|gym|school,"A well-presented 1-bed flat in Clapham priced at £3050 pcm. Highlights include garden, gym, school. Suitable for applicants prioritising practical access, clear tenancy terms and responsive management.",51.462193,-0.166706
P-1934,N1 8EK,London,Islington,maisonette,3,3,3975,,1170,True,False,True,True,True,2026-08-06,garden|gym|pet-friendly,"A well-presented 3-bed maisonette in Islington priced at £3975 pcm. Highlights include garden, gym, pet-friendly. Suitable for applicants prioritising practical access, clear tenancy terms and responsive management.",51.546547,-0.076601
P-1935,E20 5EL,London,Stratford,maisonette,3,3,3750,,1123,True,False,False,True,True,2026-09-27,balcony|pet-friendly|river-view|transport|workspace,"A well-presented 3-bed maisonette in Stratford priced at £3750 pcm. Highlights include balcony, pet-friendly, river-view, transport, workspace. Suitable for applicants prioritising practical access, clear tenancy terms and responsive management.",51.534228,-0.011555
P-1936,NW1 7EJ,London,Camden,flat,2,3,4000,,983,False,True,False,True,False,2026-09-24,gym|parking|river-view|transport|workspace,"A well-presented 2-bed flat in Camden priced at £4000 pcm. Highlights include gym, parking, river-view, transport, workspace. Suitable for applicants prioritising practical access, clear tenancy terms and responsive management.",51.532907,-0.176069
P-1937,SW6 2BK,London,Fulham,flat,2,2,3900,,831,True,False,True,False,True,2026-10-06,garden|pet-friendly|river-view|school|transport|workspace,"A well-presented 2-bed flat in Fulham priced at £3900 pcm. Highlights include garden, pet-friendly, river-view, school, transport, workspace. Suitable for applicants prioritising practical access, clear tenancy terms and responsive management.",51.460997,-0.187566
P-1938,CR0 9AM,London,Croydon,flat,3,3,3175,,1176,True,True,False,True,True,2026-09-17,balcony|parking|pet-friendly|river-view|transport|workspace,"A well-presented 3-bed flat in Croydon priced at £3175 pcm. Highlights include balcony, parking, pet-friendly, river-view, transport, workspace. Suitable for applicants prioritising practical access, clear tenancy terms and responsive management.",51.379719,-0.11157
P-1939,CR0 8EL,London,Croydon,house,3,3,3200,,1194,False,True,True,False,False,2026-09-06,concierge|parking|transport|workspace,"A well-presented 3-bed house in Croydon priced at £3200 pcm. Highlights include concierge, parking, transport, workspace. Suitable for applicants prioritising practical access, clear tenancy terms and responsive management.",51.361956,-0.079159
P-1940,NW1 4FP,London,Camden,maisonette,1,1,3025,,657,True,False,True,True,False,2026-09-06,concierge|garden|river-view|transport,"A well-presented 1-bed maisonette in Camden priced at £3025 pcm. Highlights include concierge, garden, river-view, transport. Suitable for applicants prioritising practical access, clear tenancy terms and responsive management.",51.555303,-0.148975
P-1941,SW4 2GL,London,Clapham,house,1,2,3375,,608,True,True,True,True,True,2026-09-25,garden|gym|parking|pet-friendly|school|workspace,"A well-presented 1-bed house in Clapham priced at £3375 pcm. Highlights include garden, gym, parking, pet-friendly, school, workspace. Suitable for applicants prioritising practical access, clear tenancy terms and responsive management.",51.456748,-0.118662
P-1942,CR0 3FJ,London,Croydon,flat,2,2,3125,,973,False,False,True,True,True,2026-08-17,balcony|concierge|garden|pet-friendly|river-view|workspace,"A well-presented 2-bed flat in Croydon priced at £3125 pcm. Highlights include balcony, concierge, garden, pet-friendly, river-view, workspace. Suitable for applicants prioritising practical access, clear tenancy terms and responsive management.",51.388607,-0.071793
P-1943,SW19 7EK,London,Wimbledon,flat,1,2,3025,,635,True,True,True,True,True,2026-09-05,balcony|concierge|garden|school|workspace,"A well-presented 1-bed flat in Wimbledon priced at £3025 pcm. Highlights include balcony, concierge, garden, school, workspace. Suitable for applicants prioritising practical access, clear tenancy terms and responsive management.",51.423416,-0.189386
P-1944,SW6 8AK,London,Fulham,flat,3,3,4875,,1295,True,True,True,False,True,2026-08-12,garden|gym|pet-friendly|river-view,"A well-presented 3-bed flat in Fulham priced at £4875 pcm. Highlights include garden, gym, pet-friendly, river-view. Suitable for applicants prioritising practical access, clear tenancy terms and responsive management.",51.466909,-0.180703
P-1945,CR0 4CJ,London,Croydon,maisonette,3,3,3100,,1175,True,False,False,True,False,2026-08-24,balcony|river-view|school,"A well-presented 3-bed maisonette in Croydon priced at £3100 pcm. Highlights include balcony, river-view, school. Suitable for applicants prioritising practical access, clear tenancy terms and responsive management.",51.373574,-0.084408
P-1946,E14 7EP,London,Canary Wharf,house,2,2,3250,,785,True,False,True,True,True,2026-08-26,balcony|garden|gym|pet-friendly|river-view|workspace,"A well-presented 2-bed house in Canary Wharf priced at £3250 pcm. Highlights include balcony, garden, gym, pet-friendly, river-view, workspace. Suitable for applicants prioritising practical access, clear tenancy terms and responsive management.",51.51823,-0.037422
P-1947,E8 4CJ,London,Hackney,flat,3,3,3875,,1246,False,True,False,True,False,2026-10-22,parking|school|transport|workspace,"A well-presented 3-bed flat in Hackney priced at £3875 pcm. Highlights include parking, school, transport, workspace. Suitable for applicants prioritising practical access, clear tenancy terms and responsive management.",51.543794,-0.056333
P-1948,SW3 9DM,London,Chelsea,flat,1,1,4700,,737,True,True,False,True,False,2026-10-05,balcony|parking|workspace,"A well-presented 1-bed flat in Chelsea priced at £4700 pcm. Highlights include balcony, parking, workspace. Suitable for applicants prioritising practical access, clear tenancy terms and responsive management.",51.475992,-0.152987
P-1949,E14 8CJ,London,Canary Wharf,flat,2,3,3700,,915,True,False,True,False,True,2026-09-07,garden|gym|pet-friendly|river-view|transport|workspace,"A well-presented 2-bed flat in Canary Wharf priced at £3700 pcm. Highlights include garden, gym, pet-friendly, river-view, transport, workspace. Suitable for applicants prioritising practical access, clear tenancy terms and responsive management.",51.493333,-0.017017
P-1950,E20 7DP,London,Stratford,maisonette,3,3,3825,,1102,True,True,True,False,False,2026-09-01,garden|parking|school|transport|workspace,"A well-presented 3-bed maisonette in Stratford priced at £3825 pcm. Highlights include garden, parking, school, transport, workspace. Suitable for applicants prioritising practical access, clear tenancy terms and responsive management.",51.560847,-0.032242
P-1951,SW6 6AN,London,Fulham,flat,1,1,3925,,634,False,True,True,True,True,2026-09-07,balcony|garden|gym|parking|pet-friendly,"A well-presented 1-bed flat in Fulham priced at £3925 pcm. Highlights include balcony, garden, gym, parking, pet-friendly. Suitable for applicants prioritising practical access, clear tenancy terms and responsive management.",51.49023,-0.217125
P-1952,SW19 3CJ,London,Wimbledon,flat,4,3,4325,,1528,False,False,False,True,True,2026-09-25,gym|pet-friendly|workspace,"A well-presented 4-bed flat in Wimbledon priced at £4325 pcm. Highlights include gym, pet-friendly, workspace. Suitable for applicants prioritising practical access, clear tenancy terms and responsive management.",51.416666,-0.200647
P-1953,SW11 6CJ,London,Battersea,flat,4,3,4775,,1436,False,False,False,False,True,2026-09-07,gym|pet-friendly|school,"A well-presented 4-bed flat in Battersea priced at £4775 pcm. Highlights include gym, pet-friendly, school. Suitable for applicants prioritising practical access, clear tenancy terms and responsive management.",51.473507,-0.17822
P-1954,SE10 2FM,London,Greenwich,flat,2,2,3050,,886,True,False,False,True,False,2026-09-29,balcony|concierge|gym|river-view|workspace,"A well-presented 2-bed flat in Greenwich priced at £3050 pcm. Highlights include balcony, concierge, gym, river-view, workspace. Suitable for applicants prioritising practical access, clear tenancy terms and responsive management.",51.482937,-0.005824
P-1955,N1 1AL,London,Islington,flat,2,2,3525,,1006,True,True,False,True,False,2026-09-01,parking|school|transport,"A well-presented 2-bed flat in Islington priced at £3525 pcm. Highlights include parking, school, transport. Suitable for applicants prioritising practical access, clear tenancy terms and responsive management.",51.549014,-0.123522
P-1956,E14 6BP,London,Canary Wharf,house,3,3,4450,,1199,True,True,True,True,False,2026-10-08,balcony|concierge|garden|gym|parking,"A well-presented 3-bed house in Canary Wharf priced at £4450 pcm. Highlights include balcony, concierge, garden, gym, parking. Suitable for applicants prioritising practical access, clear tenancy terms and responsive management.",51.526713,-0.031794
P-1957,NW1 2EL,London,Camden,flat,2,2,3500,,853,True,False,False,True,True,2026-09-06,balcony|concierge|pet-friendly|school|transport|workspace,"A well-presented 2-bed flat in Camden priced at £3500 pcm. Highlights include balcony, concierge, pet-friendly, school, transport, workspace. Suitable for applicants prioritising practical access, clear tenancy terms and responsive management.",51.531637,-0.139068
P-1958,CR0 8GM,London,Croydon,flat,2,2,2650,,940,True,False,True,True,False,2026-10-17,balcony|garden|gym|river-view,"A well-presented 2-bed flat in Croydon priced at £2650 pcm. Highlights include balcony, garden, gym, river-view. Suitable for applicants prioritising practical access, clear tenancy terms and responsive management.",51.392345,-0.100151
P-1959,SW6 7AL,London,Fulham,flat,2,2,4275,,1044,True,True,False,True,True,2026-09-23,balcony|concierge|parking|pet-friendly,"A well-presented 2-bed flat in Fulham priced at £4275 pcm. Highlights include balcony, concierge, parking, pet-friendly. Suitable for applicants prioritising practical access, clear tenancy terms and responsive management.",51.477408,-0.178125
P-1960,SW4 9DL,London,Clapham,house,2,2,3400,,1086,False,True,False,False,False,2026-08-10,gym|parking|school,"A well-presented 2-bed house in Clapham priced at £3400 pcm. Highlights include gym, parking, school. Suitable for applicants prioritising practical access, clear tenancy terms and responsive management.",51.453801,-0.150056
P-1961,SW3 8GL,London,Chelsea,house,2,2,5075,,778,True,False,True,True,True,2026-08-29,balcony|pet-friendly|school|transport|workspace,"A well-presented 2-bed house in Chelsea priced at £5075 pcm. Highlights include balcony, pet-friendly, school, transport, workspace. Suitable for applicants prioritising practical access, clear tenancy terms and responsive management.",51.504803,-0.177923
P-1962,SW4 9CP,London,Clapham,flat,1,1,2975,,861,False,False,False,True,False,2026-07-30,balcony|school|transport,"A well-presented 1-bed flat in Clapham priced at £2975 pcm. Highlights include balcony, school, transport. Suitable for applicants prioritising practical access, clear tenancy terms and responsive management.",51.459725,-0.137842
P-1963,SW6 7CN,London,Fulham,flat,2,2,4050,,1078,False,True,True,True,True,2026-10-19,balcony|garden|parking|pet-friendly|transport,"A well-presented 2-bed flat in Fulham priced at £4050 pcm. Highlights include balcony, garden, parking, pet-friendly, transport. Suitable for applicants prioritising practical access, clear tenancy terms and responsive management.",51.469352,-0.181108
P-1964,SW11 1AM,London,Battersea,flat,3,3,4125,,1233,True,True,False,True,True,2026-10-20,concierge|gym|river-view|workspace,"A well-presented 3-bed flat in Battersea priced at £4125 pcm. Highlights include concierge, gym, river-view, workspace. Suitable for applicants prioritising practical access, clear tenancy terms and responsive management.",51.471479,-0.191386
P-1965,E20 6GJ,London,Stratford,maisonette,3,3,3250,,1156,False,True,False,True,False,2026-08-11,balcony|concierge|parking,"A well-presented 3-bed maisonette in Stratford priced at £3250 pcm. Highlights include balcony, concierge, parking. Suitable for applicants prioritising practical access, clear tenancy terms and responsive management.",51.545937,0.01178
P-1966,SW19 7AM,London,Wimbledon,flat,2,2,3075,,935,False,True,True,True,True,2026-09-10,balcony|garden|parking|pet-friendly|workspace,"A well-presented 2-bed flat in Wimbledon priced at £3075 pcm. Highlights include balcony, garden, parking, pet-friendly, workspace. Suitable for applicants prioritising practical access, clear tenancy terms and responsive management.",51.403824,-0.182733
P-1967,N1 3DJ,London,Islington,house,4,3,4000,,1233,True,True,True,True,False,2026-08-07,garden|parking|river-view|transport,"A well-presented 4-bed house in Islington priced at £4000 pcm. Highlights include garden, parking, river-view, transport. Suitable for applicants prioritising practical access, clear tenancy terms and responsive management.",51.556268,-0.103485
P-1968,E20 5EL,London,Stratford,flat,3,3,4100,,1168,False,True,False,False,False,2026-08-26,concierge|gym|parking|river-view|school|workspace,"A well-presented 3-bed flat in Stratford priced at £4100 pcm. Highlights include concierge, gym, parking, river-view, school, workspace. Suitable for applicants prioritising practical access, clear tenancy terms and responsive management.",51.538498,0.044187
P-1969,E20 2BK,London,Stratford,house,1,1,2350,,661,False,False,True,True,True,2026-09-11,balcony|garden|gym|pet-friendly|river-view|school,"A well-presented 1-bed house in Stratford priced at £2350 pcm. Highlights include balcony, garden, gym, pet-friendly, river-view, school. Suitable for applicants prioritising practical access, clear tenancy terms and responsive management.",51.538317,0.007979
P-1970,SE10 3HN,London,Greenwich,flat,4,3,4550,,1504,True,True,False,True,True,2026-10-16,balcony|parking|pet-friendly,"A well-presented 4-bed flat in Greenwich priced at £4550 pcm. Highlights include balcony, parking, pet-friendly. Suitable for applicants prioritising practical access, clear tenancy terms and responsive management.",51.4697,-0.005458
P-1971,SW6 5CL,London,Fulham,house,2,2,4225,,875,True,True,True,True,True,2026-08-18,balcony|garden|parking|transport,"A well-presented 2-bed house in Fulham priced at £4225 pcm. Highlights include balcony, garden, parking, transport. Suitable for applicants prioritising practical access, clear tenancy terms and responsive management.",51.497784,-0.200098
P-1972,CR0 1HJ,London,Croydon,flat,1,1,2100,,587,True,True,True,False,True,2026-10-09,concierge|garden|gym|parking|pet-friendly|river-view,"A well-presented 1-bed flat in Croydon priced at £2100 pcm. Highlights include concierge, garden, gym, parking, pet-friendly, river-view. Suitable for applicants prioritising practical access, clear tenancy terms and responsive management.",51.378572,-0.090988
P-1973,SW6 1CP,London,Fulham,flat,2,2,3925,,942,True,True,False,True,False,2026-09-09,concierge|parking|school|transport,"A well-presented 2-bed flat in Fulham priced at £3925 pcm. Highlights include concierge, parking, school, transport. Suitable for applicants prioritising practical access, clear tenancy terms and responsive management.",51.487828,-0.224364
P-1974,E14 7BK,London,Canary Wharf,flat,1,2,2950,,738,True,True,False,True,True,2026-07-28,balcony|pet-friendly|transport,"A well-presented 1-bed flat in Canary Wharf priced at £2950 pcm. Highlights include balcony, pet-friendly, transport. Suitable for applicants prioritising practical access, clear tenancy terms and responsive management.",51.516575,-0.010326
P-1975,SW19 4HN,London,Wimbledon,flat,2,2,3675,,960,True,False,True,False,True,2026-09-06,garden|pet-friendly|river-view,"A well-presented 2-bed flat in Wimbledon priced at £3675 pcm. Highlights include garden, pet-friendly, river-view. Suitable for applicants prioritising practical access, clear tenancy terms and responsive management.",51.418624,-0.216776
P-1976,CR0 7EK,London,Croydon,flat,1,1,2425,,770,True,True,False,False,True,2026-07-26,gym|parking|river-view|school,"A well-presented 1-bed flat in Croydon priced at £2425 pcm. Highlights include gym, parking, river-view, school. Suitable for applicants prioritising practical access, clear tenancy terms and responsive management.",51.368108,-0.11159
P-1977,E8 3FK,London,Hackney,house,1,1,2550,,641,False,True,False,False,True,2026-09-15,parking|pet-friendly|river-view|transport,"A well-presented 1-bed house in Hackney priced at £2550 pcm. Highlights include parking, pet-friendly, river-view, transport. Suitable for applicants prioritising practical access, clear tenancy terms and responsive management.",51.544007,-0.050924
P-1978,E8 9DK,London,Hackney,flat,1,1,2850,,701,True,True,False,True,True,2026-08-17,concierge|parking|pet-friendly|river-view|school|workspace,"A well-presented 1-bed flat in Hackney priced at £2850 pcm. Highlights include concierge, parking, pet-friendly, river-view, school, workspace. Suitable for applicants prioritising practical access, clear tenancy terms and responsive management.",51.550202,-0.064454
P-1979,SW19 8BN,London,Wimbledon,flat,2,3,3500,,902,True,True,False,False,True,2026-09-19,concierge|parking|pet-friendly|river-view|school,"A well-presented 2-bed flat in Wimbledon priced at £3500 pcm. Highlights include concierge, parking, pet-friendly, river-view, school. Suitable for applicants prioritising practical access, clear tenancy terms and responsive management.",51.409486,-0.232414
P-1980,N1 8AP,London,Islington,house,3,3,3975,,1299,True,False,True,True,False,2026-09-11,balcony|concierge|garden|gym|school|transport,"A well-presented 3-bed house in Islington priced at £3975 pcm. Highlights include balcony, concierge, garden, gym, school, transport. Suitable for applicants prioritising practical access, clear tenancy terms and responsive management.",51.545023,-0.095212
P-1981,SW19 3HL,London,Wimbledon,flat,3,3,4150,,1196,True,False,True,True,True,2026-10-10,concierge|garden|gym|pet-friendly|workspace,"A well-presented 3-bed flat in Wimbledon priced at £4150 pcm. Highlights include concierge, garden, gym, pet-friendly, workspace. Suitable for applicants prioritising practical access, clear tenancy terms and responsive management.",51.4141,-0.195734
P-1982,SW6 6DP,London,Fulham,house,3,3,4475,,1261,True,False,False,True,True,2026-08-20,gym|school|workspace,"A well-presented 3-bed house in Fulham priced at £4475 pcm. Highlights include gym, school, workspace. Suitable for applicants prioritising practical access, clear tenancy terms and responsive management.",51.481517,-0.216197
P-1983,N1 9CK,London,Islington,house,2,2,3850,,948,True,True,True,True,True,2026-09-15,balcony|concierge|parking|river-view|workspace,"A well-presented 2-bed house in Islington priced at £3850 pcm. Highlights include balcony, concierge, parking, river-view, workspace. Suitable for applicants prioritising practical access, clear tenancy terms and responsive management.",51.558586,-0.096476
P-1984,E20 8BJ,London,Stratford,studio,0,1,1825,,848,False,True,False,False,True,2026-09-10,concierge|gym|parking|river-view|school|workspace,"A well-presented 0-bed studio in Stratford priced at £1825 pcm. Highlights include concierge, gym, parking, river-view, school, workspace. Suitable for applicants prioritising practical access, clear tenancy terms and responsive management.",51.531821,-0.003334
P-1985,SW3 8FL,London,Chelsea,flat,2,2,5475,,941,True,True,True,False,True,2026-09-09,garden|parking|river-view|transport,"A well-presented 2-bed flat in Chelsea priced at £5475 pcm. Highlights include garden, parking, river-view, transport. Suitable for applicants prioritising practical access, clear tenancy terms and responsive management.",51.473232,-0.169598
P-1986,E20 5BL,London,Stratford,flat,2,3,3250,,930,True,True,False,False,True,2026-09-25,concierge|gym|parking|pet-friendly|workspace,"A well-presented 2-bed flat in Stratford priced at £3250 pcm. Highlights include concierge, gym, parking, pet-friendly, workspace. Suitable for applicants prioritising practical access, clear tenancy terms and responsive management.",51.528291,0.003139
P-1987,E14 6CJ,London,Canary Wharf,flat,4,3,4375,,1462,False,True,True,False,True,2026-08-23,concierge|garden|gym|parking|river-view|workspace,"A well-presented 4-bed flat in Canary Wharf priced at £4375 pcm. Highlights include concierge, garden, gym, parking, river-view, workspace. Suitable for applicants prioritising practical access, clear tenancy terms and responsive management.",51.48902,-0.010873
P-1988,SW11 6AK,London,Battersea,flat,3,3,3675,,1210,True,True,False,True,True,2026-07-25,balcony|concierge|parking|pet-friendly|school|transport,"A well-presented 3-bed flat in Battersea priced at £3675 pcm. Highlights include balcony, concierge, parking, pet-friendly, school, transport. Suitable for applicants prioritising practical access, clear tenancy terms and responsive management.",51.457151,-0.160822
P-1989,SW11 7FL,London,Battersea,flat,2,3,3825,,947,True,False,False,True,True,2026-09-16,balcony|pet-friendly|river-view|school|workspace,"A well-presented 2-bed flat in Battersea priced at £3825 pcm. Highlights include balcony, pet-friendly, river-view, school, workspace. Suitable for applicants prioritising practical access, clear tenancy terms and responsive management.",51.477047,-0.172313
P-1990,E8 8BP,London,Hackney,flat,3,3,3950,,1170,True,True,True,True,True,2026-09-27,balcony|garden|parking|river-view,"A well-presented 3-bed flat in Hackney priced at £3950 pcm. Highlights include balcony, garden, parking, river-view. Suitable for applicants prioritising practical access, clear tenancy terms and responsive management.",51.549701,-0.067195
P-1991,E20 2BJ,London,Stratford,flat,1,2,2400,,782,True,True,False,True,False,2026-07-25,balcony|gym|river-view|workspace,"A well-presented 1-bed flat in Stratford priced at £2400 pcm. Highlights include balcony, gym, river-view, workspace. Suitable for applicants prioritising practical access, clear tenancy terms and responsive management.",51.533315,0.009694
P-1992,SW11 4BK,London,Battersea,house,2,2,4275,,862,False,True,True,True,False,2026-08-04,concierge|parking|river-view,"A well-presented 2-bed house in Battersea priced at £4275 pcm. Highlights include concierge, parking, river-view. Suitable for applicants prioritising practical access, clear tenancy terms and responsive management.",51.466934,-0.149282
P-1993,E14 4HN,London,Canary Wharf,flat,1,2,2975,,659,True,False,False,True,False,2026-08-16,balcony|gym|transport|workspace,"A well-presented 1-bed flat in Canary Wharf priced at £2975 pcm. Highlights include balcony, gym, transport, workspace. Suitable for applicants prioritising practical access, clear tenancy terms and responsive management.",51.517753,-0.009159
P-1994,SW3 4BP,London,Chelsea,flat,1,1,4975,,682,True,False,False,True,False,2026-08-17,concierge|river-view|transport,"A well-presented 1-bed flat in Chelsea priced at £4975 pcm. Highlights include concierge, river-view, transport. Suitable for applicants prioritising practical access, clear tenancy terms and responsive management.",51.487774,-0.155425
P-1995,SE10 5FP,London,Greenwich,house,4,3,3375,,1522,True,False,True,True,True,2026-09-29,concierge|garden|pet-friendly|river-view,"A well-presented 4-bed house in Greenwich priced at £3375 pcm. Highlights include concierge, garden, pet-friendly, river-view. Suitable for applicants prioritising practical access, clear tenancy terms and responsive management.",51.482309,0.013944
P-1996,E14 7BP,London,Canary Wharf,flat,2,3,4025,,937,True,False,True,True,True,2026-09-19,concierge|garden|gym|pet-friendly|transport,"A well-presented 2-bed flat in Canary Wharf priced at £4025 pcm. Highlights include concierge, garden, gym, pet-friendly, transport. Suitable for applicants prioritising practical access, clear tenancy terms and responsive management.",51.50133,-0.002498
P-1997,E14 6HL,London,Canary Wharf,maisonette,1,1,4000,,655,True,True,False,False,False,2026-08-31,gym|parking|workspace,"A well-presented 1-bed maisonette in Canary Wharf priced at £4000 pcm. Highlights include gym, parking, workspace. Suitable for applicants prioritising practical access, clear tenancy terms and responsive management.",51.514172,-0.035212
P-1998,SW4 8FM,London,Clapham,flat,2,2,3525,,915,True,True,False,True,False,2026-09-21,balcony|concierge|parking|transport,"A well-presented 2-bed flat in Clapham priced at £3525 pcm. Highlights include balcony, concierge, parking, transport. Suitable for applicants prioritising practical access, clear tenancy terms and responsive management.",51.451986,-0.147371
P-1999,SW3 7FJ,London,Chelsea,flat,2,2,5175,,784,False,False,False,True,True,2026-10-16,balcony|concierge|pet-friendly|river-view|transport|workspace,"A well-presented 2-bed flat in Chelsea priced at £5175 pcm. Highlights include balcony, concierge, pet-friendly, river-view, transport, workspace. Suitable for applicants prioritising practical access, clear tenancy terms and responsive management.",51.462896,-0.155395
P-2000,SE10 8GK,London,Greenwich,flat,2,2,3075,,970,True,False,False,True,True,2026-10-02,balcony|gym|transport|workspace,"A well-presented 2-bed flat in Greenwich priced at £3075 pcm. Highlights include balcony, gym, transport, workspace. Suitable for applicants prioritising practical access, clear tenancy terms and responsive management.",51.472274,-0.022298
P-2001,N1 2BL,London,Islington,flat,2,3,3475,,992,False,True,False,True,True,2026-09-23,balcony|gym|pet-friendly|river-view|school|workspace,"A well-presented 2-bed flat in Islington priced at £3475 pcm. Highlights include balcony, gym, pet-friendly, river-view, school, workspace. Suitable for applicants prioritising practical access, clear tenancy terms and responsive management.",51.563628,-0.11335
P-2002,SW19 6EP,London,Wimbledon,flat,1,2,2675,,704,True,False,False,True,False,2026-09-16,balcony|river-view|school|workspace,"A well-presented 1-bed flat in Wimbledon priced at £2675 pcm. Highlights include balcony, river-view, school, workspace. Suitable for applicants prioritising practical access, clear tenancy terms and responsive management.",51.417139,-0.198933
P-2003,SW19 8BJ,London,Wimbledon,flat,3,3,4225,,1130,True,True,True,False,True,2026-09-09,garden|parking|river-view|school,"A well-presented 3-bed flat in Wimbledon priced at £4225 pcm. Highlights include garden, parking, river-view, school. Suitable for applicants prioritising practical access, clear tenancy terms and responsive management.",51.428931,-0.211431
P-2004,E8 6DK,London,Hackney,flat,1,1,2925,,573,True,True,False,True,True,2026-10-12,balcony|concierge|parking|pet-friendly|river-view,"A well-presented 1-bed flat in Hackney priced at £2925 pcm. Highlights include balcony, concierge, parking, pet-friendly, river-view. Suitable for applicants prioritising practical access, clear tenancy terms and responsive management.",51.553163,-0.058879
P-2005,SW19 2GK,London,Wimbledon,maisonette,2,3,3700,,855,True,False,False,True,False,2026-09-03,balcony|river-view|school|workspace,"A well-presented 2-bed maisonette in Wimbledon priced at £3700 pcm. Highlights include balcony, river-view, school, workspace. Suitable for applicants prioritising practical access, clear tenancy terms and responsive management.",51.431825,-0.227754
P-2006,E20 3FJ,London,Stratford,studio,0,1,2375,,799,False,False,True,True,True,2026-08-24,balcony|garden|gym|pet-friendly|river-view|workspace,"A well-presented 0-bed studio in Stratford priced at £2375 pcm. Highlights include balcony, garden, gym, pet-friendly, river-view, workspace. Suitable for applicants prioritising practical access, clear tenancy terms and responsive management.",51.531574,-0.011664
P-2007,EC2A 6DP,London,Shoreditch,flat,1,1,3775,,627,False,True,False,False,True,2026-10-08,concierge|parking|pet-friendly|river-view|school,"A well-presented 1-bed flat in Shoreditch priced at £3775 pcm. Highlights include concierge, parking, pet-friendly, river-view, school. Suitable for applicants prioritising practical access, clear tenancy terms and responsive management.",51.513923,-0.073737
P-2008,SW19 7GP,London,Wimbledon,studio,0,1,2550,,609,True,False,True,True,True,2026-08-31,balcony|garden|transport,"A well-presented 0-bed studio in Wimbledon priced at £2550 pcm. Highlights include balcony, garden, transport. Suitable for applicants prioritising practical access, clear tenancy terms and responsive management.",51.423642,-0.195796
P-2009,N1 7CN,London,Islington,flat,3,3,3525,,1157,True,False,False,True,True,2026-09-02,concierge|pet-friendly|school|transport|workspace,"A well-presented 3-bed flat in Islington priced at £3525 pcm. Highlights include concierge, pet-friendly, school, transport, workspace. Suitable for applicants prioritising practical access, clear tenancy terms and responsive management.",51.539758,-0.097172
P-2010,E20 6HL,London,Stratford,maisonette,2,2,3825,,921,True,False,True,True,True,2026-09-02,balcony|concierge|garden|gym|river-view|workspace,"A well-presented 2-bed maisonette in Stratford priced at £3825 pcm. Highlights include balcony, concierge, garden, gym, river-view, workspace. Suitable for applicants prioritising practical access, clear tenancy terms and responsive management.",51.542623,0.007802
P-2011,SW11 1EL,London,Battersea,flat,2,3,4275,,1015,True,True,False,False,True,2026-10-04,parking|pet-friendly|workspace,"A well-presented 2-bed flat in Battersea priced at £4275 pcm. Highlights include parking, pet-friendly, workspace. Suitable for applicants prioritising practical access, clear tenancy terms and responsive management.",51.465368,-0.170247
P-2012,E14 2FL,London,Canary Wharf,house,1,1,3000,,613,False,True,True,True,False,2026-08-03,concierge|gym|river-view,"A well-presented 1-bed house in Canary Wharf priced at £3000 pcm. Highlights include concierge, gym, river-view. Suitable for applicants prioritising practical access, clear tenancy terms and responsive management.",51.489018,-0.03629
P-2013,E8 3BK,London,Hackney,flat,2,2,3400,,937,True,False,False,False,True,2026-08-13,pet-friendly|river-view|transport,"A well-presented 2-bed flat in Hackney priced at £3400 pcm. Highlights include pet-friendly, river-view, transport. Suitable for applicants prioritising practical access, clear tenancy terms and responsive management.",51.546763,-0.064698
P-2014,E20 1DM,London,Stratford,studio,0,1,2350,,780,True,True,False,True,True,2026-07-29,balcony|parking|pet-friendly|transport|workspace,"A well-presented 0-bed studio in Stratford priced at £2350 pcm. Highlights include balcony, parking, pet-friendly, transport, workspace. Suitable for applicants prioritising practical access, clear tenancy terms and responsive management.",51.572432,0.017176
P-2015,EC2A 5HJ,London,Shoreditch,house,1,2,3275,,598,True,True,False,False,False,2026-10-21,concierge|parking|school|workspace,"A well-presented 1-bed house in Shoreditch priced at £3275 pcm. Highlights include concierge, parking, school, workspace. Suitable for applicants prioritising practical access, clear tenancy terms and responsive management.",51.507519,-0.06732
P-2016,E8 2FN,London,Hackney,flat,1,1,3075,,729,True,False,False,True,False,2026-09-12,balcony|transport|workspace,"A well-presented 1-bed flat in Hackney priced at £3075 pcm. Highlights include balcony, transport, workspace. Suitable for applicants prioritising practical access, clear tenancy terms and responsive management.",51.536065,-0.062759
P-2017,EC2A 5FK,London,Shoreditch,flat,1,1,3700,,789,True,False,True,True,True,2026-08-26,garden|school|workspace,"A well-presented 1-bed flat in Shoreditch priced at £3700 pcm. Highlights include garden, school, workspace. Suitable for applicants prioritising practical access, clear tenancy terms and responsive management.",51.513371,-0.066543
P-2018,E8 2AM,London,Hackney,flat,1,1,2825,,719,True,True,True,False,True,2026-08-19,garden|parking|river-view|transport|workspace,"A well-presented 1-bed flat in Hackney priced at £2825 pcm. Highlights include garden, parking, river-view, transport, workspace. Suitable for applicants prioritising practical access, clear tenancy terms and responsive management.",51.547412,-0.062909
P-2019,EC2A 5DN,London,Shoreditch,house,2,2,3925,,990,True,True,True,True,True,2026-09-01,balcony|garden|parking|transport|workspace,"A well-presented 2-bed house in Shoreditch priced at £3925 pcm. Highlights include balcony, garden, parking, transport, workspace. Suitable for applicants prioritising practical access, clear tenancy terms and responsive management.",51.513735,-0.097047
P-2020,E14 7CM,London,Canary Wharf,flat,2,2,3700,,887,True,True,False,True,False,2026-10-03,balcony|parking|river-view|workspace,"A well-presented 2-bed flat in Canary Wharf priced at £3700 pcm. Highlights include balcony, parking, river-view, workspace. Suitable for applicants prioritising practical access, clear tenancy terms and responsive management.",51.50235,-0.040901
P-2021,SW19 5AL,London,Wimbledon,flat,1,1,3200,,728,True,True,False,True,True,2026-09-10,gym|pet-friendly|transport|workspace,"A well-presented 1-bed flat in Wimbledon priced at £3200 pcm. Highlights include gym, pet-friendly, transport, workspace. Suitable for applicants prioritising practical access, clear tenancy terms and responsive management.",51.416697,-0.22472
P-2022,SW11 6BL,London,Battersea,flat,2,2,4150,,904,True,True,False,False,False,2026-10-15,gym|parking|transport|workspace,"A well-presented 2-bed flat in Battersea priced at £4150 pcm. Highlights include gym, parking, transport, workspace. Suitable for applicants prioritising practical access, clear tenancy terms and responsive management.",51.452982,-0.156839
P-2023,E14 4BP,London,Canary Wharf,flat,2,3,3775,,874,True,False,True,False,False,2026-10-19,concierge|garden|gym,"A well-presented 2-bed flat in Canary Wharf priced at £3775 pcm. Highlights include concierge, garden, gym. Suitable for applicants prioritising practical access, clear tenancy terms and responsive management.",51.499181,0.000355
P-2024,SW4 5EJ,London,Clapham,flat,2,3,3750,,1008,True,True,False,False,False,2026-10-04,concierge|gym|parking|river-view|school|transport,"A well-presented 2-bed flat in Clapham priced at £3750 pcm. Highlights include concierge, gym, parking, river-view, school, transport. Suitable for applicants prioritising practical access, clear tenancy terms and responsive management.",51.457542,-0.158359
P-2025,SW3 1HM,London,Chelsea,flat,3,3,5850,,1303,True,True,False,True,True,2026-09-14,balcony|gym|parking|pet-friendly,"A well-presented 3-bed flat in Chelsea priced at £5850 pcm. Highlights include balcony, gym, parking, pet-friendly. Suitable for applicants prioritising practical access, clear tenancy terms and responsive management.",51.507465,-0.163206
P-2026,SE10 4DP,London,Greenwich,maisonette,3,3,3250,,1229,True,True,True,True,False,2026-07-24,garden|gym|school,"A well-presented 3-bed maisonette in Greenwich priced at £3250 pcm. Highlights include garden, gym, school. Suitable for applicants prioritising practical access, clear tenancy terms and responsive management.",51.490434,0.008178
P-2027,CR0 2FM,London,Croydon,flat,1,1,1850,,668,True,True,False,True,True,2026-10-01,balcony|parking|pet-friendly|river-view|school|transport,"A well-presented 1-bed flat in Croydon priced at £1850 pcm. Highlights include balcony, parking, pet-friendly, river-view, school, transport. Suitable for applicants prioritising practical access, clear tenancy terms and responsive management.",51.389359,-0.137643
P-2028,SE10 6HL,London,Greenwich,flat,2,2,3350,,977,True,True,False,False,False,2026-08-11,concierge|parking|river-view|school|workspace,"A well-presented 2-bed flat in Greenwich priced at £3350 pcm. Highlights include concierge, parking, river-view, school, workspace. Suitable for applicants prioritising practical access, clear tenancy terms and responsive management.",51.478192,-0.012657
P-2029,CR0 3FL,London,Croydon,house,3,3,3050,,1298,True,True,True,True,True,2026-09-21,balcony|garden|parking|pet-friendly|school|transport,"A well-presented 3-bed house in Croydon priced at £3050 pcm. Highlights include balcony, garden, parking, pet-friendly, school, transport. Suitable for applicants prioritising practical access, clear tenancy terms and responsive management.",51.387992,-0.123401
P-2030,SW3 3DP,London,Chelsea,house,1,1,5200,,775,True,True,True,False,False,2026-08-03,concierge|garden|parking|transport,"A well-presented 1-bed house in Chelsea priced at £5200 pcm. Highlights include concierge, garden, parking, transport. Suitable for applicants prioritising practical access, clear tenancy terms and responsive management.",51.472391,-0.154534
P-2031,E8 6HJ,London,Hackney,house,2,2,3250,,974,True,False,False,False,False,2026-09-09,gym|school|transport,"A well-presented 2-bed house in Hackney priced at £3250 pcm. Highlights include gym, school, transport. Suitable for applicants prioritising practical access, clear tenancy terms and responsive management.",51.547882,-0.032744
P-2032,SW6 8CP,London,Fulham,maisonette,3,3,4350,,1253,True,True,False,True,True,2026-07-24,balcony|gym|parking|pet-friendly|school|transport,"A well-presented 3-bed maisonette in Fulham priced at £4350 pcm. Highlights include balcony, gym, parking, pet-friendly, school, transport. Suitable for applicants prioritising practical access, clear tenancy terms and responsive management.",51.492705,-0.191434
P-2033,SW4 4BK,London,Clapham,maisonette,2,2,3700,,980,True,False,False,False,False,2026-07-26,concierge|gym|river-view,"A well-presented 2-bed maisonette in Clapham priced at £3700 pcm. Highlights include concierge, gym, river-view. Suitable for applicants prioritising practical access, clear tenancy terms and responsive management.",51.458775,-0.156537
P-2034,E14 1EL,London,Canary Wharf,flat,4,3,4775,,1428,True,True,False,False,False,2026-09-09,concierge|gym|school|workspace,"A well-presented 4-bed flat in Canary Wharf priced at £4775 pcm. Highlights include concierge, gym, school, workspace. Suitable for applicants prioritising practical access, clear tenancy terms and responsive management.",51.501481,-0.00854
P-2035,EC2A 7BM,London,Shoreditch,flat,1,2,3175,,769,True,False,False,True,False,2026-10-07,balcony|concierge|river-view|school|transport|workspace,"A well-presented 1-bed flat in Shoreditch priced at £3175 pcm. Highlights include balcony, concierge, river-view, school, transport, workspace. Suitable for applicants prioritising practical access, clear tenancy terms and responsive management.",51.520067,-0.04895
P-2036,SW19 2HM,London,Wimbledon,house,2,3,3325,,1044,True,True,True,True,True,2026-09-05,balcony|pet-friendly|river-view|school|transport|workspace,"A well-presented 2-bed house in Wimbledon priced at £3325 pcm. Highlights include balcony, pet-friendly, river-view, school, transport, workspace. Suitable for applicants prioritising practical access, clear tenancy terms and responsive management.",51.396532,-0.223535
P-2037,EC2A 1CN,London,Shoreditch,flat,2,3,4225,,949,True,True,True,True,False,2026-07-27,balcony|garden|parking|river-view|school|transport,"A well-presented 2-bed flat in Shoreditch priced at £4225 pcm. Highlights include balcony, garden, parking, river-view, school, transport. Suitable for applicants prioritising practical access, clear tenancy terms and responsive management.",51.528275,-0.115068
P-2038,SW6 2HK,London,Fulham,flat,2,2,3925,,863,False,False,True,True,True,2026-08-30,garden|pet-friendly|river-view|workspace,"A well-presented 2-bed flat in Fulham priced at £3925 pcm. Highlights include garden, pet-friendly, river-view, workspace. Suitable for applicants prioritising practical access, clear tenancy terms and responsive management.",51.481739,-0.189943
P-2039,SE10 3GJ,London,Greenwich,flat,2,2,3050,,945,True,False,False,True,True,2026-08-16,concierge|gym|pet-friendly|transport|workspace,"A well-presented 2-bed flat in Greenwich priced at £3050 pcm. Highlights include concierge, gym, pet-friendly, transport, workspace. Suitable for applicants prioritising practical access, clear tenancy terms and responsive management.",51.484911,0.035358
P-2040,EC2A 1HM,London,Shoreditch,flat,2,2,3675,,922,True,True,False,True,False,2026-10-21,balcony|gym|parking|river-view|school|transport,"A well-presented 2-bed flat in Shoreditch priced at £3675 pcm. Highlights include balcony, gym, parking, river-view, school, transport. Suitable for applicants prioritising practical access, clear tenancy terms and responsive management.",51.513071,-0.118382
P-2041,E8 7BJ,London,Hackney,studio,0,1,2675,,929,True,True,False,True,False,2026-08-26,gym|parking|school,"A well-presented 0-bed studio in Hackney priced at £2675 pcm. Highlights include gym, parking, school. Suitable for applicants prioritising practical access, clear tenancy terms and responsive management.",51.554696,-0.070565
P-2042,CR0 4HP,London,Croydon,flat,1,2,2125,,571,True,True,False,True,True,2026-09-09,balcony|concierge|gym|pet-friendly|school|transport,"A well-presented 1-bed flat in Croydon priced at £2125 pcm. Highlights include balcony, concierge, gym, pet-friendly, school, transport. Suitable for applicants prioritising practical access, clear tenancy terms and responsive management.",51.364427,-0.113145
P-2043,SW6 3GJ,London,Fulham,flat,2,2,4425,,979,True,False,False,True,True,2026-07-31,concierge|gym|pet-friendly,"A well-presented 2-bed flat in Fulham priced at £4425 pcm. Highlights include concierge, gym, pet-friendly. Suitable for applicants prioritising practical access, clear tenancy terms and responsive management.",51.471189,-0.197548
P-2044,SW6 8DK,London,Fulham,house,1,2,3750,,702,True,False,True,True,True,2026-09-22,garden|school|transport,"A well-presented 1-bed house in Fulham priced at £3750 pcm. Highlights include garden, school, transport. Suitable for applicants prioritising practical access, clear tenancy terms and responsive management.",51.473335,-0.194606
P-2045,SW3 2HN,London,Chelsea,flat,2,2,4525,,1103,True,True,False,False,True,2026-10-04,concierge|gym|pet-friendly,"A well-presented 2-bed flat in Chelsea priced at £4525 pcm. Highlights include concierge, gym, pet-friendly. Suitable for applicants prioritising practical access, clear tenancy terms and responsive management.",51.489364,-0.161533
P-2046,SE10 1GJ,London,Greenwich,studio,0,1,1825,,663,True,True,False,True,True,2026-09-12,balcony|parking|pet-friendly|workspace,"A well-presented 0-bed studio in Greenwich priced at £1825 pcm. Highlights include balcony, parking, pet-friendly, workspace. Suitable for applicants prioritising practical access, clear tenancy terms and responsive management.",51.452941,-0.037864
P-2047,E14 9GP,London,Canary Wharf,flat,2,3,3450,,904,True,True,False,True,True,2026-08-13,balcony|gym|parking|pet-friendly|river-view,"A well-presented 2-bed flat in Canary Wharf priced at £3450 pcm. Highlights include balcony, gym, parking, pet-friendly, river-view. Suitable for applicants prioritising practical access, clear tenancy terms and responsive management.",51.520857,-0.023239
P-2048,EC2A 3AL,London,Shoreditch,flat,2,2,4000,,924,True,False,True,False,True,2026-09-12,garden|gym|pet-friendly|river-view|transport,"A well-presented 2-bed flat in Shoreditch priced at £4000 pcm. Highlights include garden, gym, pet-friendly, river-view, transport. Suitable for applicants prioritising practical access, clear tenancy terms and responsive management.",51.52639,-0.058873
P-2049,N1 9CM,London,Islington,flat,2,2,4225,,885,True,True,True,True,False,2026-08-04,balcony|concierge|garden|parking|school,"A well-presented 2-bed flat in Islington priced at £4225 pcm. Highlights include balcony, concierge, garden, parking, school. Suitable for applicants prioritising practical access, clear tenancy terms and responsive management.",51.565987,-0.098903
P-2050,SW11 9DL,London,Battersea,flat,1,1,3400,,690,True,True,False,True,False,2026-08-23,concierge|gym|parking|school|workspace,"A well-presented 1-bed flat in Battersea priced at £3400 pcm. Highlights include concierge, gym, parking, school, workspace. Suitable for applicants prioritising practical access, clear tenancy terms and responsive management.",51.481896,-0.177068
P-2051,SW19 4CP,London,Wimbledon,flat,2,2,2925,,938,True,True,False,True,True,2026-08-17,balcony|concierge|parking|pet-friendly|river-view,"A well-presented 2-bed flat in Wimbledon priced at £2925 pcm. Highlights include balcony, concierge, parking, pet-friendly, river-view. Suitable for applicants prioritising practical access, clear tenancy terms and responsive management.",51.434862,-0.20976
P-2052,CR0 4DN,London,Croydon,flat,2,3,2550,,962,False,True,False,True,False,2026-09-05,balcony|concierge|parking|river-view|transport,"A well-presented 2-bed flat in Croydon priced at £2550 pcm. Highlights include balcony, concierge, parking, river-view, transport. Suitable for applicants prioritising practical access, clear tenancy terms and responsive management.",51.372291,-0.08487
P-2053,SE10 6CL,London,Greenwich,house,1,2,2875,,681,False,True,False,True,True,2026-08-02,balcony|concierge|parking|pet-friendly|school|workspace,"A well-presented 1-bed house in Greenwich priced at £2875 pcm. Highlights include balcony, concierge, parking, pet-friendly, school, workspace. Suitable for applicants prioritising practical access, clear tenancy terms and responsive management.",51.480938,-0.01533
P-2054,N1 5GK,London,Islington,flat,3,3,3750,,1164,False,False,False,False,True,2026-07-30,concierge|gym|pet-friendly|river-view|school|transport,"A well-presented 3-bed flat in Islington priced at £3750 pcm. Highlights include concierge, gym, pet-friendly, river-view, school, transport. Suitable for applicants prioritising practical access, clear tenancy terms and responsive management.",51.523675,-0.128298
P-2055,E8 6AJ,London,Hackney,flat,3,3,3800,,1328,True,True,False,True,True,2026-08-28,balcony|concierge|gym|pet-friendly|river-view|workspace,"A well-presented 3-bed flat in Hackney priced at £3800 pcm. Highlights include balcony, concierge, gym, pet-friendly, river-view, workspace. Suitable for applicants prioritising practical access, clear tenancy terms and responsive management.",51.544753,-0.050095
P-2056,E20 6EL,London,Stratford,studio,0,1,2225,,549,False,False,False,True,True,2026-08-23,concierge|gym|pet-friendly|school|transport,"A well-presented 0-bed studio in Stratford priced at £2225 pcm. Highlights include concierge, gym, pet-friendly, school, transport. Suitable for applicants prioritising practical access, clear tenancy terms and responsive management.",51.532031,0.012712
P-2057,EC2A 4CM,London,Shoreditch,flat,2,2,3900,,948,True,True,False,True,False,2026-10-01,balcony|gym|parking|school|transport,"A well-presented 2-bed flat in Shoreditch priced at £3900 pcm. Highlights include balcony, gym, parking, school, transport. Suitable for applicants prioritising practical access, clear tenancy terms and responsive management.",51.524095,-0.056431
P-2058,SW19 3CK,London,Wimbledon,flat,3,3,4350,,1364,True,False,True,True,False,2026-08-06,garden|gym|river-view|transport,"A well-presented 3-bed flat in Wimbledon priced at £4350 pcm. Highlights include garden, gym, river-view, transport. Suitable for applicants prioritising practical access, clear tenancy terms and responsive management.",51.400598,-0.202413
P-2059,E14 2GP,London,Canary Wharf,studio,0,1,3100,,865,True,True,True,True,True,2026-09-18,balcony|garden|pet-friendly|school,"A well-presented 0-bed studio in Canary Wharf priced at £3100 pcm. Highlights include balcony, garden, pet-friendly, school. Suitable for applicants prioritising practical access, clear tenancy terms and responsive management.",51.505196,-0.01441
P-2060,SE10 9FL,London,Greenwich,studio,0,1,2575,,694,False,False,True,False,True,2026-09-25,concierge|garden|gym|pet-friendly|transport|workspace,"A well-presented 0-bed studio in Greenwich priced at £2575 pcm. Highlights include concierge, garden, gym, pet-friendly, transport, workspace. Suitable for applicants prioritising practical access, clear tenancy terms and responsive management.",51.490123,-0.012687
P-2061,SW6 7CM,London,Fulham,flat,1,1,3375,,816,True,True,False,True,False,2026-08-20,balcony|gym|parking|river-view|transport|workspace,"A well-presented 1-bed flat in Fulham priced at £3375 pcm. Highlights include balcony, gym, parking, river-view, transport, workspace. Suitable for applicants prioritising practical access, clear tenancy terms and responsive management.",51.478619,-0.201227
P-2062,NW1 4BM,London,Camden,flat,1,2,3250,,690,False,False,True,True,False,2026-07-26,balcony|garden|river-view|school|workspace,"A well-presented 1-bed flat in Camden priced at £3250 pcm. Highlights include balcony, garden, river-view, school, workspace. Suitable for applicants prioritising practical access, clear tenancy terms and responsive management.",51.548676,-0.153409
P-2063,E8 7BM,London,Hackney,studio,0,1,2300,,685,False,True,False,True,True,2026-09-06,balcony|parking|pet-friendly|school|transport,"A well-presented 0-bed studio in Hackney priced at £2300 pcm. Highlights include balcony, parking, pet-friendly, school, transport. Suitable for applicants prioritising practical access, clear tenancy terms and responsive management.",51.557345,-0.04627
P-2064,EC2A 7FJ,London,Shoreditch,flat,2,2,3875,,1004,True,False,True,False,False,2026-08-04,concierge|garden|gym|river-view|school,"A well-presented 2-bed flat in Shoreditch priced at £3875 pcm. Highlights include concierge, garden, gym, river-view, school. Suitable for applicants prioritising practical access, clear tenancy terms and responsive management.",51.524505,-0.093549
P-2065,SW11 7EK,London,Battersea,house,1,1,3500,,883,True,False,True,True,True,2026-09-14,school|transport|workspace,"A well-presented 1-bed house in Battersea priced at £3500 pcm. Highlights include school, transport, workspace. Suitable for applicants prioritising practical access, clear tenancy terms and responsive management.",51.463321,-0.192976
P-2066,N1 3EN,London,Islington,flat,4,3,4200,,1308,True,False,False,True,False,2026-09-16,balcony|gym|transport,"A well-presented 4-bed flat in Islington priced at £4200 pcm. Highlights include balcony, gym, transport. Suitable for applicants prioritising practical access, clear tenancy terms and responsive management.",51.555488,-0.077912
P-2067,SE10 2HN,London,Greenwich,flat,1,1,2325,,645,True,False,False,True,True,2026-08-15,gym|pet-friendly|school|workspace,"A well-presented 1-bed flat in Greenwich priced at £2325 pcm. Highlights include gym, pet-friendly, school, workspace. Suitable for applicants prioritising practical access, clear tenancy terms and responsive management.",51.479509,-0.008953
P-2068,SE10 5AN,London,Greenwich,flat,1,2,2500,,728,True,True,False,True,True,2026-07-31,balcony|parking|pet-friendly|transport,"A well-presented 1-bed flat in Greenwich priced at £2500 pcm. Highlights include balcony, parking, pet-friendly, transport. Suitable for applicants prioritising practical access, clear tenancy terms and responsive management.",51.481994,-0.022631
P-2069,E8 5HK,London,Hackney,studio,0,1,2550,,687,False,False,False,False,False,2026-08-15,concierge|gym|river-view|transport,"A well-presented 0-bed studio in Hackney priced at £2550 pcm. Highlights include concierge, gym, river-view, transport. Suitable for applicants prioritising practical access, clear tenancy terms and responsive management.",51.550232,-0.040111
P-2070,SW11 8HP,London,Battersea,studio,0,1,3325,,714,True,False,False,True,True,2026-10-02,balcony|concierge|transport,"A well-presented 0-bed studio in Battersea priced at £3325 pcm. Highlights include balcony, concierge, transport. Suitable for applicants prioritising practical access, clear tenancy terms and responsive management.",51.464287,-0.141913
P-2071,SW6 8CJ,London,Fulham,house,1,1,3850,,738,False,True,True,True,True,2026-08-02,concierge|garden|parking|pet-friendly|river-view|school,"A well-presented 1-bed house in Fulham priced at £3850 pcm. Highlights include concierge, garden, parking, pet-friendly, river-view, school. Suitable for applicants prioritising practical access, clear tenancy terms and responsive management.",51.471692,-0.206863
P-2072,SW19 4AK,London,Wimbledon,maisonette,3,3,3775,,1284,True,False,False,True,True,2026-10-13,balcony|concierge|gym|pet-friendly|school,"A well-presented 3-bed maisonette in Wimbledon priced at £3775 pcm. Highlights include balcony, concierge, gym, pet-friendly, school. Suitable for applicants prioritising practical access, clear tenancy terms and responsive management.",51.4237,-0.184826
P-2073,SW4 8EM,London,Clapham,flat,3,3,4100,,1183,True,False,True,True,True,2026-09-21,balcony|garden|gym|pet-friendly,"A well-presented 3-bed flat in Clapham priced at £4100 pcm. Highlights include balcony, garden, gym, pet-friendly. Suitable for applicants prioritising practical access, clear tenancy terms and responsive management.",51.471559,-0.13214
P-2074,SW11 2EL,London,Battersea,flat,2,2,3750,,973,True,True,False,False,True,2026-09-06,concierge|pet-friendly|river-view|transport,"A well-presented 2-bed flat in Battersea priced at £3750 pcm. Highlights include concierge, pet-friendly, river-view, transport. Suitable for applicants prioritising practical access, clear tenancy terms and responsive management.",51.463329,-0.199286
P-2075,SW3 8BL,London,Chelsea,house,1,1,4675,,913,True,True,True,False,True,2026-08-17,garden|gym|parking|pet-friendly|river-view|school,"A well-presented 1-bed house in Chelsea priced at £4675 pcm. Highlights include garden, gym, parking, pet-friendly, river-view, school. Suitable for applicants prioritising practical access, clear tenancy terms and responsive management.",51.48529,-0.189043
P-2076,N1 4FJ,London,Islington,maisonette,1,1,3900,,732,True,True,False,True,True,2026-09-13,concierge|gym|parking|transport,"A well-presented 1-bed maisonette in Islington priced at £3900 pcm. Highlights include concierge, gym, parking, transport. Suitable for applicants prioritising practical access, clear tenancy terms and responsive management.",51.535923,-0.080525
P-2077,NW1 7AP,London,Camden,studio,0,1,2550,,589,True,True,True,False,False,2026-10-04,concierge|garden|parking|river-view|transport|workspace,"A well-presented 0-bed studio in Camden priced at £2550 pcm. Highlights include concierge, garden, parking, river-view, transport, workspace. Suitable for applicants prioritising practical access, clear tenancy terms and responsive management.",51.542719,-0.165525
P-2078,SW6 3DJ,London,Fulham,flat,1,2,4075,,600,False,True,False,True,True,2026-09-11,parking|pet-friendly|river-view|school,"A well-presented 1-bed flat in Fulham priced at £4075 pcm. Highlights include parking, pet-friendly, river-view, school. Suitable for applicants prioritising practical access, clear tenancy terms and responsive management.",51.455275,-0.175363
P-2079,N1 3GN,London,Islington,flat,2,3,3625,,941,False,True,True,False,False,2026-08-25,garden|transport|workspace,"A well-presented 2-bed flat in Islington priced at £3625 pcm. Highlights include garden, transport, workspace. Suitable for applicants prioritising practical access, clear tenancy terms and responsive management.",51.549124,-0.113834
P-2080,EC2A 3HJ,London,Shoreditch,flat,3,3,4075,,1088,False,False,True,True,False,2026-10-17,concierge|garden|transport,"A well-presented 3-bed flat in Shoreditch priced at £4075 pcm. Highlights include concierge, garden, transport. Suitable for applicants prioritising practical access, clear tenancy terms and responsive management.",51.535501,-0.071877
P-2081,SW3 6FN,London,Chelsea,house,4,3,5825,,1477,True,True,True,False,False,2026-10-17,concierge|garden|parking|river-view|workspace,"A well-presented 4-bed house in Chelsea priced at £5825 pcm. Highlights include concierge, garden, parking, river-view, workspace. Suitable for applicants prioritising practical access, clear tenancy terms and responsive management.",51.476484,-0.137539
P-2082,CR0 5HP,London,Croydon,house,2,2,2550,,1055,True,False,False,True,True,2026-07-30,balcony|pet-friendly|school|transport|workspace,"A well-presented 2-bed house in Croydon priced at £2550 pcm. Highlights include balcony, pet-friendly, school, transport, workspace. Suitable for applicants prioritising practical access, clear tenancy terms and responsive management.",51.365517,-0.125603
P-2083,SW19 3BP,London,Wimbledon,flat,3,3,3675,,1274,False,False,False,True,True,2026-09-26,balcony|concierge|gym|pet-friendly|workspace,"A well-presented 3-bed flat in Wimbledon priced at £3675 pcm. Highlights include balcony, concierge, gym, pet-friendly, workspace. Suitable for applicants prioritising practical access, clear tenancy terms and responsive management.",51.417431,-0.215583
P-2084,NW1 2FJ,London,Camden,flat,3,3,4300,,1394,True,True,True,False,True,2026-09-13,garden|gym|parking|pet-friendly|school|transport,"A well-presented 3-bed flat in Camden priced at £4300 pcm. Highlights include garden, gym, parking, pet-friendly, school, transport. Suitable for applicants prioritising practical access, clear tenancy terms and responsive management.",51.51849,-0.120464
P-2085,E8 7DM,London,Hackney,flat,3,3,3525,,1204,True,True,False,False,False,2026-08-23,concierge|gym|parking|school|transport|workspace,"A well-presented 3-bed flat in Hackney priced at £3525 pcm. Highlights include concierge, gym, parking, school, transport, workspace. Suitable for applicants prioritising practical access, clear tenancy terms and responsive management.",51.546286,-0.074713
P-2086,N1 1CN,London,Islington,flat,3,3,4300,,1168,True,True,True,True,True,2026-09-25,concierge|garden|parking|workspace,"A well-presented 3-bed flat in Islington priced at £4300 pcm. Highlights include concierge, garden, parking, workspace. Suitable for applicants prioritising practical access, clear tenancy terms and responsive management.",51.537208,-0.091204
P-2087,E20 6BJ,London,Stratford,studio,0,1,2425,,639,True,False,False,False,False,2026-09-01,gym|river-view|transport|workspace,"A well-presented 0-bed studio in Stratford priced at £2425 pcm. Highlights include gym, river-view, transport, workspace. Suitable for applicants prioritising practical access, clear tenancy terms and responsive management.",51.535133,-0.024881
P-2088,NW1 8BL,London,Camden,flat,2,3,3450,,966,False,False,False,True,False,2026-08-30,balcony|transport|workspace,"A well-presented 2-bed flat in Camden priced at £3450 pcm. Highlights include balcony, transport, workspace. Suitable for applicants prioritising practical access, clear tenancy terms and responsive management.",51.534128,-0.188441
P-2089,SW19 9BM,London,Wimbledon,house,2,3,3350,,973,True,False,True,True,False,2026-08-21,concierge|garden|workspace,"A well-presented 2-bed house in Wimbledon priced at £3350 pcm. Highlights include concierge, garden, workspace. Suitable for applicants prioritising practical access, clear tenancy terms and responsive management.",51.428603,-0.189157
P-2090,SW11 5EP,London,Battersea,flat,2,3,3875,,1073,False,True,False,True,True,2026-09-13,balcony|concierge|parking|pet-friendly|river-view|school,"A well-presented 2-bed flat in Battersea priced at £3875 pcm. Highlights include balcony, concierge, parking, pet-friendly, river-view, school. Suitable for applicants prioritising practical access, clear tenancy terms and responsive management.",51.468583,-0.18335
P-2091,E8 1BJ,London,Hackney,house,2,3,3000,,1036,True,True,True,True,False,2026-08-08,balcony|garden|gym|parking,"A well-presented 2-bed house in Hackney priced at £3000 pcm. Highlights include balcony, garden, gym, parking. Suitable for applicants prioritising practical access, clear tenancy terms and responsive management.",51.547159,-0.040219
P-2092,SE10 7GJ,London,Greenwich,flat,1,2,3100,,655,True,True,False,False,True,2026-10-17,concierge|gym|parking|pet-friendly|school|workspace,"A well-presented 1-bed flat in Greenwich priced at £3100 pcm. Highlights include concierge, gym, parking, pet-friendly, school, workspace. Suitable for applicants prioritising practical access, clear tenancy terms and responsive management.",51.482279,0.018514
P-2093,CR0 5GK,London,Croydon,flat,3,3,2875,,1075,True,False,False,True,True,2026-09-21,balcony|concierge|gym|river-view|transport,"A well-presented 3-bed flat in Croydon priced at £2875 pcm. Highlights include balcony, concierge, gym, river-view, transport. Suitable for applicants prioritising practical access, clear tenancy terms and responsive management.",51.386032,-0.09057
P-2094,CR0 3AK,London,Croydon,maisonette,1,1,2075,,745,True,True,False,True,True,2026-09-15,concierge|parking|pet-friendly|river-view|workspace,"A well-presented 1-bed maisonette in Croydon priced at £2075 pcm. Highlights include concierge, parking, pet-friendly, river-view, workspace. Suitable for applicants prioritising practical access, clear tenancy terms and responsive management.",51.369636,-0.110352
P-2095,E20 7AJ,London,Stratford,flat,2,3,3000,,849,True,False,True,False,False,2026-09-08,concierge|garden|gym|transport|workspace,"A well-presented 2-bed flat in Stratford priced at £3000 pcm. Highlights include concierge, garden, gym, transport, workspace. Suitable for applicants prioritising practical access, clear tenancy terms and responsive management.",51.53635,-0.016597
P-2096,SW11 9EN,London,Battersea,flat,2,2,3550,,880,True,True,True,True,True,2026-09-29,balcony|garden|gym|parking|transport,"A well-presented 2-bed flat in Battersea priced at £3550 pcm. Highlights include balcony, garden, gym, parking, transport. Suitable for applicants prioritising practical access, clear tenancy terms and responsive management.",51.469335,-0.1625
P-2097,SW19 8AL,London,Wimbledon,flat,3,3,4200,,1134,True,True,False,True,True,2026-07-26,parking|pet-friendly|river-view|transport,"A well-presented 3-bed flat in Wimbledon priced at £4200 pcm. Highlights include parking, pet-friendly, river-view, transport. Suitable for applicants prioritising practical access, clear tenancy terms and responsive management.",51.434505,-0.216262
P-2098,E8 6DM,London,Hackney,flat,1,1,3025,,757,False,False,False,True,True,2026-08-31,pet-friendly|river-view|workspace,"A well-presented 1-bed flat in Hackney priced at £3025 pcm. Highlights include pet-friendly, river-view, workspace. Suitable for applicants prioritising practical access, clear tenancy terms and responsive management.",51.549332,-0.084301
P-2099,CR0 8DM,London,Croydon,house,2,2,2300,,995,True,False,True,True,True,2026-09-17,concierge|garden|pet-friendly|workspace,"A well-presented 2-bed house in Croydon priced at £2300 pcm. Highlights include concierge, garden, pet-friendly, workspace. Suitable for applicants prioritising practical access, clear tenancy terms and responsive management.",51.371282,-0.0841
P-2100,E14 5AM,London,Canary Wharf,maisonette,2,3,3875,,773,False,False,True,False,True,2026-08-20,garden|pet-friendly|school|transport|workspace,"A well-presented 2-bed maisonette in Canary Wharf priced at £3875 pcm. Highlights include garden, pet-friendly, school, transport, workspace. Suitable for applicants prioritising practical access, clear tenancy terms and responsive management.",51.513527,-0.042932
P-2101,SW6 9DJ,London,Fulham,flat,3,3,5000,,1233,True,True,True,True,True,2026-09-16,balcony|garden|gym|parking|pet-friendly,"A well-presented 3-bed flat in Fulham priced at £5000 pcm. Highlights include balcony, garden, gym, parking, pet-friendly. Suitable for applicants prioritising practical access, clear tenancy terms and responsive management.",51.465397,-0.170459
P-2102,E20 5GK,London,Stratford,flat,3,3,3800,,1062,False,False,False,True,False,2026-08-19,gym|river-view|transport|workspace,"A well-presented 3-bed flat in Stratford priced at £3800 pcm. Highlights include gym, river-view, transport, workspace. Suitable for applicants prioritising practical access, clear tenancy terms and responsive management.",51.533057,0.021768
P-2103,SW11 4BL,London,Battersea,flat,1,1,3975,,666,True,True,True,True,False,2026-08-07,garden|gym|workspace,"A well-presented 1-bed flat in Battersea priced at £3975 pcm. Highlights include garden, gym, workspace. Suitable for applicants prioritising practical access, clear tenancy terms and responsive management.",51.464755,-0.154041
P-2104,SW4 6BL,London,Clapham,flat,2,2,3900,,861,True,False,False,False,False,2026-09-11,river-view|school|workspace,"A well-presented 2-bed flat in Clapham priced at £3900 pcm. Highlights include river-view, school, workspace. Suitable for applicants prioritising practical access, clear tenancy terms and responsive management.",51.466009,-0.133364
P-2105,SW4 4HP,London,Clapham,flat,2,2,3675,,871,True,False,False,False,True,2026-07-27,gym|pet-friendly|river-view|school|transport,"A well-presented 2-bed flat in Clapham priced at £3675 pcm. Highlights include gym, pet-friendly, river-view, school, transport. Suitable for applicants prioritising practical access, clear tenancy terms and responsive management.",51.453492,-0.155617
P-2106,NW1 2DP,London,Camden,house,3,3,4525,,1085,True,True,False,False,True,2026-10-03,gym|parking|pet-friendly|river-view|school|workspace,"A well-presented 3-bed house in Camden priced at £4525 pcm. Highlights include gym, parking, pet-friendly, river-view, school, workspace. Suitable for applicants prioritising practical access, clear tenancy terms and responsive management.",51.535878,-0.154416
P-2107,SW4 1FP,London,Clapham,flat,1,1,2875,,662,True,True,False,True,False,2026-09-15,balcony|parking|river-view|school|transport,"A well-presented 1-bed flat in Clapham priced at £2875 pcm. Highlights include balcony, parking, river-view, school, transport. Suitable for applicants prioritising practical access, clear tenancy terms and responsive management.",51.460276,-0.128275
P-2108,SW11 8FJ,London,Battersea,house,1,2,3800,,687,True,False,True,True,True,2026-07-28,concierge|gym|pet-friendly|river-view|transport,"A well-presented 1-bed house in Battersea priced at £3800 pcm. Highlights include concierge, gym, pet-friendly, river-view, transport. Suitable for applicants prioritising practical access, clear tenancy terms and responsive management.",51.465902,-0.185075
P-2109,SW4 5CP,London,Clapham,house,3,3,4200,,1199,False,True,True,True,True,2026-09-10,balcony|concierge|garden|pet-friendly|transport,"A well-presented 3-bed house in Clapham priced at £4200 pcm. Highlights include balcony, concierge, garden, pet-friendly, transport. Suitable for applicants prioritising practical access, clear tenancy terms and responsive management.",51.456387,-0.13408
P-2110,SE10 1EL,London,Greenwich,flat,4,3,3550,,1404,False,True,False,True,False,2026-08-04,balcony|concierge|gym|parking|school|transport,"A well-presented 4-bed flat in Greenwich priced at £3550 pcm. Highlights include balcony, concierge, gym, parking, school, transport. Suitable for applicants prioritising practical access, clear tenancy terms and responsive management.",51.460814,0.001966
P-2111,SE10 2CN,London,Greenwich,maisonette,1,1,2750,,775,False,True,False,False,False,2026-10-06,gym|parking|school,"A well-presented 1-bed maisonette in Greenwich priced at £2750 pcm. Highlights include gym, parking, school. Suitable for applicants prioritising practical access, clear tenancy terms and responsive management.",51.473339,-0.016663
P-2112,SW4 5EJ,London,Clapham,flat,1,1,3525,,626,False,False,True,False,False,2026-07-29,garden|gym|workspace,"A well-presented 1-bed flat in Clapham priced at £3525 pcm. Highlights include garden, gym, workspace. Suitable for applicants prioritising practical access, clear tenancy terms and responsive management.",51.467821,-0.143498
P-2113,N1 2HJ,London,Islington,house,1,1,2950,,714,True,True,True,False,False,2026-09-08,garden|gym|parking|school|transport|workspace,"A well-presented 1-bed house in Islington priced at £2950 pcm. Highlights include garden, gym, parking, school, transport, workspace. Suitable for applicants prioritising practical access, clear tenancy terms and responsive management.",51.526077,-0.115904
P-2114,E8 2AM,London,Hackney,flat,2,2,3425,,938,True,False,False,True,False,2026-10-22,balcony|concierge|school|transport|workspace,"A well-presented 2-bed flat in Hackney priced at £3425 pcm. Highlights include balcony, concierge, school, transport, workspace. Suitable for applicants prioritising practical access, clear tenancy terms and responsive management.",51.543097,-0.064066
P-2115,SE10 9DJ,London,Greenwich,flat,2,2,2600,,942,False,False,True,True,True,2026-08-20,garden|pet-friendly|river-view|transport,"A well-presented 2-bed flat in Greenwich priced at £2600 pcm. Highlights include garden, pet-friendly, river-view, transport. Suitable for applicants prioritising practical access, clear tenancy terms and responsive management.",51.489965,-0.000942
P-2116,SW19 5EK,London,Wimbledon,flat,3,3,4000,,1228,True,True,True,False,False,2026-08-08,garden|gym|parking|school,"A well-presented 3-bed flat in Wimbledon priced at £4000 pcm. Highlights include garden, gym, parking, school. Suitable for applicants prioritising practical access, clear tenancy terms and responsive management.",51.4367,-0.202841
P-2117,SW11 2DK,London,Battersea,flat,1,2,3200,,607,True,False,True,False,True,2026-07-29,concierge|garden|gym|pet-friendly|school|transport,"A well-presented 1-bed flat in Battersea priced at £3200 pcm. Highlights include concierge, garden, gym, pet-friendly, school, transport. Suitable for applicants prioritising practical access, clear tenancy terms and responsive management.",51.442116,-0.172647
P-2118,EC2A 1DP,London,Shoreditch,maisonette,4,3,4550,,1436,False,False,False,True,True,2026-10-21,concierge|gym|pet-friendly,"A well-presented 4-bed maisonette in Shoreditch priced at £4550 pcm. Highlights include concierge, gym, pet-friendly. Suitable for applicants prioritising practical access, clear tenancy terms and responsive management.",51.515321,-0.074348
P-2119,E14 6FM,London,Canary Wharf,flat,1,1,3225,,560,True,True,False,True,True,2026-10-16,balcony|concierge|gym|parking|river-view,"A well-presented 1-bed flat in Canary Wharf priced at £3225 pcm. Highlights include balcony, concierge, gym, parking, river-view. Suitable for applicants prioritising practical access, clear tenancy terms and responsive management.",51.521759,-0.028965
P-2120,SW6 8HL,London,Fulham,flat,2,2,3675,,874,False,False,False,True,False,2026-07-30,balcony|concierge|gym|river-view|school|workspace,"A well-presented 2-bed flat in Fulham priced at £3675 pcm. Highlights include balcony, concierge, gym, river-view, school, workspace. Suitable for applicants prioritising practical access, clear tenancy terms and responsive management.",51.492864,-0.207925
P-2121,N1 8EK,London,Islington,studio,0,1,2525,,674,True,False,False,True,True,2026-08-07,concierge|pet-friendly|river-view,"A well-presented 0-bed studio in Islington priced at £2525 pcm. Highlights include concierge, pet-friendly, river-view. Suitable for applicants prioritising practical access, clear tenancy terms and responsive management.",51.55168,-0.092486
P-2122,N1 5DM,London,Islington,flat,2,2,3775,,941,True,False,True,True,True,2026-10-20,balcony|concierge|garden|pet-friendly|transport,"A well-presented 2-bed flat in Islington priced at £3775 pcm. Highlights include balcony, concierge, garden, pet-friendly, transport. Suitable for applicants prioritising practical access, clear tenancy terms and responsive management.",51.540208,-0.096101
P-2123,N1 8GK,London,Islington,house,1,2,3000,,814,True,False,True,True,True,2026-09-27,balcony|concierge|garden|gym|pet-friendly|river-view,"A well-presented 1-bed house in Islington priced at £3000 pcm. Highlights include balcony, concierge, garden, gym, pet-friendly, river-view. Suitable for applicants prioritising practical access, clear tenancy terms and responsive management.",51.556608,-0.105382
P-2124,CR0 5GJ,London,Croydon,maisonette,3,3,2925,,1117,True,True,True,True,False,2026-10-04,garden|parking|workspace,"A well-presented 3-bed maisonette in Croydon priced at £2925 pcm. Highlights include garden, parking, workspace. Suitable for applicants prioritising practical access, clear tenancy terms and responsive management.",51.363261,-0.091412
P-2125,E20 1FP,London,Stratford,flat,4,3,3725,,1285,False,True,True,True,True,2026-09-15,balcony|concierge|garden|parking|school,"A well-presented 4-bed flat in Stratford priced at £3725 pcm. Highlights include balcony, concierge, garden, parking, school. Suitable for applicants prioritising practical access, clear tenancy terms and responsive management.",51.532907,-0.000389
P-2126,SW19 4GP,London,Wimbledon,flat,1,2,3325,,561,True,True,False,True,False,2026-10-04,balcony|concierge|gym|parking|school|workspace,"A well-presented 1-bed flat in Wimbledon priced at £3325 pcm. Highlights include balcony, concierge, gym, parking, school, workspace. Suitable for applicants prioritising practical access, clear tenancy terms and responsive management.",51.426878,-0.21091
P-2127,SW19 9FM,London,Wimbledon,flat,2,2,2975,,964,True,False,False,True,True,2026-09-17,balcony|concierge|pet-friendly|river-view|school|transport,"A well-presented 2-bed flat in Wimbledon priced at £2975 pcm. Highlights include balcony, concierge, pet-friendly, river-view, school, transport. Suitable for applicants prioritising practical access, clear tenancy terms and responsive management.",51.407147,-0.213552
P-2128,SW6 9BJ,London,Fulham,flat,2,3,4150,,987,True,True,False,True,False,2026-10-02,balcony|concierge|gym,"A well-presented 2-bed flat in Fulham priced at £4150 pcm. Highlights include balcony, concierge, gym. Suitable for applicants prioritising practical access, clear tenancy terms and responsive management.",51.482497,-0.208016
P-2129,SW3 7BL,London,Chelsea,flat,1,2,4575,,769,True,True,False,True,True,2026-10-07,balcony|parking|transport|workspace,"A well-presented 1-bed flat in Chelsea priced at £4575 pcm. Highlights include balcony, parking, transport, workspace. Suitable for applicants prioritising practical access, clear tenancy terms and responsive management.",51.481182,-0.178124
P-2130,SW3 4AM,London,Chelsea,house,3,3,5725,,1138,True,True,True,True,False,2026-08-28,balcony|gym|parking,"A well-presented 3-bed house in Chelsea priced at £5725 pcm. Highlights include balcony, gym, parking. Suitable for applicants prioritising practical access, clear tenancy terms and responsive management.",51.479889,-0.187529
P-2131,SW6 9DN,London,Fulham,flat,2,2,4000,,845,False,True,False,True,True,2026-07-24,balcony|pet-friendly|river-view,"A well-presented 2-bed flat in Fulham priced at £4000 pcm. Highlights include balcony, pet-friendly, river-view. Suitable for applicants prioritising practical access, clear tenancy terms and responsive management.",51.480407,-0.216427
P-2132,E8 5DK,London,Hackney,flat,2,2,3325,,747,True,True,False,False,True,2026-08-22,concierge|parking|river-view|school|transport,"A well-presented 2-bed flat in Hackney priced at £3325 pcm. Highlights include concierge, parking, river-view, school, transport. Suitable for applicants prioritising practical access, clear tenancy terms and responsive management.",51.52752,-0.062889
P-2133,SW11 3AJ,London,Battersea,flat,1,2,3650,,652,True,True,False,True,False,2026-08-19,balcony|gym|school|workspace,"A well-presented 1-bed flat in Battersea priced at £3650 pcm. Highlights include balcony, gym, school, workspace. Suitable for applicants prioritising practical access, clear tenancy terms and responsive management.",51.472055,-0.178734
P-2134,NW1 9CP,London,Camden,flat,3,3,3375,,1157,True,True,False,False,True,2026-08-06,concierge|gym|pet-friendly|river-view|workspace,"A well-presented 3-bed flat in Camden priced at £3375 pcm. Highlights include concierge, gym, pet-friendly, river-view, workspace. Suitable for applicants prioritising practical access, clear tenancy terms and responsive management.",51.530629,-0.159773
P-2135,E20 9FM,London,Stratford,house,1,1,2975,,662,True,False,True,False,True,2026-10-08,concierge|gym|pet-friendly|transport,"A well-presented 1-bed house in Stratford priced at £2975 pcm. Highlights include concierge, gym, pet-friendly, transport. Suitable for applicants prioritising practical access, clear tenancy terms and responsive management.",51.525103,0.028527
P-2136,SW6 4AK,London,Fulham,flat,3,3,5100,,1291,False,False,True,True,True,2026-08-30,concierge|garden|pet-friendly|river-view,"A well-presented 3-bed flat in Fulham priced at £5100 pcm. Highlights include concierge, garden, pet-friendly, river-view. Suitable for applicants prioritising practical access, clear tenancy terms and responsive management.",51.478781,-0.203681
P-2137,E8 3AN,London,Hackney,house,2,2,3625,,1051,False,True,True,False,False,2026-09-30,concierge|garden|gym|school|transport|workspace,"A well-presented 2-bed house in Hackney priced at £3625 pcm. Highlights include concierge, garden, gym, school, transport, workspace. Suitable for applicants prioritising practical access, clear tenancy terms and responsive management.",51.537456,-0.060295
P-2138,EC2A 9CK,London,Shoreditch,house,2,2,3350,,918,True,True,False,True,True,2026-09-16,gym|river-view|school|transport,"A well-presented 2-bed house in Shoreditch priced at £3350 pcm. Highlights include gym, river-view, school, transport. Suitable for applicants prioritising practical access, clear tenancy terms and responsive management.",51.523453,-0.046528
P-2139,SW3 9BP,London,Chelsea,house,1,1,4700,,699,True,False,True,True,False,2026-09-20,balcony|concierge|garden|gym,"A well-presented 1-bed house in Chelsea priced at £4700 pcm. Highlights include balcony, concierge, garden, gym. Suitable for applicants prioritising practical access, clear tenancy terms and responsive management.",51.48358,-0.166454
P-2140,SE10 1BL,London,Greenwich,flat,2,2,2975,,970,False,False,False,False,True,2026-10-13,pet-friendly|river-view|school|transport|workspace,"A well-presented 2-bed flat in Greenwich priced at £2975 pcm. Highlights include pet-friendly, river-view, school, transport, workspace. Suitable for applicants prioritising practical access, clear tenancy terms and responsive management.",51.487556,-0.012973
P-2141,SW19 9FJ,London,Wimbledon,studio,0,1,2550,,810,False,True,False,True,False,2026-10-09,balcony|gym|river-view,"A well-presented 0-bed studio in Wimbledon priced at £2550 pcm. Highlights include balcony, gym, river-view. Suitable for applicants prioritising practical access, clear tenancy terms and responsive management.",51.4192,-0.206756
P-2142,E14 5CJ,London,Canary Wharf,flat,3,3,4300,,1029,True,True,True,False,True,2026-08-11,garden|gym|parking|pet-friendly|school,"A well-presented 3-bed flat in Canary Wharf priced at £4300 pcm. Highlights include garden, gym, parking, pet-friendly, school. Suitable for applicants prioritising practical access, clear tenancy terms and responsive management.",51.51961,-0.004849
P-2143,SW19 8AN,London,Wimbledon,flat,4,3,3700,,1519,True,False,True,True,True,2026-09-21,concierge|garden|gym|pet-friendly|river-view|school,"A well-presented 4-bed flat in Wimbledon priced at £3700 pcm. Highlights include concierge, garden, gym, pet-friendly, river-view, school. Suitable for applicants prioritising practical access, clear tenancy terms and responsive management.",51.42301,-0.19869
P-2144,E14 9EN,London,Canary Wharf,flat,1,1,3650,,583,True,False,True,True,True,2026-09-13,balcony|garden|transport,"A well-presented 1-bed flat in Canary Wharf priced at £3650 pcm. Highlights include balcony, garden, transport. Suitable for applicants prioritising practical access, clear tenancy terms and responsive management.",51.488465,-0.025962
P-2145,E8 6EK,London,Hackney,flat,2,3,3325,,887,True,False,True,False,True,2026-09-10,concierge|garden|pet-friendly|river-view,"A well-presented 2-bed flat in Hackney priced at £3325 pcm. Highlights include concierge, garden, pet-friendly, river-view. Suitable for applicants prioritising practical access, clear tenancy terms and responsive management.",51.518667,-0.02651
P-2146,SW11 9HN,London,Battersea,flat,3,3,4625,,1249,True,False,False,False,True,2026-07-26,pet-friendly|river-view|transport,"A well-presented 3-bed flat in Battersea priced at £4625 pcm. Highlights include pet-friendly, river-view, transport. Suitable for applicants prioritising practical access, clear tenancy terms and responsive management.",51.472624,-0.166586
P-2147,SW4 9BN,London,Clapham,flat,3,3,4025,,1267,False,False,False,False,True,2026-07-24,concierge|gym|transport|workspace,"A well-presented 3-bed flat in Clapham priced at £4025 pcm. Highlights include concierge, gym, transport, workspace. Suitable for applicants prioritising practical access, clear tenancy terms and responsive management.",51.449985,-0.183572
P-2148,N1 9BM,London,Islington,flat,1,1,3025,,617,True,False,False,True,False,2026-08-24,balcony|concierge|gym|river-view|school,"A well-presented 1-bed flat in Islington priced at £3025 pcm. Highlights include balcony, concierge, gym, river-view, school. Suitable for applicants prioritising practical access, clear tenancy terms and responsive management.",51.568091,-0.09034
P-2149,SE10 7EK,London,Greenwich,flat,3,3,3850,,1078,True,False,True,False,True,2026-08-24,concierge|garden|pet-friendly|school,"A well-presented 3-bed flat in Greenwich priced at £3850 pcm. Highlights include concierge, garden, pet-friendly, school. Suitable for applicants prioritising practical access, clear tenancy terms and responsive management.",51.488655,0.003578
P-2150,E8 8AM,London,Hackney,house,1,1,3100,,499,True,True,False,True,True,2026-10-12,gym|parking|pet-friendly|school,"A well-presented 1-bed house in Hackney priced at £3100 pcm. Highlights include gym, parking, pet-friendly, school. Suitable for applicants prioritising practical access, clear tenancy terms and responsive management.",51.536982,-0.069363
P-2151,E8 3EK,London,Hackney,flat,3,3,3575,,1151,False,False,True,True,False,2026-07-26,balcony|concierge|garden|gym|transport,"A well-presented 3-bed flat in Hackney priced at £3575 pcm. Highlights include balcony, concierge, garden, gym, transport. Suitable for applicants prioritising practical access, clear tenancy terms and responsive management.",51.558424,-0.055065
P-2152,CR0 1DP,London,Croydon,flat,1,1,2125,,628,True,False,True,False,True,2026-09-09,concierge|garden|pet-friendly|river-view|school|workspace,"A well-presented 1-bed flat in Croydon priced at £2125 pcm. Highlights include concierge, garden, pet-friendly, river-view, school, workspace. Suitable for applicants prioritising practical access, clear tenancy terms and responsive management.",51.380175,-0.069073
P-2153,EC2A 6AL,London,Shoreditch,flat,3,3,4250,,1400,True,True,True,True,False,2026-10-13,balcony|concierge|garden|parking,"A well-presented 3-bed flat in Shoreditch priced at £4250 pcm. Highlights include balcony, concierge, garden, parking. Suitable for applicants prioritising practical access, clear tenancy terms and responsive management.",51.510932,-0.081466
P-2154,E14 2GP,London,Canary Wharf,maisonette,2,2,3875,,809,True,False,False,True,False,2026-08-11,balcony|concierge|gym|school|workspace,"A well-presented 2-bed maisonette in Canary Wharf priced at £3875 pcm. Highlights include balcony, concierge, gym, school, workspace. Suitable for applicants prioritising practical access, clear tenancy terms and responsive management.",51.489371,0.014941
P-2155,SW4 4DN,London,Clapham,flat,3,3,4050,,1066,False,False,False,False,False,2026-10-12,river-view|school|workspace,"A well-presented 3-bed flat in Clapham priced at £4050 pcm. Highlights include river-view, school, workspace. Suitable for applicants prioritising practical access, clear tenancy terms and responsive management.",51.48703,-0.129558
P-2156,CR0 1BJ,London,Croydon,flat,3,3,3475,,1105,True,True,False,False,True,2026-09-26,concierge|gym|parking|pet-friendly,"A well-presented 3-bed flat in Croydon priced at £3475 pcm. Highlights include concierge, gym, parking, pet-friendly. Suitable for applicants prioritising practical access, clear tenancy terms and responsive management.",51.393615,-0.111509
P-2157,SW3 9AJ,London,Chelsea,studio,0,1,4175,,563,False,False,True,True,True,2026-08-19,balcony|garden|gym|pet-friendly|river-view,"A well-presented 0-bed studio in Chelsea priced at £4175 pcm. Highlights include balcony, garden, gym, pet-friendly, river-view. Suitable for applicants prioritising practical access, clear tenancy terms and responsive management.",51.488407,-0.14982
P-2158,E14 9AK,London,Canary Wharf,maisonette,3,3,3650,,950,False,True,False,True,True,2026-09-10,gym|parking|workspace,"A well-presented 3-bed maisonette in Canary Wharf priced at £3650 pcm. Highlights include gym, parking, workspace. Suitable for applicants prioritising practical access, clear tenancy terms and responsive management.",51.507919,-0.028247
P-2159,NW1 7FN,London,Camden,flat,1,1,3200,,735,False,True,True,True,False,2026-08-10,balcony|garden|gym|parking|transport|workspace,"A well-presented 1-bed flat in Camden priced at £3200 pcm. Highlights include balcony, garden, gym, parking, transport, workspace. Suitable for applicants prioritising practical access, clear tenancy terms and responsive management.",51.552053,-0.130151
P-2160,E14 6AN,London,Canary Wharf,flat,1,1,3175,,687,True,False,True,True,False,2026-09-14,garden|gym|school,"A well-presented 1-bed flat in Canary Wharf priced at £3175 pcm. Highlights include garden, gym, school. Suitable for applicants prioritising practical access, clear tenancy terms and responsive management.",51.49079,-0.023655
P-2161,EC2A 2BL,London,Shoreditch,flat,1,1,3175,,523,True,False,False,True,False,2026-10-21,balcony|concierge|school|transport,"A well-presented 1-bed flat in Shoreditch priced at £3175 pcm. Highlights include balcony, concierge, school, transport. Suitable for applicants prioritising practical access, clear tenancy terms and responsive management.",51.515582,-0.071619
P-2162,SW11 6DM,London,Battersea,house,2,2,4125,,838,False,True,False,False,True,2026-09-16,concierge|parking|pet-friendly|school|transport,"A well-presented 2-bed house in Battersea priced at £4125 pcm. Highlights include concierge, parking, pet-friendly, school, transport. Suitable for applicants prioritising practical access, clear tenancy terms and responsive management.",51.473884,-0.131049
P-2163,E8 4AN,London,Hackney,maisonette,2,2,3675,,882,False,False,False,False,False,2026-09-08,gym|school|workspace,"A well-presented 2-bed maisonette in Hackney priced at £3675 pcm. Highlights include gym, school, workspace. Suitable for applicants prioritising practical access, clear tenancy terms and responsive management.",51.537268,-0.104605
P-2164,E8 4BK,London,Hackney,flat,2,2,2975,,1015,True,True,False,False,True,2026-08-25,concierge|pet-friendly|transport,"A well-presented 2-bed flat in Hackney priced at £2975 pcm. Highlights include concierge, pet-friendly, transport. Suitable for applicants prioritising practical access, clear tenancy terms and responsive management.",51.547693,-0.046268
P-2165,NW1 9CN,London,Camden,flat,1,1,3475,,540,True,False,True,True,False,2026-09-29,balcony|concierge|garden|school|transport|workspace,"A well-presented 1-bed flat in Camden priced at £3475 pcm. Highlights include balcony, concierge, garden, school, transport, workspace. Suitable for applicants prioritising practical access, clear tenancy terms and responsive management.",51.543913,-0.14758
P-2166,N1 4FL,London,Islington,studio,0,1,2425,,734,True,False,True,True,False,2026-09-23,balcony|concierge|garden|gym|transport,"A well-presented 0-bed studio in Islington priced at £2425 pcm. Highlights include balcony, concierge, garden, gym, transport. Suitable for applicants prioritising practical access, clear tenancy terms and responsive management.",51.552334,-0.111655
P-2167,CR0 2FM,London,Croydon,house,2,3,2725,,957,True,False,True,True,True,2026-10-20,balcony|gym|pet-friendly|transport,"A well-presented 2-bed house in Croydon priced at £2725 pcm. Highlights include balcony, gym, pet-friendly, transport. Suitable for applicants prioritising practical access, clear tenancy terms and responsive management.",51.360949,-0.105014
P-2168,E14 1HL,London,Canary Wharf,flat,2,3,3750,,906,False,True,False,True,True,2026-08-14,gym|parking|school,"A well-presented 2-bed flat in Canary Wharf priced at £3750 pcm. Highlights include gym, parking, school. Suitable for applicants prioritising practical access, clear tenancy terms and responsive management.",51.515684,-0.020778
P-2169,E8 8BN,London,Hackney,house,1,1,3200,,687,False,True,True,False,True,2026-08-11,garden|parking|pet-friendly|river-view|school|workspace,"A well-presented 1-bed house in Hackney priced at £3200 pcm. Highlights include garden, parking, pet-friendly, river-view, school, workspace. Suitable for applicants prioritising practical access, clear tenancy terms and responsive management.",51.538868,-0.101264
P-2170,SW6 9EN,London,Fulham,studio,0,1,3050,,585,True,False,False,True,True,2026-08-17,balcony|concierge|gym|pet-friendly|workspace,"A well-presented 0-bed studio in Fulham priced at £3050 pcm. Highlights include balcony, concierge, gym, pet-friendly, workspace. Suitable for applicants prioritising practical access, clear tenancy terms and responsive management.",51.478982,-0.191872
P-2171,SE10 9AM,London,Greenwich,house,2,3,2875,,978,False,False,True,True,False,2026-10-21,balcony|concierge|garden,"A well-presented 2-bed house in Greenwich priced at £2875 pcm. Highlights include balcony, concierge, garden. Suitable for applicants prioritising practical access, clear tenancy terms and responsive management.",51.503191,-0.009455
P-2172,E14 4EN,London,Canary Wharf,maisonette,3,3,4525,,1288,True,True,False,True,True,2026-08-22,balcony|concierge|gym|pet-friendly|school|transport,"A well-presented 3-bed maisonette in Canary Wharf priced at £4525 pcm. Highlights include balcony, concierge, gym, pet-friendly, school, transport. Suitable for applicants prioritising practical access, clear tenancy terms and responsive management.",51.509617,-0.031961
P-2173,SW6 1EJ,London,Fulham,flat,1,1,3775,,703,True,True,True,True,False,2026-09-14,balcony|garden|gym|parking|workspace,"A well-presented 1-bed flat in Fulham priced at £3775 pcm. Highlights include balcony, garden, gym, parking, workspace. Suitable for applicants prioritising practical access, clear tenancy terms and responsive management.",51.470609,-0.182273
P-2174,CR0 3GN,London,Croydon,flat,2,2,2950,,986,True,True,False,False,True,2026-10-01,parking|pet-friendly|transport|workspace,"A well-presented 2-bed flat in Croydon priced at £2950 pcm. Highlights include parking, pet-friendly, transport, workspace. Suitable for applicants prioritising practical access, clear tenancy terms and responsive management.",51.372366,-0.088428
P-2175,CR0 4AN,London,Croydon,flat,3,3,2300,,1308,True,False,True,True,True,2026-09-16,balcony|garden|gym|pet-friendly|school,"A well-presented 3-bed flat in Croydon priced at £2300 pcm. Highlights include balcony, garden, gym, pet-friendly, school. Suitable for applicants prioritising practical access, clear tenancy terms and responsive management.",51.385326,-0.129573
P-2176,E20 2EK,London,Stratford,flat,2,2,3675,,842,True,True,True,True,False,2026-09-13,balcony|garden|parking|school,"A well-presented 2-bed flat in Stratford priced at £3675 pcm. Highlights include balcony, garden, parking, school. Suitable for applicants prioritising practical access, clear tenancy terms and responsive management.",51.554166,0.01492
P-2177,SW6 3HK,London,Fulham,studio,0,1,3275,,770,False,True,True,True,False,2026-07-24,balcony|garden|parking|school,"A well-presented 0-bed studio in Fulham priced at £3275 pcm. Highlights include balcony, garden, parking, school. Suitable for applicants prioritising practical access, clear tenancy terms and responsive management.",51.46949,-0.209504
P-2178,CR0 2BP,London,Croydon,house,2,2,2550,,1009,False,True,False,False,True,2026-10-10,parking|pet-friendly|river-view|school|transport|workspace,"A well-presented 2-bed house in Croydon priced at £2550 pcm. Highlights include parking, pet-friendly, river-view, school, transport, workspace. Suitable for applicants prioritising practical access, clear tenancy terms and responsive management.",51.371509,-0.093842
P-2179,NW1 2FJ,London,Camden,house,2,2,3600,,821,True,False,True,True,True,2026-09-14,gym|pet-friendly|transport,"A well-presented 2-bed house in Camden priced at £3600 pcm. Highlights include gym, pet-friendly, transport. Suitable for applicants prioritising practical access, clear tenancy terms and responsive management.",51.533148,-0.168453
P-2180,SW4 4EL,London,Clapham,flat,3,3,3950,,1258,True,True,False,False,True,2026-09-25,parking|pet-friendly|river-view|workspace,"A well-presented 3-bed flat in Clapham priced at £3950 pcm. Highlights include parking, pet-friendly, river-view, workspace. Suitable for applicants prioritising practical access, clear tenancy terms and responsive management.",51.464561,-0.124582
P-2181,SW3 7GP,London,Chelsea,flat,2,2,5700,,943,False,True,False,True,True,2026-10-08,balcony|concierge|parking|pet-friendly|transport,"A well-presented 2-bed flat in Chelsea priced at £5700 pcm. Highlights include balcony, concierge, parking, pet-friendly, transport. Suitable for applicants prioritising practical access, clear tenancy terms and responsive management.",51.479807,-0.117862
P-2182,SE10 2EJ,London,Greenwich,flat,2,2,3225,,902,False,False,False,False,True,2026-09-29,pet-friendly|river-view|workspace,"A well-presented 2-bed flat in Greenwich priced at £3225 pcm. Highlights include pet-friendly, river-view, workspace. Suitable for applicants prioritising practical access, clear tenancy terms and responsive management.",51.469589,-0.005491
P-2183,CR0 6FP,London,Croydon,flat,3,3,2800,,1172,True,True,False,True,True,2026-08-18,balcony|school|workspace,"A well-presented 3-bed flat in Croydon priced at £2800 pcm. Highlights include balcony, school, workspace. Suitable for applicants prioritising practical access, clear tenancy terms and responsive management.",51.364117,-0.097339
P-2184,NW1 3AM,London,Camden,house,3,3,3900,,1140,False,False,True,True,True,2026-08-21,balcony|gym|river-view|school|transport|workspace,"A well-presented 3-bed house in Camden priced at £3900 pcm. Highlights include balcony, gym, river-view, school, transport, workspace. Suitable for applicants prioritising practical access, clear tenancy terms and responsive management.",51.518402,-0.16729
P-2185,SW4 8BP,London,Clapham,flat,3,3,3800,,1186,False,False,True,True,True,2026-08-30,concierge|garden|pet-friendly|river-view|school,"A well-presented 3-bed flat in Clapham priced at £3800 pcm. Highlights include concierge, garden, pet-friendly, river-view, school. Suitable for applicants prioritising practical access, clear tenancy terms and responsive management.",51.46342,-0.169436
P-2186,N1 2GL,London,Islington,flat,1,1,3525,,840,True,True,False,False,False,2026-07-30,concierge|parking|transport,"A well-presented 1-bed flat in Islington priced at £3525 pcm. Highlights include concierge, parking, transport. Suitable for applicants prioritising practical access, clear tenancy terms and responsive management.",51.549925,-0.10328
P-2187,EC2A 8CK,London,Shoreditch,flat,3,3,4175,,1140,False,False,True,False,True,2026-07-25,garden|gym|pet-friendly|river-view|transport,"A well-presented 3-bed flat in Shoreditch priced at £4175 pcm. Highlights include garden, gym, pet-friendly, river-view, transport. Suitable for applicants prioritising practical access, clear tenancy terms and responsive management.",51.52234,-0.06407
P-2188,SE10 3FP,London,Greenwich,studio,0,1,2100,,674,True,True,False,False,False,2026-10-19,concierge|river-view|school,"A well-presented 0-bed studio in Greenwich priced at £2100 pcm. Highlights include concierge, river-view, school. Suitable for applicants prioritising practical access, clear tenancy terms and responsive management.",51.458367,0.002179
P-2189,SW19 6DN,London,Wimbledon,flat,2,2,3725,,963,True,False,True,True,False,2026-07-26,balcony|garden|gym|school|transport|workspace,"A well-presented 2-bed flat in Wimbledon priced at £3725 pcm. Highlights include balcony, garden, gym, school, transport, workspace. Suitable for applicants prioritising practical access, clear tenancy terms and responsive management.",51.412119,-0.172223
P-2190,SW3 4GN,London,Chelsea,house,3,3,5025,,1221,True,True,False,True,True,2026-07-25,balcony|gym|parking|pet-friendly|river-view|transport,"A well-presented 3-bed house in Chelsea priced at £5025 pcm. Highlights include balcony, gym, parking, pet-friendly, river-view, transport. Suitable for applicants prioritising practical access, clear tenancy terms and responsive management.",51.489044,-0.174922
P-2191,NW1 2GP,London,Camden,house,3,3,4150,,1165,True,True,True,False,True,2026-09-08,concierge|gym|parking|pet-friendly|river-view|school,"A well-presented 3-bed house in Camden priced at £4150 pcm. Highlights include concierge, gym, parking, pet-friendly, river-view, school. Suitable for applicants prioritising practical access, clear tenancy terms and responsive management.",51.544406,-0.147312
P-2192,E14 3FN,London,Canary Wharf,house,1,1,3125,,685,True,False,True,True,True,2026-09-20,garden|gym|pet-friendly|school|transport|workspace,"A well-presented 1-bed house in Canary Wharf priced at £3125 pcm. Highlights include garden, gym, pet-friendly, school, transport, workspace. Suitable for applicants prioritising practical access, clear tenancy terms and responsive management.",51.485915,-0.030158
P-2193,SW4 1CK,London,Clapham,flat,1,1,3175,,582,True,False,True,False,False,2026-09-04,garden|school|workspace,"A well-presented 1-bed flat in Clapham priced at £3175 pcm. Highlights include garden, school, workspace. Suitable for applicants prioritising practical access, clear tenancy terms and responsive management.",51.436101,-0.142151
P-2194,SW4 6BP,London,Clapham,flat,1,1,3300,,706,False,False,True,True,True,2026-08-29,garden|pet-friendly|river-view|school,"A well-presented 1-bed flat in Clapham priced at £3300 pcm. Highlights include garden, pet-friendly, river-view, school. Suitable for applicants prioritising practical access, clear tenancy terms and responsive management.",51.461927,-0.144887
P-2195,NW1 4CJ,London,Camden,flat,3,3,3900,,1177,False,True,False,False,False,2026-09-19,concierge|gym|parking|river-view|school|transport,"A well-presented 3-bed flat in Camden priced at £3900 pcm. Highlights include concierge, gym, parking, river-view, school, transport. Suitable for applicants prioritising practical access, clear tenancy terms and responsive management.",51.545952,-0.117184
P-2196,N1 7HP,London,Islington,flat,2,2,3325,,981,True,False,False,False,True,2026-08-09,gym|river-view|workspace,"A well-presented 2-bed flat in Islington priced at £3325 pcm. Highlights include gym, river-view, workspace. Suitable for applicants prioritising practical access, clear tenancy terms and responsive management.",51.583579,-0.100756
P-2197,NW1 4FJ,London,Camden,flat,1,2,3075,,696,True,True,False,False,True,2026-08-27,parking|river-view|transport|workspace,"A well-presented 1-bed flat in Camden priced at £3075 pcm. Highlights include parking, river-view, transport, workspace. Suitable for applicants prioritising practical access, clear tenancy terms and responsive management.",51.538785,-0.160175
P-2198,E14 1BK,London,Canary Wharf,flat,1,1,2700,,663,True,True,False,True,True,2026-10-01,balcony|parking|pet-friendly|river-view|workspace,"A well-presented 1-bed flat in Canary Wharf priced at £2700 pcm. Highlights include balcony, parking, pet-friendly, river-view, workspace. Suitable for applicants prioritising practical access, clear tenancy terms and responsive management.",51.494568,-0.017395
P-2199,SE10 6EK,London,Greenwich,house,2,3,3250,,913,True,True,True,False,True,2026-08-24,garden|gym|parking|river-view|school,"A well-presented 2-bed house in Greenwich priced at £3250 pcm. Highlights include garden, gym, parking, river-view, school. Suitable for applicants prioritising practical access, clear tenancy terms and responsive management.",51.476376,0.007658
P-2200,CR0 3EJ,London,Croydon,maisonette,3,3,2550,,1220,False,False,True,True,True,2026-10-19,balcony|garden|pet-friendly|school|workspace,"A well-presented 3-bed maisonette in Croydon priced at £2550 pcm. Highlights include balcony, garden, pet-friendly, school, workspace. Suitable for applicants prioritising practical access, clear tenancy terms and responsive management.",51.369162,-0.101546
P-2201,NW1 4DL,London,Camden,flat,4,3,4500,,1434,False,True,False,True,True,2026-10-09,balcony|concierge|gym|parking|river-view,"A well-presented 4-bed flat in Camden priced at £4500 pcm. Highlights include balcony, concierge, gym, parking, river-view. Suitable for applicants prioritising practical access, clear tenancy terms and responsive management.",51.546517,-0.144038
P-2202,SW4 8EM,London,Clapham,flat,1,2,2875,,906,True,False,False,True,False,2026-09-03,balcony|gym|school,"A well-presented 1-bed flat in Clapham priced at £2875 pcm. Highlights include balcony, gym, school. Suitable for applicants prioritising practical access, clear tenancy terms and responsive management.",51.457912,-0.134698
P-2203,E14 9BJ,London,Canary Wharf,flat,1,1,3450,,613,True,True,True,True,False,2026-10-08,balcony|concierge|garden|gym|transport|workspace,"A well-presented 1-bed flat in Canary Wharf priced at £3450 pcm. Highlights include balcony, concierge, garden, gym, transport, workspace. Suitable for applicants prioritising practical access, clear tenancy terms and responsive management.",51.509096,-0.046951
P-2204,SW3 6DM,London,Chelsea,flat,1,1,4050,,701,False,True,False,True,True,2026-08-04,balcony|concierge|parking|school,"A well-presented 1-bed flat in Chelsea priced at £4050 pcm. Highlights include balcony, concierge, parking, school. Suitable for applicants prioritising practical access, clear tenancy terms and responsive management.",51.49769,-0.191641
P-2205,NW1 6DM,London,Camden,flat,2,2,3575,,987,True,True,False,True,False,2026-09-29,balcony|parking|workspace,"A well-presented 2-bed flat in Camden priced at £3575 pcm. Highlights include balcony, parking, workspace. Suitable for applicants prioritising practical access, clear tenancy terms and responsive management.",51.537716,-0.10764
P-2206,E20 2EJ,London,Stratford,flat,2,2,3125,,804,False,True,True,True,False,2026-09-07,concierge|garden|parking|river-view|transport|workspace,"A well-presented 2-bed flat in Stratford priced at £3125 pcm. Highlights include concierge, garden, parking, river-view, transport, workspace. Suitable for applicants prioritising practical access, clear tenancy terms and responsive management.",51.563513,-0.008011
P-2207,SE10 1EL,London,Greenwich,flat,4,3,3900,,1451,True,False,False,False,False,2026-08-23,river-view|school|workspace,"A well-presented 4-bed flat in Greenwich priced at £3900 pcm. Highlights include river-view, school, workspace. Suitable for applicants prioritising practical access, clear tenancy terms and responsive management.",51.51978,-0.012347
P-2208,SW6 1FN,London,Fulham,flat,1,2,3825,,735,False,False,True,False,True,2026-09-15,concierge|garden|pet-friendly|river-view|school,"A well-presented 1-bed flat in Fulham priced at £3825 pcm. Highlights include concierge, garden, pet-friendly, river-view, school. Suitable for applicants prioritising practical access, clear tenancy terms and responsive management.",51.502953,-0.234128
P-2209,SW4 5FP,London,Clapham,house,3,3,3550,,1171,True,False,True,True,False,2026-09-16,balcony|concierge|garden|gym|river-view|workspace,"A well-presented 3-bed house in Clapham priced at £3550 pcm. Highlights include balcony, concierge, garden, gym, river-view, workspace. Suitable for applicants prioritising practical access, clear tenancy terms and responsive management.",51.495036,-0.142152
P-2210,NW1 7FJ,London,Camden,house,1,1,3250,,733,True,False,True,True,True,2026-07-24,concierge|garden|gym|school|workspace,"A well-presented 1-bed house in Camden priced at £3250 pcm. Highlights include concierge, garden, gym, school, workspace. Suitable for applicants prioritising practical access, clear tenancy terms and responsive management.",51.529628,-0.137922
P-2211,E14 2FL,London,Canary Wharf,flat,2,2,3075,,994,True,True,False,True,False,2026-08-19,balcony|gym|parking|school|transport,"A well-presented 2-bed flat in Canary Wharf priced at £3075 pcm. Highlights include balcony, gym, parking, school, transport. Suitable for applicants prioritising practical access, clear tenancy terms and responsive management.",51.495623,-0.020329
P-2212,E14 3BL,London,Canary Wharf,flat,2,2,4175,,987,True,True,False,True,True,2026-08-29,balcony|parking|pet-friendly|river-view|school|transport,"A well-presented 2-bed flat in Canary Wharf priced at £4175 pcm. Highlights include balcony, parking, pet-friendly, river-view, school, transport. Suitable for applicants prioritising practical access, clear tenancy terms and responsive management.",51.497608,-0.028535
P-2213,SW6 8EP,London,Fulham,flat,4,3,4875,,1326,True,True,False,True,True,2026-08-12,balcony|concierge|gym|parking|pet-friendly|river-view,"A well-presented 4-bed flat in Fulham priced at £4875 pcm. Highlights include balcony, concierge, gym, parking, pet-friendly, river-view. Suitable for applicants prioritising practical access, clear tenancy terms and responsive management.",51.478692,-0.194381
P-2214,SW11 3BP,London,Battersea,flat,3,3,4025,,1223,False,True,False,True,True,2026-08-17,concierge|gym|parking|school|workspace,"A well-presented 3-bed flat in Battersea priced at £4025 pcm. Highlights include concierge, gym, parking, school, workspace. Suitable for applicants prioritising practical access, clear tenancy terms and responsive management.",51.467564,-0.155711
P-2215,E20 5HK,London,Stratford,flat,1,1,2825,,646,True,True,True,True,True,2026-10-02,garden|gym|transport|workspace,"A well-presented 1-bed flat in Stratford priced at £2825 pcm. Highlights include garden, gym, transport, workspace. Suitable for applicants prioritising practical access, clear tenancy terms and responsive management.",51.518444,0.022699
P-2216,SW3 6HM,London,Chelsea,flat,2,2,5225,,851,True,True,False,False,True,2026-08-26,gym|parking|pet-friendly|river-view,"A well-presented 2-bed flat in Chelsea priced at £5225 pcm. Highlights include gym, parking, pet-friendly, river-view. Suitable for applicants prioritising practical access, clear tenancy terms and responsive management.",51.470021,-0.135115
P-2217,SW11 9HM,London,Battersea,maisonette,2,3,4250,,896,False,False,True,False,True,2026-10-02,concierge|garden|gym|pet-friendly|river-view,"A well-presented 2-bed maisonette in Battersea priced at £4250 pcm. Highlights include concierge, garden, gym, pet-friendly, river-view. Suitable for applicants prioritising practical access, clear tenancy terms and responsive management.",51.498927,-0.185598
P-2218,EC2A 4DM,London,Shoreditch,house,1,2,3200,,730,True,True,True,True,False,2026-08-20,balcony|concierge|parking|school|transport|workspace,"A well-presented 1-bed house in Shoreditch priced at £3200 pcm. Highlights include balcony, concierge, parking, school, transport, workspace. Suitable for applicants prioritising practical access, clear tenancy terms and responsive management.",51.512718,-0.046798
P-2219,SW19 4GK,London,Wimbledon,flat,2,2,2875,,898,True,True,False,False,False,2026-09-16,concierge|gym|parking|transport,"A well-presented 2-bed flat in Wimbledon priced at £2875 pcm. Highlights include concierge, gym, parking, transport. Suitable for applicants prioritising practical access, clear tenancy terms and responsive management.",51.417788,-0.217766
P-2220,SW4 4DL,London,Clapham,flat,2,3,3400,,1016,True,True,True,True,False,2026-09-01,balcony|concierge|garden,"A well-presented 2-bed flat in Clapham priced at £3400 pcm. Highlights include balcony, concierge, garden. Suitable for applicants prioritising practical access, clear tenancy terms and responsive management.",51.446097,-0.141222
P-2221,N1 5HN,London,Islington,flat,1,2,3050,,624,True,True,False,True,False,2026-08-07,balcony|concierge|gym|river-view|school|workspace,"A well-presented 1-bed flat in Islington priced at £3050 pcm. Highlights include balcony, concierge, gym, river-view, school, workspace. Suitable for applicants prioritising practical access, clear tenancy terms and responsive management.",51.538658,-0.112758
P-2222,SE10 9HP,London,Greenwich,house,2,2,2750,,1038,True,False,False,True,False,2026-08-20,balcony|concierge|gym|school|transport|workspace,"A well-presented 2-bed house in Greenwich priced at £2750 pcm. Highlights include balcony, concierge, gym, school, transport, workspace. Suitable for applicants prioritising practical access, clear tenancy terms and responsive management.",51.488457,0.024115
P-2223,SW3 2CL,London,Chelsea,flat,1,1,4425,,705,True,False,False,True,True,2026-07-30,balcony|concierge|gym|pet-friendly|school,"A well-presented 1-bed flat in Chelsea priced at £4425 pcm. Highlights include balcony, concierge, gym, pet-friendly, school. Suitable for applicants prioritising practical access, clear tenancy terms and responsive management.",51.458656,-0.143636
P-2224,SW6 9HL,London,Fulham,flat,1,2,3975,,701,True,False,True,False,False,2026-08-19,garden|river-view|transport,"A well-presented 1-bed flat in Fulham priced at £3975 pcm. Highlights include garden, river-view, transport. Suitable for applicants prioritising practical access, clear tenancy terms and responsive management.",51.463309,-0.203682
P-2225,SW11 1DJ,London,Battersea,house,1,1,3050,,651,True,True,False,False,False,2026-08-31,concierge|gym|parking|school|workspace,"A well-presented 1-bed house in Battersea priced at £3050 pcm. Highlights include concierge, gym, parking, school, workspace. Suitable for applicants prioritising practical access, clear tenancy terms and responsive management.",51.461067,-0.154821
P-2226,EC2A 4BJ,London,Shoreditch,maisonette,2,2,4150,,909,True,True,False,False,False,2026-10-14,gym|parking|workspace,"A well-presented 2-bed maisonette in Shoreditch priced at £4150 pcm. Highlights include gym, parking, workspace. Suitable for applicants prioritising practical access, clear tenancy terms and responsive management.",51.537884,-0.046801
P-2227,SW19 1DJ,London,Wimbledon,flat,1,2,3050,,767,True,False,True,True,False,2026-09-15,balcony|garden|gym|school|transport,"A well-presented 1-bed flat in Wimbledon priced at £3050 pcm. Highlights include balcony, garden, gym, school, transport. Suitable for applicants prioritising practical access, clear tenancy terms and responsive management.",51.420557,-0.251801
P-2228,SW3 8GM,London,Chelsea,flat,2,3,4550,,886,False,True,False,True,True,2026-08-10,balcony|concierge|gym|school|transport|workspace,"A well-presented 2-bed flat in Chelsea priced at £4550 pcm. Highlights include balcony, concierge, gym, school, transport, workspace. Suitable for applicants prioritising practical access, clear tenancy terms and responsive management.",51.485295,-0.188464
P-2229,E14 2AM,London,Canary Wharf,flat,2,2,4150,,867,True,True,False,True,True,2026-09-05,gym|pet-friendly|workspace,"A well-presented 2-bed flat in Canary Wharf priced at £4150 pcm. Highlights include gym, pet-friendly, workspace. Suitable for applicants prioritising practical access, clear tenancy terms and responsive management.",51.511469,-0.025061
P-2230,CR0 1CM,London,Croydon,house,2,3,2575,,947,True,False,True,True,True,2026-10-17,balcony|concierge|garden|school|transport|workspace,"A well-presented 2-bed house in Croydon priced at £2575 pcm. Highlights include balcony, concierge, garden, school, transport, workspace. Suitable for applicants prioritising practical access, clear tenancy terms and responsive management.",51.356372,-0.116923
P-2231,SW4 9CL,London,Clapham,flat,2,2,3875,,852,True,False,True,False,False,2026-10-05,concierge|garden|workspace,"A well-presented 2-bed flat in Clapham priced at £3875 pcm. Highlights include concierge, garden, workspace. Suitable for applicants prioritising practical access, clear tenancy terms and responsive management.",51.477627,-0.135097
P-2232,CR0 6FP,London,Croydon,flat,1,1,2225,,594,True,False,True,True,True,2026-08-01,concierge|garden|gym|pet-friendly,"A well-presented 1-bed flat in Croydon priced at £2225 pcm. Highlights include concierge, garden, gym, pet-friendly. Suitable for applicants prioritising practical access, clear tenancy terms and responsive management.",51.374812,-0.087264
P-2233,SW4 2DM,London,Clapham,house,1,1,3450,,693,False,True,False,True,False,2026-08-11,balcony|concierge|parking,"A well-presented 1-bed house in Clapham priced at £3450 pcm. Highlights include balcony, concierge, parking. Suitable for applicants prioritising practical access, clear tenancy terms and responsive management.",51.476772,-0.130741
P-2234,N1 1EJ,London,Islington,flat,1,2,3425,,625,False,True,False,True,True,2026-08-12,balcony|concierge|parking|school|workspace,"A well-presented 1-bed flat in Islington priced at £3425 pcm. Highlights include balcony, concierge, parking, school, workspace. Suitable for applicants prioritising practical access, clear tenancy terms and responsive management.",51.544606,-0.115449
P-2235,E14 3AM,London,Canary Wharf,flat,2,3,4150,,975,True,False,True,True,True,2026-08-03,concierge|garden|gym|pet-friendly|river-view|transport,"A well-presented 2-bed flat in Canary Wharf priced at £4150 pcm. Highlights include concierge, garden, gym, pet-friendly, river-view, transport. Suitable for applicants prioritising practical access, clear tenancy terms and responsive management.",51.520124,-0.051951
P-2236,E8 2FL,London,Hackney,flat,2,2,3900,,996,True,False,False,True,True,2026-08-13,balcony|concierge|pet-friendly,"A well-presented 2-bed flat in Hackney priced at £3900 pcm. Highlights include balcony, concierge, pet-friendly. Suitable for applicants prioritising practical access, clear tenancy terms and responsive management.",51.540802,-0.058947
P-2237,CR0 7HN,London,Croydon,flat,1,2,2175,,556,True,True,True,True,False,2026-09-19,balcony|garden|transport,"A well-presented 1-bed flat in Croydon priced at £2175 pcm. Highlights include balcony, garden, transport. Suitable for applicants prioritising practical access, clear tenancy terms and responsive management.",51.382115,-0.083195
P-2238,NW1 6EM,London,Camden,flat,3,3,3750,,1062,True,True,True,True,False,2026-08-24,balcony|garden|gym|parking|workspace,"A well-presented 3-bed flat in Camden priced at £3750 pcm. Highlights include balcony, garden, gym, parking, workspace. Suitable for applicants prioritising practical access, clear tenancy terms and responsive management.",51.52416,-0.150281
P-2239,N1 2BJ,London,Islington,studio,0,1,2825,,682,True,False,True,True,True,2026-07-27,balcony|concierge|garden|gym|pet-friendly|transport,"A well-presented 0-bed studio in Islington priced at £2825 pcm. Highlights include balcony, concierge, garden, gym, pet-friendly, transport. Suitable for applicants prioritising practical access, clear tenancy terms and responsive management.",51.537901,-0.091227
P-2240,SW4 9AN,London,Clapham,house,3,3,4200,,1209,False,True,True,True,True,2026-09-28,balcony|concierge|gym|pet-friendly|school|workspace,"A well-presented 3-bed house in Clapham priced at £4200 pcm. Highlights include balcony, concierge, gym, pet-friendly, school, workspace. Suitable for applicants prioritising practical access, clear tenancy terms and responsive management.",51.483413,-0.155554
P-2241,E20 2DN,London,Stratford,house,2,2,3000,,1108,False,True,True,False,True,2026-09-14,concierge|garden|gym|river-view|transport,"A well-presented 2-bed house in Stratford priced at £3000 pcm. Highlights include concierge, garden, gym, river-view, transport. Suitable for applicants prioritising practical access, clear tenancy terms and responsive management.",51.541719,-0.028059
P-2242,SW3 5FN,London,Chelsea,flat,2,2,5225,,1003,True,True,False,True,True,2026-09-24,balcony|parking|river-view,"A well-presented 2-bed flat in Chelsea priced at £5225 pcm. Highlights include balcony, parking, river-view. Suitable for applicants prioritising practical access, clear tenancy terms and responsive management.",51.478265,-0.162831
P-2243,N1 9FM,London,Islington,flat,2,2,3925,,940,True,False,True,True,True,2026-10-22,balcony|concierge|garden|gym|pet-friendly|transport,"A well-presented 2-bed flat in Islington priced at £3925 pcm. Highlights include balcony, concierge, garden, gym, pet-friendly, transport. Suitable for applicants prioritising practical access, clear tenancy terms and responsive management.",51.55473,-0.144567
P-2244,E8 4GK,London,Hackney,flat,1,1,3000,,583,True,False,True,True,False,2026-08-25,balcony|concierge|garden|gym|transport|workspace,"A well-presented 1-bed flat in Hackney priced at £3000 pcm. Highlights include balcony, concierge, garden, gym, transport, workspace. Suitable for applicants prioritising practical access, clear tenancy terms and responsive management.",51.550438,-0.051103
P-2245,E8 8AJ,London,Hackney,house,2,2,3100,,1069,True,True,True,True,True,2026-08-27,concierge|garden|gym|parking|pet-friendly|transport,"A well-presented 2-bed house in Hackney priced at £3100 pcm. Highlights include concierge, garden, gym, parking, pet-friendly, transport. Suitable for applicants prioritising practical access, clear tenancy terms and responsive management.",51.568896,-0.048228
P-2246,E8 8HJ,London,Hackney,flat,2,2,3400,,1079,False,True,True,False,True,2026-07-28,garden|parking|transport,"A well-presented 2-bed flat in Hackney priced at £3400 pcm. Highlights include garden, parking, transport. Suitable for applicants prioritising practical access, clear tenancy terms and responsive management.",51.550983,-0.041733
P-2247,E14 5AL,London,Canary Wharf,house,3,3,3875,,1241,True,True,False,True,True,2026-10-17,balcony|gym|parking|pet-friendly|workspace,"A well-presented 3-bed house in Canary Wharf priced at £3875 pcm. Highlights include balcony, gym, parking, pet-friendly, workspace. Suitable for applicants prioritising practical access, clear tenancy terms and responsive management.",51.515762,-0.020414
P-2248,SW11 8GN,London,Battersea,flat,1,2,3375,,724,True,False,True,False,True,2026-09-25,garden|pet-friendly|transport|workspace,"A well-presented 1-bed flat in Battersea priced at £3375 pcm. Highlights include garden, pet-friendly, transport, workspace. Suitable for applicants prioritising practical access, clear tenancy terms and responsive management.",51.44582,-0.14712
P-2249,CR0 9EJ,London,Croydon,flat,1,1,1925,,636,True,False,False,True,False,2026-09-10,balcony|river-view|school,"A well-presented 1-bed flat in Croydon priced at £1925 pcm. Highlights include balcony, river-view, school. Suitable for applicants prioritising practical access, clear tenancy terms and responsive management.",51.37363,-0.083131
P-2250,E20 7CK,London,Stratford,flat,1,2,2275,,636,True,False,True,True,False,2026-10-20,balcony|concierge|garden|river-view|transport|workspace,"A well-presented 1-bed flat in Stratford priced at £2275 pcm. Highlights include balcony, concierge, garden, river-view, transport, workspace. Suitable for applicants prioritising practical access, clear tenancy terms and responsive management.",51.554494,-0.006697
P-2251,SW6 7CJ,London,Fulham,flat,2,2,4275,,871,True,False,False,True,True,2026-09-21,gym|pet-friendly|river-view|transport|workspace,"A well-presented 2-bed flat in Fulham priced at £4275 pcm. Highlights include gym, pet-friendly, river-view, transport, workspace. Suitable for applicants prioritising practical access, clear tenancy terms and responsive management.",51.506143,-0.191502
P-2252,E14 5BN,London,Canary Wharf,flat,3,3,4375,,1189,False,False,False,False,True,2026-08-23,gym|pet-friendly|transport|workspace,"A well-presented 3-bed flat in Canary Wharf priced at £4375 pcm. Highlights include gym, pet-friendly, transport, workspace. Suitable for applicants prioritising practical access, clear tenancy terms and responsive management.",51.504495,0.006361
P-2253,NW1 9AJ,London,Camden,flat,2,3,3525,,949,True,False,True,True,False,2026-09-13,balcony|concierge|garden|gym|school|transport,"A well-presented 2-bed flat in Camden priced at £3525 pcm. Highlights include balcony, concierge, garden, gym, school, transport. Suitable for applicants prioritising practical access, clear tenancy terms and responsive management.",51.551858,-0.169718
P-2254,N1 9DN,London,Islington,studio,0,1,2800,,646,True,False,False,False,True,2026-09-26,concierge|pet-friendly|school|transport|workspace,"A well-presented 0-bed studio in Islington priced at £2800 pcm. Highlights include concierge, pet-friendly, school, transport, workspace. Suitable for applicants prioritising practical access, clear tenancy terms and responsive management.",51.538068,-0.140096
P-2255,NW1 8BK,London,Camden,flat,1,1,3300,,608,False,False,False,True,False,2026-09-10,concierge|school|transport,"A well-presented 1-bed flat in Camden priced at £3300 pcm. Highlights include concierge, school, transport. Suitable for applicants prioritising practical access, clear tenancy terms and responsive management.",51.521878,-0.141352
P-2256,SW19 7CM,London,Wimbledon,flat,1,2,2850,,692,True,True,True,True,True,2026-09-12,balcony|concierge|garden|gym|pet-friendly|workspace,"A well-presented 1-bed flat in Wimbledon priced at £2850 pcm. Highlights include balcony, concierge, garden, gym, pet-friendly, workspace. Suitable for applicants prioritising practical access, clear tenancy terms and responsive management.",51.428464,-0.19329
P-2257,SW19 7BL,London,Wimbledon,maisonette,3,3,4150,,1297,True,False,True,False,False,2026-07-29,concierge|garden|gym|school|transport|workspace,"A well-presented 3-bed maisonette in Wimbledon priced at £4150 pcm. Highlights include concierge, garden, gym, school, transport, workspace. Suitable for applicants prioritising practical access, clear tenancy terms and responsive management.",51.447824,-0.21281
P-2258,SW3 6GL,London,Chelsea,studio,0,1,4525,,725,False,True,True,False,False,2026-09-20,concierge|garden|parking|river-view,"A well-presented 0-bed studio in Chelsea priced at £4525 pcm. Highlights include concierge, garden, parking, river-view. Suitable for applicants prioritising practical access, clear tenancy terms and responsive management.",51.46061,-0.168599
P-2259,SW19 5GJ,London,Wimbledon,house,1,1,3400,,761,False,False,True,True,False,2026-09-19,balcony|concierge|garden|school|transport|workspace,"A well-presented 1-bed house in Wimbledon priced at £3400 pcm. Highlights include balcony, concierge, garden, school, transport, workspace. Suitable for applicants prioritising practical access, clear tenancy terms and responsive management.",51.417042,-0.191021
P-2260,SW6 6DP,London,Fulham,flat,3,3,4850,,1212,True,True,False,True,False,2026-08-28,concierge|river-view|transport,"A well-presented 3-bed flat in Fulham priced at £4850 pcm. Highlights include concierge, river-view, transport. Suitable for applicants prioritising practical access, clear tenancy terms and responsive management.",51.501193,-0.144851
P-2261,SW6 1GK,London,Fulham,flat,2,2,4175,,997,True,False,True,True,False,2026-09-12,balcony|garden|school,"A well-presented 2-bed flat in Fulham priced at £4175 pcm. Highlights include balcony, garden, school. Suitable for applicants prioritising practical access, clear tenancy terms and responsive management.",51.475617,-0.152017
P-2262,SW3 2DL,London,Chelsea,flat,1,2,4825,,746,True,True,True,False,True,2026-10-08,garden|gym|pet-friendly|river-view|transport|workspace,"A well-presented 1-bed flat in Chelsea priced at £4825 pcm. Highlights include garden, gym, pet-friendly, river-view, transport, workspace. Suitable for applicants prioritising practical access, clear tenancy terms and responsive management.",51.473997,-0.188384
P-2263,CR0 3DJ,London,Croydon,house,3,3,3200,,1079,True,False,True,True,True,2026-09-03,balcony|gym|pet-friendly|school,"A well-presented 3-bed house in Croydon priced at £3200 pcm. Highlights include balcony, gym, pet-friendly, school. Suitable for applicants prioritising practical access, clear tenancy terms and responsive management.",51.37842,-0.09005
P-2264,SW6 2GL,London,Fulham,flat,2,3,3875,,1044,True,True,False,True,True,2026-07-28,concierge|parking|pet-friendly|river-view|transport|workspace,"A well-presented 2-bed flat in Fulham priced at £3875 pcm. Highlights include concierge, parking, pet-friendly, river-view, transport, workspace. Suitable for applicants prioritising practical access, clear tenancy terms and responsive management.",51.488866,-0.171954
P-2265,EC2A 2CP,London,Shoreditch,flat,1,1,3825,,705,True,False,False,False,True,2026-10-08,pet-friendly|river-view|school|transport|workspace,"A well-presented 1-bed flat in Shoreditch priced at £3825 pcm. Highlights include pet-friendly, river-view, school, transport, workspace. Suitable for applicants prioritising practical access, clear tenancy terms and responsive management.",51.538256,-0.072689
P-2266,SW6 2HL,London,Fulham,studio,0,1,2975,,627,False,False,False,False,True,2026-09-28,school|transport|workspace,"A well-presented 0-bed studio in Fulham priced at £2975 pcm. Highlights include school, transport, workspace. Suitable for applicants prioritising practical access, clear tenancy terms and responsive management.",51.470811,-0.1967
P-2267,E20 9DP,London,Stratford,house,4,3,4150,,1456,False,True,False,True,True,2026-09-12,balcony|concierge|parking|pet-friendly|workspace,"A well-presented 4-bed house in Stratford priced at £4150 pcm. Highlights include balcony, concierge, parking, pet-friendly, workspace. Suitable for applicants prioritising practical access, clear tenancy terms and responsive management.",51.550244,-0.001617
P-2268,SW11 1BJ,London,Battersea,studio,0,1,3300,,699,True,False,True,False,True,2026-08-10,concierge|garden|pet-friendly|school|transport|workspace,"A well-presented 0-bed studio in Battersea priced at £3300 pcm. Highlights include concierge, garden, pet-friendly, school, transport, workspace. Suitable for applicants prioritising practical access, clear tenancy terms and responsive management.",51.47224,-0.169902
P-2269,SW11 6BJ,London,Battersea,flat,2,2,3775,,946,True,True,False,False,False,2026-08-03,gym|parking|river-view|transport,"A well-presented 2-bed flat in Battersea priced at £3775 pcm. Highlights include gym, parking, river-view, transport. Suitable for applicants prioritising practical access, clear tenancy terms and responsive management.",51.466597,-0.180625
P-2270,E8 7CJ,London,Hackney,flat,3,3,3950,,1111,True,False,False,True,True,2026-10-06,balcony|pet-friendly|school,"A well-presented 3-bed flat in Hackney priced at £3950 pcm. Highlights include balcony, pet-friendly, school. Suitable for applicants prioritising practical access, clear tenancy terms and responsive management.",51.547161,-0.068464
P-2271,N1 5CL,London,Islington,flat,1,2,3000,,765,True,False,False,False,True,2026-10-06,pet-friendly|river-view|transport,"A well-presented 1-bed flat in Islington priced at £3000 pcm. Highlights include pet-friendly, river-view, transport. Suitable for applicants prioritising practical access, clear tenancy terms and responsive management.",51.574554,-0.121294
P-2272,N1 7HM,London,Islington,flat,1,1,3000,,765,False,True,True,False,True,2026-09-03,garden|parking|pet-friendly|school|workspace,"A well-presented 1-bed flat in Islington priced at £3000 pcm. Highlights include garden, parking, pet-friendly, school, workspace. Suitable for applicants prioritising practical access, clear tenancy terms and responsive management.",51.535053,-0.097641
P-2273,SW4 8FN,London,Clapham,flat,2,2,3650,,857,False,True,True,True,False,2026-10-05,balcony|garden|parking|transport,"A well-presented 2-bed flat in Clapham priced at £3650 pcm. Highlights include balcony, garden, parking, transport. Suitable for applicants prioritising practical access, clear tenancy terms and responsive management.",51.472468,-0.153066
P-2274,SW3 1GK,London,Chelsea,house,1,1,4750,,581,False,True,True,True,True,2026-09-09,balcony|garden|parking|pet-friendly|school,"A well-presented 1-bed house in Chelsea priced at £4750 pcm. Highlights include balcony, garden, parking, pet-friendly, school. Suitable for applicants prioritising practical access, clear tenancy terms and responsive management.",51.485062,-0.182602
P-2275,N1 6DJ,London,Islington,house,2,2,3975,,1059,True,True,True,True,True,2026-10-20,concierge|parking|pet-friendly|river-view|school|workspace,"A well-presented 2-bed house in Islington priced at £3975 pcm. Highlights include concierge, parking, pet-friendly, river-view, school, workspace. Suitable for applicants prioritising practical access, clear tenancy terms and responsive management.",51.536706,-0.131991
P-2276,CR0 8HL,London,Croydon,flat,1,1,2200,,825,True,False,False,False,False,2026-08-10,concierge|gym|river-view|school,"A well-presented 1-bed flat in Croydon priced at £2200 pcm. Highlights include concierge, gym, river-view, school. Suitable for applicants prioritising practical access, clear tenancy terms and responsive management.",51.364154,-0.083175
P-2277,SW4 2FN,London,Clapham,flat,1,1,3575,,634,True,False,False,False,True,2026-09-30,gym|pet-friendly|transport,"A well-presented 1-bed flat in Clapham priced at £3575 pcm. Highlights include gym, pet-friendly, transport. Suitable for applicants prioritising practical access, clear tenancy terms and responsive management.",51.463126,-0.120796
P-2278,SW4 9CK,London,Clapham,flat,2,2,3150,,928,True,False,True,True,False,2026-08-15,balcony|garden|river-view|school|transport|workspace,"A well-presented 2-bed flat in Clapham priced at £3150 pcm. Highlights include balcony, garden, river-view, school, transport, workspace. Suitable for applicants prioritising practical access, clear tenancy terms and responsive management.",51.478531,-0.098235
P-2279,SW19 3GJ,London,Wimbledon,flat,1,1,3525,,609,False,False,True,True,True,2026-08-07,balcony|garden|gym|river-view|transport,"A well-presented 1-bed flat in Wimbledon priced at £3525 pcm. Highlights include balcony, garden, gym, river-view, transport. Suitable for applicants prioritising practical access, clear tenancy terms and responsive management.",51.412124,-0.222073
P-2280,SE10 4GL,London,Greenwich,studio,0,1,2075,,652,True,False,True,True,False,2026-10-07,balcony|garden|school,"A well-presented 0-bed studio in Greenwich priced at £2075 pcm. Highlights include balcony, garden, school. Suitable for applicants prioritising practical access, clear tenancy terms and responsive management.",51.486393,-0.017888
P-2281,SW11 5CL,London,Battersea,flat,3,3,4450,,1126,False,True,False,False,False,2026-08-08,parking|river-view|school,"A well-presented 3-bed flat in Battersea priced at £4450 pcm. Highlights include parking, river-view, school. Suitable for applicants prioritising practical access, clear tenancy terms and responsive management.",51.464909,-0.195863
P-2282,CR0 1GL,London,Croydon,flat,1,1,1675,,751,False,True,True,False,True,2026-10-15,concierge|garden|parking|school,"A well-presented 1-bed flat in Croydon priced at £1675 pcm. Highlights include concierge, garden, parking, school. Suitable for applicants prioritising practical access, clear tenancy terms and responsive management.",51.360424,-0.130106
P-2283,NW1 4CP,London,Camden,flat,2,2,3900,,927,True,True,False,True,True,2026-08-29,balcony|concierge|parking|pet-friendly|transport|workspace,"A well-presented 2-bed flat in Camden priced at £3900 pcm. Highlights include balcony, concierge, parking, pet-friendly, transport, workspace. Suitable for applicants prioritising practical access, clear tenancy terms and responsive management.",51.537057,-0.134709
P-2284,SW4 3HK,London,Clapham,flat,2,2,3350,,908,True,False,False,True,True,2026-08-17,balcony|gym|pet-friendly|river-view|school|workspace,"A well-presented 2-bed flat in Clapham priced at £3350 pcm. Highlights include balcony, gym, pet-friendly, river-view, school, workspace. Suitable for applicants prioritising practical access, clear tenancy terms and responsive management.",51.48946,-0.154901
P-2285,SW6 2GK,London,Fulham,flat,2,2,4400,,915,True,True,False,False,False,2026-08-25,gym|parking|river-view|school,"A well-presented 2-bed flat in Fulham priced at £4400 pcm. Highlights include gym, parking, river-view, school. Suitable for applicants prioritising practical access, clear tenancy terms and responsive management.",51.45925,-0.159847
P-2286,NW1 3EN,London,Camden,studio,0,1,3100,,668,True,False,False,True,True,2026-09-04,balcony|concierge|pet-friendly|transport,"A well-presented 0-bed studio in Camden priced at £3100 pcm. Highlights include balcony, concierge, pet-friendly, transport. Suitable for applicants prioritising practical access, clear tenancy terms and responsive management.",51.552477,-0.135629
P-2287,EC2A 7FK,London,Shoreditch,house,2,2,4150,,853,True,False,False,True,False,2026-08-25,gym|school|transport,"A well-presented 2-bed house in Shoreditch priced at £4150 pcm. Highlights include gym, school, transport. Suitable for applicants prioritising practical access, clear tenancy terms and responsive management.",51.515515,-0.057864
P-2288,N1 2HN,London,Islington,house,2,3,3200,,813,True,False,True,False,True,2026-08-20,garden|pet-friendly|school|transport|workspace,"A well-presented 2-bed house in Islington priced at £3200 pcm. Highlights include garden, pet-friendly, school, transport, workspace. Suitable for applicants prioritising practical access, clear tenancy terms and responsive management.",51.540375,-0.112588
P-2289,SW3 9HN,London,Chelsea,flat,1,2,4475,,592,True,True,False,True,True,2026-10-16,balcony|parking|transport,"A well-presented 1-bed flat in Chelsea priced at £4475 pcm. Highlights include balcony, parking, transport. Suitable for applicants prioritising practical access, clear tenancy terms and responsive management.",51.515003,-0.135086
P-2290,N1 6HN,London,Islington,house,2,3,4075,,843,True,True,True,False,True,2026-08-10,concierge|garden|parking|pet-friendly|school|workspace,"A well-presented 2-bed house in Islington priced at £4075 pcm. Highlights include concierge, garden, parking, pet-friendly, school, workspace. Suitable for applicants prioritising practical access, clear tenancy terms and responsive management.",51.572417,-0.139307
P-2291,SW3 9GP,London,Chelsea,flat,3,3,5375,,1095,False,True,True,False,True,2026-08-15,concierge|garden|gym|parking|pet-friendly|transport,"A well-presented 3-bed flat in Chelsea priced at £5375 pcm. Highlights include concierge, garden, gym, parking, pet-friendly, transport. Suitable for applicants prioritising practical access, clear tenancy terms and responsive management.",51.476777,-0.198245
P-2292,N1 3BP,London,Islington,flat,1,2,3600,,681,True,False,False,True,False,2026-10-02,balcony|gym|river-view|school,"A well-presented 1-bed flat in Islington priced at £3600 pcm. Highlights include balcony, gym, river-view, school. Suitable for applicants prioritising practical access, clear tenancy terms and responsive management.",51.540943,-0.157718
P-2293,SW3 9DK,London,Chelsea,flat,3,3,5475,,1350,False,False,True,True,False,2026-08-08,balcony|concierge|garden|workspace,"A well-presented 3-bed flat in Chelsea priced at £5475 pcm. Highlights include balcony, concierge, garden, workspace. Suitable for applicants prioritising practical access, clear tenancy terms and responsive management.",51.493749,-0.174601
P-2294,E14 7GJ,London,Canary Wharf,house,2,2,3525,,869,False,True,False,True,False,2026-07-27,balcony|concierge|workspace,"A well-presented 2-bed house in Canary Wharf priced at £3525 pcm. Highlights include balcony, concierge, workspace. Suitable for applicants prioritising practical access, clear tenancy terms and responsive management.",51.499922,-0.00038
P-2295,SW6 1DN,London,Fulham,house,2,2,4100,,1017,True,False,True,True,True,2026-09-02,concierge|garden|gym|pet-friendly|river-view|transport,"A well-presented 2-bed house in Fulham priced at £4100 pcm. Highlights include concierge, garden, gym, pet-friendly, river-view, transport. Suitable for applicants prioritising practical access, clear tenancy terms and responsive management.",51.472423,-0.194055
P-2296,CR0 9CK,London,Croydon,studio,0,1,1950,,590,True,False,False,False,True,2026-09-01,gym|pet-friendly|school|transport,"A well-presented 0-bed studio in Croydon priced at £1950 pcm. Highlights include gym, pet-friendly, school, transport. Suitable for applicants prioritising practical access, clear tenancy terms and responsive management.",51.397404,-0.117356
P-2297,E8 3AL,London,Hackney,house,2,2,3200,,979,False,True,True,False,False,2026-09-04,gym|parking|school|transport|workspace,"A well-presented 2-bed house in Hackney priced at £3200 pcm. Highlights include gym, parking, school, transport, workspace. Suitable for applicants prioritising practical access, clear tenancy terms and responsive management.",51.551449,-0.043739
P-2298,SW11 7GL,London,Battersea,flat,2,2,3750,,872,True,True,False,True,False,2026-08-02,balcony|gym|parking|river-view|school|transport,"A well-presented 2-bed flat in Battersea priced at £3750 pcm. Highlights include balcony, gym, parking, river-view, school, transport. Suitable for applicants prioritising practical access, clear tenancy terms and responsive management.",51.464127,-0.186712
P-2299,E14 6BM,London,Canary Wharf,house,2,3,3600,,763,False,True,True,True,False,2026-10-07,garden|gym|parking|river-view|transport|workspace,"A well-presented 2-bed house in Canary Wharf priced at £3600 pcm. Highlights include garden, gym, parking, river-view, transport, workspace. Suitable for applicants prioritising practical access, clear tenancy terms and responsive management.",51.522077,-0.047714
P-2300,N1 9GK,London,Islington,house,3,3,4000,,1112,True,False,True,True,True,2026-10-09,concierge|garden|gym|school|transport|workspace,"A well-presented 3-bed house in Islington priced at £4000 pcm. Highlights include concierge, garden, gym, school, transport, workspace. Suitable for applicants prioritising practical access, clear tenancy terms and responsive management.",51.550626,-0.123591
P-2301,SW3 2FJ,London,Chelsea,house,2,2,5025,,964,True,False,False,True,True,2026-10-07,balcony|gym|pet-friendly|school,"A well-presented 2-bed house in Chelsea priced at £5025 pcm. Highlights include balcony, gym, pet-friendly, school. Suitable for applicants prioritising practical access, clear tenancy terms and responsive management.",51.480295,-0.166186
P-2302,E8 2CM,London,Hackney,flat,3,3,4325,,1228,True,True,True,True,True,2026-09-07,garden|gym|parking|pet-friendly|river-view|transport,"A well-presented 3-bed flat in Hackney priced at £4325 pcm. Highlights include garden, gym, parking, pet-friendly, river-view, transport. Suitable for applicants prioritising practical access, clear tenancy terms and responsive management.",51.541655,-0.050543
P-2303,SW3 6CJ,London,Chelsea,studio,0,1,4100,,739,True,True,True,False,True,2026-09-08,garden|pet-friendly|school|transport,"A well-presented 0-bed studio in Chelsea priced at £4100 pcm. Highlights include garden, pet-friendly, school, transport. Suitable for applicants prioritising practical access, clear tenancy terms and responsive management.",51.486396,-0.188174
P-2304,NW1 7CJ,London,Camden,flat,2,2,3600,,903,True,True,False,False,False,2026-10-01,river-view|school|workspace,"A well-presented 2-bed flat in Camden priced at £3600 pcm. Highlights include river-view, school, workspace. Suitable for applicants prioritising practical access, clear tenancy terms and responsive management.",51.526524,-0.13502
P-2305,CR0 8FN,London,Croydon,house,3,3,2725,,1204,True,True,True,True,True,2026-08-02,garden|gym|pet-friendly|school,"A well-presented 3-bed house in Croydon priced at £2725 pcm. Highlights include garden, gym, pet-friendly, school. Suitable for applicants prioritising practical access, clear tenancy terms and responsive management.",51.377561,-0.094855
P-2306,SW3 1FM,London,Chelsea,flat,2,3,4825,,991,True,True,True,True,False,2026-08-09,concierge|garden|parking|school|transport,"A well-presented 2-bed flat in Chelsea priced at £4825 pcm. Highlights include concierge, garden, parking, school, transport. Suitable for applicants prioritising practical access, clear tenancy terms and responsive management.",51.495483,-0.187079
P-2307,E14 1BP,London,Canary Wharf,house,1,1,3650,,654,True,True,False,False,True,2026-08-21,concierge|parking|pet-friendly|river-view,"A well-presented 1-bed house in Canary Wharf priced at £3650 pcm. Highlights include concierge, parking, pet-friendly, river-view. Suitable for applicants prioritising practical access, clear tenancy terms and responsive management.",51.502503,0.002902
P-2308,SW11 3CN,London,Battersea,house,3,3,4600,,1279,True,True,True,False,True,2026-09-03,garden|gym|parking|pet-friendly|river-view|transport,"A well-presented 3-bed house in Battersea priced at £4600 pcm. Highlights include garden, gym, parking, pet-friendly, river-view, transport. Suitable for applicants prioritising practical access, clear tenancy terms and responsive management.",51.454753,-0.184007
P-2309,SW11 3EP,London,Battersea,house,1,1,3550,,633,True,False,True,True,False,2026-08-23,balcony|garden|gym|transport|workspace,"A well-presented 1-bed house in Battersea priced at £3550 pcm. Highlights include balcony, garden, gym, transport, workspace. Suitable for applicants prioritising practical access, clear tenancy terms and responsive management.",51.461141,-0.193638
P-2310,E20 6AJ,London,Stratford,flat,3,3,3725,,1155,True,True,False,True,True,2026-10-05,balcony|gym|parking|pet-friendly|school|transport,"A well-presented 3-bed flat in Stratford priced at £3725 pcm. Highlights include balcony, gym, parking, pet-friendly, school, transport. Suitable for applicants prioritising practical access, clear tenancy terms and responsive management.",51.533904,0.00184
P-2311,NW1 4HJ,London,Camden,maisonette,3,3,3525,,1278,True,True,False,False,False,2026-08-10,concierge|gym|river-view|school,"A well-presented 3-bed maisonette in Camden priced at £3525 pcm. Highlights include concierge, gym, river-view, school. Suitable for applicants prioritising practical access, clear tenancy terms and responsive management.",51.529274,-0.127174
P-2312,EC2A 2EN,London,Shoreditch,flat,2,3,4400,,877,False,True,False,True,True,2026-09-03,gym|parking|pet-friendly|river-view|school|transport,"A well-presented 2-bed flat in Shoreditch priced at £4400 pcm. Highlights include gym, parking, pet-friendly, river-view, school, transport. Suitable for applicants prioritising practical access, clear tenancy terms and responsive management.",51.531888,-0.09467
P-2313,SW11 7FK,London,Battersea,flat,3,3,5100,,1157,True,False,False,True,False,2026-08-25,balcony|river-view|school|workspace,"A well-presented 3-bed flat in Battersea priced at £5100 pcm. Highlights include balcony, river-view, school, workspace. Suitable for applicants prioritising practical access, clear tenancy terms and responsive management.",51.475288,-0.16961
P-2314,N1 9BK,London,Islington,maisonette,2,3,3775,,976,False,True,False,True,True,2026-08-02,concierge|gym|pet-friendly,"A well-presented 2-bed maisonette in Islington priced at £3775 pcm. Highlights include concierge, gym, pet-friendly. Suitable for applicants prioritising practical access, clear tenancy terms and responsive management.",51.529387,-0.114311
P-2315,E14 8EK,London,Canary Wharf,flat,2,3,3575,,989,True,True,False,True,True,2026-09-08,concierge|parking|pet-friendly,"A well-presented 2-bed flat in Canary Wharf priced at £3575 pcm. Highlights include concierge, parking, pet-friendly. Suitable for applicants prioritising practical access, clear tenancy terms and responsive management.",51.522104,-0.0215
P-2316,SW3 9GJ,London,Chelsea,flat,1,2,4300,,737,True,True,True,False,True,2026-09-16,concierge|garden|parking|pet-friendly,"A well-presented 1-bed flat in Chelsea priced at £4300 pcm. Highlights include concierge, garden, parking, pet-friendly. Suitable for applicants prioritising practical access, clear tenancy terms and responsive management.",51.489633,-0.172947
P-2317,SW3 7EM,London,Chelsea,flat,1,1,4800,,644,True,True,True,True,False,2026-10-01,balcony|garden|school|workspace,"A well-presented 1-bed flat in Chelsea priced at £4800 pcm. Highlights include balcony, garden, school, workspace. Suitable for applicants prioritising practical access, clear tenancy terms and responsive management.",51.489168,-0.169512
P-2318,E14 2FM,London,Canary Wharf,flat,4,3,4450,,1604,True,False,True,False,False,2026-08-19,garden|river-view|workspace,"A well-presented 4-bed flat in Canary Wharf priced at £4450 pcm. Highlights include garden, river-view, workspace. Suitable for applicants prioritising practical access, clear tenancy terms and responsive management.",51.508994,-0.033873
P-2319,SW19 5AP,London,Wimbledon,studio,0,1,2575,,666,True,True,False,True,True,2026-08-06,parking|pet-friendly|transport|workspace,"A well-presented 0-bed studio in Wimbledon priced at £2575 pcm. Highlights include parking, pet-friendly, transport, workspace. Suitable for applicants prioritising practical access, clear tenancy terms and responsive management.",51.421781,-0.205038
P-2320,EC2A 6EP,London,Shoreditch,flat,3,3,3850,,1117,True,False,False,True,True,2026-10-19,gym|pet-friendly|river-view,"A well-presented 3-bed flat in Shoreditch priced at £3850 pcm. Highlights include gym, pet-friendly, river-view. Suitable for applicants prioritising practical access, clear tenancy terms and responsive management.",51.522215,-0.103605
P-2321,E8 6EP,London,Hackney,flat,2,2,3000,,998,True,True,False,False,True,2026-10-19,concierge|parking|pet-friendly|transport,"A well-presented 2-bed flat in Hackney priced at £3000 pcm. Highlights include concierge, parking, pet-friendly, transport. Suitable for applicants prioritising practical access, clear tenancy terms and responsive management.",51.520075,-0.059535
P-2322,SE10 1AK,London,Greenwich,maisonette,2,2,2650,,1092,False,False,False,False,False,2026-10-21,concierge|river-view|workspace,"A well-presented 2-bed maisonette in Greenwich priced at £2650 pcm. Highlights include concierge, river-view, workspace. Suitable for applicants prioritising practical access, clear tenancy terms and responsive management.",51.501483,-0.018064
P-2323,E14 5HP,London,Canary Wharf,flat,2,3,3575,,994,False,True,False,True,False,2026-09-05,balcony|concierge|parking,"A well-presented 2-bed flat in Canary Wharf priced at £3575 pcm. Highlights include balcony, concierge, parking. Suitable for applicants prioritising practical access, clear tenancy terms and responsive management.",51.522083,0.008672
P-2324,E14 6FP,London,Canary Wharf,flat,2,2,3200,,928,True,False,False,False,False,2026-08-22,gym|river-view|workspace,"A well-presented 2-bed flat in Canary Wharf priced at £3200 pcm. Highlights include gym, river-view, workspace. Suitable for applicants prioritising practical access, clear tenancy terms and responsive management.",51.500988,-0.031783
P-2325,CR0 1DP,London,Croydon,house,1,2,2475,,781,True,False,True,True,True,2026-08-08,pet-friendly|transport|workspace,"A well-presented 1-bed house in Croydon priced at £2475 pcm. Highlights include pet-friendly, transport, workspace. Suitable for applicants prioritising practical access, clear tenancy terms and responsive management.",51.37414,-0.078427
P-2326,E14 5BJ,London,Canary Wharf,flat,2,3,3725,,974,True,False,False,True,True,2026-08-31,balcony|pet-friendly|transport|workspace,"A well-presented 2-bed flat in Canary Wharf priced at £3725 pcm. Highlights include balcony, pet-friendly, transport, workspace. Suitable for applicants prioritising practical access, clear tenancy terms and responsive management.",51.502323,-0.047567
P-2327,CR0 4FP,London,Croydon,flat,2,3,2475,,929,False,True,False,True,False,2026-09-05,balcony|concierge|parking,"A well-presented 2-bed flat in Croydon priced at £2475 pcm. Highlights include balcony, concierge, parking. Suitable for applicants prioritising practical access, clear tenancy terms and responsive management.",51.381473,-0.075377
P-2328,SE10 1GN,London,Greenwich,flat,1,1,3125,,677,False,True,True,True,True,2026-10-02,balcony|garden|gym|pet-friendly|school|transport,"A well-presented 1-bed flat in Greenwich priced at £3125 pcm. Highlights include balcony, garden, gym, pet-friendly, school, transport. Suitable for applicants prioritising practical access, clear tenancy terms and responsive management.",51.482573,0.020524
P-2329,E14 3DP,London,Canary Wharf,flat,1,1,2875,,626,False,True,True,False,False,2026-10-04,garden|gym|parking|river-view|transport|workspace,"A well-presented 1-bed flat in Canary Wharf priced at £2875 pcm. Highlights include garden, gym, parking, river-view, transport, workspace. Suitable for applicants prioritising practical access, clear tenancy terms and responsive management.",51.494566,-0.008933
P-2330,N1 3FL,London,Islington,flat,1,1,2750,,700,True,False,False,True,True,2026-08-20,balcony|pet-friendly|school|transport|workspace,"A well-presented 1-bed flat in Islington priced at £2750 pcm. Highlights include balcony, pet-friendly, school, transport, workspace. Suitable for applicants prioritising practical access, clear tenancy terms and responsive management.",51.535953,-0.100462
P-2331,SE10 7CL,London,Greenwich,flat,2,2,3025,,980,False,False,False,True,True,2026-09-20,balcony|gym|river-view,"A well-presented 2-bed flat in Greenwich priced at £3025 pcm. Highlights include balcony, gym, river-view. Suitable for applicants prioritising practical access, clear tenancy terms and responsive management.",51.488857,0.016365
P-2332,SW6 2AP,London,Fulham,flat,4,3,5400,,1377,False,False,False,True,False,2026-10-05,balcony|concierge|workspace,"A well-presented 4-bed flat in Fulham priced at £5400 pcm. Highlights include balcony, concierge, workspace. Suitable for applicants prioritising practical access, clear tenancy terms and responsive management.",51.478172,-0.206532
P-2333,E14 5DJ,London,Canary Wharf,flat,4,3,4100,,1486,True,True,True,True,False,2026-08-07,balcony|garden|parking|school|transport|workspace,"A well-presented 4-bed flat in Canary Wharf priced at £4100 pcm. Highlights include balcony, garden, parking, school, transport, workspace. Suitable for applicants prioritising practical access, clear tenancy terms and responsive management.",51.509775,-0.035743
P-2334,E20 8FN,London,Stratford,flat,2,3,3350,,928,False,True,False,True,True,2026-10-01,balcony|concierge|parking|pet-friendly|school|transport,"A well-presented 2-bed flat in Stratford priced at £3350 pcm. Highlights include balcony, concierge, parking, pet-friendly, school, transport. Suitable for applicants prioritising practical access, clear tenancy terms and responsive management.",51.538503,0.006566
P-2335,SW3 4GP,London,Chelsea,flat,1,1,4975,,691,True,True,False,False,True,2026-07-25,concierge|gym|pet-friendly|school,"A well-presented 1-bed flat in Chelsea priced at £4975 pcm. Highlights include concierge, gym, pet-friendly, school. Suitable for applicants prioritising practical access, clear tenancy terms and responsive management.",51.480893,-0.159526
P-2336,SW11 3AM,London,Battersea,flat,2,2,3700,,806,True,True,False,False,True,2026-08-04,concierge|parking|river-view|school|transport,"A well-presented 2-bed flat in Battersea priced at £3700 pcm. Highlights include concierge, parking, river-view, school, transport. Suitable for applicants prioritising practical access, clear tenancy terms and responsive management.",51.461207,-0.185997
P-2337,SW4 3BL,London,Clapham,flat,2,3,3325,,832,True,False,False,True,True,2026-08-08,balcony|gym|school|transport,"A well-presented 2-bed flat in Clapham priced at £3325 pcm. Highlights include balcony, gym, school, transport. Suitable for applicants prioritising practical access, clear tenancy terms and responsive management.",51.464222,-0.143872
P-2338,SW6 6FN,London,Fulham,flat,2,3,4300,,900,True,True,False,True,True,2026-08-03,balcony|gym|parking|school|transport|workspace,"A well-presented 2-bed flat in Fulham priced at £4300 pcm. Highlights include balcony, gym, parking, school, transport, workspace. Suitable for applicants prioritising practical access, clear tenancy terms and responsive management.",51.479236,-0.169536
P-2339,SW11 1FK,London,Battersea,flat,1,1,3275,,752,True,True,False,False,False,2026-09-30,gym|parking|river-view|school|workspace,"A well-presented 1-bed flat in Battersea priced at £3275 pcm. Highlights include gym, parking, river-view, school, workspace. Suitable for applicants prioritising practical access, clear tenancy terms and responsive management.",51.47321,-0.183864
P-2340,SW4 3EL,London,Clapham,studio,0,1,2725,,632,False,False,True,False,True,2026-07-30,garden|gym|pet-friendly|school,"A well-presented 0-bed studio in Clapham priced at £2725 pcm. Highlights include garden, gym, pet-friendly, school. Suitable for applicants prioritising practical access, clear tenancy terms and responsive management.",51.463008,-0.124757
P-2341,CR0 4CP,London,Croydon,flat,2,2,2550,,1017,True,False,False,False,False,2026-07-31,concierge|river-view|transport|workspace,"A well-presented 2-bed flat in Croydon priced at £2550 pcm. Highlights include concierge, river-view, transport, workspace. Suitable for applicants prioritising practical access, clear tenancy terms and responsive management.",51.363019,-0.109344
P-2342,N1 2BM,London,Islington,flat,2,2,3950,,845,False,True,True,True,False,2026-10-05,balcony|garden|gym|parking|river-view,"A well-presented 2-bed flat in Islington priced at £3950 pcm. Highlights include balcony, garden, gym, parking, river-view. Suitable for applicants prioritising practical access, clear tenancy terms and responsive management.",51.553905,-0.136074
P-2343,SW19 3DK,London,Wimbledon,studio,0,1,2500,,578,True,True,False,True,False,2026-09-18,concierge|gym|transport|workspace,"A well-presented 0-bed studio in Wimbledon priced at £2500 pcm. Highlights include concierge, gym, transport, workspace. Suitable for applicants prioritising practical access, clear tenancy terms and responsive management.",51.41938,-0.195616
P-2344,SW3 3BM,London,Chelsea,flat,2,2,4925,,910,True,True,False,True,False,2026-07-30,balcony|gym|parking|river-view,"A well-presented 2-bed flat in Chelsea priced at £4925 pcm. Highlights include balcony, gym, parking, river-view. Suitable for applicants prioritising practical access, clear tenancy terms and responsive management.",51.48567,-0.174928
P-2345,E8 8HL,London,Hackney,flat,1,1,3075,,626,False,True,False,True,False,2026-10-06,parking|river-view|transport|workspace,"A well-presented 1-bed flat in Hackney priced at £3075 pcm. Highlights include parking, river-view, transport, workspace. Suitable for applicants prioritising practical access, clear tenancy terms and responsive management.",51.545451,-0.060964
P-2346,E20 2HL,London,Stratford,flat,2,2,3950,,963,True,True,False,False,False,2026-10-09,concierge|gym|parking|transport,"A well-presented 2-bed flat in Stratford priced at £3950 pcm. Highlights include concierge, gym, parking, transport. Suitable for applicants prioritising practical access, clear tenancy terms and responsive management.",51.527671,-0.021922
P-2347,E14 9EJ,London,Canary Wharf,house,2,3,3650,,963,False,True,True,True,False,2026-09-11,balcony|school|transport|workspace,"A well-presented 2-bed house in Canary Wharf priced at £3650 pcm. Highlights include balcony, school, transport, workspace. Suitable for applicants prioritising practical access, clear tenancy terms and responsive management.",51.513719,-0.059998
P-2348,E8 6GN,London,Hackney,flat,1,1,3000,,600,True,False,False,True,True,2026-09-15,balcony|gym|pet-friendly,"A well-presented 1-bed flat in Hackney priced at £3000 pcm. Highlights include balcony, gym, pet-friendly. Suitable for applicants prioritising practical access, clear tenancy terms and responsive management.",51.5278,-0.053116
P-2349,E8 9GL,London,Hackney,flat,2,2,3475,,1045,False,True,False,True,True,2026-07-31,balcony|pet-friendly|workspace,"A well-presented 2-bed flat in Hackney priced at £3475 pcm. Highlights include balcony, pet-friendly, workspace. Suitable for applicants prioritising practical access, clear tenancy terms and responsive management.",51.546296,-0.07162
P-2350,N1 4DN,London,Islington,flat,2,2,3800,,1037,False,False,True,True,True,2026-09-06,balcony|garden|pet-friendly|river-view|transport,"A well-presented 2-bed flat in Islington priced at £3800 pcm. Highlights include balcony, garden, pet-friendly, river-view, transport. Suitable for applicants prioritising practical access, clear tenancy terms and responsive management.",51.552171,-0.119857
P-2351,E14 2BL,London,Canary Wharf,flat,2,2,3700,,911,True,False,False,True,True,2026-08-25,balcony|concierge|gym|pet-friendly|river-view|school,"A well-presented 2-bed flat in Canary Wharf priced at £3700 pcm. Highlights include balcony, concierge, gym, pet-friendly, river-view, school. Suitable for applicants prioritising practical access, clear tenancy terms and responsive management.",51.520127,-0.045283
P-2352,EC2A 1HN,London,Shoreditch,house,1,2,3650,,694,True,True,True,False,False,2026-10-11,concierge|parking|school|workspace,"A well-presented 1-bed house in Shoreditch priced at £3650 pcm. Highlights include concierge, parking, school, workspace. Suitable for applicants prioritising practical access, clear tenancy terms and responsive management.",51.508376,-0.042941
P-2353,E20 7EK,London,Stratford,house,3,3,3975,,1239,True,True,True,True,True,2026-10-03,balcony|concierge|garden|parking|pet-friendly|transport,"A well-presented 3-bed house in Stratford priced at £3975 pcm. Highlights include balcony, concierge, garden, parking, pet-friendly, transport. Suitable for applicants prioritising practical access, clear tenancy terms and responsive management.",51.526621,0.022343
P-2354,NW1 4AP,London,Camden,house,2,2,3350,,1043,True,False,True,True,True,2026-08-02,concierge|garden|river-view|school,"A well-presented 2-bed house in Camden priced at £3350 pcm. Highlights include concierge, garden, river-view, school. Suitable for applicants prioritising practical access, clear tenancy terms and responsive management.",51.54608,-0.096873
P-2355,E20 7EM,London,Stratford,flat,3,3,2925,,1227,False,False,False,False,True,2026-09-20,concierge|pet-friendly|river-view|school|transport,"A well-presented 3-bed flat in Stratford priced at £2925 pcm. Highlights include concierge, pet-friendly, river-view, school, transport. Suitable for applicants prioritising practical access, clear tenancy terms and responsive management.",51.537122,-0.004649
P-2356,E8 5GM,London,Hackney,flat,1,2,3175,,540,True,True,False,True,False,2026-10-08,balcony|gym|parking|school|workspace,"A well-presented 1-bed flat in Hackney priced at £3175 pcm. Highlights include balcony, gym, parking, school, workspace. Suitable for applicants prioritising practical access, clear tenancy terms and responsive management.",51.542632,-0.03429
P-2357,SW4 1AN,London,Clapham,studio,0,1,2850,,615,True,False,False,True,True,2026-10-11,balcony|concierge|gym|pet-friendly|transport|workspace,"A well-presented 0-bed studio in Clapham priced at £2850 pcm. Highlights include balcony, concierge, gym, pet-friendly, transport, workspace. Suitable for applicants prioritising practical access, clear tenancy terms and responsive management.",51.469547,-0.129719
P-2358,N1 3BK,London,Islington,flat,2,2,3600,,945,True,False,False,False,True,2026-09-20,concierge|pet-friendly|river-view|school|workspace,"A well-presented 2-bed flat in Islington priced at £3600 pcm. Highlights include concierge, pet-friendly, river-view, school, workspace. Suitable for applicants prioritising practical access, clear tenancy terms and responsive management.",51.552305,-0.095876
P-2359,N1 5DK,London,Islington,flat,1,1,2975,,735,True,False,True,True,True,2026-09-15,balcony|garden|gym|school|workspace,"A well-presented 1-bed flat in Islington priced at £2975 pcm. Highlights include balcony, garden, gym, school, workspace. Suitable for applicants prioritising practical access, clear tenancy terms and responsive management.",51.540301,-0.124219
P-2360,E20 2AJ,London,Stratford,flat,2,3,2375,,1035,True,False,True,True,False,2026-10-14,balcony|garden|school|transport|workspace,"A well-presented 2-bed flat in Stratford priced at £2375 pcm. Highlights include balcony, garden, school, transport, workspace. Suitable for applicants prioritising practical access, clear tenancy terms and responsive management.",51.522653,0.024897
P-2361,CR0 5FK,London,Croydon,house,1,1,2275,,726,True,True,False,True,False,2026-09-08,concierge|gym|parking|school|transport|workspace,"A well-presented 1-bed house in Croydon priced at £2275 pcm. Highlights include concierge, gym, parking, school, transport, workspace. Suitable for applicants prioritising practical access, clear tenancy terms and responsive management.",51.376005,-0.077377
P-2362,CR0 8AJ,London,Croydon,flat,1,1,1925,,732,True,False,False,False,True,2026-08-17,concierge|pet-friendly|river-view|school,"A well-presented 1-bed flat in Croydon priced at £1925 pcm. Highlights include concierge, pet-friendly, river-view, school. Suitable for applicants prioritising practical access, clear tenancy terms and responsive management.",51.367617,-0.099939
P-2363,CR0 4HM,London,Croydon,maisonette,3,3,3000,,1288,False,True,False,False,True,2026-08-09,parking|pet-friendly|school,"A well-presented 3-bed maisonette in Croydon priced at £3000 pcm. Highlights include parking, pet-friendly, school. Suitable for applicants prioritising practical access, clear tenancy terms and responsive management.",51.384423,-0.072964
P-2364,SW19 1FK,London,Wimbledon,flat,3,3,4250,,1172,True,False,False,True,True,2026-09-30,balcony|pet-friendly|river-view|school|transport,"A well-presented 3-bed flat in Wimbledon priced at £4250 pcm. Highlights include balcony, pet-friendly, river-view, school, transport. Suitable for applicants prioritising practical access, clear tenancy terms and responsive management.",51.429754,-0.207467
P-2365,E20 3CJ,London,Stratford,flat,2,2,3600,,924,False,True,False,False,True,2026-08-16,parking|pet-friendly|river-view|school|transport,"A well-presented 2-bed flat in Stratford priced at £3600 pcm. Highlights include parking, pet-friendly, river-view, school, transport. Suitable for applicants prioritising practical access, clear tenancy terms and responsive management.",51.543921,0.0199
P-2366,NW1 2DM,London,Camden,flat,1,2,3300,,677,True,False,True,False,True,2026-10-12,garden|gym|pet-friendly|transport,"A well-presented 1-bed flat in Camden priced at £3300 pcm. Highlights include garden, gym, pet-friendly, transport. Suitable for applicants prioritising practical access, clear tenancy terms and responsive management.",51.547746,-0.131934
P-2367,SW11 3GK,London,Battersea,studio,0,1,3750,,642,True,True,False,False,False,2026-07-27,concierge|river-view|transport,"A well-presented 0-bed studio in Battersea priced at £3750 pcm. Highlights include concierge, river-view, transport. Suitable for applicants prioritising practical access, clear tenancy terms and responsive management.",51.465705,-0.146892
P-2368,SW19 4DK,London,Wimbledon,flat,1,1,2725,,602,True,True,True,True,False,2026-08-12,balcony|concierge|garden|parking|river-view|school,"A well-presented 1-bed flat in Wimbledon priced at £2725 pcm. Highlights include balcony, concierge, garden, parking, river-view, school. Suitable for applicants prioritising practical access, clear tenancy terms and responsive management.",51.413577,-0.205592
P-2369,CR0 4FK,London,Croydon,flat,1,1,2100,,699,False,True,False,True,False,2026-08-22,balcony|concierge|parking|river-view|transport|workspace,"A well-presented 1-bed flat in Croydon priced at £2100 pcm. Highlights include balcony, concierge, parking, river-view, transport, workspace. Suitable for applicants prioritising practical access, clear tenancy terms and responsive management.",51.372961,-0.125982
P-2370,E8 7HJ,London,Hackney,flat,2,3,3275,,1063,True,False,False,False,True,2026-08-13,pet-friendly|river-view|school|transport|workspace,"A well-presented 2-bed flat in Hackney priced at £3275 pcm. Highlights include pet-friendly, river-view, school, transport, workspace. Suitable for applicants prioritising practical access, clear tenancy terms and responsive management.",51.551207,-0.032497
P-2371,EC2A 9DN,London,Shoreditch,flat,1,2,3375,,585,True,True,False,False,False,2026-10-03,gym|river-view|transport,"A well-presented 1-bed flat in Shoreditch priced at £3375 pcm. Highlights include gym, river-view, transport. Suitable for applicants prioritising practical access, clear tenancy terms and responsive management.",51.541237,-0.086301
P-2372,CR0 4FM,London,Croydon,maisonette,2,2,2325,,908,True,False,True,False,True,2026-08-09,garden|pet-friendly|river-view,"A well-presented 2-bed maisonette in Croydon priced at £2325 pcm. Highlights include garden, pet-friendly, river-view. Suitable for applicants prioritising practical access, clear tenancy terms and responsive management.",51.381018,-0.124345
P-2373,SE10 5EK,London,Greenwich,flat,2,2,2775,,944,True,True,False,False,False,2026-10-03,concierge|parking|school|workspace,"A well-presented 2-bed flat in Greenwich priced at £2775 pcm. Highlights include concierge, parking, school, workspace. Suitable for applicants prioritising practical access, clear tenancy terms and responsive management.",51.493551,-0.000109
P-2374,CR0 6DL,London,Croydon,house,1,2,2300,,679,True,True,True,True,False,2026-07-30,balcony|concierge|parking|workspace,"A well-presented 1-bed house in Croydon priced at £2300 pcm. Highlights include balcony, concierge, parking, workspace. Suitable for applicants prioritising practical access, clear tenancy terms and responsive management.",51.387828,-0.128803
P-2375,E8 4AM,London,Hackney,flat,1,2,2725,,696,True,False,True,True,True,2026-09-02,balcony|concierge|garden|gym|school|transport,"A well-presented 1-bed flat in Hackney priced at £2725 pcm. Highlights include balcony, concierge, garden, gym, school, transport. Suitable for applicants prioritising practical access, clear tenancy terms and responsive management.",51.553181,-0.037975
P-2376,EC2A 1EP,London,Shoreditch,house,2,2,4150,,927,False,True,True,False,True,2026-08-22,gym|parking|school|transport|workspace,"A well-presented 2-bed house in Shoreditch priced at £4150 pcm. Highlights include gym, parking, school, transport, workspace. Suitable for applicants prioritising practical access, clear tenancy terms and responsive management.",51.523585,-0.064283
P-2377,SW19 2CP,London,Wimbledon,house,3,3,4175,,1389,False,True,True,True,True,2026-08-01,concierge|gym|parking|pet-friendly|school|workspace,"A well-presented 3-bed house in Wimbledon priced at £4175 pcm. Highlights include concierge, gym, parking, pet-friendly, school, workspace. Suitable for applicants prioritising practical access, clear tenancy terms and responsive management.",51.404135,-0.210455
P-2378,NW1 6GL,London,Camden,studio,0,1,2775,,550,True,False,True,False,True,2026-10-04,garden|gym|pet-friendly,"A well-presented 0-bed studio in Camden priced at £2775 pcm. Highlights include garden, gym, pet-friendly. Suitable for applicants prioritising practical access, clear tenancy terms and responsive management.",51.528034,-0.180928
P-2379,CR0 3AM,London,Croydon,flat,4,3,3300,,1296,True,True,True,True,True,2026-08-10,balcony|garden|parking|pet-friendly|school|workspace,"A well-presented 4-bed flat in Croydon priced at £3300 pcm. Highlights include balcony, garden, parking, pet-friendly, school, workspace. Suitable for applicants prioritising practical access, clear tenancy terms and responsive management.",51.380682,-0.072002
P-2380,E14 2CL,London,Canary Wharf,flat,3,3,4200,,1109,True,True,True,True,False,2026-08-18,balcony|concierge|garden|gym|parking|transport,"A well-presented 3-bed flat in Canary Wharf priced at £4200 pcm. Highlights include balcony, concierge, garden, gym, parking, transport. Suitable for applicants prioritising practical access, clear tenancy terms and responsive management.",51.495506,-0.036945
P-2381,SW19 9HK,London,Wimbledon,studio,0,1,2500,,619,True,False,True,True,True,2026-08-14,garden|pet-friendly|river-view|workspace,"A well-presented 0-bed studio in Wimbledon priced at £2500 pcm. Highlights include garden, pet-friendly, river-view, workspace. Suitable for applicants prioritising practical access, clear tenancy terms and responsive management.",51.412276,-0.213485
P-2382,E8 6HP,London,Hackney,flat,1,2,2750,,690,True,True,False,True,True,2026-09-15,balcony|concierge|gym|parking|school|workspace,"A well-presented 1-bed flat in Hackney priced at £2750 pcm. Highlights include balcony, concierge, gym, parking, school, workspace. Suitable for applicants prioritising practical access, clear tenancy terms and responsive management.",51.541227,-0.08402
P-2383,NW1 5DJ,London,Camden,studio,0,1,2475,,823,True,False,True,True,False,2026-10-18,balcony|garden|transport|workspace,"A well-presented 0-bed studio in Camden priced at £2475 pcm. Highlights include balcony, garden, transport, workspace. Suitable for applicants prioritising practical access, clear tenancy terms and responsive management.",51.528758,-0.15465
P-2384,SW11 6HM,London,Battersea,house,2,2,3725,,914,True,False,True,True,True,2026-08-29,balcony|concierge|gym|river-view|transport,"A well-presented 2-bed house in Battersea priced at £3725 pcm. Highlights include balcony, concierge, gym, river-view, transport. Suitable for applicants prioritising practical access, clear tenancy terms and responsive management.",51.471275,-0.135114
P-2385,SW19 7HM,London,Wimbledon,flat,3,3,3950,,1172,True,False,False,False,False,2026-10-05,gym|river-view|school|transport|workspace,"A well-presented 3-bed flat in Wimbledon priced at £3950 pcm. Highlights include gym, river-view, school, transport, workspace. Suitable for applicants prioritising practical access, clear tenancy terms and responsive management.",51.412407,-0.20032
P-2386,SW3 5FJ,London,Chelsea,flat,2,2,5225,,933,True,False,False,True,True,2026-09-14,balcony|concierge|gym|pet-friendly|river-view,"A well-presented 2-bed flat in Chelsea priced at £5225 pcm. Highlights include balcony, concierge, gym, pet-friendly, river-view. Suitable for applicants prioritising practical access, clear tenancy terms and responsive management.",51.492024,-0.185729
P-2387,EC2A 3HM,London,Shoreditch,flat,2,2,3825,,963,False,False,True,True,False,2026-08-07,balcony|garden|river-view|transport,"A well-presented 2-bed flat in Shoreditch priced at £3825 pcm. Highlights include balcony, garden, river-view, transport. Suitable for applicants prioritising practical access, clear tenancy terms and responsive management.",51.533598,-0.086444
P-2388,CR0 8AK,London,Croydon,flat,4,3,3375,,1332,True,False,False,True,True,2026-09-06,balcony|concierge|gym|pet-friendly|workspace,"A well-presented 4-bed flat in Croydon priced at £3375 pcm. Highlights include balcony, concierge, gym, pet-friendly, workspace. Suitable for applicants prioritising practical access, clear tenancy terms and responsive management.",51.353712,-0.094881
P-2389,E20 2FN,London,Stratford,studio,0,1,2175,,606,True,False,False,True,True,2026-09-29,balcony|concierge|river-view|school,"A well-presented 0-bed studio in Stratford priced at £2175 pcm. Highlights include balcony, concierge, river-view, school. Suitable for applicants prioritising practical access, clear tenancy terms and responsive management.",51.526258,-0.007169
P-2390,SW19 6EL,London,Wimbledon,house,3,3,3750,,1219,True,True,True,True,True,2026-08-21,balcony|concierge|parking|pet-friendly|workspace,"A well-presented 3-bed house in Wimbledon priced at £3750 pcm. Highlights include balcony, concierge, parking, pet-friendly, workspace. Suitable for applicants prioritising practical access, clear tenancy terms and responsive management.",51.437181,-0.183277
P-2391,N1 4EL,London,Islington,flat,4,3,4775,,1522,True,False,True,True,True,2026-09-19,garden|gym|pet-friendly,"A well-presented 4-bed flat in Islington priced at £4775 pcm. Highlights include garden, gym, pet-friendly. Suitable for applicants prioritising practical access, clear tenancy terms and responsive management.",51.546866,-0.121951
P-2392,N1 3CK,London,Islington,flat,1,1,3350,,640,False,True,True,False,True,2026-10-07,garden|parking|pet-friendly|school|transport,"A well-presented 1-bed flat in Islington priced at £3350 pcm. Highlights include garden, parking, pet-friendly, school, transport. Suitable for applicants prioritising practical access, clear tenancy terms and responsive management.",51.545354,-0.125807
P-2393,NW1 9EJ,London,Camden,flat,3,3,4050,,1211,True,False,True,True,False,2026-08-13,balcony|garden|river-view|workspace,"A well-presented 3-bed flat in Camden priced at £4050 pcm. Highlights include balcony, garden, river-view, workspace. Suitable for applicants prioritising practical access, clear tenancy terms and responsive management.",51.532809,-0.159257
P-2394,E20 9FK,London,Stratford,maisonette,2,2,2925,,862,True,False,False,True,True,2026-10-12,balcony|concierge|pet-friendly|school|transport|workspace,"A well-presented 2-bed maisonette in Stratford priced at £2925 pcm. Highlights include balcony, concierge, pet-friendly, school, transport, workspace. Suitable for applicants prioritising practical access, clear tenancy terms and responsive management.",51.550595,-7.6e-05
P-2395,SW11 7EM,London,Battersea,house,1,1,3775,,593,True,True,True,True,True,2026-08-11,concierge|gym|parking|pet-friendly|river-view,"A well-presented 1-bed house in Battersea priced at £3775 pcm. Highlights include concierge, gym, parking, pet-friendly, river-view. Suitable for applicants prioritising practical access, clear tenancy terms and responsive management.",51.475765,-0.147408
P-2396,SW11 8FM,London,Battersea,flat,1,1,3600,,743,True,True,False,False,True,2026-09-29,concierge|parking|transport,"A well-presented 1-bed flat in Battersea priced at £3600 pcm. Highlights include concierge, parking, transport. Suitable for applicants prioritising practical access, clear tenancy terms and responsive management.",51.46184,-0.146355
P-2397,SW11 4BL,London,Battersea,flat,2,3,4000,,846,True,True,False,False,False,2026-09-08,parking|river-view|transport|workspace,"A well-presented 2-bed flat in Battersea priced at £4000 pcm. Highlights include parking, river-view, transport, workspace. Suitable for applicants prioritising practical access, clear tenancy terms and responsive management.",51.458839,-0.167117
P-2398,SW6 9FJ,London,Fulham,flat,2,2,4350,,1025,True,True,False,False,True,2026-08-30,gym|parking|pet-friendly|school|transport,"A well-presented 2-bed flat in Fulham priced at £4350 pcm. Highlights include gym, parking, pet-friendly, school, transport. Suitable for applicants prioritising practical access, clear tenancy terms and responsive management.",51.488763,-0.190662
P-2399,SE10 3EM,London,Greenwich,studio,0,1,2625,,702,False,True,False,False,True,2026-10-15,concierge|pet-friendly|school|transport,"A well-presented 0-bed studio in Greenwich priced at £2625 pcm. Highlights include concierge, pet-friendly, school, transport. Suitable for applicants prioritising practical access, clear tenancy terms and responsive management.",51.459041,0.000595
P-2400,E20 6CN,London,Stratford,flat,1,1,2750,,760,False,False,False,True,True,2026-09-10,pet-friendly|river-view|school|workspace,"A well-presented 1-bed flat in Stratford priced at £2750 pcm. Highlights include pet-friendly, river-view, school, workspace. Suitable for applicants prioritising practical access, clear tenancy terms and responsive management.",51.54398,0.014403
P-2401,SW4 1EK,London,Clapham,flat,2,2,3850,,1026,True,False,False,False,True,2026-07-31,concierge|gym|river-view,"A well-presented 2-bed flat in Clapham priced at £3850 pcm. Highlights include concierge, gym, river-view. Suitable for applicants prioritising practical access, clear tenancy terms and responsive management.",51.4666,-0.182871
P-2402,SE10 3HL,London,Greenwich,flat,3,3,3175,,1075,True,False,True,False,True,2026-08-13,concierge|garden|pet-friendly|school|transport,"A well-presented 3-bed flat in Greenwich priced at £3175 pcm. Highlights include concierge, garden, pet-friendly, school, transport. Suitable for applicants prioritising practical access, clear tenancy terms and responsive management.",51.485652,-0.020332
P-2403,EC2A 2DK,London,Shoreditch,flat,2,2,4300,,869,True,False,False,True,False,2026-08-22,balcony|gym|transport|workspace,"A well-presented 2-bed flat in Shoreditch priced at £4300 pcm. Highlights include balcony, gym, transport, workspace. Suitable for applicants prioritising practical access, clear tenancy terms and responsive management.",51.525368,-0.087349
P-2404,E14 7HL,London,Canary Wharf,flat,3,3,4050,,1230,True,True,False,False,True,2026-09-18,parking|pet-friendly|river-view|school|transport,"A well-presented 3-bed flat in Canary Wharf priced at £4050 pcm. Highlights include parking, pet-friendly, river-view, school, transport. Suitable for applicants prioritising practical access, clear tenancy terms and responsive management.",51.508887,-0.010188
P-2405,E8 2CK,London,Hackney,flat,3,3,4550,,1117,True,True,False,False,True,2026-10-06,gym|parking|river-view|school|transport|workspace,"A well-presented 3-bed flat in Hackney priced at £4550 pcm. Highlights include gym, parking, river-view, school, transport, workspace. Suitable for applicants prioritising practical access, clear tenancy terms and responsive management.",51.524473,-0.062376
P-2406,SW6 1BM,London,Fulham,house,2,3,3775,,876,True,False,False,True,True,2026-08-13,balcony|concierge|gym|pet-friendly|transport|workspace,"A well-presented 2-bed house in Fulham priced at £3775 pcm. Highlights include balcony, concierge, gym, pet-friendly, transport, workspace. Suitable for applicants prioritising practical access, clear tenancy terms and responsive management.",51.487916,-0.20261
P-2407,SE10 5HP,London,Greenwich,studio,0,1,2000,,721,True,True,True,False,False,2026-09-22,garden|parking|school|transport,"A well-presented 0-bed studio in Greenwich priced at £2000 pcm. Highlights include garden, parking, school, transport. Suitable for applicants prioritising practical access, clear tenancy terms and responsive management.",51.476526,-0.010931
P-2408,CR0 5AM,London,Croydon,flat,1,1,2275,,703,False,True,True,True,True,2026-10-13,garden|parking|pet-friendly|school|transport|workspace,"A well-presented 1-bed flat in Croydon priced at £2275 pcm. Highlights include garden, parking, pet-friendly, school, transport, workspace. Suitable for applicants prioritising practical access, clear tenancy terms and responsive management.",51.373834,-0.12531
P-2409,SW6 6GM,London,Fulham,flat,2,3,4250,,979,True,False,True,True,False,2026-08-29,concierge|garden|river-view|school|transport|workspace,"A well-presented 2-bed flat in Fulham priced at £4250 pcm. Highlights include concierge, garden, river-view, school, transport, workspace. Suitable for applicants prioritising practical access, clear tenancy terms and responsive management.",51.504771,-0.192154
P-2410,SW11 2CJ,London,Battersea,flat,3,3,4500,,1199,True,True,False,True,False,2026-08-03,balcony|parking|river-view|workspace,"A well-presented 3-bed flat in Battersea priced at £4500 pcm. Highlights include balcony, parking, river-view, workspace. Suitable for applicants prioritising practical access, clear tenancy terms and responsive management.",51.466681,-0.160376
P-2411,E20 1BM,London,Stratford,maisonette,2,2,2650,,973,True,False,False,False,False,2026-09-24,river-view|school|transport,"A well-presented 2-bed maisonette in Stratford priced at £2650 pcm. Highlights include river-view, school, transport. Suitable for applicants prioritising practical access, clear tenancy terms and responsive management.",51.566927,0.001777
P-2412,N1 6CN,London,Islington,flat,2,2,3850,,974,True,True,False,False,True,2026-08-07,concierge|parking|transport|workspace,"A well-presented 2-bed flat in Islington priced at £3850 pcm. Highlights include concierge, parking, transport, workspace. Suitable for applicants prioritising practical access, clear tenancy terms and responsive management.",51.544498,-0.127202
P-2413,SW3 8CK,London,Chelsea,flat,2,2,4775,,1005,True,True,False,True,True,2026-09-08,concierge|parking|pet-friendly|river-view,"A well-presented 2-bed flat in Chelsea priced at £4775 pcm. Highlights include concierge, parking, pet-friendly, river-view. Suitable for applicants prioritising practical access, clear tenancy terms and responsive management.",51.497966,-0.162867
P-2414,N1 7DK,London,Islington,flat,2,3,3600,,910,True,False,False,True,True,2026-07-24,concierge|pet-friendly|workspace,"A well-presented 2-bed flat in Islington priced at £3600 pcm. Highlights include concierge, pet-friendly, workspace. Suitable for applicants prioritising practical access, clear tenancy terms and responsive management.",51.546628,-0.129848
P-2415,SW11 9HN,London,Battersea,flat,3,3,4500,,1178,True,False,True,True,True,2026-10-06,balcony|concierge|garden|school,"A well-presented 3-bed flat in Battersea priced at £4500 pcm. Highlights include balcony, concierge, garden, school. Suitable for applicants prioritising practical access, clear tenancy terms and responsive management.",51.472013,-0.175282
P-2416,NW1 2FK,London,Camden,flat,1,2,3475,,775,True,False,True,False,True,2026-09-19,concierge|garden|pet-friendly|school|transport|workspace,"A well-presented 1-bed flat in Camden priced at £3475 pcm. Highlights include concierge, garden, pet-friendly, school, transport, workspace. Suitable for applicants prioritising practical access, clear tenancy terms and responsive management.",51.519548,-0.155161
P-2417,SW3 6GK,London,Chelsea,flat,3,3,5450,,1311,False,False,False,True,True,2026-08-16,balcony|gym|pet-friendly|workspace,"A well-presented 3-bed flat in Chelsea priced at £5450 pcm. Highlights include balcony, gym, pet-friendly, workspace. Suitable for applicants prioritising practical access, clear tenancy terms and responsive management.",51.50597,-0.140397
P-2418,SW3 9BK,London,Chelsea,maisonette,3,3,5075,,1156,True,True,True,True,False,2026-08-10,concierge|garden|gym|parking|river-view|school,"A well-presented 3-bed maisonette in Chelsea priced at £5075 pcm. Highlights include concierge, garden, gym, parking, river-view, school. Suitable for applicants prioritising practical access, clear tenancy terms and responsive management.",51.49065,-0.199379
P-2419,E14 1CN,London,Canary Wharf,flat,2,2,3475,,929,True,False,True,False,False,2026-09-02,concierge|garden|gym|transport,"A well-presented 2-bed flat in Canary Wharf priced at £3475 pcm. Highlights include concierge, garden, gym, transport. Suitable for applicants prioritising practical access, clear tenancy terms and responsive management.",51.494476,-0.010987
P-2420,SW4 3EP,London,Clapham,flat,1,1,2900,,643,True,True,False,True,True,2026-07-29,balcony|gym|parking|pet-friendly|river-view|workspace,"A well-presented 1-bed flat in Clapham priced at £2900 pcm. Highlights include balcony, gym, parking, pet-friendly, river-view, workspace. Suitable for applicants prioritising practical access, clear tenancy terms and responsive management.",51.440755,-0.116622
P-2421,E8 4BK,London,Hackney,flat,2,3,3000,,954,True,True,True,True,True,2026-09-30,garden|parking|pet-friendly|school|transport,"A well-presented 2-bed flat in Hackney priced at £3000 pcm. Highlights include garden, parking, pet-friendly, school, transport. Suitable for applicants prioritising practical access, clear tenancy terms and responsive management.",51.521426,-0.081961
P-2422,SW4 2CK,London,Clapham,studio,0,1,3625,,671,True,True,True,True,False,2026-08-15,balcony|garden|transport,"A well-presented 0-bed studio in Clapham priced at £3625 pcm. Highlights include balcony, garden, transport. Suitable for applicants prioritising practical access, clear tenancy terms and responsive management.",51.483795,-0.128964
P-2423,SW4 7EJ,London,Clapham,flat,1,1,3475,,632,False,True,True,False,False,2026-10-06,garden|gym|parking|school|workspace,"A well-presented 1-bed flat in Clapham priced at £3475 pcm. Highlights include garden, gym, parking, school, workspace. Suitable for applicants prioritising practical access, clear tenancy terms and responsive management.",51.444654,-0.138221
P-2424,E20 1AM,London,Stratford,studio,0,1,2125,,646,False,False,True,True,False,2026-10-04,balcony|concierge|garden|school|transport,"A well-presented 0-bed studio in Stratford priced at £2125 pcm. Highlights include balcony, concierge, garden, school, transport. Suitable for applicants prioritising practical access, clear tenancy terms and responsive management.",51.54482,0.029568
P-2425,SW6 7EP,London,Fulham,house,1,1,3825,,585,True,False,True,False,False,2026-10-08,concierge|garden|gym|river-view|school|workspace,"A well-presented 1-bed house in Fulham priced at £3825 pcm. Highlights include concierge, garden, gym, river-view, school, workspace. Suitable for applicants prioritising practical access, clear tenancy terms and responsive management.",51.491137,-0.226869
P-2426,E8 4CJ,London,Hackney,house,1,1,2900,,670,True,False,True,False,True,2026-10-20,concierge|garden|gym|workspace,"A well-presented 1-bed house in Hackney priced at £2900 pcm. Highlights include concierge, garden, gym, workspace. Suitable for applicants prioritising practical access, clear tenancy terms and responsive management.",51.541397,-0.078723
P-2427,E20 8BJ,London,Stratford,flat,2,2,3850,,974,False,False,True,True,True,2026-10-10,balcony|garden|pet-friendly|workspace,"A well-presented 2-bed flat in Stratford priced at £3850 pcm. Highlights include balcony, garden, pet-friendly, workspace. Suitable for applicants prioritising practical access, clear tenancy terms and responsive management.",51.542405,0.005272
P-2428,SW3 1DM,London,Chelsea,flat,2,2,5250,,950,True,True,True,True,False,2026-09-14,garden|gym|parking|river-view|school|workspace,"A well-presented 2-bed flat in Chelsea priced at £5250 pcm. Highlights include garden, gym, parking, river-view, school, workspace. Suitable for applicants prioritising practical access, clear tenancy terms and responsive management.",51.481337,-0.15155
P-2429,E14 2AL,London,Canary Wharf,house,1,2,3300,,541,False,False,False,True,False,2026-07-29,concierge|school|transport|workspace,"A well-presented 1-bed house in Canary Wharf priced at £3300 pcm. Highlights include concierge, school, transport, workspace. Suitable for applicants prioritising practical access, clear tenancy terms and responsive management.",51.505668,0.006984
P-2430,NW1 3GN,London,Camden,studio,0,1,2975,,729,True,False,True,True,False,2026-10-16,balcony|garden|school|workspace,"A well-presented 0-bed studio in Camden priced at £2975 pcm. Highlights include balcony, garden, school, workspace. Suitable for applicants prioritising practical access, clear tenancy terms and responsive management.",51.550691,-0.165092
P-2431,SW4 7DK,London,Clapham,flat,2,2,4225,,960,True,False,False,False,True,2026-10-03,pet-friendly|river-view|transport,"A well-presented 2-bed flat in Clapham priced at £4225 pcm. Highlights include pet-friendly, river-view, transport. Suitable for applicants prioritising practical access, clear tenancy terms and responsive management.",51.462462,-0.119448
P-2432,EC2A 9GK,London,Shoreditch,house,1,1,3225,,736,True,True,False,True,False,2026-09-20,balcony|parking|river-view|school|transport|workspace,"A well-presented 1-bed house in Shoreditch priced at £3225 pcm. Highlights include balcony, parking, river-view, school, transport, workspace. Suitable for applicants prioritising practical access, clear tenancy terms and responsive management.",51.535491,-0.080537
P-2433,E20 4CJ,London,Stratford,flat,2,3,2850,,903,True,False,False,True,True,2026-10-01,gym|pet-friendly|river-view|transport|workspace,"A well-presented 2-bed flat in Stratford priced at £2850 pcm. Highlights include gym, pet-friendly, river-view, transport, workspace. Suitable for applicants prioritising practical access, clear tenancy terms and responsive management.",51.525133,-0.019478
P-2434,SW6 1GM,London,Fulham,house,1,1,3500,,747,True,True,False,False,False,2026-09-11,concierge|parking|river-view|workspace,"A well-presented 1-bed house in Fulham priced at £3500 pcm. Highlights include concierge, parking, river-view, workspace. Suitable for applicants prioritising practical access, clear tenancy terms and responsive management.",51.453625,-0.210886
P-2435,E20 5DJ,London,Stratford,flat,4,3,3875,,1444,True,True,True,False,True,2026-08-09,concierge|garden|parking|pet-friendly|transport|workspace,"A well-presented 4-bed flat in Stratford priced at £3875 pcm. Highlights include concierge, garden, parking, pet-friendly, transport, workspace. Suitable for applicants prioritising practical access, clear tenancy terms and responsive management.",51.543464,-0.017968
P-2436,SW3 5FP,London,Chelsea,flat,2,2,4650,,787,True,False,True,True,True,2026-08-15,balcony|concierge|garden|gym|river-view|workspace,"A well-presented 2-bed flat in Chelsea priced at £4650 pcm. Highlights include balcony, concierge, garden, gym, river-view, workspace. Suitable for applicants prioritising practical access, clear tenancy terms and responsive management.",51.4878,-0.180817
P-2437,SW11 7CN,London,Battersea,flat,2,2,3725,,975,False,True,False,False,True,2026-10-05,parking|pet-friendly|river-view|workspace,"A well-presented 2-bed flat in Battersea priced at £3725 pcm. Highlights include parking, pet-friendly, river-view, workspace. Suitable for applicants prioritising practical access, clear tenancy terms and responsive management.",51.455309,-0.177398
P-2438,E20 1HP,London,Stratford,flat,4,3,3975,,1503,True,False,True,True,True,2026-08-10,balcony|concierge|garden|gym|pet-friendly|river-view,"A well-presented 4-bed flat in Stratford priced at £3975 pcm. Highlights include balcony, concierge, garden, gym, pet-friendly, river-view. Suitable for applicants prioritising practical access, clear tenancy terms and responsive management.",51.528365,-0.014832
P-2439,SW19 5BM,London,Wimbledon,house,2,3,3700,,944,True,False,True,False,False,2026-10-11,garden|river-view|workspace,"A well-presented 2-bed house in Wimbledon priced at £3700 pcm. Highlights include garden, river-view, workspace. Suitable for applicants prioritising practical access, clear tenancy terms and responsive management.",51.426469,-0.214791
P-2440,E8 5GL,London,Hackney,flat,3,3,3725,,1121,True,False,True,False,False,2026-09-27,garden|river-view|school,"A well-presented 3-bed flat in Hackney priced at £3725 pcm. Highlights include garden, river-view, school. Suitable for applicants prioritising practical access, clear tenancy terms and responsive management.",51.538661,-0.068086
P-2441,EC2A 9BM,London,Shoreditch,house,1,1,2875,,787,False,False,False,True,True,2026-10-06,concierge|gym|pet-friendly|river-view|workspace,"A well-presented 1-bed house in Shoreditch priced at £2875 pcm. Highlights include concierge, gym, pet-friendly, river-view, workspace. Suitable for applicants prioritising practical access, clear tenancy terms and responsive management.",51.515362,-0.054159
P-2442,SW6 1FK,London,Fulham,flat,1,1,3625,,744,True,True,False,False,True,2026-07-28,concierge|parking|pet-friendly|transport|workspace,"A well-presented 1-bed flat in Fulham priced at £3625 pcm. Highlights include concierge, parking, pet-friendly, transport, workspace. Suitable for applicants prioritising practical access, clear tenancy terms and responsive management.",51.489562,-0.16071
P-2443,SE10 9CL,London,Greenwich,flat,2,3,3575,,937,False,True,True,True,True,2026-08-25,concierge|garden|parking|pet-friendly|school|transport,"A well-presented 2-bed flat in Greenwich priced at £3575 pcm. Highlights include concierge, garden, parking, pet-friendly, school, transport. Suitable for applicants prioritising practical access, clear tenancy terms and responsive management.",51.485688,-0.019055
P-2444,NW1 8EP,London,Camden,flat,3,3,3900,,1337,True,True,False,True,True,2026-10-02,balcony|pet-friendly|school|transport,"A well-presented 3-bed flat in Camden priced at £3900 pcm. Highlights include balcony, pet-friendly, school, transport. Suitable for applicants prioritising practical access, clear tenancy terms and responsive management.",51.526595,-0.147544
P-2445,EC2A 6AJ,London,Shoreditch,flat,2,2,3850,,854,True,True,True,True,False,2026-08-20,balcony|garden|gym|parking|school|transport,"A well-presented 2-bed flat in Shoreditch priced at £3850 pcm. Highlights include balcony, garden, gym, parking, school, transport. Suitable for applicants prioritising practical access, clear tenancy terms and responsive management.",51.514212,-0.059743
P-2446,E14 7EJ,London,Canary Wharf,flat,2,3,3625,,1032,False,True,False,False,True,2026-08-26,gym|parking|pet-friendly|river-view|school|transport,"A well-presented 2-bed flat in Canary Wharf priced at £3625 pcm. Highlights include gym, parking, pet-friendly, river-view, school, transport. Suitable for applicants prioritising practical access, clear tenancy terms and responsive management.",51.502397,-0.02922
P-2447,SW4 1BN,London,Clapham,flat,2,2,3600,,1017,True,False,True,True,True,2026-08-13,balcony|garden|pet-friendly|school|transport|workspace,"A well-presented 2-bed flat in Clapham priced at £3600 pcm. Highlights include balcony, garden, pet-friendly, school, transport, workspace. Suitable for applicants prioritising practical access, clear tenancy terms and responsive management.",51.4782,-0.120715
P-2448,E8 5EL,London,Hackney,house,2,2,3625,,790,True,False,True,True,True,2026-10-08,balcony|gym|transport,"A well-presented 2-bed house in Hackney priced at £3625 pcm. Highlights include balcony, gym, transport. Suitable for applicants prioritising practical access, clear tenancy terms and responsive management.",51.53734,-0.059655
P-2449,SW19 6CL,London,Wimbledon,maisonette,4,3,4225,,1516,False,True,True,True,True,2026-09-10,balcony|garden|parking|pet-friendly|river-view|school,"A well-presented 4-bed maisonette in Wimbledon priced at £4225 pcm. Highlights include balcony, garden, parking, pet-friendly, river-view, school. Suitable for applicants prioritising practical access, clear tenancy terms and responsive management.",51.405411,-0.185319
P-2450,SE10 7CK,London,Greenwich,house,2,2,2900,,839,True,True,True,False,True,2026-08-08,garden|gym|parking|school,"A well-presented 2-bed house in Greenwich priced at £2900 pcm. Highlights include garden, gym, parking, school. Suitable for applicants prioritising practical access, clear tenancy terms and responsive management.",51.501775,-0.019353
P-2451,SW19 8GL,London,Wimbledon,flat,2,3,4150,,947,True,False,True,True,True,2026-08-29,balcony|garden|pet-friendly|river-view,"A well-presented 2-bed flat in Wimbledon priced at £4150 pcm. Highlights include balcony, garden, pet-friendly, river-view. Suitable for applicants prioritising practical access, clear tenancy terms and responsive management.",51.4348,-0.202222
P-2452,CR0 4FJ,London,Croydon,house,1,1,2250,,689,True,False,True,True,True,2026-08-03,balcony|concierge|gym|pet-friendly|workspace,"A well-presented 1-bed house in Croydon priced at £2250 pcm. Highlights include balcony, concierge, gym, pet-friendly, workspace. Suitable for applicants prioritising practical access, clear tenancy terms and responsive management.",51.367151,-0.063206
P-2453,SE10 1AP,London,Greenwich,studio,0,1,2225,,746,True,True,False,True,False,2026-09-12,balcony|gym|parking|transport|workspace,"A well-presented 0-bed studio in Greenwich priced at £2225 pcm. Highlights include balcony, gym, parking, transport, workspace. Suitable for applicants prioritising practical access, clear tenancy terms and responsive management.",51.469808,-0.008628
P-2454,SE10 8HK,London,Greenwich,flat,1,1,2700,,624,False,False,False,True,False,2026-08-27,balcony|gym|river-view,"A well-presented 1-bed flat in Greenwich priced at £2700 pcm. Highlights include balcony, gym, river-view. Suitable for applicants prioritising practical access, clear tenancy terms and responsive management.",51.483939,0.034989
P-2455,SW6 5CP,London,Fulham,flat,3,3,4675,,1280,True,True,False,False,True,2026-08-10,parking|river-view|school|workspace,"A well-presented 3-bed flat in Fulham priced at £4675 pcm. Highlights include parking, river-view, school, workspace. Suitable for applicants prioritising practical access, clear tenancy terms and responsive management.",51.498723,-0.230129
P-2456,SW11 1FJ,London,Battersea,house,2,3,4225,,921,True,True,False,False,True,2026-10-13,gym|parking|pet-friendly,"A well-presented 2-bed house in Battersea priced at £4225 pcm. Highlights include gym, parking, pet-friendly. Suitable for applicants prioritising practical access, clear tenancy terms and responsive management.",51.468496,-0.182733
P-2457,E14 6DL,London,Canary Wharf,studio,0,1,2775,,626,True,False,True,True,True,2026-08-31,balcony|garden|gym|pet-friendly|workspace,"A well-presented 0-bed studio in Canary Wharf priced at £2775 pcm. Highlights include balcony, garden, gym, pet-friendly, workspace. Suitable for applicants prioritising practical access, clear tenancy terms and responsive management.",51.49035,-0.03349
P-2458,SW3 5DJ,London,Chelsea,house,2,2,4925,,935,True,False,True,False,True,2026-08-22,concierge|garden|gym|river-view|workspace,"A well-presented 2-bed house in Chelsea priced at £4925 pcm. Highlights include concierge, garden, gym, river-view, workspace. Suitable for applicants prioritising practical access, clear tenancy terms and responsive management.",51.499443,-0.179108
P-2459,SW3 2DK,London,Chelsea,flat,2,3,5300,,1025,True,False,False,True,False,2026-09-28,balcony|gym|workspace,"A well-presented 2-bed flat in Chelsea priced at £5300 pcm. Highlights include balcony, gym, workspace. Suitable for applicants prioritising practical access, clear tenancy terms and responsive management.",51.47993,-0.174062
P-2460,SW19 3HN,London,Wimbledon,maisonette,1,1,2950,,679,False,False,True,False,True,2026-08-18,garden|gym|pet-friendly|river-view|school|transport,"A well-presented 1-bed maisonette in Wimbledon priced at £2950 pcm. Highlights include garden, gym, pet-friendly, river-view, school, transport. Suitable for applicants prioritising practical access, clear tenancy terms and responsive management.",51.416419,-0.221514
P-2461,E14 4FP,London,Canary Wharf,flat,2,2,3900,,921,True,True,False,True,False,2026-09-23,concierge|gym|parking|river-view|transport|workspace,"A well-presented 2-bed flat in Canary Wharf priced at £3900 pcm. Highlights include concierge, gym, parking, river-view, transport, workspace. Suitable for applicants prioritising practical access, clear tenancy terms and responsive management.",51.513889,-0.009515
P-2462,SW4 2HM,London,Clapham,house,2,3,4100,,1047,True,False,True,True,False,2026-09-10,gym|school|workspace,"A well-presented 2-bed house in Clapham priced at £4100 pcm. Highlights include gym, school, workspace. Suitable for applicants prioritising practical access, clear tenancy terms and responsive management.",51.473045,-0.100463
P-2463,SE10 5GP,London,Greenwich,flat,4,3,4200,,1518,True,False,True,True,True,2026-08-26,balcony|garden|gym|pet-friendly|school|workspace,"A well-presented 4-bed flat in Greenwich priced at £4200 pcm. Highlights include balcony, garden, gym, pet-friendly, school, workspace. Suitable for applicants prioritising practical access, clear tenancy terms and responsive management.",51.478891,-0.000413
P-2464,NW1 9DP,London,Camden,flat,1,2,3775,,461,True,False,False,False,False,2026-09-05,gym|transport|workspace,"A well-presented 1-bed flat in Camden priced at £3775 pcm. Highlights include gym, transport, workspace. Suitable for applicants prioritising practical access, clear tenancy terms and responsive management.",51.536433,-0.120055
P-2465,SE10 5EN,London,Greenwich,flat,2,3,2975,,942,False,True,True,True,True,2026-10-10,garden|pet-friendly|school,"A well-presented 2-bed flat in Greenwich priced at £2975 pcm. Highlights include garden, pet-friendly, school. Suitable for applicants prioritising practical access, clear tenancy terms and responsive management.",51.496249,-0.00051
P-2466,SW11 6CN,London,Battersea,flat,1,2,4050,,810,True,True,False,True,True,2026-08-07,balcony|concierge|parking|pet-friendly|river-view,"A well-presented 1-bed flat in Battersea priced at £4050 pcm. Highlights include balcony, concierge, parking, pet-friendly, river-view. Suitable for applicants prioritising practical access, clear tenancy terms and responsive management.",51.463128,-0.163146
P-2467,SW19 2CL,London,Wimbledon,flat,1,2,3150,,601,True,True,False,False,False,2026-10-01,gym|parking|river-view|school,"A well-presented 1-bed flat in Wimbledon priced at £3150 pcm. Highlights include gym, parking, river-view, school. Suitable for applicants prioritising practical access, clear tenancy terms and responsive management.",51.440664,-0.184369
P-2468,EC2A 2EK,London,Shoreditch,flat,1,1,3375,,749,True,True,True,False,False,2026-09-25,concierge|garden|gym|parking|river-view|transport,"A well-presented 1-bed flat in Shoreditch priced at £3375 pcm. Highlights include concierge, garden, gym, parking, river-view, transport. Suitable for applicants prioritising practical access, clear tenancy terms and responsive management.",51.518938,-0.109776
P-2469,SW4 7BJ,London,Clapham,house,2,3,3900,,906,True,True,True,False,True,2026-08-24,gym|parking|pet-friendly|river-view|school|workspace,"A well-presented 2-bed house in Clapham priced at £3900 pcm. Highlights include gym, parking, pet-friendly, river-view, school, workspace. Suitable for applicants prioritising practical access, clear tenancy terms and responsive management.",51.46813,-0.165402
P-2470,SW19 3BM,London,Wimbledon,maisonette,1,1,2525,,741,False,True,True,False,False,2026-10-05,concierge|garden|gym|river-view|school|transport,"A well-presented 1-bed maisonette in Wimbledon priced at £2525 pcm. Highlights include concierge, garden, gym, river-view, school, transport. Suitable for applicants prioritising practical access, clear tenancy terms and responsive management.",51.434821,-0.231033
P-2471,E14 6AP,London,Canary Wharf,flat,3,3,4425,,1225,True,False,True,False,True,2026-07-25,garden|pet-friendly|school|workspace,"A well-presented 3-bed flat in Canary Wharf priced at £4425 pcm. Highlights include garden, pet-friendly, school, workspace. Suitable for applicants prioritising practical access, clear tenancy terms and responsive management.",51.507116,-0.054568
P-2472,SW4 4BJ,London,Clapham,house,2,2,3725,,919,False,True,True,True,True,2026-09-30,balcony|concierge|parking|pet-friendly|transport,"A well-presented 2-bed house in Clapham priced at £3725 pcm. Highlights include balcony, concierge, parking, pet-friendly, transport. Suitable for applicants prioritising practical access, clear tenancy terms and responsive management.",51.474408,-0.106873
P-2473,SE10 9FN,London,Greenwich,house,2,2,2925,,949,False,True,True,True,True,2026-09-26,concierge|garden|gym|parking|school|transport,"A well-presented 2-bed house in Greenwich priced at £2925 pcm. Highlights include concierge, garden, gym, parking, school, transport. Suitable for applicants prioritising practical access, clear tenancy terms and responsive management.",51.485435,-0.024605
P-2474,SW11 6HK,London,Battersea,flat,1,1,3600,,616,True,True,False,True,True,2026-09-13,concierge|gym|parking|river-view|transport,"A well-presented 1-bed flat in Battersea priced at £3600 pcm. Highlights include concierge, gym, parking, river-view, transport. Suitable for applicants prioritising practical access, clear tenancy terms and responsive management.",51.440656,-0.156688
P-2475,SE10 4AP,London,Greenwich,house,2,2,2750,,1034,True,True,True,True,True,2026-10-12,balcony|parking|pet-friendly,"A well-presented 2-bed house in Greenwich priced at £2750 pcm. Highlights include balcony, parking, pet-friendly. Suitable for applicants prioritising practical access, clear tenancy terms and responsive management.",51.491383,0.014881
P-2476,NW1 7GK,London,Camden,flat,2,3,3550,,942,True,True,True,True,False,2026-09-24,balcony|garden|gym|parking|school|workspace,"A well-presented 2-bed flat in Camden priced at £3550 pcm. Highlights include balcony, garden, gym, parking, school, workspace. Suitable for applicants prioritising practical access, clear tenancy terms and responsive management.",51.52779,-0.115944
P-2477,SW19 3DM,London,Wimbledon,flat,4,3,4400,,1559,True,False,False,True,True,2026-08-16,concierge|gym|pet-friendly|school|workspace,"A well-presented 4-bed flat in Wimbledon priced at £4400 pcm. Highlights include concierge, gym, pet-friendly, school, workspace. Suitable for applicants prioritising practical access, clear tenancy terms and responsive management.",51.412047,-0.218134
P-2478,SW3 5CN,London,Chelsea,flat,1,1,4150,,662,True,False,False,True,True,2026-09-10,balcony|pet-friendly|school|workspace,"A well-presented 1-bed flat in Chelsea priced at £4150 pcm. Highlights include balcony, pet-friendly, school, workspace. Suitable for applicants prioritising practical access, clear tenancy terms and responsive management.",51.472325,-0.167684
P-2479,SW4 6DL,London,Clapham,flat,4,3,4575,,1529,False,False,False,False,True,2026-10-13,gym|pet-friendly|transport,"A well-presented 4-bed flat in Clapham priced at £4575 pcm. Highlights include gym, pet-friendly, transport. Suitable for applicants prioritising practical access, clear tenancy terms and responsive management.",51.456877,-0.107812
P-2480,N1 4AL,London,Islington,flat,2,2,3325,,857,True,True,False,False,True,2026-09-24,gym|parking|river-view|transport|workspace,"A well-presented 2-bed flat in Islington priced at £3325 pcm. Highlights include gym, parking, river-view, transport, workspace. Suitable for applicants prioritising practical access, clear tenancy terms and responsive management.",51.545719,-0.056787
P-2481,E8 4FK,London,Hackney,flat,2,2,3125,,827,True,True,True,True,True,2026-10-05,garden|gym|parking|school,"A well-presented 2-bed flat in Hackney priced at £3125 pcm. Highlights include garden, gym, parking, school. Suitable for applicants prioritising practical access, clear tenancy terms and responsive management.",51.54236,-0.057593
P-2482,E8 1CK,London,Hackney,flat,1,2,2600,,750,True,False,False,False,True,2026-09-30,pet-friendly|river-view|workspace,"A well-presented 1-bed flat in Hackney priced at £2600 pcm. Highlights include pet-friendly, river-view, workspace. Suitable for applicants prioritising practical access, clear tenancy terms and responsive management.",51.544473,-0.035726
P-2483,SW4 8CM,London,Clapham,house,1,1,2675,,708,False,True,True,False,False,2026-09-20,garden|gym|parking|river-view|school|transport,"A well-presented 1-bed house in Clapham priced at £2675 pcm. Highlights include garden, gym, parking, river-view, school, transport. Suitable for applicants prioritising practical access, clear tenancy terms and responsive management.",51.450848,-0.13506
P-2484,N1 1DL,London,Islington,house,4,3,4025,,1386,False,False,False,False,True,2026-10-07,gym|pet-friendly|school,"A well-presented 4-bed house in Islington priced at £4025 pcm. Highlights include gym, pet-friendly, school. Suitable for applicants prioritising practical access, clear tenancy terms and responsive management.",51.535654,-0.080672
P-2485,SW6 4DK,London,Fulham,house,3,3,5050,,1170,True,False,False,True,False,2026-08-29,balcony|river-view|school,"A well-presented 3-bed house in Fulham priced at £5050 pcm. Highlights include balcony, river-view, school. Suitable for applicants prioritising practical access, clear tenancy terms and responsive management.",51.469914,-0.18263
P-2486,SW4 2FK,London,Clapham,flat,1,2,3200,,547,True,False,True,True,False,2026-10-13,balcony|garden|gym,"A well-presented 1-bed flat in Clapham priced at £3200 pcm. Highlights include balcony, garden, gym. Suitable for applicants prioritising practical access, clear tenancy terms and responsive management.",51.461593,-0.144906
P-2487,E8 5BP,London,Hackney,maisonette,2,2,3375,,989,True,False,False,False,True,2026-08-22,concierge|gym|pet-friendly|school,"A well-presented 2-bed maisonette in Hackney priced at £3375 pcm. Highlights include concierge, gym, pet-friendly, school. Suitable for applicants prioritising practical access, clear tenancy terms and responsive management.",51.547321,-0.031722
P-2488,E20 1AP,London,Stratford,studio,0,1,2550,,538,True,True,False,True,True,2026-09-25,parking|river-view|school,"A well-presented 0-bed studio in Stratford priced at £2550 pcm. Highlights include parking, river-view, school. Suitable for applicants prioritising practical access, clear tenancy terms and responsive management.",51.532717,-0.015795
P-2489,SW11 9BJ,London,Battersea,flat,1,2,3500,,788,False,False,False,True,True,2026-09-23,balcony|concierge|gym|pet-friendly|river-view,"A well-presented 1-bed flat in Battersea priced at £3500 pcm. Highlights include balcony, concierge, gym, pet-friendly, river-view. Suitable for applicants prioritising practical access, clear tenancy terms and responsive management.",51.425148,-0.160579
P-2490,SW11 8CP,London,Battersea,flat,1,1,3500,,680,True,False,True,False,False,2026-08-25,concierge|garden|workspace,"A well-presented 1-bed flat in Battersea priced at £3500 pcm. Highlights include concierge, garden, workspace. Suitable for applicants prioritising practical access, clear tenancy terms and responsive management.",51.458167,-0.14013
P-2491,SW19 3EJ,London,Wimbledon,flat,2,2,3825,,880,False,True,False,True,False,2026-10-20,balcony|concierge|gym|parking,"A well-presented 2-bed flat in Wimbledon priced at £3825 pcm. Highlights include balcony, concierge, gym, parking. Suitable for applicants prioritising practical access, clear tenancy terms and responsive management.",51.429639,-0.193061
P-2492,CR0 7GJ,London,Croydon,flat,2,3,2450,,851,False,True,True,True,True,2026-09-10,garden|gym|pet-friendly|school,"A well-presented 2-bed flat in Croydon priced at £2450 pcm. Highlights include garden, gym, pet-friendly, school. Suitable for applicants prioritising practical access, clear tenancy terms and responsive management.",51.351784,-0.104727
P-2493,EC2A 3AJ,London,Shoreditch,flat,3,3,4075,,1167,True,False,False,True,True,2026-09-04,concierge|pet-friendly|school,"A well-presented 3-bed flat in Shoreditch priced at £4075 pcm. Highlights include concierge, pet-friendly, school. Suitable for applicants prioritising practical access, clear tenancy terms and responsive management.",51.526867,-0.076131
P-2494,SW4 6HM,London,Clapham,house,1,2,2975,,839,True,False,True,True,True,2026-09-02,concierge|garden|gym|pet-friendly|river-view|school,"A well-presented 1-bed house in Clapham priced at £2975 pcm. Highlights include concierge, garden, gym, pet-friendly, river-view, school. Suitable for applicants prioritising practical access, clear tenancy terms and responsive management.",51.462335,-0.152067
P-2495,E14 8DN,London,Canary Wharf,flat,2,2,4000,,943,True,True,True,True,True,2026-08-04,balcony|concierge|garden|parking|pet-friendly|transport,"A well-presented 2-bed flat in Canary Wharf priced at £4000 pcm. Highlights include balcony, concierge, garden, parking, pet-friendly, transport. Suitable for applicants prioritising practical access, clear tenancy terms and responsive management.",51.499596,-0.027941
P-2496,EC2A 8BP,London,Shoreditch,house,3,3,4600,,1048,True,True,False,False,False,2026-09-25,concierge|river-view|school,"A well-presented 3-bed house in Shoreditch priced at £4600 pcm. Highlights include concierge, river-view, school. Suitable for applicants prioritising practical access, clear tenancy terms and responsive management.",51.515939,-0.056
P-2497,SE10 2CN,London,Greenwich,flat,2,2,3000,,882,False,True,True,False,False,2026-09-22,garden|parking|workspace,"A well-presented 2-bed flat in Greenwich priced at £3000 pcm. Highlights include garden, parking, workspace. Suitable for applicants prioritising practical access, clear tenancy terms and responsive management.",51.486373,-0.014161
P-2498,E14 3CL,London,Canary Wharf,flat,1,1,3325,,687,False,False,False,True,True,2026-08-04,balcony|gym|pet-friendly|school|transport,"A well-presented 1-bed flat in Canary Wharf priced at £3325 pcm. Highlights include balcony, gym, pet-friendly, school, transport. Suitable for applicants prioritising practical access, clear tenancy terms and responsive management.",51.53549,0.007815
P-2499,CR0 1EL,London,Croydon,flat,2,3,2525,,777,True,True,True,True,True,2026-09-19,balcony|concierge|garden|parking,"A well-presented 2-bed flat in Croydon priced at £2525 pcm. Highlights include balcony, concierge, garden, parking. Suitable for applicants prioritising practical access, clear tenancy terms and responsive management.",51.378097,-0.097598
P-2500,SW4 6FJ,London,Clapham,house,3,3,4675,,1165,True,True,False,True,True,2026-08-09,balcony|parking|pet-friendly|transport,"A well-presented 3-bed house in Clapham priced at £4675 pcm. Highlights include balcony, parking, pet-friendly, transport. Suitable for applicants prioritising practical access, clear tenancy terms and responsive management.",51.459792,-0.122456
P-2501,SW3 9FJ,London,Chelsea,flat,4,3,6375,,1341,False,True,True,False,False,2026-07-28,concierge|garden|gym|parking|transport|workspace,"A well-presented 4-bed flat in Chelsea priced at £6375 pcm. Highlights include concierge, garden, gym, parking, transport, workspace. Suitable for applicants prioritising practical access, clear tenancy terms and responsive management.",51.489176,-0.16753
P-2502,SE10 5GL,London,Greenwich,flat,1,1,2725,,813,True,True,False,False,False,2026-10-03,gym|parking|school,"A well-presented 1-bed flat in Greenwich priced at £2725 pcm. Highlights include gym, parking, school. Suitable for applicants prioritising practical access, clear tenancy terms and responsive management.",51.49312,-0.020904
P-2503,E8 1DM,London,Hackney,house,2,3,3025,,1032,True,True,True,True,False,2026-10-03,balcony|concierge|parking|river-view|school|transport,"A well-presented 2-bed house in Hackney priced at £3025 pcm. Highlights include balcony, concierge, parking, river-view, school, transport. Suitable for applicants prioritising practical access, clear tenancy terms and responsive management.",51.573409,-0.0621
P-2504,E20 1AM,London,Stratford,maisonette,2,3,3650,,946,True,False,False,True,False,2026-09-29,river-view|transport|workspace,"A well-presented 2-bed maisonette in Stratford priced at £3650 pcm. Highlights include river-view, transport, workspace. Suitable for applicants prioritising practical access, clear tenancy terms and responsive management.",51.520057,-0.022866
P-2505,SW4 9GL,London,Clapham,house,2,2,4000,,758,True,False,False,True,True,2026-07-29,balcony|concierge|pet-friendly|workspace,"A well-presented 2-bed house in Clapham priced at £4000 pcm. Highlights include balcony, concierge, pet-friendly, workspace. Suitable for applicants prioritising practical access, clear tenancy terms and responsive management.",51.46015,-0.081882
P-2506,SW6 1CJ,London,Fulham,flat,1,1,3400,,678,True,True,False,False,True,2026-08-18,concierge|pet-friendly|school|workspace,"A well-presented 1-bed flat in Fulham priced at £3400 pcm. Highlights include concierge, pet-friendly, school, workspace. Suitable for applicants prioritising practical access, clear tenancy terms and responsive management.",51.499672,-0.175583
P-2507,SW11 9GK,London,Battersea,house,2,2,4125,,998,False,True,False,True,True,2026-09-13,parking|school|transport|workspace,"A well-presented 2-bed house in Battersea priced at £4125 pcm. Highlights include parking, school, transport, workspace. Suitable for applicants prioritising practical access, clear tenancy terms and responsive management.",51.456262,-0.144545
P-2508,SW3 2EJ,London,Chelsea,flat,4,3,6000,,1483,True,False,False,False,False,2026-07-24,school|transport|workspace,"A well-presented 4-bed flat in Chelsea priced at £6000 pcm. Highlights include school, transport, workspace. Suitable for applicants prioritising practical access, clear tenancy terms and responsive management.",51.481003,-0.182648
P-2509,E14 8HP,London,Canary Wharf,flat,1,2,3450,,644,True,False,False,True,True,2026-10-11,balcony|concierge|pet-friendly,"A well-presented 1-bed flat in Canary Wharf priced at £3450 pcm. Highlights include balcony, concierge, pet-friendly. Suitable for applicants prioritising practical access, clear tenancy terms and responsive management.",51.495154,-0.035077
P-2510,E14 1AJ,London,Canary Wharf,flat,1,2,3350,,790,True,False,True,False,True,2026-10-07,garden|gym|pet-friendly|school|workspace,"A well-presented 1-bed flat in Canary Wharf priced at £3350 pcm. Highlights include garden, gym, pet-friendly, school, workspace. Suitable for applicants prioritising practical access, clear tenancy terms and responsive management.",51.505269,-0.024874
P-2511,SW6 8BJ,London,Fulham,flat,2,3,4250,,881,False,False,False,True,True,2026-08-03,balcony|gym|pet-friendly|transport,"A well-presented 2-bed flat in Fulham priced at £4250 pcm. Highlights include balcony, gym, pet-friendly, transport. Suitable for applicants prioritising practical access, clear tenancy terms and responsive management.",51.492681,-0.177597
P-2512,NW1 1DP,London,Camden,flat,2,2,3725,,972,False,True,True,True,True,2026-10-17,concierge|garden|parking|pet-friendly|workspace,"A well-presented 2-bed flat in Camden priced at £3725 pcm. Highlights include concierge, garden, parking, pet-friendly, workspace. Suitable for applicants prioritising practical access, clear tenancy terms and responsive management.",51.541937,-0.150104
P-2513,E14 7EL,London,Canary Wharf,flat,4,3,4750,,1605,True,True,True,True,False,2026-10-22,balcony|garden|parking|school,"A well-presented 4-bed flat in Canary Wharf priced at £4750 pcm. Highlights include balcony, garden, parking, school. Suitable for applicants prioritising practical access, clear tenancy terms and responsive management.",51.504403,-0.01182
P-2514,N1 3BP,London,Islington,house,2,3,3850,,936,True,False,True,False,True,2026-08-12,concierge|garden|pet-friendly|river-view|transport|workspace,"A well-presented 2-bed house in Islington priced at £3850 pcm. Highlights include concierge, garden, pet-friendly, river-view, transport, workspace. Suitable for applicants prioritising practical access, clear tenancy terms and responsive management.",51.546526,-0.120426
P-2515,SE10 2HL,London,Greenwich,flat,2,3,3200,,1048,True,False,True,True,True,2026-09-03,balcony|garden|gym|pet-friendly|transport|workspace,"A well-presented 2-bed flat in Greenwich priced at £3200 pcm. Highlights include balcony, garden, gym, pet-friendly, transport, workspace. Suitable for applicants prioritising practical access, clear tenancy terms and responsive management.",51.480834,-0.019519
P-2516,SE10 8AJ,London,Greenwich,studio,0,1,2375,,519,False,True,False,True,True,2026-08-04,balcony|concierge|gym|parking|river-view|workspace,"A well-presented 0-bed studio in Greenwich priced at £2375 pcm. Highlights include balcony, concierge, gym, parking, river-view, workspace. Suitable for applicants prioritising practical access, clear tenancy terms and responsive management.",51.493075,0.035971
P-2517,SE10 3FL,London,Greenwich,flat,1,2,2925,,661,True,True,True,False,True,2026-07-26,garden|gym|parking|school,"A well-presented 1-bed flat in Greenwich priced at £2925 pcm. Highlights include garden, gym, parking, school. Suitable for applicants prioritising practical access, clear tenancy terms and responsive management.",51.499837,-0.02037
P-2518,N1 1BK,London,Islington,flat,2,3,4100,,913,True,False,True,True,False,2026-08-24,balcony|garden|gym|school|transport|workspace,"A well-presented 2-bed flat in Islington priced at £4100 pcm. Highlights include balcony, garden, gym, school, transport, workspace. Suitable for applicants prioritising practical access, clear tenancy terms and responsive management.",51.545528,-0.106203
P-2519,SW6 7BL,London,Fulham,flat,1,1,4250,,676,True,False,False,False,False,2026-08-09,concierge|gym|transport,"A well-presented 1-bed flat in Fulham priced at £4250 pcm. Highlights include concierge, gym, transport. Suitable for applicants prioritising practical access, clear tenancy terms and responsive management.",51.494997,-0.214017
P-2520,E14 4EL,London,Canary Wharf,flat,2,2,3700,,1091,True,True,False,True,False,2026-07-29,balcony|parking|school|transport|workspace,"A well-presented 2-bed flat in Canary Wharf priced at £3700 pcm. Highlights include balcony, parking, school, transport, workspace. Suitable for applicants prioritising practical access, clear tenancy terms and responsive management.",51.50513,-0.007968
P-2521,N1 1BN,London,Islington,flat,2,2,3500,,861,True,False,False,True,True,2026-09-04,balcony|pet-friendly|river-view|school,"A well-presented 2-bed flat in Islington priced at £3500 pcm. Highlights include balcony, pet-friendly, river-view, school. Suitable for applicants prioritising practical access, clear tenancy terms and responsive management.",51.547967,-0.113341
P-2522,EC2A 7BM,London,Shoreditch,flat,1,1,3700,,620,True,False,True,True,True,2026-09-30,balcony|concierge|garden|gym|pet-friendly|river-view,"A well-presented 1-bed flat in Shoreditch priced at £3700 pcm. Highlights include balcony, concierge, garden, gym, pet-friendly, river-view. Suitable for applicants prioritising practical access, clear tenancy terms and responsive management.",51.509832,-0.088941
P-2523,SE10 7GL,London,Greenwich,flat,1,2,2550,,707,True,True,False,False,False,2026-09-13,concierge|gym|parking|river-view|workspace,"A well-presented 1-bed flat in Greenwich priced at £2550 pcm. Highlights include concierge, gym, parking, river-view, workspace. Suitable for applicants prioritising practical access, clear tenancy terms and responsive management.",51.488075,-0.062504
P-2524,SE10 5HM,London,Greenwich,house,2,2,3400,,979,True,False,True,True,True,2026-10-16,garden|gym|pet-friendly|river-view|school,"A well-presented 2-bed house in Greenwich priced at £3400 pcm. Highlights include garden, gym, pet-friendly, river-view, school. Suitable for applicants prioritising practical access, clear tenancy terms and responsive management.",51.482097,-0.009386
P-2525,SE10 9EN,London,Greenwich,flat,1,2,2575,,619,False,True,False,True,True,2026-09-23,balcony|parking|school|transport,"A well-presented 1-bed flat in Greenwich priced at £2575 pcm. Highlights include balcony, parking, school, transport. Suitable for applicants prioritising practical access, clear tenancy terms and responsive management.",51.485287,-0.042737
P-2526,N1 1EP,London,Islington,maisonette,2,2,4050,,876,True,True,True,True,True,2026-09-10,balcony|garden|parking|pet-friendly,"A well-presented 2-bed maisonette in Islington priced at £4050 pcm. Highlights include balcony, garden, parking, pet-friendly. Suitable for applicants prioritising practical access, clear tenancy terms and responsive management.",51.531481,-0.1234
P-2527,SW6 6CL,London,Fulham,flat,2,2,4325,,930,False,True,False,False,True,2026-10-05,concierge|gym|parking,"A well-presented 2-bed flat in Fulham priced at £4325 pcm. Highlights include concierge, gym, parking. Suitable for applicants prioritising practical access, clear tenancy terms and responsive management.",51.474534,-0.190591
P-2528,SW4 4BN,London,Clapham,flat,3,3,4325,,1317,True,True,True,False,True,2026-09-21,garden|gym|parking|pet-friendly|transport|workspace,"A well-presented 3-bed flat in Clapham priced at £4325 pcm. Highlights include garden, gym, parking, pet-friendly, transport, workspace. Suitable for applicants prioritising practical access, clear tenancy terms and responsive management.",51.458233,-0.116121
P-2529,EC2A 9CP,London,Shoreditch,flat,1,1,4200,,737,False,True,True,True,False,2026-09-29,balcony|concierge|garden|parking|school|workspace,"A well-presented 1-bed flat in Shoreditch priced at £4200 pcm. Highlights include balcony, concierge, garden, parking, school, workspace. Suitable for applicants prioritising practical access, clear tenancy terms and responsive management.",51.552031,-0.049982
P-2530,SW6 2AK,London,Fulham,flat,4,3,4950,,1422,True,True,False,True,True,2026-08-13,balcony|concierge|pet-friendly|school|transport|workspace,"A well-presented 4-bed flat in Fulham priced at £4950 pcm. Highlights include balcony, concierge, pet-friendly, school, transport, workspace. Suitable for applicants prioritising practical access, clear tenancy terms and responsive management.",51.494528,-0.195311
P-2531,NW1 5GJ,London,Camden,flat,2,2,3450,,972,True,False,False,True,True,2026-09-25,balcony|concierge|gym|pet-friendly|transport,"A well-presented 2-bed flat in Camden priced at £3450 pcm. Highlights include balcony, concierge, gym, pet-friendly, transport. Suitable for applicants prioritising practical access, clear tenancy terms and responsive management.",51.549219,-0.158974
P-2532,SE10 1BJ,London,Greenwich,flat,1,1,2350,,614,True,False,False,True,True,2026-07-28,balcony|gym|pet-friendly|school|transport|workspace,"A well-presented 1-bed flat in Greenwich priced at £2350 pcm. Highlights include balcony, gym, pet-friendly, school, transport, workspace. Suitable for applicants prioritising practical access, clear tenancy terms and responsive management.",51.498494,-0.024882
P-2533,E14 8GJ,London,Canary Wharf,flat,2,3,3475,,950,False,True,False,True,True,2026-08-06,balcony|gym|parking|pet-friendly|school|workspace,"A well-presented 2-bed flat in Canary Wharf priced at £3475 pcm. Highlights include balcony, gym, parking, pet-friendly, school, workspace. Suitable for applicants prioritising practical access, clear tenancy terms and responsive management.",51.499366,-0.00228
P-2534,CR0 8FL,London,Croydon,house,2,2,2375,,994,True,True,True,True,False,2026-10-12,garden|parking|school|transport,"A well-presented 2-bed house in Croydon priced at £2375 pcm. Highlights include garden, parking, school, transport. Suitable for applicants prioritising practical access, clear tenancy terms and responsive management.",51.379445,-0.08209
P-2535,E20 9HN,London,Stratford,flat,2,3,3000,,993,True,True,True,True,False,2026-07-24,balcony|garden|gym|parking|transport|workspace,"A well-presented 2-bed flat in Stratford priced at £3000 pcm. Highlights include balcony, garden, gym, parking, transport, workspace. Suitable for applicants prioritising practical access, clear tenancy terms and responsive management.",51.554015,-0.013295
P-2536,SW3 9BN,London,Chelsea,flat,2,2,4975,,1061,True,True,False,True,True,2026-08-12,balcony|pet-friendly|river-view|school|transport|workspace,"A well-presented 2-bed flat in Chelsea priced at £4975 pcm. Highlights include balcony, pet-friendly, river-view, school, transport, workspace. Suitable for applicants prioritising practical access, clear tenancy terms and responsive management.",51.478072,-0.141728
P-2537,SE10 8GN,London,Greenwich,house,1,1,2725,,684,True,False,True,True,True,2026-07-24,garden|pet-friendly|river-view|school|transport|workspace,"A well-presented 1-bed house in Greenwich priced at £2725 pcm. Highlights include garden, pet-friendly, river-view, school, transport, workspace. Suitable for applicants prioritising practical access, clear tenancy terms and responsive management.",51.477879,-0.042066
P-2538,SE10 5EK,London,Greenwich,house,2,2,3425,,951,True,True,False,True,True,2026-08-20,parking|school|workspace,"A well-presented 2-bed house in Greenwich priced at £3425 pcm. Highlights include parking, school, workspace. Suitable for applicants prioritising practical access, clear tenancy terms and responsive management.",51.487093,0.008522
P-2539,E8 9FM,London,Hackney,maisonette,3,3,3700,,1136,False,False,False,False,True,2026-09-12,gym|pet-friendly|school|transport,"A well-presented 3-bed maisonette in Hackney priced at £3700 pcm. Highlights include gym, pet-friendly, school, transport. Suitable for applicants prioritising practical access, clear tenancy terms and responsive management.",51.542012,-0.049646
P-2540,CR0 2DN,London,Croydon,studio,0,1,1900,,716,True,True,False,False,True,2026-10-21,concierge|parking|pet-friendly|river-view|school|transport,"A well-presented 0-bed studio in Croydon priced at £1900 pcm. Highlights include concierge, parking, pet-friendly, river-view, school, transport. Suitable for applicants prioritising practical access, clear tenancy terms and responsive management.",51.378763,-0.10186
P-2541,SW11 3GJ,London,Battersea,maisonette,2,2,4400,,946,True,True,False,False,False,2026-09-23,gym|parking|school|transport,"A well-presented 2-bed maisonette in Battersea priced at £4400 pcm. Highlights include gym, parking, school, transport. Suitable for applicants prioritising practical access, clear tenancy terms and responsive management.",51.448107,-0.173912
P-2542,E14 2DN,London,Canary Wharf,flat,1,1,4125,,723,True,True,True,False,True,2026-08-29,garden|gym|pet-friendly|school|transport,"A well-presented 1-bed flat in Canary Wharf priced at £4125 pcm. Highlights include garden, gym, pet-friendly, school, transport. Suitable for applicants prioritising practical access, clear tenancy terms and responsive management.",51.51221,-0.012786
P-2543,SW6 2AL,London,Fulham,house,2,2,4000,,985,True,True,True,True,False,2026-07-29,balcony|school|transport,"A well-presented 2-bed house in Fulham priced at £4000 pcm. Highlights include balcony, school, transport. Suitable for applicants prioritising practical access, clear tenancy terms and responsive management.",51.478682,-0.198314
P-2544,SE10 7EM,London,Greenwich,flat,2,3,3375,,921,False,True,False,False,True,2026-08-24,parking|pet-friendly|river-view,"A well-presented 2-bed flat in Greenwich priced at £3375 pcm. Highlights include parking, pet-friendly, river-view. Suitable for applicants prioritising practical access, clear tenancy terms and responsive management.",51.490661,-0.038572
P-2545,EC2A 5HM,London,Shoreditch,flat,2,2,4125,,947,True,False,True,True,True,2026-08-12,balcony|garden|gym|pet-friendly|transport,"A well-presented 2-bed flat in Shoreditch priced at £4125 pcm. Highlights include balcony, garden, gym, pet-friendly, transport. Suitable for applicants prioritising practical access, clear tenancy terms and responsive management.",51.520877,-0.0679
P-2546,SW3 3BM,London,Chelsea,flat,2,2,5225,,945,True,True,True,False,False,2026-09-04,concierge|garden|gym|parking|river-view|workspace,"A well-presented 2-bed flat in Chelsea priced at £5225 pcm. Highlights include concierge, garden, gym, parking, river-view, workspace. Suitable for applicants prioritising practical access, clear tenancy terms and responsive management.",51.478251,-0.142881
P-2547,SW4 2FL,London,Clapham,studio,0,1,2850,,660,False,True,False,True,False,2026-08-12,balcony|concierge|parking,"A well-presented 0-bed studio in Clapham priced at £2850 pcm. Highlights include balcony, concierge, parking. Suitable for applicants prioritising practical access, clear tenancy terms and responsive management.",51.45746,-0.138188
P-2548,E8 6EM,London,Hackney,house,2,2,3500,,798,True,False,True,False,False,2026-09-21,concierge|river-view|workspace,"A well-presented 2-bed house in Hackney priced at £3500 pcm. Highlights include concierge, river-view, workspace. Suitable for applicants prioritising practical access, clear tenancy terms and responsive management.",51.53462,-0.064612
P-2549,SE10 7EP,London,Greenwich,flat,2,2,3175,,815,True,True,False,False,True,2026-09-30,gym|river-view|transport,"A well-presented 2-bed flat in Greenwich priced at £3175 pcm. Highlights include gym, river-view, transport. Suitable for applicants prioritising practical access, clear tenancy terms and responsive management.",51.483077,-0.033312
P-2550,CR0 8EJ,London,Croydon,house,1,1,2475,,742,False,True,False,True,False,2026-09-26,balcony|concierge|gym|parking|school|transport,"A well-presented 1-bed house in Croydon priced at £2475 pcm. Highlights include balcony, concierge, gym, parking, school, transport. Suitable for applicants prioritising practical access, clear tenancy terms and responsive management.",51.375219,-0.115997
P-2551,NW1 9GK,London,Camden,studio,0,1,2350,,730,True,False,True,False,True,2026-08-16,concierge|garden|gym|pet-friendly|school|transport,"A well-presented 0-bed studio in Camden priced at £2350 pcm. Highlights include concierge, garden, gym, pet-friendly, school, transport. Suitable for applicants prioritising practical access, clear tenancy terms and responsive management.",51.560179,-0.09234
P-2552,SW6 7DK,London,Fulham,flat,3,3,5175,,1304,True,False,False,True,True,2026-08-01,balcony|concierge|pet-friendly|river-view|transport,"A well-presented 3-bed flat in Fulham priced at £5175 pcm. Highlights include balcony, concierge, pet-friendly, river-view, transport. Suitable for applicants prioritising practical access, clear tenancy terms and responsive management.",51.486794,-0.197232
P-2553,SW11 3DN,London,Battersea,flat,3,3,4700,,1161,True,False,False,True,True,2026-09-26,balcony|pet-friendly|river-view|school|workspace,"A well-presented 3-bed flat in Battersea priced at £4700 pcm. Highlights include balcony, pet-friendly, river-view, school, workspace. Suitable for applicants prioritising practical access, clear tenancy terms and responsive management.",51.478646,-0.172281
P-2554,SW3 6DL,London,Chelsea,flat,3,3,5650,,1126,True,True,True,False,True,2026-09-06,garden|gym|parking|pet-friendly|school|transport,"A well-presented 3-bed flat in Chelsea priced at £5650 pcm. Highlights include garden, gym, parking, pet-friendly, school, transport. Suitable for applicants prioritising practical access, clear tenancy terms and responsive management.",51.475234,-0.187721
P-2555,SW4 6HM,London,Clapham,flat,1,1,3050,,740,True,True,False,True,True,2026-07-25,balcony|parking|pet-friendly|river-view,"A well-presented 1-bed flat in Clapham priced at £3050 pcm. Highlights include balcony, parking, pet-friendly, river-view. Suitable for applicants prioritising practical access, clear tenancy terms and responsive management.",51.455199,-0.162264
P-2556,NW1 8HP,London,Camden,flat,2,2,3350,,1034,True,True,False,True,True,2026-09-06,balcony|parking|pet-friendly|river-view|transport,"A well-presented 2-bed flat in Camden priced at £3350 pcm. Highlights include balcony, parking, pet-friendly, river-view, transport. Suitable for applicants prioritising practical access, clear tenancy terms and responsive management.",51.532527,-0.176809
P-2557,N1 3HK,London,Islington,flat,2,2,3575,,910,False,False,False,True,True,2026-08-09,balcony|transport|workspace,"A well-presented 2-bed flat in Islington priced at £3575 pcm. Highlights include balcony, transport, workspace. Suitable for applicants prioritising practical access, clear tenancy terms and responsive management.",51.541444,-0.094616
P-2558,SW3 6HM,London,Chelsea,house,2,3,5150,,1007,True,True,True,False,False,2026-08-08,concierge|parking|school|transport,"A well-presented 2-bed house in Chelsea priced at £5150 pcm. Highlights include concierge, parking, school, transport. Suitable for applicants prioritising practical access, clear tenancy terms and responsive management.",51.502967,-0.188691
P-2559,SW3 6BL,London,Chelsea,studio,0,1,4175,,818,False,True,False,False,True,2026-10-02,concierge|pet-friendly|transport,"A well-presented 0-bed studio in Chelsea priced at £4175 pcm. Highlights include concierge, pet-friendly, transport. Suitable for applicants prioritising practical access, clear tenancy terms and responsive management.",51.460553,-0.165183
P-2560,E8 3CJ,London,Hackney,flat,2,2,3550,,967,False,True,False,False,True,2026-09-14,concierge|parking|transport|workspace,"A well-presented 2-bed flat in Hackney priced at £3550 pcm. Highlights include concierge, parking, transport, workspace. Suitable for applicants prioritising practical access, clear tenancy terms and responsive management.",51.540677,-0.044094
P-2561,SW19 9AJ,London,Wimbledon,house,1,1,2950,,629,True,False,True,False,True,2026-09-21,concierge|garden|gym,"A well-presented 1-bed house in Wimbledon priced at £2950 pcm. Highlights include concierge, garden, gym. Suitable for applicants prioritising practical access, clear tenancy terms and responsive management.",51.436146,-0.198101
P-2562,SW4 6AJ,London,Clapham,flat,3,3,4150,,1017,False,True,False,True,True,2026-10-06,balcony|gym|pet-friendly|river-view,"A well-presented 3-bed flat in Clapham priced at £4150 pcm. Highlights include balcony, gym, pet-friendly, river-view. Suitable for applicants prioritising practical access, clear tenancy terms and responsive management.",51.461116,-0.144709
P-2563,EC2A 3EM,London,Shoreditch,flat,1,1,3300,,849,True,True,True,True,False,2026-08-23,balcony|concierge|garden|river-view|school|workspace,"A well-presented 1-bed flat in Shoreditch priced at £3300 pcm. Highlights include balcony, concierge, garden, river-view, school, workspace. Suitable for applicants prioritising practical access, clear tenancy terms and responsive management.",51.490314,-0.078333
P-2564,SW6 6FJ,London,Fulham,flat,4,3,5050,,1340,False,False,False,True,True,2026-10-09,pet-friendly|river-view|transport|workspace,"A well-presented 4-bed flat in Fulham priced at £5050 pcm. Highlights include pet-friendly, river-view, transport, workspace. Suitable for applicants prioritising practical access, clear tenancy terms and responsive management.",51.484777,-0.165251
P-2565,EC2A 2GK,London,Shoreditch,house,3,3,4125,,1020,True,False,True,False,True,2026-10-15,concierge|pet-friendly|river-view|workspace,"A well-presented 3-bed house in Shoreditch priced at £4125 pcm. Highlights include concierge, pet-friendly, river-view, workspace. Suitable for applicants prioritising practical access, clear tenancy terms and responsive management.",51.526065,-0.089061
P-2566,E14 6CM,London,Canary Wharf,flat,1,1,3325,,582,True,True,False,True,True,2026-10-02,balcony|concierge|parking|pet-friendly|river-view|transport,"A well-presented 1-bed flat in Canary Wharf priced at £3325 pcm. Highlights include balcony, concierge, parking, pet-friendly, river-view, transport. Suitable for applicants prioritising practical access, clear tenancy terms and responsive management.",51.495778,-0.0224
P-2567,CR0 9GL,London,Croydon,flat,2,2,2300,,977,False,False,True,True,False,2026-09-15,garden|river-view|school|workspace,"A well-presented 2-bed flat in Croydon priced at £2300 pcm. Highlights include garden, river-view, school, workspace. Suitable for applicants prioritising practical access, clear tenancy terms and responsive management.",51.397595,-0.102652
P-2568,SW11 3AK,London,Battersea,flat,2,2,3650,,863,True,False,True,True,True,2026-08-02,concierge|garden|pet-friendly|school|transport,"A well-presented 2-bed flat in Battersea priced at £3650 pcm. Highlights include concierge, garden, pet-friendly, school, transport. Suitable for applicants prioritising practical access, clear tenancy terms and responsive management.",51.471132,-0.164935
P-2569,NW1 3FK,London,Camden,house,2,2,3600,,876,True,True,True,True,True,2026-08-19,balcony|concierge|garden|river-view|transport,"A well-presented 2-bed house in Camden priced at £3600 pcm. Highlights include balcony, concierge, garden, river-view, transport. Suitable for applicants prioritising practical access, clear tenancy terms and responsive management.",51.551191,-0.149861
P-2570,SE10 6FJ,London,Greenwich,flat,2,2,3625,,868,True,True,False,True,False,2026-10-11,balcony|gym|parking|transport,"A well-presented 2-bed flat in Greenwich priced at £3625 pcm. Highlights include balcony, gym, parking, transport. Suitable for applicants prioritising practical access, clear tenancy terms and responsive management.",51.4676,-0.001009
P-2571,SW11 9EP,London,Battersea,flat,1,1,3525,,510,True,True,True,True,False,2026-10-11,balcony|garden|gym|parking|transport,"A well-presented 1-bed flat in Battersea priced at £3525 pcm. Highlights include balcony, garden, gym, parking, transport. Suitable for applicants prioritising practical access, clear tenancy terms and responsive management.",51.454967,-0.173297
P-2572,EC2A 7CJ,London,Shoreditch,house,1,2,3425,,638,True,False,True,True,True,2026-07-27,balcony|concierge|garden|pet-friendly,"A well-presented 1-bed house in Shoreditch priced at £3425 pcm. Highlights include balcony, concierge, garden, pet-friendly. Suitable for applicants prioritising practical access, clear tenancy terms and responsive management.",51.540284,-0.051414
P-2573,NW1 8FN,London,Camden,flat,3,3,4050,,1121,True,True,True,False,True,2026-09-02,concierge|garden|gym|pet-friendly,"A well-presented 3-bed flat in Camden priced at £4050 pcm. Highlights include concierge, garden, gym, pet-friendly. Suitable for applicants prioritising practical access, clear tenancy terms and responsive management.",51.547879,-0.112365
P-2574,SW19 6EK,London,Wimbledon,flat,3,3,3950,,1162,False,False,False,True,False,2026-07-25,concierge|gym|school|transport,"A well-presented 3-bed flat in Wimbledon priced at £3950 pcm. Highlights include concierge, gym, school, transport. Suitable for applicants prioritising practical access, clear tenancy terms and responsive management.",51.394242,-0.194929
P-2575,E8 7HJ,London,Hackney,flat,1,2,3150,,701,False,True,True,True,True,2026-08-22,balcony|concierge|garden|gym|river-view,"A well-presented 1-bed flat in Hackney priced at £3150 pcm. Highlights include balcony, concierge, garden, gym, river-view. Suitable for applicants prioritising practical access, clear tenancy terms and responsive management.",51.560765,-0.055578
P-2576,E20 9GL,London,Stratford,flat,2,2,3175,,897,False,False,False,True,True,2026-08-06,concierge|pet-friendly|river-view|workspace,"A well-presented 2-bed flat in Stratford priced at £3175 pcm. Highlights include concierge, pet-friendly, river-view, workspace. Suitable for applicants prioritising practical access, clear tenancy terms and responsive management.",51.556303,-0.020108
P-2577,SE10 9EL,London,Greenwich,flat,3,3,3625,,1062,True,False,True,True,True,2026-08-27,balcony|garden|gym|pet-friendly|river-view|transport,"A well-presented 3-bed flat in Greenwich priced at £3625 pcm. Highlights include balcony, garden, gym, pet-friendly, river-view, transport. Suitable for applicants prioritising practical access, clear tenancy terms and responsive management.",51.478299,-0.02975
P-2578,E14 6BL,London,Canary Wharf,flat,1,1,3300,,797,False,True,False,True,False,2026-08-10,balcony|gym|parking,"A well-presented 1-bed flat in Canary Wharf priced at £3300 pcm. Highlights include balcony, gym, parking. Suitable for applicants prioritising practical access, clear tenancy terms and responsive management.",51.509942,-0.034109
P-2579,E20 8CL,London,Stratford,flat,2,2,3025,,828,True,False,True,True,False,2026-10-09,balcony|garden|transport,"A well-presented 2-bed flat in Stratford priced at £3025 pcm. Highlights include balcony, garden, transport. Suitable for applicants prioritising practical access, clear tenancy terms and responsive management.",51.515465,-0.003854
P-2580,SE10 6BN,London,Greenwich,flat,1,1,2625,,675,True,False,True,False,True,2026-07-24,concierge|garden|gym|pet-friendly|workspace,"A well-presented 1-bed flat in Greenwich priced at £2625 pcm. Highlights include concierge, garden, gym, pet-friendly, workspace. Suitable for applicants prioritising practical access, clear tenancy terms and responsive management.",51.47527,0.001406
P-2581,N1 4DK,London,Islington,studio,0,1,3100,,733,False,True,False,True,True,2026-10-07,balcony|parking|pet-friendly|river-view|transport|workspace,"A well-presented 0-bed studio in Islington priced at £3100 pcm. Highlights include balcony, parking, pet-friendly, river-view, transport, workspace. Suitable for applicants prioritising practical access, clear tenancy terms and responsive management.",51.546161,-0.081242
P-2582,SW19 9EM,London,Wimbledon,maisonette,1,1,3250,,764,True,True,True,False,True,2026-07-31,garden|gym|parking|pet-friendly|transport|workspace,"A well-presented 1-bed maisonette in Wimbledon priced at £3250 pcm. Highlights include garden, gym, parking, pet-friendly, transport, workspace. Suitable for applicants prioritising practical access, clear tenancy terms and responsive management.",51.425851,-0.210599
P-2583,SW6 6GP,London,Fulham,flat,1,1,3825,,693,True,True,False,True,True,2026-08-10,balcony|parking|pet-friendly|school|workspace,"A well-presented 1-bed flat in Fulham priced at £3825 pcm. Highlights include balcony, parking, pet-friendly, school, workspace. Suitable for applicants prioritising practical access, clear tenancy terms and responsive management.",51.469842,-0.184057
P-2584,E8 6EK,London,Hackney,house,2,3,3325,,885,True,False,True,False,True,2026-09-02,garden|pet-friendly|school,"A well-presented 2-bed house in Hackney priced at £3325 pcm. Highlights include garden, pet-friendly, school. Suitable for applicants prioritising practical access, clear tenancy terms and responsive management.",51.536913,-0.029491
P-2585,SW11 7CL,London,Battersea,flat,1,1,3900,,700,True,True,False,True,True,2026-08-15,concierge|gym|pet-friendly|river-view|school|workspace,"A well-presented 1-bed flat in Battersea priced at £3900 pcm. Highlights include concierge, gym, pet-friendly, river-view, school, workspace. Suitable for applicants prioritising practical access, clear tenancy terms and responsive management.",51.462253,-0.176864
P-2586,SW6 5CN,London,Fulham,flat,1,1,3575,,705,False,False,False,True,True,2026-07-25,concierge|gym|pet-friendly|river-view|transport,"A well-presented 1-bed flat in Fulham priced at £3575 pcm. Highlights include concierge, gym, pet-friendly, river-view, transport. Suitable for applicants prioritising practical access, clear tenancy terms and responsive management.",51.465077,-0.177746
P-2587,SW19 6AN,London,Wimbledon,flat,1,1,2925,,676,True,False,False,True,True,2026-09-17,balcony|concierge|gym|pet-friendly|river-view|transport,"A well-presented 1-bed flat in Wimbledon priced at £2925 pcm. Highlights include balcony, concierge, gym, pet-friendly, river-view, transport. Suitable for applicants prioritising practical access, clear tenancy terms and responsive management.",51.424225,-0.272791
P-2588,EC2A 4DL,London,Shoreditch,flat,1,1,3350,,603,True,True,True,False,True,2026-09-30,garden|gym|parking|school|transport|workspace,"A well-presented 1-bed flat in Shoreditch priced at £3350 pcm. Highlights include garden, gym, parking, school, transport, workspace. Suitable for applicants prioritising practical access, clear tenancy terms and responsive management.",51.536769,-0.06305
P-2589,SW19 7AN,London,Wimbledon,flat,2,2,3125,,971,False,False,True,False,False,2026-09-21,garden|gym|river-view|transport,"A well-presented 2-bed flat in Wimbledon priced at £3125 pcm. Highlights include garden, gym, river-view, transport. Suitable for applicants prioritising practical access, clear tenancy terms and responsive management.",51.411773,-0.215483
P-2590,SW3 1HM,London,Chelsea,flat,1,1,4650,,556,False,True,True,False,True,2026-09-12,garden|parking|pet-friendly|transport|workspace,"A well-presented 1-bed flat in Chelsea priced at £4650 pcm. Highlights include garden, parking, pet-friendly, transport, workspace. Suitable for applicants prioritising practical access, clear tenancy terms and responsive management.",51.495267,-0.167058
P-2591,N1 2HM,London,Islington,flat,1,2,3525,,719,True,True,False,True,True,2026-08-11,balcony|gym|parking|transport|workspace,"A well-presented 1-bed flat in Islington priced at £3525 pcm. Highlights include balcony, gym, parking, transport, workspace. Suitable for applicants prioritising practical access, clear tenancy terms and responsive management.",51.527225,-0.098691
P-2592,EC2A 5EP,London,Shoreditch,flat,1,1,3625,,602,True,False,False,True,True,2026-09-17,balcony|gym|pet-friendly|transport,"A well-presented 1-bed flat in Shoreditch priced at £3625 pcm. Highlights include balcony, gym, pet-friendly, transport. Suitable for applicants prioritising practical access, clear tenancy terms and responsive management.",51.520801,-0.048537
P-2593,N1 4HK,London,Islington,flat,2,2,3375,,911,False,True,False,True,True,2026-09-22,concierge|gym|parking|pet-friendly,"A well-presented 2-bed flat in Islington priced at £3375 pcm. Highlights include concierge, gym, parking, pet-friendly. Suitable for applicants prioritising practical access, clear tenancy terms and responsive management.",51.563727,-0.138711
P-2594,CR0 5CN,London,Croydon,house,4,3,3475,,1398,True,True,True,True,True,2026-08-28,balcony|parking|pet-friendly|river-view|transport,"A well-presented 4-bed house in Croydon priced at £3475 pcm. Highlights include balcony, parking, pet-friendly, river-view, transport. Suitable for applicants prioritising practical access, clear tenancy terms and responsive management.",51.377405,-0.135417
P-2595,E8 2HN,London,Hackney,studio,0,1,2750,,635,True,True,False,False,True,2026-10-04,parking|river-view|school,"A well-presented 0-bed studio in Hackney priced at £2750 pcm. Highlights include parking, river-view, school. Suitable for applicants prioritising practical access, clear tenancy terms and responsive management.",51.522524,-0.018499
P-2596,EC2A 8CK,London,Shoreditch,flat,1,1,3200,,559,True,False,True,False,True,2026-09-06,concierge|garden|river-view|transport,"A well-presented 1-bed flat in Shoreditch priced at £3200 pcm. Highlights include concierge, garden, river-view, transport. Suitable for applicants prioritising practical access, clear tenancy terms and responsive management.",51.498966,-0.096355
P-2597,E8 3FL,London,Hackney,house,3,3,4175,,1029,True,False,True,True,True,2026-09-09,balcony|garden|pet-friendly|school,"A well-presented 3-bed house in Hackney priced at £4175 pcm. Highlights include balcony, garden, pet-friendly, school. Suitable for applicants prioritising practical access, clear tenancy terms and responsive management.",51.554117,-0.070411
P-2598,SW11 5BP,London,Battersea,flat,2,2,4200,,990,True,True,False,False,True,2026-07-24,concierge|pet-friendly|school|transport,"A well-presented 2-bed flat in Battersea priced at £4200 pcm. Highlights include concierge, pet-friendly, school, transport. Suitable for applicants prioritising practical access, clear tenancy terms and responsive management.",51.472192,-0.184336
P-2599,SW19 1AN,London,Wimbledon,flat,3,3,3625,,1161,True,True,True,True,False,2026-09-23,garden|gym|parking|river-view|transport,"A well-presented 3-bed flat in Wimbledon priced at £3625 pcm. Highlights include garden, gym, parking, river-view, transport. Suitable for applicants prioritising practical access, clear tenancy terms and responsive management.",51.421351,-0.207143
P-2600,SW6 5DM,London,Fulham,flat,1,2,3375,,698,False,True,True,True,True,2026-09-28,balcony|garden|parking|pet-friendly|river-view|transport,"A well-presented 1-bed flat in Fulham priced at £3375 pcm. Highlights include balcony, garden, parking, pet-friendly, river-view, transport. Suitable for applicants prioritising practical access, clear tenancy terms and responsive management.",51.474941,-0.183733
P-2601,N1 6GL,London,Islington,flat,1,1,3175,,391,False,False,True,True,True,2026-09-21,balcony|garden|pet-friendly|school|transport|workspace,"A well-presented 1-bed flat in Islington priced at £3175 pcm. Highlights include balcony, garden, pet-friendly, school, transport, workspace. Suitable for applicants prioritising practical access, clear tenancy terms and responsive management.",51.538085,-0.121565
P-2602,SE10 2FN,London,Greenwich,flat,1,2,2925,,740,False,True,False,True,True,2026-10-09,balcony|concierge|gym|parking|pet-friendly|school,"A well-presented 1-bed flat in Greenwich priced at £2925 pcm. Highlights include balcony, concierge, gym, parking, pet-friendly, school. Suitable for applicants prioritising practical access, clear tenancy terms and responsive management.",51.504173,-0.013394
P-2603,SW19 9EL,London,Wimbledon,flat,2,2,3325,,983,False,True,False,False,True,2026-10-21,concierge|river-view|school,"A well-presented 2-bed flat in Wimbledon priced at £3325 pcm. Highlights include concierge, river-view, school. Suitable for applicants prioritising practical access, clear tenancy terms and responsive management.",51.418593,-0.20993
P-2604,SW3 4DM,London,Chelsea,flat,1,1,4575,,812,True,True,True,True,False,2026-09-16,balcony|concierge|garden|parking|river-view|transport,"A well-presented 1-bed flat in Chelsea priced at £4575 pcm. Highlights include balcony, concierge, garden, parking, river-view, transport. Suitable for applicants prioritising practical access, clear tenancy terms and responsive management.",51.495948,-0.154141
P-2605,SW19 7HP,London,Wimbledon,flat,2,2,3725,,827,True,True,False,True,True,2026-10-02,parking|pet-friendly|river-view|transport,"A well-presented 2-bed flat in Wimbledon priced at £3725 pcm. Highlights include parking, pet-friendly, river-view, transport. Suitable for applicants prioritising practical access, clear tenancy terms and responsive management.",51.426739,-0.191087
P-2606,SE10 9HN,London,Greenwich,flat,1,2,2950,,732,True,False,True,False,True,2026-09-26,garden|pet-friendly|river-view|workspace,"A well-presented 1-bed flat in Greenwich priced at £2950 pcm. Highlights include garden, pet-friendly, river-view, workspace. Suitable for applicants prioritising practical access, clear tenancy terms and responsive management.",51.480255,0.002134
P-2607,E8 3HM,London,Hackney,flat,1,1,3350,,676,True,True,False,True,True,2026-09-02,balcony|gym|pet-friendly|transport|workspace,"A well-presented 1-bed flat in Hackney priced at £3350 pcm. Highlights include balcony, gym, pet-friendly, transport, workspace. Suitable for applicants prioritising practical access, clear tenancy terms and responsive management.",51.536279,-0.071097
P-2608,SW4 2GP,London,Clapham,maisonette,1,2,3475,,690,True,True,True,False,False,2026-09-18,concierge|garden|gym|transport|workspace,"A well-presented 1-bed maisonette in Clapham priced at £3475 pcm. Highlights include concierge, garden, gym, transport, workspace. Suitable for applicants prioritising practical access, clear tenancy terms and responsive management.",51.469526,-0.160122
P-2609,E14 1HK,London,Canary Wharf,flat,3,3,3950,,1294,False,False,False,True,False,2026-10-06,balcony|concierge|gym|transport,"A well-presented 3-bed flat in Canary Wharf priced at £3950 pcm. Highlights include balcony, concierge, gym, transport. Suitable for applicants prioritising practical access, clear tenancy terms and responsive management.",51.501806,-0.045743
P-2610,SE10 4DM,London,Greenwich,house,3,3,4100,,1035,True,False,True,True,False,2026-09-20,concierge|school|workspace,"A well-presented 3-bed house in Greenwich priced at £4100 pcm. Highlights include concierge, school, workspace. Suitable for applicants prioritising practical access, clear tenancy terms and responsive management.",51.464045,0.016135
P-2611,SW11 3AK,London,Battersea,house,2,3,4150,,953,True,True,True,False,True,2026-10-21,garden|pet-friendly|school,"A well-presented 2-bed house in Battersea priced at £4150 pcm. Highlights include garden, pet-friendly, school. Suitable for applicants prioritising practical access, clear tenancy terms and responsive management.",51.482313,-0.163317
P-2612,SW19 1BL,London,Wimbledon,flat,1,1,3025,,561,True,True,False,True,False,2026-10-04,balcony|concierge|gym|parking,"A well-presented 1-bed flat in Wimbledon priced at £3025 pcm. Highlights include balcony, concierge, gym, parking. Suitable for applicants prioritising practical access, clear tenancy terms and responsive management.",51.417264,-0.206177
P-2613,SW19 5CL,London,Wimbledon,maisonette,1,1,3725,,721,False,False,True,True,True,2026-10-03,concierge|garden|pet-friendly|river-view|transport|workspace,"A well-presented 1-bed maisonette in Wimbledon priced at £3725 pcm. Highlights include concierge, garden, pet-friendly, river-view, transport, workspace. Suitable for applicants prioritising practical access, clear tenancy terms and responsive management.",51.42392,-0.195327
P-2614,SW6 8BM,London,Fulham,house,2,2,4075,,917,True,True,False,True,True,2026-09-26,balcony|concierge|parking|pet-friendly|transport,"A well-presented 2-bed house in Fulham priced at £4075 pcm. Highlights include balcony, concierge, parking, pet-friendly, transport. Suitable for applicants prioritising practical access, clear tenancy terms and responsive management.",51.487701,-0.161088
P-2615,E14 1BM,London,Canary Wharf,flat,3,3,4325,,1311,True,True,True,True,False,2026-08-25,balcony|concierge|garden|gym|parking|workspace,"A well-presented 3-bed flat in Canary Wharf priced at £4325 pcm. Highlights include balcony, concierge, garden, gym, parking, workspace. Suitable for applicants prioritising practical access, clear tenancy terms and responsive management.",51.505663,-0.017795
P-2616,SW4 8AN,London,Clapham,flat,1,1,3150,,736,True,True,False,False,True,2026-09-14,gym|parking|school|transport,"A well-presented 1-bed flat in Clapham priced at £3150 pcm. Highlights include gym, parking, school, transport. Suitable for applicants prioritising practical access, clear tenancy terms and responsive management.",51.472164,-0.108602
P-2617,CR0 2HK,London,Croydon,flat,2,2,2250,,836,True,True,True,True,True,2026-08-12,balcony|garden|parking|pet-friendly|transport|workspace,"A well-presented 2-bed flat in Croydon priced at £2250 pcm. Highlights include balcony, garden, parking, pet-friendly, transport, workspace. Suitable for applicants prioritising practical access, clear tenancy terms and responsive management.",51.391971,-0.085361
P-2618,SW6 1HK,London,Fulham,flat,2,3,4150,,826,True,False,True,False,True,2026-09-26,concierge|garden|pet-friendly|river-view|school|workspace,"A well-presented 2-bed flat in Fulham priced at £4150 pcm. Highlights include concierge, garden, pet-friendly, river-view, school, workspace. Suitable for applicants prioritising practical access, clear tenancy terms and responsive management.",51.478542,-0.168744
P-2619,CR0 2GJ,London,Croydon,flat,2,2,2800,,1033,True,True,False,False,True,2026-09-22,concierge|parking|river-view|school|workspace,"A well-presented 2-bed flat in Croydon priced at £2800 pcm. Highlights include concierge, parking, river-view, school, workspace. Suitable for applicants prioritising practical access, clear tenancy terms and responsive management.",51.386896,-0.101878
P-2620,E8 3GK,London,Hackney,flat,1,2,3150,,607,False,False,False,True,True,2026-08-26,concierge|school|transport,"A well-presented 1-bed flat in Hackney priced at £3150 pcm. Highlights include concierge, school, transport. Suitable for applicants prioritising practical access, clear tenancy terms and responsive management.",51.54911,-0.049959
P-2621,N1 8AJ,London,Islington,flat,4,3,4800,,1378,True,True,False,False,True,2026-07-25,concierge|parking|pet-friendly|river-view|workspace,"A well-presented 4-bed flat in Islington priced at £4800 pcm. Highlights include concierge, parking, pet-friendly, river-view, workspace. Suitable for applicants prioritising practical access, clear tenancy terms and responsive management.",51.543767,-0.12272
P-2622,SW11 3DM,London,Battersea,house,3,3,4800,,1059,True,True,True,True,True,2026-08-24,concierge|garden|gym|parking,"A well-presented 3-bed house in Battersea priced at £4800 pcm. Highlights include concierge, garden, gym, parking. Suitable for applicants prioritising practical access, clear tenancy terms and responsive management.",51.490419,-0.166668
P-2623,E14 8AK,London,Canary Wharf,flat,4,3,4600,,1408,True,True,False,False,True,2026-08-24,parking|pet-friendly|river-view|school|workspace,"A well-presented 4-bed flat in Canary Wharf priced at £4600 pcm. Highlights include parking, pet-friendly, river-view, school, workspace. Suitable for applicants prioritising practical access, clear tenancy terms and responsive management.",51.504706,-0.0032
P-2624,E8 2HL,London,Hackney,studio,0,1,2000,,735,True,False,True,True,True,2026-10-18,concierge|garden|pet-friendly|transport|workspace,"A well-presented 0-bed studio in Hackney priced at £2000 pcm. Highlights include concierge, garden, pet-friendly, transport, workspace. Suitable for applicants prioritising practical access, clear tenancy terms and responsive management.",51.547325,-0.058748
P-2625,E14 7GK,London,Canary Wharf,maisonette,2,2,3350,,914,True,False,True,False,True,2026-08-09,concierge|garden|river-view|school|transport|workspace,"A well-presented 2-bed maisonette in Canary Wharf priced at £3350 pcm. Highlights include concierge, garden, river-view, school, transport, workspace. Suitable for applicants prioritising practical access, clear tenancy terms and responsive management.",51.507132,-0.056507
P-2626,EC2A 8CK,London,Shoreditch,flat,1,2,3550,,574,True,False,True,False,True,2026-07-30,concierge|garden|pet-friendly|river-view|transport|workspace,"A well-presented 1-bed flat in Shoreditch priced at £3550 pcm. Highlights include concierge, garden, pet-friendly, river-view, transport, workspace. Suitable for applicants prioritising practical access, clear tenancy terms and responsive management.",51.540645,-0.089902
P-2627,N1 8GK,London,Islington,flat,2,2,4075,,786,True,False,True,True,True,2026-09-06,concierge|garden|gym|pet-friendly|river-view|workspace,"A well-presented 2-bed flat in Islington priced at £4075 pcm. Highlights include concierge, garden, gym, pet-friendly, river-view, workspace. Suitable for applicants prioritising practical access, clear tenancy terms and responsive management.",51.553425,-0.109004
P-2628,E8 7HP,London,Hackney,studio,0,1,2675,,705,True,False,False,True,False,2026-09-19,balcony|gym|school|workspace,"A well-presented 0-bed studio in Hackney priced at £2675 pcm. Highlights include balcony, gym, school, workspace. Suitable for applicants prioritising practical access, clear tenancy terms and responsive management.",51.538727,-0.04625
P-2629,SW19 4BL,London,Wimbledon,flat,1,1,2925,,698,True,False,True,False,True,2026-10-09,concierge|garden|gym|river-view|school|transport,"A well-presented 1-bed flat in Wimbledon priced at £2925 pcm. Highlights include concierge, garden, gym, river-view, school, transport. Suitable for applicants prioritising practical access, clear tenancy terms and responsive management.",51.428588,-0.19104
P-2630,SW6 8GK,London,Fulham,house,2,3,4225,,896,True,True,True,True,True,2026-08-01,concierge|pet-friendly|workspace,"A well-presented 2-bed house in Fulham priced at £4225 pcm. Highlights include concierge, pet-friendly, workspace. Suitable for applicants prioritising practical access, clear tenancy terms and responsive management.",51.491225,-0.18585
P-2631,SW4 1DN,London,Clapham,studio,0,1,2825,,662,True,True,True,True,False,2026-09-25,balcony|garden|parking|river-view|transport,"A well-presented 0-bed studio in Clapham priced at £2825 pcm. Highlights include balcony, garden, parking, river-view, transport. Suitable for applicants prioritising practical access, clear tenancy terms and responsive management.",51.464893,-0.158695
P-2632,NW1 3EJ,London,Camden,flat,3,3,4325,,1172,True,True,False,True,True,2026-10-11,balcony|concierge|parking|pet-friendly|transport|workspace,"A well-presented 3-bed flat in Camden priced at £4325 pcm. Highlights include balcony, concierge, parking, pet-friendly, transport, workspace. Suitable for applicants prioritising practical access, clear tenancy terms and responsive management.",51.527001,-0.103115
P-2633,SW11 8GM,London,Battersea,flat,3,3,4425,,1171,True,False,False,True,False,2026-08-06,balcony|concierge|school,"A well-presented 3-bed flat in Battersea priced at £4425 pcm. Highlights include balcony, concierge, school. Suitable for applicants prioritising practical access, clear tenancy terms and responsive management.",51.463045,-0.175762
P-2634,SW19 2HP,London,Wimbledon,maisonette,1,1,3100,,758,True,True,False,True,False,2026-08-24,balcony|concierge|parking|school|transport|workspace,"A well-presented 1-bed maisonette in Wimbledon priced at £3100 pcm. Highlights include balcony, concierge, parking, school, transport, workspace. Suitable for applicants prioritising practical access, clear tenancy terms and responsive management.",51.429157,-0.164797
P-2635,CR0 3EJ,London,Croydon,maisonette,1,1,2000,,653,True,False,True,True,True,2026-08-24,balcony|garden|pet-friendly|school|transport|workspace,"A well-presented 1-bed maisonette in Croydon priced at £2000 pcm. Highlights include balcony, garden, pet-friendly, school, transport, workspace. Suitable for applicants prioritising practical access, clear tenancy terms and responsive management.",51.400229,-0.103736
P-2636,SW4 2AJ,London,Clapham,maisonette,3,3,3800,,1277,True,False,True,False,False,2026-09-24,concierge|garden|gym|river-view|school|transport,"A well-presented 3-bed maisonette in Clapham priced at £3800 pcm. Highlights include concierge, garden, gym, river-view, school, transport. Suitable for applicants prioritising practical access, clear tenancy terms and responsive management.",51.452862,-0.159291
P-2637,SW3 3AK,London,Chelsea,flat,1,2,3900,,723,True,True,False,True,False,2026-09-04,gym|parking|river-view|transport,"A well-presented 1-bed flat in Chelsea priced at £3900 pcm. Highlights include gym, parking, river-view, transport. Suitable for applicants prioritising practical access, clear tenancy terms and responsive management.",51.51215,-0.166039
P-2638,SW19 5EL,London,Wimbledon,house,2,2,3275,,899,True,False,True,True,False,2026-08-29,balcony|river-view|workspace,"A well-presented 2-bed house in Wimbledon priced at £3275 pcm. Highlights include balcony, river-view, workspace. Suitable for applicants prioritising practical access, clear tenancy terms and responsive management.",51.436684,-0.220672
P-2639,SW6 7CK,London,Fulham,flat,3,3,4300,,1258,False,True,False,True,True,2026-08-01,balcony|parking|pet-friendly|river-view|transport,"A well-presented 3-bed flat in Fulham priced at £4300 pcm. Highlights include balcony, parking, pet-friendly, river-view, transport. Suitable for applicants prioritising practical access, clear tenancy terms and responsive management.",51.498322,-0.160754
P-2640,E14 9FJ,London,Canary Wharf,flat,2,2,3575,,1178,False,True,True,False,True,2026-10-20,garden|gym|parking|pet-friendly|transport|workspace,"A well-presented 2-bed flat in Canary Wharf priced at £3575 pcm. Highlights include garden, gym, parking, pet-friendly, transport, workspace. Suitable for applicants prioritising practical access, clear tenancy terms and responsive management.",51.525908,-0.014157
P-2641,EC2A 2FN,London,Shoreditch,maisonette,1,1,3275,,711,True,True,False,True,True,2026-09-06,concierge|gym|parking|school,"A well-presented 1-bed maisonette in Shoreditch priced at £3275 pcm. Highlights include concierge, gym, parking, school. Suitable for applicants prioritising practical access, clear tenancy terms and responsive management.",51.507759,-0.079398
P-2642,NW1 6DN,London,Camden,flat,2,3,3250,,1044,True,True,False,False,False,2026-08-07,gym|parking|river-view,"A well-presented 2-bed flat in Camden priced at £3250 pcm. Highlights include gym, parking, river-view. Suitable for applicants prioritising practical access, clear tenancy terms and responsive management.",51.519652,-0.12665
P-2643,E8 5BN,London,Hackney,flat,3,3,3825,,1284,True,False,True,True,False,2026-07-26,concierge|garden|river-view|school|transport|workspace,"A well-presented 3-bed flat in Hackney priced at £3825 pcm. Highlights include concierge, garden, river-view, school, transport, workspace. Suitable for applicants prioritising practical access, clear tenancy terms and responsive management.",51.53067,-0.073528
P-2644,SW4 7CP,London,Clapham,studio,0,1,2800,,785,True,False,False,False,False,2026-07-29,concierge|gym|school|workspace,"A well-presented 0-bed studio in Clapham priced at £2800 pcm. Highlights include concierge, gym, school, workspace. Suitable for applicants prioritising practical access, clear tenancy terms and responsive management.",51.458616,-0.174172
P-2645,EC2A 6BM,London,Shoreditch,flat,3,3,3950,,1161,True,False,True,False,True,2026-10-20,garden|pet-friendly|river-view|school|transport|workspace,"A well-presented 3-bed flat in Shoreditch priced at £3950 pcm. Highlights include garden, pet-friendly, river-view, school, transport, workspace. Suitable for applicants prioritising practical access, clear tenancy terms and responsive management.",51.505746,-0.095353
P-2646,E8 4HL,London,Hackney,flat,1,1,2800,,872,True,True,False,True,True,2026-07-26,balcony|parking|river-view|workspace,"A well-presented 1-bed flat in Hackney priced at £2800 pcm. Highlights include balcony, parking, river-view, workspace. Suitable for applicants prioritising practical access, clear tenancy terms and responsive management.",51.560061,-0.042939
P-2647,SW6 1CJ,London,Fulham,house,3,3,4675,,1245,True,False,False,False,True,2026-08-08,pet-friendly|river-view|transport,"A well-presented 3-bed house in Fulham priced at £4675 pcm. Highlights include pet-friendly, river-view, transport. Suitable for applicants prioritising practical access, clear tenancy terms and responsive management.",51.477455,-0.18524
P-2648,SW19 3GM,London,Wimbledon,flat,2,2,3375,,920,True,True,True,True,False,2026-08-05,balcony|garden|school,"A well-presented 2-bed flat in Wimbledon priced at £3375 pcm. Highlights include balcony, garden, school. Suitable for applicants prioritising practical access, clear tenancy terms and responsive management.",51.412412,-0.21641
P-2649,NW1 2GJ,London,Camden,studio,0,1,2575,,717,False,True,False,True,False,2026-09-20,concierge|gym|parking|school|transport,"A well-presented 0-bed studio in Camden priced at £2575 pcm. Highlights include concierge, gym, parking, school, transport. Suitable for applicants prioritising practical access, clear tenancy terms and responsive management.",51.554727,-0.12152
P-2650,SW4 8EL,London,Clapham,studio,0,1,2925,,739,True,True,False,False,True,2026-08-28,concierge|gym|parking|transport,"A well-presented 0-bed studio in Clapham priced at £2925 pcm. Highlights include concierge, gym, parking, transport. Suitable for applicants prioritising practical access, clear tenancy terms and responsive management.",51.471721,-0.143395
P-2651,N1 2FP,London,Islington,flat,1,1,3000,,691,True,False,False,True,False,2026-10-05,balcony|concierge|school,"A well-presented 1-bed flat in Islington priced at £3000 pcm. Highlights include balcony, concierge, school. Suitable for applicants prioritising practical access, clear tenancy terms and responsive management.",51.550265,-0.132523
P-2652,N1 7AL,London,Islington,flat,3,3,3750,,1247,True,False,False,True,True,2026-07-25,balcony|concierge|gym|pet-friendly|school|workspace,"A well-presented 3-bed flat in Islington priced at £3750 pcm. Highlights include balcony, concierge, gym, pet-friendly, school, workspace. Suitable for applicants prioritising practical access, clear tenancy terms and responsive management.",51.557417,-0.107414
P-2653,SE10 4GN,London,Greenwich,house,2,2,2525,,1133,True,False,True,False,False,2026-07-30,garden|school|transport,"A well-presented 2-bed house in Greenwich priced at £2525 pcm. Highlights include garden, school, transport. Suitable for applicants prioritising practical access, clear tenancy terms and responsive management.",51.500545,-0.012823
P-2654,NW1 1FJ,London,Camden,maisonette,2,2,3325,,871,True,False,False,True,True,2026-09-29,balcony|pet-friendly|transport,"A well-presented 2-bed maisonette in Camden priced at £3325 pcm. Highlights include balcony, pet-friendly, transport. Suitable for applicants prioritising practical access, clear tenancy terms and responsive management.",51.540063,-0.151462
P-2655,CR0 4AK,London,Croydon,flat,1,1,2275,,604,True,True,True,True,False,2026-08-10,garden|gym|river-view|school|transport|workspace,"A well-presented 1-bed flat in Croydon priced at £2275 pcm. Highlights include garden, gym, river-view, school, transport, workspace. Suitable for applicants prioritising practical access, clear tenancy terms and responsive management.",51.389652,-0.0837
P-2656,E14 6DJ,London,Canary Wharf,flat,2,3,3850,,1032,True,False,False,True,True,2026-10-15,balcony|concierge|pet-friendly|river-view|workspace,"A well-presented 2-bed flat in Canary Wharf priced at £3850 pcm. Highlights include balcony, concierge, pet-friendly, river-view, workspace. Suitable for applicants prioritising practical access, clear tenancy terms and responsive management.",51.495073,-0.035266
P-2657,SE10 8EP,London,Greenwich,maisonette,2,2,3450,,1107,True,False,False,False,True,2026-08-25,pet-friendly|school|transport,"A well-presented 2-bed maisonette in Greenwich priced at £3450 pcm. Highlights include pet-friendly, school, transport. Suitable for applicants prioritising practical access, clear tenancy terms and responsive management.",51.482105,0.031164
P-2658,SW4 5FK,London,Clapham,studio,0,1,3250,,742,False,False,False,True,True,2026-08-04,concierge|pet-friendly|school|transport|workspace,"A well-presented 0-bed studio in Clapham priced at £3250 pcm. Highlights include concierge, pet-friendly, school, transport, workspace. Suitable for applicants prioritising practical access, clear tenancy terms and responsive management.",51.480501,-0.146688
P-2659,E20 5EL,London,Stratford,flat,1,1,2625,,643,True,True,False,False,True,2026-09-13,parking|pet-friendly|school,"A well-presented 1-bed flat in Stratford priced at £2625 pcm. Highlights include parking, pet-friendly, school. Suitable for applicants prioritising practical access, clear tenancy terms and responsive management.",51.553663,-0.010141
P-2660,SE10 4GJ,London,Greenwich,house,3,3,3900,,1059,True,False,True,True,False,2026-08-10,balcony|concierge|garden|gym|river-view,"A well-presented 3-bed house in Greenwich priced at £3900 pcm. Highlights include balcony, concierge, garden, gym, river-view. Suitable for applicants prioritising practical access, clear tenancy terms and responsive management.",51.47127,0.0068
P-2661,N1 7AK,London,Islington,flat,1,1,3250,,705,True,False,True,False,False,2026-09-07,garden|river-view|transport,"A well-presented 1-bed flat in Islington priced at £3250 pcm. Highlights include garden, river-view, transport. Suitable for applicants prioritising practical access, clear tenancy terms and responsive management.",51.534646,-0.092785
P-2662,SW4 4BM,London,Clapham,maisonette,1,1,2750,,690,False,True,False,False,True,2026-08-05,concierge|parking|river-view|school|transport,"A well-presented 1-bed maisonette in Clapham priced at £2750 pcm. Highlights include concierge, parking, river-view, school, transport. Suitable for applicants prioritising practical access, clear tenancy terms and responsive management.",51.456326,-0.151192
P-2663,NW1 4FL,London,Camden,studio,0,1,2725,,831,True,True,True,True,True,2026-10-04,concierge|garden|parking|river-view|transport|workspace,"A well-presented 0-bed studio in Camden priced at £2725 pcm. Highlights include concierge, garden, parking, river-view, transport, workspace. Suitable for applicants prioritising practical access, clear tenancy terms and responsive management.",51.541858,-0.157734
P-2664,N1 8AL,London,Islington,flat,1,2,3350,,656,True,True,True,True,False,2026-09-20,balcony|concierge|garden|parking|school|transport,"A well-presented 1-bed flat in Islington priced at £3350 pcm. Highlights include balcony, concierge, garden, parking, school, transport. Suitable for applicants prioritising practical access, clear tenancy terms and responsive management.",51.54215,-0.102461
P-2665,E20 7DM,London,Stratford,flat,3,3,3950,,1198,True,False,False,True,True,2026-09-11,pet-friendly|school|workspace,"A well-presented 3-bed flat in Stratford priced at £3950 pcm. Highlights include pet-friendly, school, workspace. Suitable for applicants prioritising practical access, clear tenancy terms and responsive management.",51.560968,0.013044
P-2666,E20 1FP,London,Stratford,flat,4,3,4225,,1354,True,True,True,False,False,2026-07-30,garden|parking|river-view|workspace,"A well-presented 4-bed flat in Stratford priced at £4225 pcm. Highlights include garden, parking, river-view, workspace. Suitable for applicants prioritising practical access, clear tenancy terms and responsive management.",51.534601,-0.004166
P-2667,SW4 4AP,London,Clapham,studio,0,1,2925,,613,False,False,False,True,True,2026-10-04,balcony|pet-friendly|river-view|school,"A well-presented 0-bed studio in Clapham priced at £2925 pcm. Highlights include balcony, pet-friendly, river-view, school. Suitable for applicants prioritising practical access, clear tenancy terms and responsive management.",51.482435,-0.1006
P-2668,SE10 4CP,London,Greenwich,studio,0,1,2450,,675,True,True,False,True,True,2026-10-09,balcony|parking|pet-friendly|transport,"A well-presented 0-bed studio in Greenwich priced at £2450 pcm. Highlights include balcony, parking, pet-friendly, transport. Suitable for applicants prioritising practical access, clear tenancy terms and responsive management.",51.502329,-0.03196
P-2669,SW11 3FK,London,Battersea,flat,3,3,4525,,1319,True,False,True,True,True,2026-09-12,balcony|concierge|garden|pet-friendly,"A well-presented 3-bed flat in Battersea priced at £4525 pcm. Highlights include balcony, concierge, garden, pet-friendly. Suitable for applicants prioritising practical access, clear tenancy terms and responsive management.",51.460046,-0.149143
P-2670,SW4 3DP,London,Clapham,house,3,3,3925,,1124,False,True,True,True,True,2026-09-05,balcony|concierge|garden|gym|parking|pet-friendly,"A well-presented 3-bed house in Clapham priced at £3925 pcm. Highlights include balcony, concierge, garden, gym, parking, pet-friendly. Suitable for applicants prioritising practical access, clear tenancy terms and responsive management.",51.445303,-0.145944
P-2671,CR0 7DK,London,Croydon,flat,1,1,2725,,758,True,False,True,True,True,2026-09-28,balcony|concierge|garden|transport,"A well-presented 1-bed flat in Croydon priced at £2725 pcm. Highlights include balcony, concierge, garden, transport. Suitable for applicants prioritising practical access, clear tenancy terms and responsive management.",51.347579,-0.108375
P-2672,N1 8FL,London,Islington,flat,3,3,4025,,1119,True,True,True,False,False,2026-09-04,garden|gym|river-view|workspace,"A well-presented 3-bed flat in Islington priced at £4025 pcm. Highlights include garden, gym, river-view, workspace. Suitable for applicants prioritising practical access, clear tenancy terms and responsive management.",51.546191,-0.144709
P-2673,N1 4DJ,London,Islington,flat,2,2,3375,,944,True,False,False,False,True,2026-07-24,concierge|pet-friendly|river-view|transport,"A well-presented 2-bed flat in Islington priced at £3375 pcm. Highlights include concierge, pet-friendly, river-view, transport. Suitable for applicants prioritising practical access, clear tenancy terms and responsive management.",51.526999,-0.104308
P-2674,SW11 8HM,London,Battersea,house,1,1,4125,,591,False,False,True,True,True,2026-08-19,balcony|concierge|gym|school|workspace,"A well-presented 1-bed house in Battersea priced at £4125 pcm. Highlights include balcony, concierge, gym, school, workspace. Suitable for applicants prioritising practical access, clear tenancy terms and responsive management.",51.474771,-0.146813
P-2675,E20 1DN,London,Stratford,flat,2,2,2800,,827,False,True,True,False,True,2026-07-30,garden|pet-friendly|workspace,"A well-presented 2-bed flat in Stratford priced at £2800 pcm. Highlights include garden, pet-friendly, workspace. Suitable for applicants prioritising practical access, clear tenancy terms and responsive management.",51.540295,0.037273
P-2676,EC2A 5BP,London,Shoreditch,flat,3,3,4275,,1205,True,True,False,False,True,2026-10-13,concierge|parking|workspace,"A well-presented 3-bed flat in Shoreditch priced at £4275 pcm. Highlights include concierge, parking, workspace. Suitable for applicants prioritising practical access, clear tenancy terms and responsive management.",51.527711,-0.092301
P-2677,SW3 7HM,London,Chelsea,house,1,1,4875,,743,True,False,False,False,False,2026-09-09,concierge|river-view|school|transport|workspace,"A well-presented 1-bed house in Chelsea priced at £4875 pcm. Highlights include concierge, river-view, school, transport, workspace. Suitable for applicants prioritising practical access, clear tenancy terms and responsive management.",51.479949,-0.181421
P-2678,SW19 6GL,London,Wimbledon,maisonette,2,2,3325,,868,True,True,False,True,False,2026-08-02,balcony|concierge|gym|parking|school|transport,"A well-presented 2-bed maisonette in Wimbledon priced at £3325 pcm. Highlights include balcony, concierge, gym, parking, school, transport. Suitable for applicants prioritising practical access, clear tenancy terms and responsive management.",51.410499,-0.214977
P-2679,N1 8EN,London,Islington,flat,1,1,3100,,717,False,True,True,True,False,2026-08-25,balcony|garden|parking|river-view|transport,"A well-presented 1-bed flat in Islington priced at £3100 pcm. Highlights include balcony, garden, parking, river-view, transport. Suitable for applicants prioritising practical access, clear tenancy terms and responsive management.",51.547449,-0.110987
P-2680,SW19 7GL,London,Wimbledon,house,4,3,4125,,1432,True,True,True,False,True,2026-08-09,concierge|garden|parking|school|transport|workspace,"A well-presented 4-bed house in Wimbledon priced at £4125 pcm. Highlights include concierge, garden, parking, school, transport, workspace. Suitable for applicants prioritising practical access, clear tenancy terms and responsive management.",51.431778,-0.203703
P-2681,SE10 2BL,London,Greenwich,house,3,3,3150,,1279,True,False,False,False,True,2026-08-29,concierge|gym|pet-friendly|school|transport,"A well-presented 3-bed house in Greenwich priced at £3150 pcm. Highlights include concierge, gym, pet-friendly, school, transport. Suitable for applicants prioritising practical access, clear tenancy terms and responsive management.",51.472023,-0.006074
P-2682,SW6 3CK,London,Fulham,maisonette,2,3,4625,,971,True,True,True,False,False,2026-09-29,garden|parking|school|transport,"A well-presented 2-bed maisonette in Fulham priced at £4625 pcm. Highlights include garden, parking, school, transport. Suitable for applicants prioritising practical access, clear tenancy terms and responsive management.",51.472831,-0.184803
P-2683,SW11 2CK,London,Battersea,house,1,1,3100,,692,False,True,True,True,False,2026-09-19,balcony|concierge|garden|parking|river-view|school,"A well-presented 1-bed house in Battersea priced at £3100 pcm. Highlights include balcony, concierge, garden, parking, river-view, school. Suitable for applicants prioritising practical access, clear tenancy terms and responsive management.",51.462808,-0.147249
P-2684,SW6 4EN,London,Fulham,flat,3,3,4975,,1233,True,True,True,True,False,2026-09-09,balcony|garden|parking|river-view|transport|workspace,"A well-presented 3-bed flat in Fulham priced at £4975 pcm. Highlights include balcony, garden, parking, river-view, transport, workspace. Suitable for applicants prioritising practical access, clear tenancy terms and responsive management.",51.491689,-0.203853
P-2685,E8 5GK,London,Hackney,flat,1,2,2550,,698,True,True,True,True,True,2026-10-01,balcony|garden|parking|pet-friendly|transport,"A well-presented 1-bed flat in Hackney priced at £2550 pcm. Highlights include balcony, garden, parking, pet-friendly, transport. Suitable for applicants prioritising practical access, clear tenancy terms and responsive management.",51.521184,-0.060108
P-2686,EC2A 1CM,London,Shoreditch,maisonette,1,1,3600,,668,False,True,False,True,True,2026-09-11,balcony|concierge|parking|pet-friendly|river-view|transport,"A well-presented 1-bed maisonette in Shoreditch priced at £3600 pcm. Highlights include balcony, concierge, parking, pet-friendly, river-view, transport. Suitable for applicants prioritising practical access, clear tenancy terms and responsive management.",51.523977,-0.078243
P-2687,E8 9GL,London,Hackney,flat,2,2,3650,,1033,False,True,False,False,True,2026-09-25,parking|pet-friendly|school,"A well-presented 2-bed flat in Hackney priced at £3650 pcm. Highlights include parking, pet-friendly, school. Suitable for applicants prioritising practical access, clear tenancy terms and responsive management.",51.550227,-0.052303
P-2688,CR0 8GL,London,Croydon,maisonette,3,3,3025,,1153,False,True,False,True,True,2026-07-24,balcony|concierge|parking|school|transport|workspace,"A well-presented 3-bed maisonette in Croydon priced at £3025 pcm. Highlights include balcony, concierge, parking, school, transport, workspace. Suitable for applicants prioritising practical access, clear tenancy terms and responsive management.",51.356808,-0.113835
P-2689,E14 2GM,London,Canary Wharf,flat,2,2,3400,,781,True,True,True,True,True,2026-08-25,garden|gym|parking|pet-friendly|river-view|school,"A well-presented 2-bed flat in Canary Wharf priced at £3400 pcm. Highlights include garden, gym, parking, pet-friendly, river-view, school. Suitable for applicants prioritising practical access, clear tenancy terms and responsive management.",51.50494,-0.008762
P-2690,NW1 3DK,London,Camden,flat,2,3,3500,,1025,False,False,True,False,False,2026-09-14,garden|school|transport|workspace,"A well-presented 2-bed flat in Camden priced at £3500 pcm. Highlights include garden, school, transport, workspace. Suitable for applicants prioritising practical access, clear tenancy terms and responsive management.",51.515877,-0.169272
P-2691,SW6 2HJ,London,Fulham,maisonette,2,2,3925,,927,False,True,False,True,False,2026-09-14,balcony|parking|school,"A well-presented 2-bed maisonette in Fulham priced at £3925 pcm. Highlights include balcony, parking, school. Suitable for applicants prioritising practical access, clear tenancy terms and responsive management.",51.46783,-0.188898
P-2692,EC2A 6AN,London,Shoreditch,flat,2,3,3825,,1101,True,True,True,True,True,2026-09-30,balcony|concierge|garden|parking|workspace,"A well-presented 2-bed flat in Shoreditch priced at £3825 pcm. Highlights include balcony, concierge, garden, parking, workspace. Suitable for applicants prioritising practical access, clear tenancy terms and responsive management.",51.518501,-0.077472
P-2693,EC2A 2HN,London,Shoreditch,flat,3,3,4525,,1124,True,True,True,True,False,2026-10-05,balcony|garden|gym|parking|river-view,"A well-presented 3-bed flat in Shoreditch priced at £4525 pcm. Highlights include balcony, garden, gym, parking, river-view. Suitable for applicants prioritising practical access, clear tenancy terms and responsive management.",51.521414,-0.070038
P-2694,SW3 5FJ,London,Chelsea,flat,3,3,5525,,1182,True,True,True,False,False,2026-08-19,concierge|garden|gym|parking|transport,"A well-presented 3-bed flat in Chelsea priced at £5525 pcm. Highlights include concierge, garden, gym, parking, transport. Suitable for applicants prioritising practical access, clear tenancy terms and responsive management.",51.465752,-0.121349
P-2695,NW1 1FN,London,Camden,house,1,2,2950,,728,True,False,True,True,False,2026-10-02,balcony|concierge|garden|river-view|school|transport,"A well-presented 1-bed house in Camden priced at £2950 pcm. Highlights include balcony, concierge, garden, river-view, school, transport. Suitable for applicants prioritising practical access, clear tenancy terms and responsive management.",51.519594,-0.136366
P-2696,E14 3FN,London,Canary Wharf,flat,4,3,4450,,1341,False,False,True,False,False,2026-10-10,concierge|garden|gym|school|transport|workspace,"A well-presented 4-bed flat in Canary Wharf priced at £4450 pcm. Highlights include concierge, garden, gym, school, transport, workspace. Suitable for applicants prioritising practical access, clear tenancy terms and responsive management.",51.504786,-0.051964
P-2697,E14 9GM,London,Canary Wharf,flat,3,3,4300,,1333,False,False,True,True,False,2026-10-10,balcony|concierge|garden|school|transport,"A well-presented 3-bed flat in Canary Wharf priced at £4300 pcm. Highlights include balcony, concierge, garden, school, transport. Suitable for applicants prioritising practical access, clear tenancy terms and responsive management.",51.508565,-0.033558
P-2698,NW1 3DJ,London,Camden,maisonette,1,2,3000,,743,False,False,True,False,True,2026-09-28,garden|gym|pet-friendly,"A well-presented 1-bed maisonette in Camden priced at £3000 pcm. Highlights include garden, gym, pet-friendly. Suitable for applicants prioritising practical access, clear tenancy terms and responsive management.",51.517261,-0.16069
P-2699,SW4 3GJ,London,Clapham,house,3,3,4175,,1117,True,False,True,False,True,2026-10-14,garden|pet-friendly|river-view|school|transport,"A well-presented 3-bed house in Clapham priced at £4175 pcm. Highlights include garden, pet-friendly, river-view, school, transport. Suitable for applicants prioritising practical access, clear tenancy terms and responsive management.",51.467831,-0.151715
P-2700,NW1 9DJ,London,Camden,house,3,3,3900,,976,True,True,True,True,True,2026-08-17,balcony|concierge|garden|parking|pet-friendly|workspace,"A well-presented 3-bed house in Camden priced at £3900 pcm. Highlights include balcony, concierge, garden, parking, pet-friendly, workspace. Suitable for applicants prioritising practical access, clear tenancy terms and responsive management.",51.539464,-0.128415
P-2701,SW11 9CL,London,Battersea,flat,2,2,4525,,997,False,False,True,True,True,2026-09-10,balcony|concierge|garden|gym|transport|workspace,"A well-presented 2-bed flat in Battersea priced at £4525 pcm. Highlights include balcony, concierge, garden, gym, transport, workspace. Suitable for applicants prioritising practical access, clear tenancy terms and responsive management.",51.454762,-0.169745
P-2702,NW1 8BM,London,Camden,house,3,3,3825,,1180,True,False,True,True,True,2026-09-26,balcony|gym|pet-friendly|school|transport,"A well-presented 3-bed house in Camden priced at £3825 pcm. Highlights include balcony, gym, pet-friendly, school, transport. Suitable for applicants prioritising practical access, clear tenancy terms and responsive management.",51.549515,-0.137049
P-2703,SW19 7FL,London,Wimbledon,flat,3,3,3775,,1289,False,True,False,True,True,2026-10-01,balcony|concierge|parking|river-view,"A well-presented 3-bed flat in Wimbledon priced at £3775 pcm. Highlights include balcony, concierge, parking, river-view. Suitable for applicants prioritising practical access, clear tenancy terms and responsive management.",51.440601,-0.17889
P-2704,CR0 8GM,London,Croydon,flat,2,2,2600,,1013,False,False,True,False,True,2026-09-02,garden|river-view|school,"A well-presented 2-bed flat in Croydon priced at £2600 pcm. Highlights include garden, river-view, school. Suitable for applicants prioritising practical access, clear tenancy terms and responsive management.",51.377394,-0.098327
P-2705,EC2A 2FM,London,Shoreditch,flat,2,3,3875,,833,False,False,False,False,True,2026-07-31,school|transport|workspace,"A well-presented 2-bed flat in Shoreditch priced at £3875 pcm. Highlights include school, transport, workspace. Suitable for applicants prioritising practical access, clear tenancy terms and responsive management.",51.530289,-0.06372
P-2706,SW6 9HM,London,Fulham,flat,3,3,4325,,1268,True,False,True,True,True,2026-09-29,balcony|concierge|garden|pet-friendly|school,"A well-presented 3-bed flat in Fulham priced at £4325 pcm. Highlights include balcony, concierge, garden, pet-friendly, school. Suitable for applicants prioritising practical access, clear tenancy terms and responsive management.",51.476235,-0.199674
P-2707,E14 1FP,London,Canary Wharf,house,4,3,4600,,1539,True,False,False,True,True,2026-10-02,gym|pet-friendly|river-view,"A well-presented 4-bed house in Canary Wharf priced at £4600 pcm. Highlights include gym, pet-friendly, river-view. Suitable for applicants prioritising practical access, clear tenancy terms and responsive management.",51.513124,0.013892
P-2708,SW4 3AP,London,Clapham,studio,0,1,2850,,814,False,False,False,True,True,2026-07-24,concierge|pet-friendly|school,"A well-presented 0-bed studio in Clapham priced at £2850 pcm. Highlights include concierge, pet-friendly, school. Suitable for applicants prioritising practical access, clear tenancy terms and responsive management.",51.463074,-0.098256
P-2709,E8 3GN,London,Hackney,flat,2,3,3225,,875,True,True,False,False,False,2026-08-22,gym|river-view|transport,"A well-presented 2-bed flat in Hackney priced at £3225 pcm. Highlights include gym, river-view, transport. Suitable for applicants prioritising practical access, clear tenancy terms and responsive management.",51.540219,-0.06334
P-2710,EC2A 7DK,London,Shoreditch,flat,4,3,4600,,1403,True,True,True,False,False,2026-09-07,concierge|garden|gym|parking|river-view|transport,"A well-presented 4-bed flat in Shoreditch priced at £4600 pcm. Highlights include concierge, garden, gym, parking, river-view, transport. Suitable for applicants prioritising practical access, clear tenancy terms and responsive management.",51.544362,-0.049494
P-2711,SW11 6FP,London,Battersea,flat,1,1,3800,,731,True,True,False,True,True,2026-10-19,balcony|gym|parking|pet-friendly|river-view|workspace,"A well-presented 1-bed flat in Battersea priced at £3800 pcm. Highlights include balcony, gym, parking, pet-friendly, river-view, workspace. Suitable for applicants prioritising practical access, clear tenancy terms and responsive management.",51.454356,-0.185309
P-2712,SW4 4EP,London,Clapham,flat,3,3,4275,,1271,True,True,False,False,False,2026-08-26,concierge|gym|parking,"A well-presented 3-bed flat in Clapham priced at £4275 pcm. Highlights include concierge, gym, parking. Suitable for applicants prioritising practical access, clear tenancy terms and responsive management.",51.460752,-0.152172
P-2713,E14 2CK,London,Canary Wharf,flat,2,3,3650,,833,True,False,True,True,False,2026-09-03,garden|gym|transport|workspace,"A well-presented 2-bed flat in Canary Wharf priced at £3650 pcm. Highlights include garden, gym, transport, workspace. Suitable for applicants prioritising practical access, clear tenancy terms and responsive management.",51.485573,-0.006095
P-2714,E14 8HN,London,Canary Wharf,flat,3,3,4025,,1273,True,True,True,True,True,2026-09-30,garden|gym|parking|pet-friendly|river-view|school,"A well-presented 3-bed flat in Canary Wharf priced at £4025 pcm. Highlights include garden, gym, parking, pet-friendly, river-view, school. Suitable for applicants prioritising practical access, clear tenancy terms and responsive management.",51.502337,-0.019031
P-2715,E14 8EJ,London,Canary Wharf,house,1,1,3175,,854,True,False,True,True,False,2026-09-16,balcony|concierge|garden|school,"A well-presented 1-bed house in Canary Wharf priced at £3175 pcm. Highlights include balcony, concierge, garden, school. Suitable for applicants prioritising practical access, clear tenancy terms and responsive management.",51.502441,-0.010268
P-2716,SW11 4BL,London,Battersea,house,1,2,2825,,684,True,False,False,False,True,2026-09-25,gym|pet-friendly|river-view|school|transport,"A well-presented 1-bed house in Battersea priced at £2825 pcm. Highlights include gym, pet-friendly, river-view, school, transport. Suitable for applicants prioritising practical access, clear tenancy terms and responsive management.",51.479449,-0.186549
P-2717,NW1 1CN,London,Camden,flat,3,3,4275,,1121,True,False,False,False,False,2026-09-04,concierge|gym|river-view|workspace,"A well-presented 3-bed flat in Camden priced at £4275 pcm. Highlights include concierge, gym, river-view, workspace. Suitable for applicants prioritising practical access, clear tenancy terms and responsive management.",51.55839,-0.159968
P-2718,SW6 2FP,London,Fulham,flat,2,3,3725,,918,True,False,False,True,False,2026-08-25,balcony|concierge|gym|school|workspace,"A well-presented 2-bed flat in Fulham priced at £3725 pcm. Highlights include balcony, concierge, gym, school, workspace. Suitable for applicants prioritising practical access, clear tenancy terms and responsive management.",51.478197,-0.195731
P-2719,SW6 5GK,London,Fulham,flat,2,3,5050,,994,False,True,False,False,True,2026-08-08,concierge|gym|parking|pet-friendly|river-view|transport,"A well-presented 2-bed flat in Fulham priced at £5050 pcm. Highlights include concierge, gym, parking, pet-friendly, river-view, transport. Suitable for applicants prioritising practical access, clear tenancy terms and responsive management.",51.475088,-0.21401
P-2720,NW1 2GJ,London,Camden,house,2,2,3925,,896,True,True,True,True,False,2026-07-24,balcony|garden|gym|parking|school,"A well-presented 2-bed house in Camden priced at £3925 pcm. Highlights include balcony, garden, gym, parking, school. Suitable for applicants prioritising practical access, clear tenancy terms and responsive management.",51.57025,-0.126972
P-2721,NW1 5BK,London,Camden,flat,3,3,3950,,1221,True,True,False,True,False,2026-08-28,balcony|concierge|gym|school,"A well-presented 3-bed flat in Camden priced at £3950 pcm. Highlights include balcony, concierge, gym, school. Suitable for applicants prioritising practical access, clear tenancy terms and responsive management.",51.532776,-0.111669
P-2722,CR0 3CN,London,Croydon,flat,1,1,2175,,628,True,False,True,True,False,2026-08-29,balcony|garden|workspace,"A well-presented 1-bed flat in Croydon priced at £2175 pcm. Highlights include balcony, garden, workspace. Suitable for applicants prioritising practical access, clear tenancy terms and responsive management.",51.360767,-0.111668
P-2723,CR0 1GP,London,Croydon,flat,2,2,2425,,1003,False,False,False,True,False,2026-08-07,balcony|concierge|transport|workspace,"A well-presented 2-bed flat in Croydon priced at £2425 pcm. Highlights include balcony, concierge, transport, workspace. Suitable for applicants prioritising practical access, clear tenancy terms and responsive management.",51.35848,-0.07916
P-2724,SW6 2AK,London,Fulham,house,1,1,3800,,599,False,False,True,True,True,2026-09-12,balcony|garden|pet-friendly|river-view|school|transport,"A well-presented 1-bed house in Fulham priced at £3800 pcm. Highlights include balcony, garden, pet-friendly, river-view, school, transport. Suitable for applicants prioritising practical access, clear tenancy terms and responsive management.",51.481301,-0.217725
P-2725,EC2A 1BK,London,Shoreditch,flat,2,3,3625,,1030,True,False,False,True,False,2026-09-18,concierge|school|workspace,"A well-presented 2-bed flat in Shoreditch priced at £3625 pcm. Highlights include concierge, school, workspace. Suitable for applicants prioritising practical access, clear tenancy terms and responsive management.",51.5198,-0.050359
P-2726,E8 5EM,London,Hackney,flat,2,2,3850,,948,True,True,False,True,False,2026-08-28,balcony|parking|river-view|school|transport|workspace,"A well-presented 2-bed flat in Hackney priced at £3850 pcm. Highlights include balcony, parking, river-view, school, transport, workspace. Suitable for applicants prioritising practical access, clear tenancy terms and responsive management.",51.537704,-0.06185
P-2727,N1 6GL,London,Islington,flat,2,2,3500,,787,True,True,False,True,False,2026-09-10,balcony|parking|transport|workspace,"A well-presented 2-bed flat in Islington priced at £3500 pcm. Highlights include balcony, parking, transport, workspace. Suitable for applicants prioritising practical access, clear tenancy terms and responsive management.",51.54544,-0.066008
P-2728,E14 7FL,London,Canary Wharf,flat,2,3,4150,,964,True,False,False,True,False,2026-08-13,balcony|concierge|gym|river-view|transport|workspace,"A well-presented 2-bed flat in Canary Wharf priced at £4150 pcm. Highlights include balcony, concierge, gym, river-view, transport, workspace. Suitable for applicants prioritising practical access, clear tenancy terms and responsive management.",51.509074,0.009691
P-2729,CR0 9FJ,London,Croydon,flat,2,2,2550,,1022,True,False,True,False,True,2026-09-04,concierge|garden|gym|pet-friendly|school|transport,"A well-presented 2-bed flat in Croydon priced at £2550 pcm. Highlights include concierge, garden, gym, pet-friendly, school, transport. Suitable for applicants prioritising practical access, clear tenancy terms and responsive management.",51.393646,-0.106839
P-2730,NW1 1EM,London,Camden,flat,2,2,3650,,892,True,True,True,False,False,2026-08-22,garden|river-view|school|workspace,"A well-presented 2-bed flat in Camden priced at £3650 pcm. Highlights include garden, river-view, school, workspace. Suitable for applicants prioritising practical access, clear tenancy terms and responsive management.",51.51693,-0.156705
P-2731,E20 4CL,London,Stratford,flat,1,1,2550,,895,True,True,True,False,True,2026-08-07,concierge|garden|gym|parking|pet-friendly,"A well-presented 1-bed flat in Stratford priced at £2550 pcm. Highlights include concierge, garden, gym, parking, pet-friendly. Suitable for applicants prioritising practical access, clear tenancy terms and responsive management.",51.544205,-0.018618
P-2732,N1 6EK,London,Islington,flat,2,2,3725,,955,True,False,True,True,True,2026-09-25,concierge|garden|gym|river-view|school|workspace,"A well-presented 2-bed flat in Islington priced at £3725 pcm. Highlights include concierge, garden, gym, river-view, school, workspace. Suitable for applicants prioritising practical access, clear tenancy terms and responsive management.",51.553114,-0.107782
P-2733,CR0 1BP,London,Croydon,flat,3,3,2825,,1160,True,False,False,True,False,2026-09-30,balcony|school|transport,"A well-presented 3-bed flat in Croydon priced at £2825 pcm. Highlights include balcony, school, transport. Suitable for applicants prioritising practical access, clear tenancy terms and responsive management.",51.352077,-0.122031
P-2734,SW3 7HN,London,Chelsea,maisonette,2,2,5450,,980,True,False,True,True,True,2026-08-14,balcony|garden|gym,"A well-presented 2-bed maisonette in Chelsea priced at £5450 pcm. Highlights include balcony, garden, gym. Suitable for applicants prioritising practical access, clear tenancy terms and responsive management.",51.47587,-0.168263
P-2735,CR0 9FM,London,Croydon,flat,3,3,3000,,1180,True,True,False,False,False,2026-08-09,gym|river-view|school,"A well-presented 3-bed flat in Croydon priced at £3000 pcm. Highlights include gym, river-view, school. Suitable for applicants prioritising practical access, clear tenancy terms and responsive management.",51.376878,-0.100449
P-2736,NW1 2FL,London,Camden,house,3,3,4225,,1190,True,False,False,True,True,2026-10-22,pet-friendly|school|transport,"A well-presented 3-bed house in Camden priced at £4225 pcm. Highlights include pet-friendly, school, transport. Suitable for applicants prioritising practical access, clear tenancy terms and responsive management.",51.56014,-0.120575
P-2737,SW11 6AP,London,Battersea,flat,3,3,4250,,1091,False,False,False,True,True,2026-08-10,concierge|gym|pet-friendly|school|transport|workspace,"A well-presented 3-bed flat in Battersea priced at £4250 pcm. Highlights include concierge, gym, pet-friendly, school, transport, workspace. Suitable for applicants prioritising practical access, clear tenancy terms and responsive management.",51.465585,-0.170783
P-2738,SE10 5FP,London,Greenwich,flat,2,3,3100,,960,True,False,True,True,False,2026-10-04,concierge|garden|gym,"A well-presented 2-bed flat in Greenwich priced at £3100 pcm. Highlights include concierge, garden, gym. Suitable for applicants prioritising practical access, clear tenancy terms and responsive management.",51.499413,0.0379
P-2739,SE10 3CL,London,Greenwich,flat,1,1,2575,,705,True,True,True,True,True,2026-07-28,balcony|garden|parking|pet-friendly|school|workspace,"A well-presented 1-bed flat in Greenwich priced at £2575 pcm. Highlights include balcony, garden, parking, pet-friendly, school, workspace. Suitable for applicants prioritising practical access, clear tenancy terms and responsive management.",51.489607,0.015414
P-2740,NW1 1BJ,London,Camden,flat,2,2,3775,,906,True,False,False,True,False,2026-08-25,concierge|school|transport|workspace,"A well-presented 2-bed flat in Camden priced at £3775 pcm. Highlights include concierge, school, transport, workspace. Suitable for applicants prioritising practical access, clear tenancy terms and responsive management.",51.544245,-0.109607
P-2741,SW6 2DK,London,Fulham,flat,2,2,4150,,868,True,False,False,True,False,2026-10-08,balcony|gym|school|workspace,"A well-presented 2-bed flat in Fulham priced at £4150 pcm. Highlights include balcony, gym, school, workspace. Suitable for applicants prioritising practical access, clear tenancy terms and responsive management.",51.473229,-0.205669
P-2742,N1 5HM,London,Islington,flat,2,2,3600,,1003,True,True,True,True,True,2026-08-15,concierge|garden|gym|parking|pet-friendly|river-view,"A well-presented 2-bed flat in Islington priced at £3600 pcm. Highlights include concierge, garden, gym, parking, pet-friendly, river-view. Suitable for applicants prioritising practical access, clear tenancy terms and responsive management.",51.55357,-0.126637
P-2743,N1 6DM,London,Islington,flat,3,3,4250,,1230,False,True,True,True,True,2026-10-13,balcony|garden|gym|parking|pet-friendly|transport,"A well-presented 3-bed flat in Islington priced at £4250 pcm. Highlights include balcony, garden, gym, parking, pet-friendly, transport. Suitable for applicants prioritising practical access, clear tenancy terms and responsive management.",51.566017,-0.101551
P-2744,CR0 2FP,London,Croydon,flat,1,1,1875,,551,True,True,True,False,False,2026-09-11,garden|gym|parking|school,"A well-presented 1-bed flat in Croydon priced at £1875 pcm. Highlights include garden, gym, parking, school. Suitable for applicants prioritising practical access, clear tenancy terms and responsive management.",51.385573,-0.09783
P-2745,E8 4AN,London,Hackney,flat,3,3,3750,,1183,False,False,True,True,True,2026-09-15,balcony|garden|gym|pet-friendly|workspace,"A well-presented 3-bed flat in Hackney priced at £3750 pcm. Highlights include balcony, garden, gym, pet-friendly, workspace. Suitable for applicants prioritising practical access, clear tenancy terms and responsive management.",51.528626,-0.072009
P-2746,N1 5GM,London,Islington,flat,2,3,3925,,976,True,True,True,True,False,2026-09-02,balcony|concierge|garden|parking|river-view|school,"A well-presented 2-bed flat in Islington priced at £3925 pcm. Highlights include balcony, concierge, garden, parking, river-view, school. Suitable for applicants prioritising practical access, clear tenancy terms and responsive management.",51.529007,-0.103533
P-2747,CR0 6DK,London,Croydon,flat,2,2,3025,,969,True,False,False,False,True,2026-08-18,concierge|pet-friendly|school|workspace,"A well-presented 2-bed flat in Croydon priced at £3025 pcm. Highlights include concierge, pet-friendly, school, workspace. Suitable for applicants prioritising practical access, clear tenancy terms and responsive management.",51.369129,-0.120761
P-2748,SW11 7DP,London,Battersea,house,2,3,4050,,984,True,False,True,True,False,2026-10-02,balcony|concierge|garden|river-view|school|transport,"A well-presented 2-bed house in Battersea priced at £4050 pcm. Highlights include balcony, concierge, garden, river-view, school, transport. Suitable for applicants prioritising practical access, clear tenancy terms and responsive management.",51.473536,-0.152847
P-2749,EC2A 1GJ,London,Shoreditch,flat,1,1,3675,,693,False,True,True,True,True,2026-09-30,garden|parking|pet-friendly|workspace,"A well-presented 1-bed flat in Shoreditch priced at £3675 pcm. Highlights include garden, parking, pet-friendly, workspace. Suitable for applicants prioritising practical access, clear tenancy terms and responsive management.",51.531716,-0.075778
P-2750,SE10 2GN,London,Greenwich,flat,1,2,2800,,694,False,False,False,True,False,2026-08-18,balcony|concierge|gym|school|transport|workspace,"A well-presented 1-bed flat in Greenwich priced at £2800 pcm. Highlights include balcony, concierge, gym, school, transport, workspace. Suitable for applicants prioritising practical access, clear tenancy terms and responsive management.",51.486551,-0.002075
P-2751,SW11 8CJ,London,Battersea,flat,2,2,4225,,926,False,False,False,True,False,2026-08-28,balcony|river-view|transport,"A well-presented 2-bed flat in Battersea priced at £4225 pcm. Highlights include balcony, river-view, transport. Suitable for applicants prioritising practical access, clear tenancy terms and responsive management.",51.480028,-0.210267
P-2752,SW6 2EM,London,Fulham,flat,2,2,3850,,1143,True,True,False,True,True,2026-10-07,balcony|concierge|parking|river-view|school|transport,"A well-presented 2-bed flat in Fulham priced at £3850 pcm. Highlights include balcony, concierge, parking, river-view, school, transport. Suitable for applicants prioritising practical access, clear tenancy terms and responsive management.",51.505431,-0.218848
P-2753,SW4 3GP,London,Clapham,flat,1,1,3125,,703,False,True,False,False,True,2026-09-06,concierge|gym|parking|pet-friendly|river-view|school,"A well-presented 1-bed flat in Clapham priced at £3125 pcm. Highlights include concierge, gym, parking, pet-friendly, river-view, school. Suitable for applicants prioritising practical access, clear tenancy terms and responsive management.",51.461823,-0.136327
P-2754,SW4 5AK,London,Clapham,flat,1,1,3400,,705,False,False,False,False,False,2026-10-05,gym|river-view|school|workspace,"A well-presented 1-bed flat in Clapham priced at £3400 pcm. Highlights include gym, river-view, school, workspace. Suitable for applicants prioritising practical access, clear tenancy terms and responsive management.",51.448181,-0.130081
P-2755,N1 8BN,London,Islington,flat,1,1,3400,,677,True,False,False,True,True,2026-09-19,concierge|gym|pet-friendly,"A well-presented 1-bed flat in Islington priced at £3400 pcm. Highlights include concierge, gym, pet-friendly. Suitable for applicants prioritising practical access, clear tenancy terms and responsive management.",51.556466,-0.122104
P-2756,CR0 7BK,London,Croydon,flat,2,2,2500,,793,True,True,True,True,True,2026-10-05,balcony|garden|parking|workspace,"A well-presented 2-bed flat in Croydon priced at £2500 pcm. Highlights include balcony, garden, parking, workspace. Suitable for applicants prioritising practical access, clear tenancy terms and responsive management.",51.385974,-0.114895
P-2757,E14 2DK,London,Canary Wharf,studio,0,1,2900,,695,False,True,True,True,True,2026-08-27,balcony|garden|pet-friendly,"A well-presented 0-bed studio in Canary Wharf priced at £2900 pcm. Highlights include balcony, garden, pet-friendly. Suitable for applicants prioritising practical access, clear tenancy terms and responsive management.",51.50511,-0.014309
P-2758,N1 5BP,London,Islington,flat,2,2,3350,,902,True,False,True,True,False,2026-08-02,balcony|concierge|garden|river-view|transport|workspace,"A well-presented 2-bed flat in Islington priced at £3350 pcm. Highlights include balcony, concierge, garden, river-view, transport, workspace. Suitable for applicants prioritising practical access, clear tenancy terms and responsive management.",51.531755,-0.109567
P-2759,E8 2AJ,London,Hackney,flat,4,3,4275,,1391,True,False,True,False,False,2026-10-15,garden|gym|river-view|transport,"A well-presented 4-bed flat in Hackney priced at £4275 pcm. Highlights include garden, gym, river-view, transport. Suitable for applicants prioritising practical access, clear tenancy terms and responsive management.",51.552984,-0.015527
P-2760,SE10 1BN,London,Greenwich,house,2,3,3150,,860,False,False,True,False,True,2026-07-29,concierge|pet-friendly|school,"A well-presented 2-bed house in Greenwich priced at £3150 pcm. Highlights include concierge, pet-friendly, school. Suitable for applicants prioritising practical access, clear tenancy terms and responsive management.",51.485836,-0.010047
P-2761,EC2A 3AK,London,Shoreditch,flat,3,3,4050,,1150,True,True,True,True,True,2026-08-18,balcony|garden|parking,"A well-presented 3-bed flat in Shoreditch priced at £4050 pcm. Highlights include balcony, garden, parking. Suitable for applicants prioritising practical access, clear tenancy terms and responsive management.",51.510385,-0.061921
P-2762,E20 6HJ,London,Stratford,flat,2,3,3300,,994,True,False,True,True,True,2026-08-04,garden|gym|pet-friendly|river-view|transport|workspace,"A well-presented 2-bed flat in Stratford priced at £3300 pcm. Highlights include garden, gym, pet-friendly, river-view, transport, workspace. Suitable for applicants prioritising practical access, clear tenancy terms and responsive management.",51.521842,-0.027416
P-2763,SW4 8AK,London,Clapham,flat,2,3,3825,,851,False,False,True,True,True,2026-10-03,concierge|garden|gym|pet-friendly,"A well-presented 2-bed flat in Clapham priced at £3825 pcm. Highlights include concierge, garden, gym, pet-friendly. Suitable for applicants prioritising practical access, clear tenancy terms and responsive management.",51.474463,-0.14486
P-2764,SW4 8BN,London,Clapham,flat,3,3,3725,,1303,True,False,True,True,True,2026-09-17,concierge|garden|gym|pet-friendly|workspace,"A well-presented 3-bed flat in Clapham priced at £3725 pcm. Highlights include concierge, garden, gym, pet-friendly, workspace. Suitable for applicants prioritising practical access, clear tenancy terms and responsive management.",51.470395,-0.150282
P-2765,SW3 9BJ,London,Chelsea,house,2,3,4900,,892,True,True,True,True,True,2026-09-25,balcony|garden|pet-friendly|river-view|school,"A well-presented 2-bed house in Chelsea priced at £4900 pcm. Highlights include balcony, garden, pet-friendly, river-view, school. Suitable for applicants prioritising practical access, clear tenancy terms and responsive management.",51.493238,-0.17909
P-2766,N1 5AJ,London,Islington,flat,1,2,2550,,794,True,False,True,True,True,2026-08-23,garden|gym|pet-friendly,"A well-presented 1-bed flat in Islington priced at £2550 pcm. Highlights include garden, gym, pet-friendly. Suitable for applicants prioritising practical access, clear tenancy terms and responsive management.",51.558477,-0.102008
P-2767,E20 3GJ,London,Stratford,maisonette,3,3,3550,,1197,True,True,True,False,True,2026-10-02,garden|parking|pet-friendly|transport,"A well-presented 3-bed maisonette in Stratford priced at £3550 pcm. Highlights include garden, parking, pet-friendly, transport. Suitable for applicants prioritising practical access, clear tenancy terms and responsive management.",51.564252,-0.027147
P-2768,N1 3FL,London,Islington,house,2,2,3400,,973,True,True,True,True,True,2026-08-01,concierge|parking|pet-friendly|school|workspace,"A well-presented 2-bed house in Islington priced at £3400 pcm. Highlights include concierge, parking, pet-friendly, school, workspace. Suitable for applicants prioritising practical access, clear tenancy terms and responsive management.",51.533463,-0.09677
P-2769,SW11 9DJ,London,Battersea,flat,3,3,4825,,1122,True,True,False,True,True,2026-09-09,balcony|parking|pet-friendly|school|workspace,"A well-presented 3-bed flat in Battersea priced at £4825 pcm. Highlights include balcony, parking, pet-friendly, school, workspace. Suitable for applicants prioritising practical access, clear tenancy terms and responsive management.",51.462442,-0.177695
P-2770,E20 6EK,London,Stratford,flat,2,2,3400,,889,True,True,False,True,True,2026-09-19,balcony|parking|pet-friendly|river-view|school,"A well-presented 2-bed flat in Stratford priced at £3400 pcm. Highlights include balcony, parking, pet-friendly, river-view, school. Suitable for applicants prioritising practical access, clear tenancy terms and responsive management.",51.555656,0.028862
P-2771,CR0 1HJ,London,Croydon,house,1,2,2825,,643,True,True,True,False,True,2026-07-29,concierge|gym|parking|pet-friendly|school|workspace,"A well-presented 1-bed house in Croydon priced at £2825 pcm. Highlights include concierge, gym, parking, pet-friendly, school, workspace. Suitable for applicants prioritising practical access, clear tenancy terms and responsive management.",51.398942,-0.102937
P-2772,E20 7CL,London,Stratford,flat,2,2,3050,,889,True,False,False,True,True,2026-10-21,balcony|gym|pet-friendly|school|transport,"A well-presented 2-bed flat in Stratford priced at £3050 pcm. Highlights include balcony, gym, pet-friendly, school, transport. Suitable for applicants prioritising practical access, clear tenancy terms and responsive management.",51.55065,0.008568
P-2773,SW6 2HK,London,Fulham,flat,1,2,3725,,726,True,False,False,False,True,2026-08-11,pet-friendly|transport|workspace,"A well-presented 1-bed flat in Fulham priced at £3725 pcm. Highlights include pet-friendly, transport, workspace. Suitable for applicants prioritising practical access, clear tenancy terms and responsive management.",51.482854,-0.186367
P-2774,E14 4CN,London,Canary Wharf,flat,2,2,4000,,890,True,False,False,True,True,2026-08-16,balcony|gym|school|transport,"A well-presented 2-bed flat in Canary Wharf priced at £4000 pcm. Highlights include balcony, gym, school, transport. Suitable for applicants prioritising practical access, clear tenancy terms and responsive management.",51.517804,-0.032884
P-2775,SE10 5AJ,London,Greenwich,flat,1,1,2550,,598,False,False,True,True,False,2026-08-04,balcony|concierge|garden|school|transport,"A well-presented 1-bed flat in Greenwich priced at £2550 pcm. Highlights include balcony, concierge, garden, school, transport. Suitable for applicants prioritising practical access, clear tenancy terms and responsive management.",51.461663,-0.026696
P-2776,E14 6DL,London,Canary Wharf,house,3,3,4075,,1141,True,False,True,True,True,2026-08-11,balcony|concierge|gym|river-view|transport,"A well-presented 3-bed house in Canary Wharf priced at £4075 pcm. Highlights include balcony, concierge, gym, river-view, transport. Suitable for applicants prioritising practical access, clear tenancy terms and responsive management.",51.50232,-0.032606
P-2777,SE10 8AN,London,Greenwich,house,2,2,3225,,1050,True,False,True,False,True,2026-09-29,garden|pet-friendly|transport|workspace,"A well-presented 2-bed house in Greenwich priced at £3225 pcm. Highlights include garden, pet-friendly, transport, workspace. Suitable for applicants prioritising practical access, clear tenancy terms and responsive management.",51.497796,0.005079
P-2778,EC2A 4EJ,London,Shoreditch,flat,1,2,3575,,747,True,False,True,False,False,2026-09-04,garden|gym|transport,"A well-presented 1-bed flat in Shoreditch priced at £3575 pcm. Highlights include garden, gym, transport. Suitable for applicants prioritising practical access, clear tenancy terms and responsive management.",51.534886,-0.071741
P-2779,SW4 3AK,London,Clapham,flat,2,2,3625,,831,True,False,True,True,False,2026-10-14,garden|river-view|workspace,"A well-presented 2-bed flat in Clapham priced at £3625 pcm. Highlights include garden, river-view, workspace. Suitable for applicants prioritising practical access, clear tenancy terms and responsive management.",51.454394,-0.138165
P-2780,SW6 9AP,London,Fulham,flat,4,3,5125,,1401,True,False,False,True,True,2026-09-21,balcony|pet-friendly|school|transport,"A well-presented 4-bed flat in Fulham priced at £5125 pcm. Highlights include balcony, pet-friendly, school, transport. Suitable for applicants prioritising practical access, clear tenancy terms and responsive management.",51.474499,-0.194892
P-2781,SW6 8EK,London,Fulham,flat,3,3,4600,,1294,False,False,False,True,False,2026-09-13,balcony|concierge|gym,"A well-presented 3-bed flat in Fulham priced at £4600 pcm. Highlights include balcony, concierge, gym. Suitable for applicants prioritising practical access, clear tenancy terms and responsive management.",51.474779,-0.20061
P-2782,SW19 5AN,London,Wimbledon,flat,2,2,3475,,804,False,True,False,True,False,2026-08-16,balcony|concierge|parking|school|workspace,"A well-presented 2-bed flat in Wimbledon priced at £3475 pcm. Highlights include balcony, concierge, parking, school, workspace. Suitable for applicants prioritising practical access, clear tenancy terms and responsive management.",51.422308,-0.197929
P-2783,SW19 9GJ,London,Wimbledon,house,3,3,3800,,1371,True,False,True,False,True,2026-08-01,pet-friendly|transport|workspace,"A well-presented 3-bed house in Wimbledon priced at £3800 pcm. Highlights include pet-friendly, transport, workspace. Suitable for applicants prioritising practical access, clear tenancy terms and responsive management.",51.420273,-0.185466
P-2784,SW11 1BM,London,Battersea,flat,3,3,4300,,1168,False,False,False,True,True,2026-08-11,balcony|gym|pet-friendly|river-view|school,"A well-presented 3-bed flat in Battersea priced at £4300 pcm. Highlights include balcony, gym, pet-friendly, river-view, school. Suitable for applicants prioritising practical access, clear tenancy terms and responsive management.",51.467004,-0.148167
P-2785,SW3 4AN,London,Chelsea,flat,3,3,4875,,1201,True,False,False,True,True,2026-08-17,concierge|gym|pet-friendly|school,"A well-presented 3-bed flat in Chelsea priced at £4875 pcm. Highlights include concierge, gym, pet-friendly, school. Suitable for applicants prioritising practical access, clear tenancy terms and responsive management.",51.502266,-0.159205
P-2786,SW3 3FJ,London,Chelsea,house,1,2,5100,,718,True,False,True,False,True,2026-08-29,concierge|garden|pet-friendly|workspace,"A well-presented 1-bed house in Chelsea priced at £5100 pcm. Highlights include concierge, garden, pet-friendly, workspace. Suitable for applicants prioritising practical access, clear tenancy terms and responsive management.",51.490499,-0.173936
P-2787,CR0 8CL,London,Croydon,flat,2,2,2575,,972,True,False,True,True,True,2026-09-04,balcony|concierge|garden|school,"A well-presented 2-bed flat in Croydon priced at £2575 pcm. Highlights include balcony, concierge, garden, school. Suitable for applicants prioritising practical access, clear tenancy terms and responsive management.",51.376396,-0.115965
P-2788,NW1 1GK,London,Camden,flat,1,1,3225,,810,True,True,True,False,False,2026-10-04,concierge|garden|gym|parking|river-view|workspace,"A well-presented 1-bed flat in Camden priced at £3225 pcm. Highlights include concierge, garden, gym, parking, river-view, workspace. Suitable for applicants prioritising practical access, clear tenancy terms and responsive management.",51.531831,-0.145854
P-2789,SW4 4DP,London,Clapham,flat,2,2,3300,,990,True,True,True,True,False,2026-10-11,balcony|concierge|garden|parking,"A well-presented 2-bed flat in Clapham priced at £3300 pcm. Highlights include balcony, concierge, garden, parking. Suitable for applicants prioritising practical access, clear tenancy terms and responsive management.",51.459409,-0.127976
P-2790,SW4 9CN,London,Clapham,flat,2,2,3475,,948,True,True,False,True,True,2026-08-21,balcony|concierge|parking|pet-friendly|transport,"A well-presented 2-bed flat in Clapham priced at £3475 pcm. Highlights include balcony, concierge, parking, pet-friendly, transport. Suitable for applicants prioritising practical access, clear tenancy terms and responsive management.",51.460428,-0.126779
P-2791,E14 8CJ,London,Canary Wharf,flat,1,1,3650,,549,False,False,False,False,True,2026-08-30,gym|pet-friendly|school|workspace,"A well-presented 1-bed flat in Canary Wharf priced at £3650 pcm. Highlights include gym, pet-friendly, school, workspace. Suitable for applicants prioritising practical access, clear tenancy terms and responsive management.",51.52863,-0.021055
P-2792,SE10 6DN,London,Greenwich,studio,0,1,2475,,634,True,False,True,False,False,2026-09-13,concierge|garden|school|transport,"A well-presented 0-bed studio in Greenwich priced at £2475 pcm. Highlights include concierge, garden, school, transport. Suitable for applicants prioritising practical access, clear tenancy terms and responsive management.",51.497873,-0.036123
P-2793,E8 4CN,London,Hackney,flat,1,1,2825,,619,False,True,False,True,True,2026-08-31,balcony|concierge|gym|pet-friendly|transport|workspace,"A well-presented 1-bed flat in Hackney priced at £2825 pcm. Highlights include balcony, concierge, gym, pet-friendly, transport, workspace. Suitable for applicants prioritising practical access, clear tenancy terms and responsive management.",51.576032,-0.047757
P-2794,SW6 4DL,London,Fulham,house,3,3,4875,,1329,True,False,True,True,True,2026-08-21,balcony|concierge|school|transport|workspace,"A well-presented 3-bed house in Fulham priced at £4875 pcm. Highlights include balcony, concierge, school, transport, workspace. Suitable for applicants prioritising practical access, clear tenancy terms and responsive management.",51.471113,-0.239898
P-2795,SW3 7BM,London,Chelsea,flat,2,2,4950,,986,True,True,False,False,False,2026-08-16,school|transport|workspace,"A well-presented 2-bed flat in Chelsea priced at £4950 pcm. Highlights include school, transport, workspace. Suitable for applicants prioritising practical access, clear tenancy terms and responsive management.",51.490125,-0.171703
P-2796,NW1 3DJ,London,Camden,flat,3,3,4675,,1191,True,True,True,False,False,2026-09-06,concierge|garden|gym|parking|river-view,"A well-presented 3-bed flat in Camden priced at £4675 pcm. Highlights include concierge, garden, gym, parking, river-view. Suitable for applicants prioritising practical access, clear tenancy terms and responsive management.",51.550413,-0.160375
P-2797,SW11 2EL,London,Battersea,house,2,2,3850,,995,True,False,False,True,False,2026-08-30,balcony|concierge|gym|school,"A well-presented 2-bed house in Battersea priced at £3850 pcm. Highlights include balcony, concierge, gym, school. Suitable for applicants prioritising practical access, clear tenancy terms and responsive management.",51.460396,-0.146271
P-2798,SW3 2BP,London,Chelsea,house,2,2,4750,,896,True,False,True,True,False,2026-09-25,garden|gym|river-view|transport,"A well-presented 2-bed house in Chelsea priced at £4750 pcm. Highlights include garden, gym, river-view, transport. Suitable for applicants prioritising practical access, clear tenancy terms and responsive management.",51.483223,-0.142324
P-2799,E8 2CJ,London,Hackney,maisonette,1,2,3325,,771,True,True,False,True,False,2026-08-13,balcony|gym|parking|river-view|transport|workspace,"A well-presented 1-bed maisonette in Hackney priced at £3325 pcm. Highlights include balcony, gym, parking, river-view, transport, workspace. Suitable for applicants prioritising practical access, clear tenancy terms and responsive management.",51.531652,-0.07632
P-2800,SW6 1CK,London,Fulham,flat,1,1,3625,,693,True,True,False,True,False,2026-08-01,balcony|parking|river-view|school|transport,"A well-presented 1-bed flat in Fulham priced at £3625 pcm. Highlights include balcony, parking, river-view, school, transport. Suitable for applicants prioritising practical access, clear tenancy terms and responsive management.",51.471358,-0.182274
P-2801,CR0 4FK,London,Croydon,flat,1,1,2600,,618,True,True,False,True,True,2026-08-12,balcony|parking|pet-friendly|river-view|school|transport,"A well-presented 1-bed flat in Croydon priced at £2600 pcm. Highlights include balcony, parking, pet-friendly, river-view, school, transport. Suitable for applicants prioritising practical access, clear tenancy terms and responsive management.",51.38992,-0.094873
P-2802,EC2A 9EP,London,Shoreditch,flat,1,2,2975,,911,True,True,False,True,False,2026-09-09,concierge|parking|school,"A well-presented 1-bed flat in Shoreditch priced at £2975 pcm. Highlights include concierge, parking, school. Suitable for applicants prioritising practical access, clear tenancy terms and responsive management.",51.533127,-0.080434
P-2803,E8 4HL,London,Hackney,flat,1,1,3000,,589,True,True,True,True,True,2026-10-04,garden|gym|pet-friendly|river-view|school|workspace,"A well-presented 1-bed flat in Hackney priced at £3000 pcm. Highlights include garden, gym, pet-friendly, river-view, school, workspace. Suitable for applicants prioritising practical access, clear tenancy terms and responsive management.",51.531936,-0.045193
P-2804,SW4 9GM,London,Clapham,flat,2,3,4025,,1007,True,False,False,True,False,2026-08-19,balcony|gym|school|workspace,"A well-presented 2-bed flat in Clapham priced at £4025 pcm. Highlights include balcony, gym, school, workspace. Suitable for applicants prioritising practical access, clear tenancy terms and responsive management.",51.471076,-0.139507
P-2805,SE10 6BL,London,Greenwich,maisonette,2,2,3700,,828,True,True,False,True,True,2026-09-29,balcony|gym|parking|pet-friendly|river-view,"A well-presented 2-bed maisonette in Greenwich priced at £3700 pcm. Highlights include balcony, gym, parking, pet-friendly, river-view. Suitable for applicants prioritising practical access, clear tenancy terms and responsive management.",51.492157,0.022252
P-2806,SE10 5CM,London,Greenwich,flat,3,3,3175,,1121,False,True,True,False,True,2026-08-21,garden|pet-friendly|transport,"A well-presented 3-bed flat in Greenwich priced at £3175 pcm. Highlights include garden, pet-friendly, transport. Suitable for applicants prioritising practical access, clear tenancy terms and responsive management.",51.496354,0.015227
P-2807,NW1 6GL,London,Camden,flat,2,2,3600,,1035,False,False,True,False,True,2026-10-10,concierge|garden|river-view|school,"A well-presented 2-bed flat in Camden priced at £3600 pcm. Highlights include concierge, garden, river-view, school. Suitable for applicants prioritising practical access, clear tenancy terms and responsive management.",51.534892,-0.126362
P-2808,SW3 5FJ,London,Chelsea,maisonette,3,3,5225,,1269,True,False,True,True,False,2026-09-01,balcony|garden|river-view|school|workspace,"A well-presented 3-bed maisonette in Chelsea priced at £5225 pcm. Highlights include balcony, garden, river-view, school, workspace. Suitable for applicants prioritising practical access, clear tenancy terms and responsive management.",51.502801,-0.124169
P-2809,E8 6BK,London,Hackney,flat,1,2,2500,,746,True,False,True,True,True,2026-07-30,balcony|concierge|garden|pet-friendly|transport,"A well-presented 1-bed flat in Hackney priced at £2500 pcm. Highlights include balcony, concierge, garden, pet-friendly, transport. Suitable for applicants prioritising practical access, clear tenancy terms and responsive management.",51.555459,-0.049411
P-2810,E8 4EP,London,Hackney,house,2,2,3400,,761,True,False,True,False,True,2026-08-10,concierge|garden|gym|pet-friendly|river-view|school,"A well-presented 2-bed house in Hackney priced at £3400 pcm. Highlights include concierge, garden, gym, pet-friendly, river-view, school. Suitable for applicants prioritising practical access, clear tenancy terms and responsive management.",51.547726,-0.053739
P-2811,E20 4EM,London,Stratford,flat,1,1,2925,,696,False,True,True,True,True,2026-10-02,garden|parking|pet-friendly,"A well-presented 1-bed flat in Stratford priced at £2925 pcm. Highlights include garden, parking, pet-friendly. Suitable for applicants prioritising practical access, clear tenancy terms and responsive management.",51.547664,-0.005452
P-2812,SW11 6BN,London,Battersea,maisonette,2,2,3300,,848,False,True,True,False,False,2026-10-21,garden|parking|river-view,"A well-presented 2-bed maisonette in Battersea priced at £3300 pcm. Highlights include garden, parking, river-view. Suitable for applicants prioritising practical access, clear tenancy terms and responsive management.",51.450106,-0.163806
P-2813,CR0 3DK,London,Croydon,flat,2,2,3025,,892,True,False,False,True,False,2026-10-14,balcony|concierge|workspace,"A well-presented 2-bed flat in Croydon priced at £3025 pcm. Highlights include balcony, concierge, workspace. Suitable for applicants prioritising practical access, clear tenancy terms and responsive management.",51.358882,-0.086713
P-2814,SW11 8AM,London,Battersea,house,3,3,4600,,1315,True,True,True,False,False,2026-09-14,garden|parking|workspace,"A well-presented 3-bed house in Battersea priced at £4600 pcm. Highlights include garden, parking, workspace. Suitable for applicants prioritising practical access, clear tenancy terms and responsive management.",51.469473,-0.163777
P-2815,CR0 3AJ,London,Croydon,flat,2,3,2975,,870,True,False,False,True,True,2026-10-18,balcony|pet-friendly|school|transport,"A well-presented 2-bed flat in Croydon priced at £2975 pcm. Highlights include balcony, pet-friendly, school, transport. Suitable for applicants prioritising practical access, clear tenancy terms and responsive management.",51.374858,-0.106348
P-2816,SW6 8GJ,London,Fulham,flat,2,3,4250,,869,True,False,True,True,True,2026-08-14,concierge|garden|pet-friendly|river-view|school,"A well-presented 2-bed flat in Fulham priced at £4250 pcm. Highlights include concierge, garden, pet-friendly, river-view, school. Suitable for applicants prioritising practical access, clear tenancy terms and responsive management.",51.493069,-0.225307
P-2817,SW11 7CJ,London,Battersea,flat,3,3,4625,,1135,True,False,False,True,False,2026-09-09,balcony|concierge|gym|river-view|transport|workspace,"A well-presented 3-bed flat in Battersea priced at £4625 pcm. Highlights include balcony, concierge, gym, river-view, transport, workspace. Suitable for applicants prioritising practical access, clear tenancy terms and responsive management.",51.460086,-0.164244
P-2818,E8 4FJ,London,Hackney,flat,3,3,3825,,1032,True,False,False,True,False,2026-07-24,balcony|concierge|gym,"A well-presented 3-bed flat in Hackney priced at £3825 pcm. Highlights include balcony, concierge, gym. Suitable for applicants prioritising practical access, clear tenancy terms and responsive management.",51.52432,-0.050981
P-2819,E20 1AK,London,Stratford,flat,3,3,3525,,1189,False,False,True,True,True,2026-09-27,balcony|concierge|garden|gym|pet-friendly,"A well-presented 3-bed flat in Stratford priced at £3525 pcm. Highlights include balcony, concierge, garden, gym, pet-friendly. Suitable for applicants prioritising practical access, clear tenancy terms and responsive management.",51.544814,-0.037148
P-2820,SW19 7FJ,London,Wimbledon,flat,2,3,3300,,908,True,True,True,True,False,2026-08-20,garden|gym|workspace,"A well-presented 2-bed flat in Wimbledon priced at £3300 pcm. Highlights include garden, gym, workspace. Suitable for applicants prioritising practical access, clear tenancy terms and responsive management.",51.408563,-0.234127
P-2821,NW1 1DJ,London,Camden,flat,2,3,3425,,1061,True,False,True,True,False,2026-10-13,balcony|garden|school,"A well-presented 2-bed flat in Camden priced at £3425 pcm. Highlights include balcony, garden, school. Suitable for applicants prioritising practical access, clear tenancy terms and responsive management.",51.540573,-0.126673
P-2822,E14 8EJ,London,Canary Wharf,flat,2,2,3825,,950,True,True,False,True,True,2026-10-09,balcony|concierge|parking|pet-friendly|school|transport,"A well-presented 2-bed flat in Canary Wharf priced at £3825 pcm. Highlights include balcony, concierge, parking, pet-friendly, school, transport. Suitable for applicants prioritising practical access, clear tenancy terms and responsive management.",51.50109,-0.060302
P-2823,E14 2FN,London,Canary Wharf,flat,1,1,3500,,723,True,True,False,True,True,2026-09-16,balcony|gym|parking|pet-friendly|river-view|transport,"A well-presented 1-bed flat in Canary Wharf priced at £3500 pcm. Highlights include balcony, gym, parking, pet-friendly, river-view, transport. Suitable for applicants prioritising practical access, clear tenancy terms and responsive management.",51.512829,-0.030259
P-2824,SW4 9DP,London,Clapham,flat,3,3,4500,,1136,True,True,False,True,True,2026-08-13,balcony|gym|parking|pet-friendly|river-view|workspace,"A well-presented 3-bed flat in Clapham priced at £4500 pcm. Highlights include balcony, gym, parking, pet-friendly, river-view, workspace. Suitable for applicants prioritising practical access, clear tenancy terms and responsive management.",51.464574,-0.142052
P-2825,E8 5FP,London,Hackney,flat,2,3,3625,,836,False,True,False,False,False,2026-08-01,parking|transport|workspace,"A well-presented 2-bed flat in Hackney priced at £3625 pcm. Highlights include parking, transport, workspace. Suitable for applicants prioritising practical access, clear tenancy terms and responsive management.",51.530749,-0.04488
P-2826,SW19 4DN,London,Wimbledon,studio,0,1,3075,,538,True,True,False,True,True,2026-10-07,gym|parking|pet-friendly|river-view|school,"A well-presented 0-bed studio in Wimbledon priced at £3075 pcm. Highlights include gym, parking, pet-friendly, river-view, school. Suitable for applicants prioritising practical access, clear tenancy terms and responsive management.",51.440944,-0.203073
P-2827,SW4 8FN,London,Clapham,house,2,2,3500,,992,True,True,True,True,True,2026-08-01,balcony|concierge|garden|pet-friendly,"A well-presented 2-bed house in Clapham priced at £3500 pcm. Highlights include balcony, concierge, garden, pet-friendly. Suitable for applicants prioritising practical access, clear tenancy terms and responsive management.",51.479806,-0.162791
P-2828,CR0 1DJ,London,Croydon,studio,0,1,1950,,721,True,False,True,True,True,2026-09-27,balcony|garden|pet-friendly|school|workspace,"A well-presented 0-bed studio in Croydon priced at £1950 pcm. Highlights include balcony, garden, pet-friendly, school, workspace. Suitable for applicants prioritising practical access, clear tenancy terms and responsive management.",51.362796,-0.137154
P-2829,NW1 4EL,London,Camden,flat,3,3,3850,,1276,False,True,True,True,True,2026-10-13,balcony|concierge|garden|parking|pet-friendly|river-view,"A well-presented 3-bed flat in Camden priced at £3850 pcm. Highlights include balcony, concierge, garden, parking, pet-friendly, river-view. Suitable for applicants prioritising practical access, clear tenancy terms and responsive management.",51.553203,-0.163564
P-2830,NW1 4AN,London,Camden,house,2,2,3475,,869,False,True,True,True,True,2026-08-17,concierge|parking|workspace,"A well-presented 2-bed house in Camden priced at £3475 pcm. Highlights include concierge, parking, workspace. Suitable for applicants prioritising practical access, clear tenancy terms and responsive management.",51.542586,-0.131165
P-2831,E14 8HM,London,Canary Wharf,flat,4,3,4750,,1403,False,False,True,False,True,2026-08-07,concierge|garden|gym|pet-friendly|river-view|transport,"A well-presented 4-bed flat in Canary Wharf priced at £4750 pcm. Highlights include concierge, garden, gym, pet-friendly, river-view, transport. Suitable for applicants prioritising practical access, clear tenancy terms and responsive management.",51.480024,-0.03113
P-2832,E20 1AJ,London,Stratford,house,3,3,3225,,1305,True,True,False,False,True,2026-08-03,concierge|parking|pet-friendly|school|workspace,"A well-presented 3-bed house in Stratford priced at £3225 pcm. Highlights include concierge, parking, pet-friendly, school, workspace. Suitable for applicants prioritising practical access, clear tenancy terms and responsive management.",51.555603,-0.00875
P-2833,SE10 1FP,London,Greenwich,flat,1,2,3000,,775,True,False,True,True,False,2026-09-23,balcony|concierge|garden|school,"A well-presented 1-bed flat in Greenwich priced at £3000 pcm. Highlights include balcony, concierge, garden, school. Suitable for applicants prioritising practical access, clear tenancy terms and responsive management.",51.472809,-0.028467
P-2834,SW11 6GL,London,Battersea,flat,3,3,4300,,1291,True,True,True,True,True,2026-09-13,garden|gym|parking|pet-friendly|school|workspace,"A well-presented 3-bed flat in Battersea priced at £4300 pcm. Highlights include garden, gym, parking, pet-friendly, school, workspace. Suitable for applicants prioritising practical access, clear tenancy terms and responsive management.",51.455217,-0.166703
P-2835,SW4 6CK,London,Clapham,flat,1,1,3050,,677,False,True,False,True,True,2026-08-10,balcony|concierge|gym|pet-friendly|transport,"A well-presented 1-bed flat in Clapham priced at £3050 pcm. Highlights include balcony, concierge, gym, pet-friendly, transport. Suitable for applicants prioritising practical access, clear tenancy terms and responsive management.",51.468447,-0.124188
P-2836,CR0 2EK,London,Croydon,flat,4,3,3575,,1472,True,True,False,True,True,2026-10-22,balcony|gym|parking|river-view|workspace,"A well-presented 4-bed flat in Croydon priced at £3575 pcm. Highlights include balcony, gym, parking, river-view, workspace. Suitable for applicants prioritising practical access, clear tenancy terms and responsive management.",51.401828,-0.07729
P-2837,E14 2BL,London,Canary Wharf,flat,4,3,4500,,1466,False,False,True,True,False,2026-10-21,balcony|garden|river-view|school|transport,"A well-presented 4-bed flat in Canary Wharf priced at £4500 pcm. Highlights include balcony, garden, river-view, school, transport. Suitable for applicants prioritising practical access, clear tenancy terms and responsive management.",51.511215,-0.018685
P-2838,E20 4EM,London,Stratford,flat,3,3,4100,,1269,True,False,True,False,True,2026-10-08,concierge|garden|pet-friendly|river-view|school|transport,"A well-presented 3-bed flat in Stratford priced at £4100 pcm. Highlights include concierge, garden, pet-friendly, river-view, school, transport. Suitable for applicants prioritising practical access, clear tenancy terms and responsive management.",51.526552,0.013781
P-2839,SW3 8BN,London,Chelsea,house,2,2,4775,,966,True,True,True,True,True,2026-08-06,balcony|garden|parking|river-view,"A well-presented 2-bed house in Chelsea priced at £4775 pcm. Highlights include balcony, garden, parking, river-view. Suitable for applicants prioritising practical access, clear tenancy terms and responsive management.",51.493697,-0.191111
P-2840,N1 5DK,London,Islington,flat,1,1,3425,,638,False,False,True,True,False,2026-08-19,balcony|garden|gym|river-view|school|workspace,"A well-presented 1-bed flat in Islington priced at £3425 pcm. Highlights include balcony, garden, gym, river-view, school, workspace. Suitable for applicants prioritising practical access, clear tenancy terms and responsive management.",51.544798,-0.142767
P-2841,E20 3HP,London,Stratford,maisonette,4,3,3925,,1352,True,False,True,True,True,2026-08-30,concierge|garden|gym|pet-friendly|school|workspace,"A well-presented 4-bed maisonette in Stratford priced at £3925 pcm. Highlights include concierge, garden, gym, pet-friendly, school, workspace. Suitable for applicants prioritising practical access, clear tenancy terms and responsive management.",51.558342,0.007358
P-2842,E14 7AL,London,Canary Wharf,flat,3,3,4150,,1205,True,True,False,False,True,2026-10-07,concierge|pet-friendly|transport,"A well-presented 3-bed flat in Canary Wharf priced at £4150 pcm. Highlights include concierge, pet-friendly, transport. Suitable for applicants prioritising practical access, clear tenancy terms and responsive management.",51.493259,-0.029405
P-2843,E14 4DL,London,Canary Wharf,flat,2,2,3625,,949,True,False,True,True,False,2026-10-15,balcony|concierge|garden|school|transport,"A well-presented 2-bed flat in Canary Wharf priced at £3625 pcm. Highlights include balcony, concierge, garden, school, transport. Suitable for applicants prioritising practical access, clear tenancy terms and responsive management.",51.499407,-0.011456
P-2844,EC2A 4BN,London,Shoreditch,flat,2,2,3650,,1088,False,False,False,False,False,2026-09-28,gym|river-view|transport|workspace,"A well-presented 2-bed flat in Shoreditch priced at £3650 pcm. Highlights include gym, river-view, transport, workspace. Suitable for applicants prioritising practical access, clear tenancy terms and responsive management.",51.51497,-0.07685
P-2845,E20 5BL,London,Stratford,house,2,3,3275,,950,False,True,True,True,False,2026-10-08,concierge|garden|parking|school|transport,"A well-presented 2-bed house in Stratford priced at £3275 pcm. Highlights include concierge, garden, parking, school, transport. Suitable for applicants prioritising practical access, clear tenancy terms and responsive management.",51.522061,-0.035968
P-2846,SW4 7GJ,London,Clapham,flat,2,2,4075,,917,False,False,False,True,False,2026-09-15,balcony|transport|workspace,"A well-presented 2-bed flat in Clapham priced at £4075 pcm. Highlights include balcony, transport, workspace. Suitable for applicants prioritising practical access, clear tenancy terms and responsive management.",51.451969,-0.133508
P-2847,E8 5HP,London,Hackney,flat,2,2,3375,,830,False,False,False,False,True,2026-09-20,concierge|gym|school,"A well-presented 2-bed flat in Hackney priced at £3375 pcm. Highlights include concierge, gym, school. Suitable for applicants prioritising practical access, clear tenancy terms and responsive management.",51.557696,-0.053827
P-2848,E14 7HK,London,Canary Wharf,house,2,3,3475,,878,True,False,False,False,True,2026-09-19,concierge|gym|transport|workspace,"A well-presented 2-bed house in Canary Wharf priced at £3475 pcm. Highlights include concierge, gym, transport, workspace. Suitable for applicants prioritising practical access, clear tenancy terms and responsive management.",51.504474,-0.02192
P-2849,SW19 8GP,London,Wimbledon,flat,2,2,3600,,888,True,True,False,False,False,2026-10-14,gym|parking|school|workspace,"A well-presented 2-bed flat in Wimbledon priced at £3600 pcm. Highlights include gym, parking, school, workspace. Suitable for applicants prioritising practical access, clear tenancy terms and responsive management.",51.395523,-0.213083
P-2850,E14 3DM,London,Canary Wharf,house,2,2,3750,,1032,True,False,False,False,True,2026-09-17,pet-friendly|river-view|workspace,"A well-presented 2-bed house in Canary Wharf priced at £3750 pcm. Highlights include pet-friendly, river-view, workspace. Suitable for applicants prioritising practical access, clear tenancy terms and responsive management.",51.512019,-0.018052
P-2851,SW6 3CK,London,Fulham,flat,3,3,4675,,1189,True,True,False,False,True,2026-09-17,gym|parking|pet-friendly|river-view|transport,"A well-presented 3-bed flat in Fulham priced at £4675 pcm. Highlights include gym, parking, pet-friendly, river-view, transport. Suitable for applicants prioritising practical access, clear tenancy terms and responsive management.",51.479181,-0.199742
P-2852,E8 6CK,London,Hackney,flat,3,3,3550,,1124,True,True,False,True,False,2026-10-14,balcony|river-view|workspace,"A well-presented 3-bed flat in Hackney priced at £3550 pcm. Highlights include balcony, river-view, workspace. Suitable for applicants prioritising practical access, clear tenancy terms and responsive management.",51.555545,-0.083097
P-2853,SW19 6FN,London,Wimbledon,flat,2,2,3600,,964,False,False,True,True,True,2026-09-23,balcony|garden|river-view,"A well-presented 2-bed flat in Wimbledon priced at £3600 pcm. Highlights include balcony, garden, river-view. Suitable for applicants prioritising practical access, clear tenancy terms and responsive management.",51.40871,-0.19518
P-2854,SW3 9AL,London,Chelsea,flat,3,3,5300,,1163,True,True,False,False,True,2026-08-02,concierge|pet-friendly|river-view|transport|workspace,"A well-presented 3-bed flat in Chelsea priced at £5300 pcm. Highlights include concierge, pet-friendly, river-view, transport, workspace. Suitable for applicants prioritising practical access, clear tenancy terms and responsive management.",51.489084,-0.184067
P-2855,SW11 4BK,London,Battersea,maisonette,1,2,3525,,618,True,False,False,True,True,2026-09-07,balcony|gym|pet-friendly|river-view|workspace,"A well-presented 1-bed maisonette in Battersea priced at £3525 pcm. Highlights include balcony, gym, pet-friendly, river-view, workspace. Suitable for applicants prioritising practical access, clear tenancy terms and responsive management.",51.472609,-0.195379
P-2856,E8 1AP,London,Hackney,flat,3,3,3575,,1269,True,True,False,False,False,2026-07-29,river-view|school|workspace,"A well-presented 3-bed flat in Hackney priced at £3575 pcm. Highlights include river-view, school, workspace. Suitable for applicants prioritising practical access, clear tenancy terms and responsive management.",51.536147,-0.090407
P-2857,E14 8AP,London,Canary Wharf,flat,2,2,3275,,1006,False,False,True,False,False,2026-10-14,concierge|garden|school|workspace,"A well-presented 2-bed flat in Canary Wharf priced at £3275 pcm. Highlights include concierge, garden, school, workspace. Suitable for applicants prioritising practical access, clear tenancy terms and responsive management.",51.5256,-0.01643
P-2858,E14 1BP,London,Canary Wharf,studio,0,1,2850,,658,True,False,False,True,False,2026-09-12,balcony|river-view|transport|workspace,"A well-presented 0-bed studio in Canary Wharf priced at £2850 pcm. Highlights include balcony, river-view, transport, workspace. Suitable for applicants prioritising practical access, clear tenancy terms and responsive management.",51.509939,-0.038751
P-2859,CR0 3CK,London,Croydon,flat,1,1,1825,,655,True,True,False,True,True,2026-09-14,concierge|parking|pet-friendly|river-view|transport,"A well-presented 1-bed flat in Croydon priced at £1825 pcm. Highlights include concierge, parking, pet-friendly, river-view, transport. Suitable for applicants prioritising practical access, clear tenancy terms and responsive management.",51.364148,-0.095917
P-2860,SW19 8DJ,London,Wimbledon,studio,0,1,2725,,619,True,True,False,True,False,2026-08-26,balcony|gym|school|transport,"A well-presented 0-bed studio in Wimbledon priced at £2725 pcm. Highlights include balcony, gym, school, transport. Suitable for applicants prioritising practical access, clear tenancy terms and responsive management.",51.383703,-0.192112
P-2861,SW4 8EJ,London,Clapham,flat,4,3,4325,,1639,True,True,True,True,True,2026-09-03,balcony|concierge|garden|parking|pet-friendly|river-view,"A well-presented 4-bed flat in Clapham priced at £4325 pcm. Highlights include balcony, concierge, garden, parking, pet-friendly, river-view. Suitable for applicants prioritising practical access, clear tenancy terms and responsive management.",51.468317,-0.140759
P-2862,SW3 7HL,London,Chelsea,house,2,2,4675,,974,False,False,True,False,True,2026-09-10,garden|pet-friendly|workspace,"A well-presented 2-bed house in Chelsea priced at £4675 pcm. Highlights include garden, pet-friendly, workspace. Suitable for applicants prioritising practical access, clear tenancy terms and responsive management.",51.480639,-0.202091
P-2863,SW6 7GN,London,Fulham,house,1,2,3675,,694,True,True,True,True,True,2026-10-16,concierge|garden|parking|school,"A well-presented 1-bed house in Fulham priced at £3675 pcm. Highlights include concierge, garden, parking, school. Suitable for applicants prioritising practical access, clear tenancy terms and responsive management.",51.483993,-0.184923
P-2864,E8 4FP,London,Hackney,flat,1,2,2450,,730,True,False,True,True,True,2026-09-16,balcony|garden|pet-friendly|school,"A well-presented 1-bed flat in Hackney priced at £2450 pcm. Highlights include balcony, garden, pet-friendly, school. Suitable for applicants prioritising practical access, clear tenancy terms and responsive management.",51.548401,-0.059869
P-2865,CR0 8HL,London,Croydon,flat,2,3,2300,,911,True,True,True,True,True,2026-09-22,balcony|concierge|garden|pet-friendly|river-view|school,"A well-presented 2-bed flat in Croydon priced at £2300 pcm. Highlights include balcony, concierge, garden, pet-friendly, river-view, school. Suitable for applicants prioritising practical access, clear tenancy terms and responsive management.",51.387636,-0.103598
P-2866,E14 5EK,London,Canary Wharf,maisonette,2,3,3650,,915,True,False,True,True,True,2026-09-17,balcony|concierge|garden|pet-friendly|river-view,"A well-presented 2-bed maisonette in Canary Wharf priced at £3650 pcm. Highlights include balcony, concierge, garden, pet-friendly, river-view. Suitable for applicants prioritising practical access, clear tenancy terms and responsive management.",51.501804,-0.005259
P-2867,SW19 1CN,London,Wimbledon,studio,0,1,2775,,556,False,True,False,True,True,2026-09-13,parking|river-view|school|transport|workspace,"A well-presented 0-bed studio in Wimbledon priced at £2775 pcm. Highlights include parking, river-view, school, transport, workspace. Suitable for applicants prioritising practical access, clear tenancy terms and responsive management.",51.41704,-0.201062
P-2868,SW3 4AP,London,Chelsea,flat,1,1,4675,,698,True,False,False,True,False,2026-09-19,balcony|river-view|transport,"A well-presented 1-bed flat in Chelsea priced at £4675 pcm. Highlights include balcony, river-view, transport. Suitable for applicants prioritising practical access, clear tenancy terms and responsive management.",51.504635,-0.160127
P-2869,EC2A 3FN,London,Shoreditch,house,2,2,3700,,1046,True,True,True,False,True,2026-08-07,concierge|garden|parking|school|transport|workspace,"A well-presented 2-bed house in Shoreditch priced at £3700 pcm. Highlights include concierge, garden, parking, school, transport, workspace. Suitable for applicants prioritising practical access, clear tenancy terms and responsive management.",51.53341,-0.091542
P-2870,NW1 4FK,London,Camden,flat,2,2,3800,,889,True,True,True,False,True,2026-08-10,garden|parking|transport|workspace,"A well-presented 2-bed flat in Camden priced at £3800 pcm. Highlights include garden, parking, transport, workspace. Suitable for applicants prioritising practical access, clear tenancy terms and responsive management.",51.548701,-0.144932
P-2871,SW3 2BK,London,Chelsea,flat,2,2,5000,,1073,True,True,False,True,False,2026-10-16,balcony|gym|parking|river-view,"A well-presented 2-bed flat in Chelsea priced at £5000 pcm. Highlights include balcony, gym, parking, river-view. Suitable for applicants prioritising practical access, clear tenancy terms and responsive management.",51.47936,-0.179755
P-2872,NW1 3GP,London,Camden,flat,2,2,3750,,1053,False,True,False,True,True,2026-08-16,balcony|concierge|gym|parking|pet-friendly,"A well-presented 2-bed flat in Camden priced at £3750 pcm. Highlights include balcony, concierge, gym, parking, pet-friendly. Suitable for applicants prioritising practical access, clear tenancy terms and responsive management.",51.52553,-0.125091
P-2873,SW4 6FL,London,Clapham,flat,2,2,3700,,948,True,True,False,False,False,2026-08-03,parking|school|transport,"A well-presented 2-bed flat in Clapham priced at £3700 pcm. Highlights include parking, school, transport. Suitable for applicants prioritising practical access, clear tenancy terms and responsive management.",51.476607,-0.109408
P-2874,N1 5FL,London,Islington,flat,3,3,4300,,1137,True,True,False,True,False,2026-10-19,balcony|concierge|gym|parking|transport|workspace,"A well-presented 3-bed flat in Islington priced at £4300 pcm. Highlights include balcony, concierge, gym, parking, transport, workspace. Suitable for applicants prioritising practical access, clear tenancy terms and responsive management.",51.533123,-0.084511
P-2875,EC2A 4DM,London,Shoreditch,flat,2,2,3825,,847,True,False,False,False,True,2026-09-11,concierge|pet-friendly|river-view,"A well-presented 2-bed flat in Shoreditch priced at £3825 pcm. Highlights include concierge, pet-friendly, river-view. Suitable for applicants prioritising practical access, clear tenancy terms and responsive management.",51.521169,-0.05746
P-2876,E20 3GL,London,Stratford,maisonette,3,3,3300,,1229,False,True,False,False,False,2026-08-15,concierge|gym|parking|river-view,"A well-presented 3-bed maisonette in Stratford priced at £3300 pcm. Highlights include concierge, gym, parking, river-view. Suitable for applicants prioritising practical access, clear tenancy terms and responsive management.",51.54368,0.045084
P-2877,SW4 4BN,London,Clapham,flat,2,2,3650,,861,True,False,False,True,True,2026-08-23,balcony|gym|river-view|school|workspace,"A well-presented 2-bed flat in Clapham priced at £3650 pcm. Highlights include balcony, gym, river-view, school, workspace. Suitable for applicants prioritising practical access, clear tenancy terms and responsive management.",51.442192,-0.151225
P-2878,E14 1FP,London,Canary Wharf,house,3,3,4500,,1148,False,True,False,True,False,2026-10-07,balcony|gym|parking|workspace,"A well-presented 3-bed house in Canary Wharf priced at £4500 pcm. Highlights include balcony, gym, parking, workspace. Suitable for applicants prioritising practical access, clear tenancy terms and responsive management.",51.527736,-0.018534
P-2879,SW6 3DL,London,Fulham,flat,1,1,3750,,735,False,True,False,True,True,2026-09-29,balcony|parking|pet-friendly|river-view,"A well-presented 1-bed flat in Fulham priced at £3750 pcm. Highlights include balcony, parking, pet-friendly, river-view. Suitable for applicants prioritising practical access, clear tenancy terms and responsive management.",51.474762,-0.17571
P-2880,SW6 3AK,London,Fulham,flat,1,1,3375,,671,False,True,True,True,False,2026-10-09,garden|parking|school,"A well-presented 1-bed flat in Fulham priced at £3375 pcm. Highlights include garden, parking, school. Suitable for applicants prioritising practical access, clear tenancy terms and responsive management.",51.482065,-0.194177
P-2881,EC2A 3HL,London,Shoreditch,flat,2,2,3875,,1047,True,True,False,True,True,2026-09-18,concierge|parking|pet-friendly|school|transport,"A well-presented 2-bed flat in Shoreditch priced at £3875 pcm. Highlights include concierge, parking, pet-friendly, school, transport. Suitable for applicants prioritising practical access, clear tenancy terms and responsive management.",51.532888,-0.075235
P-2882,E8 4BN,London,Hackney,flat,3,3,3600,,1277,True,True,True,False,False,2026-08-18,garden|gym|parking,"A well-presented 3-bed flat in Hackney priced at £3600 pcm. Highlights include garden, gym, parking. Suitable for applicants prioritising practical access, clear tenancy terms and responsive management.",51.526949,-0.050886
P-2883,CR0 3HM,London,Croydon,flat,2,2,2950,,935,True,True,False,True,True,2026-10-18,balcony|parking|pet-friendly|school|transport|workspace,"A well-presented 2-bed flat in Croydon priced at £2950 pcm. Highlights include balcony, parking, pet-friendly, school, transport, workspace. Suitable for applicants prioritising practical access, clear tenancy terms and responsive management.",51.37388,-0.082058
P-2884,CR0 8CM,London,Croydon,studio,0,1,1700,,699,True,True,False,False,True,2026-08-01,parking|pet-friendly|transport,"A well-presented 0-bed studio in Croydon priced at £1700 pcm. Highlights include parking, pet-friendly, transport. Suitable for applicants prioritising practical access, clear tenancy terms and responsive management.",51.372966,-0.096955
P-2885,SW3 9HK,London,Chelsea,flat,2,3,4600,,884,True,True,False,True,True,2026-08-12,gym|pet-friendly|school|workspace,"A well-presented 2-bed flat in Chelsea priced at £4600 pcm. Highlights include gym, pet-friendly, school, workspace. Suitable for applicants prioritising practical access, clear tenancy terms and responsive management.",51.485298,-0.170769
P-2886,SE10 8GM,London,Greenwich,flat,2,2,3425,,844,True,True,False,True,True,2026-07-27,balcony|gym|parking|pet-friendly,"A well-presented 2-bed flat in Greenwich priced at £3425 pcm. Highlights include balcony, gym, parking, pet-friendly. Suitable for applicants prioritising practical access, clear tenancy terms and responsive management.",51.470222,0.00433
P-2887,NW1 2FK,London,Camden,flat,3,3,3800,,1245,False,True,False,False,True,2026-08-25,concierge|parking|pet-friendly|river-view|transport|workspace,"A well-presented 3-bed flat in Camden priced at £3800 pcm. Highlights include concierge, parking, pet-friendly, river-view, transport, workspace. Suitable for applicants prioritising practical access, clear tenancy terms and responsive management.",51.5569,-0.129553
P-2888,N1 8AK,London,Islington,flat,1,2,3325,,773,False,False,False,False,True,2026-09-01,concierge|transport|workspace,"A well-presented 1-bed flat in Islington priced at £3325 pcm. Highlights include concierge, transport, workspace. Suitable for applicants prioritising practical access, clear tenancy terms and responsive management.",51.559536,-0.143412
P-2889,CR0 4AL,London,Croydon,flat,2,2,2525,,847,True,True,False,False,True,2026-10-09,concierge|parking|pet-friendly,"A well-presented 2-bed flat in Croydon priced at £2525 pcm. Highlights include concierge, parking, pet-friendly. Suitable for applicants prioritising practical access, clear tenancy terms and responsive management.",51.363412,-0.128507
P-2890,SW4 9CK,London,Clapham,flat,3,3,4325,,1197,True,True,True,False,True,2026-10-01,garden|parking|pet-friendly|river-view,"A well-presented 3-bed flat in Clapham priced at £4325 pcm. Highlights include garden, parking, pet-friendly, river-view. Suitable for applicants prioritising practical access, clear tenancy terms and responsive management.",51.454441,-0.167956
P-2891,SW6 6BK,London,Fulham,flat,3,3,5125,,1359,True,True,False,True,False,2026-08-28,balcony|concierge|school,"A well-presented 3-bed flat in Fulham priced at £5125 pcm. Highlights include balcony, concierge, school. Suitable for applicants prioritising practical access, clear tenancy terms and responsive management.",51.478427,-0.205396
P-2892,E8 1DP,London,Hackney,flat,1,2,3025,,739,True,False,False,False,True,2026-08-02,concierge|gym|river-view|transport|workspace,"A well-presented 1-bed flat in Hackney priced at £3025 pcm. Highlights include concierge, gym, river-view, transport, workspace. Suitable for applicants prioritising practical access, clear tenancy terms and responsive management.",51.551671,-0.091868
P-2893,SW4 2HK,London,Clapham,flat,3,3,3800,,1101,False,False,False,True,True,2026-09-10,balcony|pet-friendly|workspace,"A well-presented 3-bed flat in Clapham priced at £3800 pcm. Highlights include balcony, pet-friendly, workspace. Suitable for applicants prioritising practical access, clear tenancy terms and responsive management.",51.463887,-0.146998
P-2894,SW19 2AM,London,Wimbledon,flat,3,3,4250,,1144,True,False,False,True,True,2026-09-20,gym|pet-friendly|river-view|transport|workspace,"A well-presented 3-bed flat in Wimbledon priced at £4250 pcm. Highlights include gym, pet-friendly, river-view, transport, workspace. Suitable for applicants prioritising practical access, clear tenancy terms and responsive management.",51.404395,-0.180206
P-2895,E20 6BK,London,Stratford,flat,1,1,2975,,715,True,True,False,False,True,2026-09-20,parking|pet-friendly|school|transport|workspace,"A well-presented 1-bed flat in Stratford priced at £2975 pcm. Highlights include parking, pet-friendly, school, transport, workspace. Suitable for applicants prioritising practical access, clear tenancy terms and responsive management.",51.559689,0.00427
P-2896,E14 8CN,London,Canary Wharf,flat,1,1,3325,,776,False,False,True,True,False,2026-09-06,garden|gym|workspace,"A well-presented 1-bed flat in Canary Wharf priced at £3325 pcm. Highlights include garden, gym, workspace. Suitable for applicants prioritising practical access, clear tenancy terms and responsive management.",51.502089,-0.040848
P-2897,NW1 2GK,London,Camden,flat,3,3,4050,,1272,True,True,False,False,False,2026-08-23,concierge|river-view|workspace,"A well-presented 3-bed flat in Camden priced at £4050 pcm. Highlights include concierge, river-view, workspace. Suitable for applicants prioritising practical access, clear tenancy terms and responsive management.",51.558356,-0.129474
P-2898,SW19 1FL,London,Wimbledon,flat,3,3,3950,,1181,False,False,False,True,True,2026-08-19,concierge|pet-friendly|school,"A well-presented 3-bed flat in Wimbledon priced at £3950 pcm. Highlights include concierge, pet-friendly, school. Suitable for applicants prioritising practical access, clear tenancy terms and responsive management.",51.387754,-0.225538
P-2899,SW3 5GJ,London,Chelsea,flat,2,2,5225,,941,True,True,True,False,True,2026-08-31,concierge|garden|gym|parking|pet-friendly|transport,"A well-presented 2-bed flat in Chelsea priced at £5225 pcm. Highlights include concierge, garden, gym, parking, pet-friendly, transport. Suitable for applicants prioritising practical access, clear tenancy terms and responsive management.",51.494766,-0.167541
P-2900,SW4 2BM,London,Clapham,flat,1,1,3500,,727,True,True,False,False,True,2026-08-05,concierge|gym|parking|pet-friendly|river-view|school,"A well-presented 1-bed flat in Clapham priced at £3500 pcm. Highlights include concierge, gym, parking, pet-friendly, river-view, school. Suitable for applicants prioritising practical access, clear tenancy terms and responsive management.",51.474101,-0.109099
P-2901,CR0 9GK,London,Croydon,flat,2,2,2675,,961,True,True,True,True,False,2026-08-26,concierge|garden|parking,"A well-presented 2-bed flat in Croydon priced at £2675 pcm. Highlights include concierge, garden, parking. Suitable for applicants prioritising practical access, clear tenancy terms and responsive management.",51.357922,-0.107765
P-2902,SW3 8AK,London,Chelsea,flat,3,3,5825,,1176,True,True,True,False,True,2026-10-02,garden|parking|pet-friendly|river-view|workspace,"A well-presented 3-bed flat in Chelsea priced at £5825 pcm. Highlights include garden, parking, pet-friendly, river-view, workspace. Suitable for applicants prioritising practical access, clear tenancy terms and responsive management.",51.476151,-0.168893
P-2903,SW6 4BL,London,Fulham,house,3,3,4475,,1063,True,False,True,False,True,2026-08-16,garden|river-view|transport|workspace,"A well-presented 3-bed house in Fulham priced at £4475 pcm. Highlights include garden, river-view, transport, workspace. Suitable for applicants prioritising practical access, clear tenancy terms and responsive management.",51.477025,-0.203639
P-2904,SW11 5AM,London,Battersea,maisonette,3,3,4600,,1122,True,False,False,True,True,2026-10-19,concierge|river-view|transport,"A well-presented 3-bed maisonette in Battersea priced at £4600 pcm. Highlights include concierge, river-view, transport. Suitable for applicants prioritising practical access, clear tenancy terms and responsive management.",51.466733,-0.15749
P-2905,SE10 1BN,London,Greenwich,flat,3,3,3475,,1162,True,True,False,False,False,2026-09-19,concierge|river-view|school,"A well-presented 3-bed flat in Greenwich priced at £3475 pcm. Highlights include concierge, river-view, school. Suitable for applicants prioritising practical access, clear tenancy terms and responsive management.",51.486354,0.002628
P-2906,SW11 9EN,London,Battersea,flat,2,2,3825,,1081,True,True,True,True,False,2026-08-29,balcony|garden|parking|river-view|school|transport,"A well-presented 2-bed flat in Battersea priced at £3825 pcm. Highlights include balcony, garden, parking, river-view, school, transport. Suitable for applicants prioritising practical access, clear tenancy terms and responsive management.",51.460158,-0.131802
P-2907,SW19 7FM,London,Wimbledon,flat,3,3,3575,,1120,True,True,False,True,True,2026-09-28,concierge|parking|school,"A well-presented 3-bed flat in Wimbledon priced at £3575 pcm. Highlights include concierge, parking, school. Suitable for applicants prioritising practical access, clear tenancy terms and responsive management.",51.424672,-0.20024
P-2908,SW11 6GK,London,Battersea,flat,2,2,3975,,906,True,False,False,False,True,2026-09-14,gym|pet-friendly|transport,"A well-presented 2-bed flat in Battersea priced at £3975 pcm. Highlights include gym, pet-friendly, transport. Suitable for applicants prioritising practical access, clear tenancy terms and responsive management.",51.449958,-0.139484
P-2909,EC2A 7BM,London,Shoreditch,house,3,3,4625,,1157,True,True,False,False,True,2026-09-01,parking|pet-friendly|river-view|workspace,"A well-presented 3-bed house in Shoreditch priced at £4625 pcm. Highlights include parking, pet-friendly, river-view, workspace. Suitable for applicants prioritising practical access, clear tenancy terms and responsive management.",51.51128,-0.083346
P-2910,SW19 1GN,London,Wimbledon,studio,0,1,2800,,661,True,False,True,True,False,2026-10-21,balcony|garden|gym|river-view|school|transport,"A well-presented 0-bed studio in Wimbledon priced at £2800 pcm. Highlights include balcony, garden, gym, river-view, school, transport. Suitable for applicants prioritising practical access, clear tenancy terms and responsive management.",51.412589,-0.218155
P-2911,E14 3BM,London,Canary Wharf,flat,4,3,4525,,1454,False,False,False,True,False,2026-10-20,balcony|gym|river-view|transport,"A well-presented 4-bed flat in Canary Wharf priced at £4525 pcm. Highlights include balcony, gym, river-view, transport. Suitable for applicants prioritising practical access, clear tenancy terms and responsive management.",51.484889,-0.016449
P-2912,EC2A 1EP,London,Shoreditch,studio,0,1,2450,,664,True,True,True,True,False,2026-07-31,balcony|garden|gym|parking|school|workspace,"A well-presented 0-bed studio in Shoreditch priced at £2450 pcm. Highlights include balcony, garden, gym, parking, school, workspace. Suitable for applicants prioritising practical access, clear tenancy terms and responsive management.",51.532278,-0.077577
P-2913,EC2A 7DP,London,Shoreditch,flat,3,3,4450,,1227,True,True,True,True,True,2026-10-07,concierge|garden|parking|workspace,"A well-presented 3-bed flat in Shoreditch priced at £4450 pcm. Highlights include concierge, garden, parking, workspace. Suitable for applicants prioritising practical access, clear tenancy terms and responsive management.",51.511499,-0.102635
P-2914,SW6 6FJ,London,Fulham,house,2,2,4075,,1126,False,True,True,False,True,2026-08-27,concierge|garden|river-view,"A well-presented 2-bed house in Fulham priced at £4075 pcm. Highlights include concierge, garden, river-view. Suitable for applicants prioritising practical access, clear tenancy terms and responsive management.",51.482047,-0.195627
P-2915,E20 8GK,London,Stratford,house,3,3,4075,,1161,False,True,False,False,True,2026-10-22,gym|parking|school|workspace,"A well-presented 3-bed house in Stratford priced at £4075 pcm. Highlights include gym, parking, school, workspace. Suitable for applicants prioritising practical access, clear tenancy terms and responsive management.",51.535413,-0.00839
P-2916,SE10 4EL,London,Greenwich,flat,1,1,2625,,676,True,True,True,True,True,2026-08-05,garden|gym|parking|pet-friendly|school|transport,"A well-presented 1-bed flat in Greenwich priced at £2625 pcm. Highlights include garden, gym, parking, pet-friendly, school, transport. Suitable for applicants prioritising practical access, clear tenancy terms and responsive management.",51.476627,0.01233
P-2917,NW1 9FN,London,Camden,flat,2,2,3675,,1010,False,False,False,True,False,2026-10-15,balcony|transport|workspace,"A well-presented 2-bed flat in Camden priced at £3675 pcm. Highlights include balcony, transport, workspace. Suitable for applicants prioritising practical access, clear tenancy terms and responsive management.",51.521585,-0.159237
P-2918,SW19 3BM,London,Wimbledon,flat,3,3,4050,,1252,True,True,False,False,False,2026-10-13,gym|parking|river-view|school|workspace,"A well-presented 3-bed flat in Wimbledon priced at £4050 pcm. Highlights include gym, parking, river-view, school, workspace. Suitable for applicants prioritising practical access, clear tenancy terms and responsive management.",51.433017,-0.240342
P-2919,SW4 8DM,London,Clapham,house,3,3,3900,,1166,True,True,True,False,True,2026-07-27,garden|gym|pet-friendly|school|transport,"A well-presented 3-bed house in Clapham priced at £3900 pcm. Highlights include garden, gym, pet-friendly, school, transport. Suitable for applicants prioritising practical access, clear tenancy terms and responsive management.",51.466037,-0.141395
P-2920,SW3 3EK,London,Chelsea,studio,0,1,4025,,597,True,True,False,True,True,2026-08-14,balcony|gym|parking|river-view,"A well-presented 0-bed studio in Chelsea priced at £4025 pcm. Highlights include balcony, gym, parking, river-view. Suitable for applicants prioritising practical access, clear tenancy terms and responsive management.",51.495489,-0.127626
P-2921,CR0 3DM,London,Croydon,flat,1,1,2050,,629,True,False,False,True,True,2026-09-01,balcony|gym|pet-friendly|school|transport,"A well-presented 1-bed flat in Croydon priced at £2050 pcm. Highlights include balcony, gym, pet-friendly, school, transport. Suitable for applicants prioritising practical access, clear tenancy terms and responsive management.",51.354983,-0.097848
P-2922,E14 3AK,London,Canary Wharf,flat,4,3,4400,,1455,True,False,True,False,False,2026-08-28,garden|school|workspace,"A well-presented 4-bed flat in Canary Wharf priced at £4400 pcm. Highlights include garden, school, workspace. Suitable for applicants prioritising practical access, clear tenancy terms and responsive management.",51.494673,-0.001946
P-2923,EC2A 9GP,London,Shoreditch,house,2,2,4000,,806,True,False,True,True,True,2026-09-05,balcony|concierge|garden|river-view|transport,"A well-presented 2-bed house in Shoreditch priced at £4000 pcm. Highlights include balcony, concierge, garden, river-view, transport. Suitable for applicants prioritising practical access, clear tenancy terms and responsive management.",51.51354,-0.096928
P-2924,E8 2DM,London,Hackney,maisonette,2,2,3100,,939,True,False,True,False,False,2026-09-02,garden|gym|workspace,"A well-presented 2-bed maisonette in Hackney priced at £3100 pcm. Highlights include garden, gym, workspace. Suitable for applicants prioritising practical access, clear tenancy terms and responsive management.",51.533712,-0.062736
P-2925,N1 3GJ,London,Islington,house,2,3,4000,,805,True,True,True,True,False,2026-08-02,garden|gym|parking|school,"A well-presented 2-bed house in Islington priced at £4000 pcm. Highlights include garden, gym, parking, school. Suitable for applicants prioritising practical access, clear tenancy terms and responsive management.",51.536822,-0.07561
P-2926,E14 1CK,London,Canary Wharf,flat,1,1,3100,,666,True,True,True,False,True,2026-09-10,garden|gym|parking|pet-friendly|school,"A well-presented 1-bed flat in Canary Wharf priced at £3100 pcm. Highlights include garden, gym, parking, pet-friendly, school. Suitable for applicants prioritising practical access, clear tenancy terms and responsive management.",51.492608,-0.008335
P-2927,SW11 2DN,London,Battersea,flat,1,2,4350,,659,True,False,True,False,True,2026-07-26,concierge|garden|gym|river-view|school|workspace,"A well-presented 1-bed flat in Battersea priced at £4350 pcm. Highlights include concierge, garden, gym, river-view, school, workspace. Suitable for applicants prioritising practical access, clear tenancy terms and responsive management.",51.440693,-0.140813
P-2928,SW19 7DK,London,Wimbledon,house,1,1,2875,,709,True,False,True,False,True,2026-10-18,concierge|garden|river-view|transport|workspace,"A well-presented 1-bed house in Wimbledon priced at £2875 pcm. Highlights include concierge, garden, river-view, transport, workspace. Suitable for applicants prioritising practical access, clear tenancy terms and responsive management.",51.425111,-0.216894
P-2929,SW6 7GN,London,Fulham,flat,1,1,3675,,525,True,False,True,True,False,2026-07-28,balcony|garden|river-view|workspace,"A well-presented 1-bed flat in Fulham priced at £3675 pcm. Highlights include balcony, garden, river-view, workspace. Suitable for applicants prioritising practical access, clear tenancy terms and responsive management.",51.501447,-0.202812
P-2930,SW6 3FL,London,Fulham,flat,2,2,4500,,1012,True,True,True,False,False,2026-09-19,concierge|garden|gym|parking|workspace,"A well-presented 2-bed flat in Fulham priced at £4500 pcm. Highlights include concierge, garden, gym, parking, workspace. Suitable for applicants prioritising practical access, clear tenancy terms and responsive management.",51.467857,-0.216262
P-2931,N1 9FN,London,Islington,flat,2,2,3550,,971,False,True,False,False,False,2026-09-23,concierge|parking|workspace,"A well-presented 2-bed flat in Islington priced at £3550 pcm. Highlights include concierge, parking, workspace. Suitable for applicants prioritising practical access, clear tenancy terms and responsive management.",51.540947,-0.111327
P-2932,CR0 7FJ,London,Croydon,house,2,2,2725,,992,True,False,True,False,True,2026-09-20,concierge|pet-friendly|school|workspace,"A well-presented 2-bed house in Croydon priced at £2725 pcm. Highlights include concierge, pet-friendly, school, workspace. Suitable for applicants prioritising practical access, clear tenancy terms and responsive management.",51.370506,-0.12232
P-2933,E20 5GP,London,Stratford,house,2,2,3325,,971,True,True,False,False,False,2026-09-28,concierge|parking|transport|workspace,"A well-presented 2-bed house in Stratford priced at £3325 pcm. Highlights include concierge, parking, transport, workspace. Suitable for applicants prioritising practical access, clear tenancy terms and responsive management.",51.541541,0.012751
P-2934,E8 1GN,London,Hackney,flat,2,2,3400,,862,True,True,False,False,True,2026-08-03,parking|pet-friendly|river-view|school|transport,"A well-presented 2-bed flat in Hackney priced at £3400 pcm. Highlights include parking, pet-friendly, river-view, school, transport. Suitable for applicants prioritising practical access, clear tenancy terms and responsive management.",51.539917,-0.083358
P-2935,N1 8BL,London,Islington,flat,2,2,3450,,883,False,False,False,True,False,2026-09-23,balcony|gym|transport,"A well-presented 2-bed flat in Islington priced at £3450 pcm. Highlights include balcony, gym, transport. Suitable for applicants prioritising practical access, clear tenancy terms and responsive management.",51.54806,-0.124935
P-2936,NW1 7HP,London,Camden,flat,3,3,3725,,1282,True,True,True,False,False,2026-08-26,garden|gym|parking|school|transport,"A well-presented 3-bed flat in Camden priced at £3725 pcm. Highlights include garden, gym, parking, school, transport. Suitable for applicants prioritising practical access, clear tenancy terms and responsive management.",51.5597,-0.133695
P-2937,SW19 9FJ,London,Wimbledon,house,2,2,3675,,969,True,False,True,True,False,2026-09-03,balcony|concierge|garden|workspace,"A well-presented 2-bed house in Wimbledon priced at £3675 pcm. Highlights include balcony, concierge, garden, workspace. Suitable for applicants prioritising practical access, clear tenancy terms and responsive management.",51.424042,-0.187817
P-2938,SW4 5CN,London,Clapham,house,2,2,4000,,979,True,True,False,True,True,2026-08-02,balcony|concierge|pet-friendly|river-view|workspace,"A well-presented 2-bed house in Clapham priced at £4000 pcm. Highlights include balcony, concierge, pet-friendly, river-view, workspace. Suitable for applicants prioritising practical access, clear tenancy terms and responsive management.",51.461094,-0.16207
P-2939,SW3 4FP,London,Chelsea,house,3,3,5450,,1077,False,True,False,True,False,2026-09-16,concierge|gym|parking|river-view,"A well-presented 3-bed house in Chelsea priced at £5450 pcm. Highlights include concierge, gym, parking, river-view. Suitable for applicants prioritising practical access, clear tenancy terms and responsive management.",51.484083,-0.186651
P-2940,SW11 4GN,London,Battersea,flat,1,1,3275,,563,True,True,True,True,False,2026-10-17,balcony|garden|gym|parking|river-view|school,"A well-presented 1-bed flat in Battersea priced at £3275 pcm. Highlights include balcony, garden, gym, parking, river-view, school. Suitable for applicants prioritising practical access, clear tenancy terms and responsive management.",51.467881,-0.178136
P-2941,E8 2CM,London,Hackney,studio,0,1,2375,,647,True,True,False,False,True,2026-10-05,gym|parking|school|workspace,"A well-presented 0-bed studio in Hackney priced at £2375 pcm. Highlights include gym, parking, school, workspace. Suitable for applicants prioritising practical access, clear tenancy terms and responsive management.",51.546161,-0.084365
P-2942,E8 6CP,London,Hackney,flat,2,2,3550,,877,False,False,False,True,False,2026-09-20,balcony|transport|workspace,"A well-presented 2-bed flat in Hackney priced at £3550 pcm. Highlights include balcony, transport, workspace. Suitable for applicants prioritising practical access, clear tenancy terms and responsive management.",51.551057,-0.059399
P-2943,NW1 7DL,London,Camden,flat,2,2,3975,,915,True,True,False,True,True,2026-10-19,balcony|concierge|gym|pet-friendly|school|transport,"A well-presented 2-bed flat in Camden priced at £3975 pcm. Highlights include balcony, concierge, gym, pet-friendly, school, transport. Suitable for applicants prioritising practical access, clear tenancy terms and responsive management.",51.532106,-0.126909
P-2944,N1 9BP,London,Islington,flat,1,1,3225,,634,True,True,False,True,True,2026-08-18,parking|pet-friendly|river-view|school|workspace,"A well-presented 1-bed flat in Islington priced at £3225 pcm. Highlights include parking, pet-friendly, river-view, school, workspace. Suitable for applicants prioritising practical access, clear tenancy terms and responsive management.",51.553852,-0.093573
P-2945,EC2A 8HM,London,Shoreditch,flat,3,3,4050,,1206,False,False,False,True,False,2026-10-18,balcony|gym|river-view|school|transport|workspace,"A well-presented 3-bed flat in Shoreditch priced at £4050 pcm. Highlights include balcony, gym, river-view, school, transport, workspace. Suitable for applicants prioritising practical access, clear tenancy terms and responsive management.",51.540361,-0.067091
P-2946,E8 9HM,London,Hackney,house,1,1,3175,,697,True,False,True,True,True,2026-09-25,balcony|concierge|garden|pet-friendly|river-view|transport,"A well-presented 1-bed house in Hackney priced at £3175 pcm. Highlights include balcony, concierge, garden, pet-friendly, river-view, transport. Suitable for applicants prioritising practical access, clear tenancy terms and responsive management.",51.538143,-0.037909
P-2947,SW4 6DM,London,Clapham,house,4,3,4725,,1433,True,True,True,True,True,2026-09-20,balcony|garden|pet-friendly|river-view|workspace,"A well-presented 4-bed house in Clapham priced at £4725 pcm. Highlights include balcony, garden, pet-friendly, river-view, workspace. Suitable for applicants prioritising practical access, clear tenancy terms and responsive management.",51.466497,-0.129361
P-2948,SW4 5AL,London,Clapham,flat,2,2,3725,,857,True,False,False,True,True,2026-07-26,balcony|pet-friendly|river-view,"A well-presented 2-bed flat in Clapham priced at £3725 pcm. Highlights include balcony, pet-friendly, river-view. Suitable for applicants prioritising practical access, clear tenancy terms and responsive management.",51.476724,-0.148382
P-2949,SW3 4AN,London,Chelsea,flat,3,3,5375,,1224,True,True,True,False,False,2026-07-31,concierge|garden|gym|river-view|workspace,"A well-presented 3-bed flat in Chelsea priced at £5375 pcm. Highlights include concierge, garden, gym, river-view, workspace. Suitable for applicants prioritising practical access, clear tenancy terms and responsive management.",51.504587,-0.143252
P-2950,SW4 4EP,London,Clapham,flat,4,3,4150,,1379,False,False,True,False,False,2026-09-05,garden|transport|workspace,"A well-presented 4-bed flat in Clapham priced at £4150 pcm. Highlights include garden, transport, workspace. Suitable for applicants prioritising practical access, clear tenancy terms and responsive management.",51.476066,-0.130282
P-2951,EC2A 3GM,London,Shoreditch,flat,3,3,4200,,1306,False,True,False,True,True,2026-10-12,balcony|concierge|gym|parking|pet-friendly,"A well-presented 3-bed flat in Shoreditch priced at £4200 pcm. Highlights include balcony, concierge, gym, parking, pet-friendly. Suitable for applicants prioritising practical access, clear tenancy terms and responsive management.",51.535302,-0.068453
P-2952,CR0 4EN,London,Croydon,house,2,3,2475,,901,True,False,True,False,True,2026-09-08,garden|river-view|transport,"A well-presented 2-bed house in Croydon priced at £2475 pcm. Highlights include garden, river-view, transport. Suitable for applicants prioritising practical access, clear tenancy terms and responsive management.",51.37268,-0.106216
P-2953,E8 5GM,London,Hackney,flat,1,1,2400,,777,True,True,True,False,False,2026-09-01,concierge|garden|gym|parking|school|transport,"A well-presented 1-bed flat in Hackney priced at £2400 pcm. Highlights include concierge, garden, gym, parking, school, transport. Suitable for applicants prioritising practical access, clear tenancy terms and responsive management.",51.540203,-0.052471
P-2954,SW11 7GP,London,Battersea,flat,1,2,3075,,679,True,False,True,True,True,2026-09-11,balcony|garden|gym|pet-friendly|transport|workspace,"A well-presented 1-bed flat in Battersea priced at £3075 pcm. Highlights include balcony, garden, gym, pet-friendly, transport, workspace. Suitable for applicants prioritising practical access, clear tenancy terms and responsive management.",51.459271,-0.170904
P-2955,SW6 2EP,London,Fulham,house,3,3,4400,,1229,True,True,False,False,True,2026-10-21,concierge|parking|workspace,"A well-presented 3-bed house in Fulham priced at £4400 pcm. Highlights include concierge, parking, workspace. Suitable for applicants prioritising practical access, clear tenancy terms and responsive management.",51.470451,-0.163563
P-2956,EC2A 8DN,London,Shoreditch,flat,2,3,4050,,996,True,False,False,True,True,2026-09-16,concierge|river-view|workspace,"A well-presented 2-bed flat in Shoreditch priced at £4050 pcm. Highlights include concierge, river-view, workspace. Suitable for applicants prioritising practical access, clear tenancy terms and responsive management.",51.491911,-0.090097
P-2957,SE10 5HL,London,Greenwich,studio,0,1,2300,,736,True,False,True,False,False,2026-08-24,concierge|garden|gym|transport,"A well-presented 0-bed studio in Greenwich priced at £2300 pcm. Highlights include concierge, garden, gym, transport. Suitable for applicants prioritising practical access, clear tenancy terms and responsive management.",51.490243,-0.016252
P-2958,EC2A 3AK,London,Shoreditch,flat,3,3,4200,,1183,True,True,True,False,False,2026-10-09,garden|parking|river-view,"A well-presented 3-bed flat in Shoreditch priced at £4200 pcm. Highlights include garden, parking, river-view. Suitable for applicants prioritising practical access, clear tenancy terms and responsive management.",51.523257,-0.08232
P-2959,N1 9GM,London,Islington,flat,1,1,3400,,824,True,False,False,True,False,2026-09-25,balcony|concierge|river-view,"A well-presented 1-bed flat in Islington priced at £3400 pcm. Highlights include balcony, concierge, river-view. Suitable for applicants prioritising practical access, clear tenancy terms and responsive management.",51.532125,-0.113478
P-2960,SW3 3FN,London,Chelsea,flat,3,3,5275,,1186,True,True,False,True,True,2026-08-18,balcony|gym|parking|transport,"A well-presented 3-bed flat in Chelsea priced at £5275 pcm. Highlights include balcony, gym, parking, transport. Suitable for applicants prioritising practical access, clear tenancy terms and responsive management.",51.476781,-0.169315
P-2961,N1 3BM,London,Islington,house,1,2,3375,,647,False,True,True,False,False,2026-10-09,concierge|garden|gym|parking|river-view|school,"A well-presented 1-bed house in Islington priced at £3375 pcm. Highlights include concierge, garden, gym, parking, river-view, school. Suitable for applicants prioritising practical access, clear tenancy terms and responsive management.",51.531807,-0.12187
P-2962,NW1 9GL,London,Camden,flat,2,2,3850,,981,True,False,True,False,False,2026-09-28,garden|school|workspace,"A well-presented 2-bed flat in Camden priced at £3850 pcm. Highlights include garden, school, workspace. Suitable for applicants prioritising practical access, clear tenancy terms and responsive management.",51.54449,-0.126618
P-2963,E20 9BN,London,Stratford,flat,4,3,4300,,1461,False,True,True,True,True,2026-07-29,balcony|concierge|garden|gym|workspace,"A well-presented 4-bed flat in Stratford priced at £4300 pcm. Highlights include balcony, concierge, garden, gym, workspace. Suitable for applicants prioritising practical access, clear tenancy terms and responsive management.",51.529565,-0.014324
P-2964,SW11 3EK,London,Battersea,flat,2,2,4325,,929,True,False,True,False,True,2026-10-20,garden|gym|pet-friendly|school,"A well-presented 2-bed flat in Battersea priced at £4325 pcm. Highlights include garden, gym, pet-friendly, school. Suitable for applicants prioritising practical access, clear tenancy terms and responsive management.",51.460583,-0.175668
P-2965,SW19 2BL,London,Wimbledon,house,3,3,3825,,1149,True,False,True,True,True,2026-09-13,balcony|garden|gym|river-view|school|transport,"A well-presented 3-bed house in Wimbledon priced at £3825 pcm. Highlights include balcony, garden, gym, river-view, school, transport. Suitable for applicants prioritising practical access, clear tenancy terms and responsive management.",51.439911,-0.231958
P-2966,E20 4AK,London,Stratford,flat,1,1,2750,,769,True,True,False,True,True,2026-09-01,parking|school|workspace,"A well-presented 1-bed flat in Stratford priced at £2750 pcm. Highlights include parking, school, workspace. Suitable for applicants prioritising practical access, clear tenancy terms and responsive management.",51.540521,0.011865
P-2967,N1 6FM,London,Islington,flat,1,1,2975,,686,True,False,True,True,False,2026-10-22,balcony|garden|gym|school|transport|workspace,"A well-presented 1-bed flat in Islington priced at £2975 pcm. Highlights include balcony, garden, gym, school, transport, workspace. Suitable for applicants prioritising practical access, clear tenancy terms and responsive management.",51.56371,-0.13711
P-2968,E8 2CM,London,Hackney,flat,1,2,3075,,630,False,True,True,True,True,2026-10-08,garden|gym|parking|pet-friendly|school,"A well-presented 1-bed flat in Hackney priced at £3075 pcm. Highlights include garden, gym, parking, pet-friendly, school. Suitable for applicants prioritising practical access, clear tenancy terms and responsive management.",51.549547,-0.058296
P-2969,N1 1GJ,London,Islington,flat,1,2,3075,,698,False,False,True,False,True,2026-09-10,garden|gym|pet-friendly,"A well-presented 1-bed flat in Islington priced at £3075 pcm. Highlights include garden, gym, pet-friendly. Suitable for applicants prioritising practical access, clear tenancy terms and responsive management.",51.555834,-0.118981
P-2970,CR0 9CM,London,Croydon,flat,2,3,2575,,999,True,False,False,False,True,2026-08-09,concierge|transport|workspace,"A well-presented 2-bed flat in Croydon priced at £2575 pcm. Highlights include concierge, transport, workspace. Suitable for applicants prioritising practical access, clear tenancy terms and responsive management.",51.374426,-0.078924
P-2971,SE10 7CJ,London,Greenwich,flat,4,3,3950,,1480,True,True,True,True,True,2026-08-17,balcony|concierge|garden|parking|pet-friendly|workspace,"A well-presented 4-bed flat in Greenwich priced at £3950 pcm. Highlights include balcony, concierge, garden, parking, pet-friendly, workspace. Suitable for applicants prioritising practical access, clear tenancy terms and responsive management.",51.489042,-0.030192
P-2972,CR0 6HK,London,Croydon,studio,0,1,1650,,709,True,True,False,False,False,2026-10-02,concierge|gym|river-view|transport|workspace,"A well-presented 0-bed studio in Croydon priced at £1650 pcm. Highlights include concierge, gym, river-view, transport, workspace. Suitable for applicants prioritising practical access, clear tenancy terms and responsive management.",51.374268,-0.110666
P-2973,CR0 6HP,London,Croydon,flat,2,2,2425,,932,False,False,False,False,True,2026-08-25,concierge|river-view|transport|workspace,"A well-presented 2-bed flat in Croydon priced at £2425 pcm. Highlights include concierge, river-view, transport, workspace. Suitable for applicants prioritising practical access, clear tenancy terms and responsive management.",51.381148,-0.069829
P-2974,SW4 9AP,London,Clapham,flat,2,2,3725,,782,True,True,False,False,True,2026-10-12,concierge|gym|parking|river-view|school|transport,"A well-presented 2-bed flat in Clapham priced at £3725 pcm. Highlights include concierge, gym, parking, river-view, school, transport. Suitable for applicants prioritising practical access, clear tenancy terms and responsive management.",51.476965,-0.151525
P-2975,SW6 8EM,London,Fulham,flat,2,2,4200,,1023,True,False,True,False,True,2026-10-20,concierge|garden|gym|pet-friendly|transport|workspace,"A well-presented 2-bed flat in Fulham priced at £4200 pcm. Highlights include concierge, garden, gym, pet-friendly, transport, workspace. Suitable for applicants prioritising practical access, clear tenancy terms and responsive management.",51.487006,-0.202834
P-2976,SW19 6GM,London,Wimbledon,maisonette,2,3,3600,,840,False,False,True,False,False,2026-08-26,garden|transport|workspace,"A well-presented 2-bed maisonette in Wimbledon priced at £3600 pcm. Highlights include garden, transport, workspace. Suitable for applicants prioritising practical access, clear tenancy terms and responsive management.",51.433427,-0.213853
P-2977,EC2A 9HP,London,Shoreditch,flat,2,2,3725,,961,True,True,False,False,True,2026-09-06,gym|parking|pet-friendly|river-view|school|workspace,"A well-presented 2-bed flat in Shoreditch priced at £3725 pcm. Highlights include gym, parking, pet-friendly, river-view, school, workspace. Suitable for applicants prioritising practical access, clear tenancy terms and responsive management.",51.526112,-0.075911
P-2978,E8 7CK,London,Hackney,flat,3,3,3650,,1138,False,True,False,True,True,2026-07-26,balcony|gym|parking|pet-friendly,"A well-presented 3-bed flat in Hackney priced at £3650 pcm. Highlights include balcony, gym, parking, pet-friendly. Suitable for applicants prioritising practical access, clear tenancy terms and responsive management.",51.559117,-0.079267
P-2979,E20 8BN,London,Stratford,maisonette,3,3,3650,,1333,True,False,False,False,True,2026-07-25,concierge|pet-friendly|school|transport,"A well-presented 3-bed maisonette in Stratford priced at £3650 pcm. Highlights include concierge, pet-friendly, school, transport. Suitable for applicants prioritising practical access, clear tenancy terms and responsive management.",51.538087,0.020509
P-2980,EC2A 6DN,London,Shoreditch,flat,1,1,3575,,686,False,True,True,False,True,2026-10-04,garden|gym|parking|pet-friendly,"A well-presented 1-bed flat in Shoreditch priced at £3575 pcm. Highlights include garden, gym, parking, pet-friendly. Suitable for applicants prioritising practical access, clear tenancy terms and responsive management.",51.528001,-0.050525
P-2981,N1 6BP,London,Islington,flat,2,2,3625,,998,False,False,True,False,False,2026-09-22,garden|river-view|transport,"A well-presented 2-bed flat in Islington priced at £3625 pcm. Highlights include garden, river-view, transport. Suitable for applicants prioritising practical access, clear tenancy terms and responsive management.",51.541656,-0.090875
P-2982,EC2A 9GP,London,Shoreditch,flat,2,3,3575,,918,False,False,False,True,True,2026-09-14,balcony|concierge|pet-friendly|transport|workspace,"A well-presented 2-bed flat in Shoreditch priced at £3575 pcm. Highlights include balcony, concierge, pet-friendly, transport, workspace. Suitable for applicants prioritising practical access, clear tenancy terms and responsive management.",51.522331,-0.065995
P-2983,SW4 3CN,London,Clapham,flat,3,3,4200,,1092,True,True,False,False,True,2026-09-30,concierge|parking|pet-friendly|workspace,"A well-presented 3-bed flat in Clapham priced at £4200 pcm. Highlights include concierge, parking, pet-friendly, workspace. Suitable for applicants prioritising practical access, clear tenancy terms and responsive management.",51.484774,-0.11657
P-2984,E14 9FM,London,Canary Wharf,studio,0,1,3075,,564,True,True,False,True,False,2026-08-31,balcony|concierge|school,"A well-presented 0-bed studio in Canary Wharf priced at £3075 pcm. Highlights include balcony, concierge, school. Suitable for applicants prioritising practical access, clear tenancy terms and responsive management.",51.529374,-0.002277
P-2985,CR0 4HL,London,Croydon,maisonette,2,3,2375,,874,False,False,True,False,True,2026-08-28,garden|pet-friendly|river-view|school|transport|workspace,"A well-presented 2-bed maisonette in Croydon priced at £2375 pcm. Highlights include garden, pet-friendly, river-view, school, transport, workspace. Suitable for applicants prioritising practical access, clear tenancy terms and responsive management.",51.361933,-0.090248
P-2986,SW19 6FN,London,Wimbledon,flat,1,2,3125,,725,True,True,False,False,True,2026-08-13,concierge|gym|parking|pet-friendly|river-view|school,"A well-presented 1-bed flat in Wimbledon priced at £3125 pcm. Highlights include concierge, gym, parking, pet-friendly, river-view, school. Suitable for applicants prioritising practical access, clear tenancy terms and responsive management.",51.409314,-0.175374
P-2987,SW6 3GM,London,Fulham,flat,1,1,3950,,642,True,True,True,True,False,2026-08-08,concierge|garden|parking|river-view|school|transport,"A well-presented 1-bed flat in Fulham priced at £3950 pcm. Highlights include concierge, garden, parking, river-view, school, transport. Suitable for applicants prioritising practical access, clear tenancy terms and responsive management.",51.470422,-0.176666
P-2988,SW11 2FP,London,Battersea,flat,2,2,4050,,938,True,True,True,False,True,2026-09-01,concierge|garden|gym|parking|pet-friendly|school,"A well-presented 2-bed flat in Battersea priced at £4050 pcm. Highlights include concierge, garden, gym, parking, pet-friendly, school. Suitable for applicants prioritising practical access, clear tenancy terms and responsive management.",51.452304,-0.151177
P-2989,E20 4FP,London,Stratford,flat,3,3,4000,,1189,True,True,False,True,True,2026-08-16,balcony|parking|pet-friendly|school|transport|workspace,"A well-presented 3-bed flat in Stratford priced at £4000 pcm. Highlights include balcony, parking, pet-friendly, school, transport, workspace. Suitable for applicants prioritising practical access, clear tenancy terms and responsive management.",51.549355,0.010128
P-2990,E14 3CL,London,Canary Wharf,house,1,1,3875,,592,True,True,False,True,True,2026-08-09,balcony|concierge|gym|parking|pet-friendly|transport,"A well-presented 1-bed house in Canary Wharf priced at £3875 pcm. Highlights include balcony, concierge, gym, parking, pet-friendly, transport. Suitable for applicants prioritising practical access, clear tenancy terms and responsive management.",51.503196,-0.017434
P-2991,SW6 5GP,London,Fulham,flat,4,3,4900,,1620,True,True,True,True,False,2026-07-30,balcony|concierge|garden|river-view,"A well-presented 4-bed flat in Fulham priced at £4900 pcm. Highlights include balcony, concierge, garden, river-view. Suitable for applicants prioritising practical access, clear tenancy terms and responsive management.",51.462332,-0.181789
P-2992,E20 6DM,London,Stratford,house,1,2,3100,,623,True,False,True,True,True,2026-08-23,balcony|garden|transport,"A well-presented 1-bed house in Stratford priced at £3100 pcm. Highlights include balcony, garden, transport. Suitable for applicants prioritising practical access, clear tenancy terms and responsive management.",51.531098,0.000857
P-2993,NW1 3GJ,London,Camden,house,3,3,4150,,1208,True,True,False,False,True,2026-09-17,concierge|gym|parking|pet-friendly|river-view|workspace,"A well-presented 3-bed house in Camden priced at £4150 pcm. Highlights include concierge, gym, parking, pet-friendly, river-view, workspace. Suitable for applicants prioritising practical access, clear tenancy terms and responsive management.",51.527163,-0.133297
P-2994,SW3 2BN,London,Chelsea,house,2,3,5000,,945,False,True,True,False,False,2026-08-12,concierge|parking|river-view|school|transport|workspace,"A well-presented 2-bed house in Chelsea priced at £5000 pcm. Highlights include concierge, parking, river-view, school, transport, workspace. Suitable for applicants prioritising practical access, clear tenancy terms and responsive management.",51.482174,-0.19686
P-2995,SW11 6FP,London,Battersea,flat,2,3,4175,,872,True,True,True,False,True,2026-10-16,concierge|garden|pet-friendly|river-view|workspace,"A well-presented 2-bed flat in Battersea priced at £4175 pcm. Highlights include concierge, garden, pet-friendly, river-view, workspace. Suitable for applicants prioritising practical access, clear tenancy terms and responsive management.",51.444477,-0.154143
P-2996,EC2A 3GL,London,Shoreditch,studio,0,1,2950,,622,False,False,False,True,True,2026-10-09,concierge|river-view|school|transport,"A well-presented 0-bed studio in Shoreditch priced at £2950 pcm. Highlights include concierge, river-view, school, transport. Suitable for applicants prioritising practical access, clear tenancy terms and responsive management.",51.51913,-0.093935
P-2997,NW1 8FJ,London,Camden,flat,2,3,3200,,961,True,False,True,True,True,2026-10-04,balcony|garden|pet-friendly|transport|workspace,"A well-presented 2-bed flat in Camden priced at £3200 pcm. Highlights include balcony, garden, pet-friendly, transport, workspace. Suitable for applicants prioritising practical access, clear tenancy terms and responsive management.",51.552794,-0.170938
P-2998,SW11 5EJ,London,Battersea,flat,3,3,4575,,1327,True,False,False,True,False,2026-10-09,gym|school|workspace,"A well-presented 3-bed flat in Battersea priced at £4575 pcm. Highlights include gym, school, workspace. Suitable for applicants prioritising practical access, clear tenancy terms and responsive management.",51.447402,-0.192799
P-2999,SW4 4FP,London,Clapham,flat,3,3,4475,,1290,True,False,True,False,True,2026-09-22,garden|gym|pet-friendly|river-view,"A well-presented 3-bed flat in Clapham priced at £4475 pcm. Highlights include garden, gym, pet-friendly, river-view. Suitable for applicants prioritising practical access, clear tenancy terms and responsive management.",51.463837,-0.146126
