viewing_id,applicant_id,property_id,scheduled_at,status
V-1,A-DEMO-SARAH,P-DEMO-01,2026-08-09 10:00:00,completed
V-2,A-DEMO-SARAH,P-1143,2026-05-29 17:00:00,completed
V-3,A-DEMO-SARAH,P-1711,2026-05-12 11:00:00,completed
V-4,A-DEMO-SARAH,P-1217,2026-07-31 15:00:00,completed
V-5,A-DEMO-SARAH,P-1698,2026-07-31 17:00:00,completed
V-6,A-DEMO-SARAH,P-1144,2026-07-24 16:00:00,completed
V-7,A-1000,P-2795,2026-06-22 14:00:00,completed
V-8,A-1000,P-2983,2026-07-13 16:00:00,completed
V-9,A-1000,P-1333,2026-06-16 12:00:00,completed
V-10,A-1000,P-2337,2026-06-13 14:00:00,completed
V-11,A-1000,P-2109,2026-05-17 17:00:00,completed
V-12,A-1000,P-2335,2026-07-16 13:00:00,completed
V-13,A-1000,P-1724,2026-05-05 10:00:00,completed
V-14,A-1000,P-2893,2026-07-24 11:00:00,completed
V-15,A-1001,P-1936,2026-05-22 11:00:00,cancelled
V-16,A-1001,P-2304,2026-07-19 13:00:00,completed
V-17,A-1001,P-1912,2026-06-17 14:00:00,completed
V-18,A-1001,P-1810,2026-08-17 13:00:00,completed
V-19,A-1001,P-1030,2026-07-24 16:00:00,completed
V-20,A-1002,P-1043,2026-06-22 11:00:00,completed
V-21,A-1002,P-2926,2026-06-24 15:00:00,completed
V-22,A-1002,P-1210,2026-06-14 17:00:00,cancelled
V-23,A-1003,P-1145,2026-06-01 09:00:00,completed
V-24,A-1003,P-2092,2026-05-22 12:00:00,completed
V-25,A-1003,P-2443,2026-06-01 09:00:00,completed
V-26,A-1003,P-1063,2026-07-25 16:00:00,completed
V-27,A-1003,P-1954,2026-06-10 17:00:00,completed
V-28,A-1004,P-1032,2026-07-04 16:00:00,completed
V-29,A-1004,P-2705,2026-07-04 11:00:00,completed
V-30,A-1004,P-2040,2026-06-05 17:00:00,completed
V-31,A-1004,P-1598,2026-08-04 10:00:00,completed
V-32,A-1004,P-2387,2026-06-08 12:00:00,completed
V-33,A-1005,P-2094,2026-06-15 16:00:00,cancelled
V-34,A-1005,P-2619,2026-07-30 09:00:00,completed
V-35,A-1005,P-2723,2026-05-20 09:00:00,completed
V-36,A-1005,P-1272,2026-06-11 16:00:00,completed
V-37,A-1006,P-2765,2026-06-29 16:00:00,completed
V-38,A-1006,P-2129,2026-05-11 10:00:00,completed
V-39,A-1006,P-2640,2026-07-31 13:00:00,completed
V-40,A-1007,P-1353,2026-08-10 12:00:00,completed
V-41,A-1007,P-1148,2026-08-06 16:00:00,completed
V-42,A-1007,P-1629,2026-05-17 09:00:00,completed
V-43,A-1008,P-2680,2026-07-29 11:00:00,completed
V-44,A-1008,P-1259,2026-07-07 11:00:00,completed
V-45,A-1008,P-2341,2026-07-07 10:00:00,completed
V-46,A-1008,P-1347,2026-06-19 16:00:00,completed
V-47,A-1009,P-1374,2026-06-22 09:00:00,completed
V-48,A-1009,P-2870,2026-05-10 09:00:00,completed
V-49,A-1009,P-1505,2026-06-22 15:00:00,completed
V-50,A-1009,P-2042,2026-08-14 09:00:00,cancelled
V-51,A-1009,P-1615,2026-06-10 17:00:00,completed
V-52,A-1010,P-2276,2026-07-10 10:00:00,completed
V-53,A-1011,P-1043,2026-07-26 10:00:00,completed
V-54,A-1011,P-1487,2026-08-08 16:00:00,completed
V-55,A-1011,P-2843,2026-08-03 12:00:00,cancelled
V-56,A-1011,P-1639,2026-07-04 17:00:00,completed
V-57,A-1012,P-1566,2026-07-07 10:00:00,completed
V-58,A-1012,P-2802,2026-06-10 14:00:00,completed
V-59,A-1013,P-2801,2026-08-03 14:00:00,completed
V-60,A-1013,P-2985,2026-05-24 12:00:00,completed
V-61,A-1013,P-2356,2026-07-29 15:00:00,completed
V-62,A-1014,P-2055,2026-07-31 13:00:00,completed
V-63,A-1014,P-1388,2026-06-01 13:00:00,completed
V-64,A-1014,P-2031,2026-08-06 17:00:00,completed
V-65,A-1014,P-1113,2026-07-07 10:00:00,completed
V-66,A-1014,P-2482,2026-08-07 16:00:00,completed
V-67,A-1014,P-1925,2026-07-02 10:00:00,completed
V-68,A-1014,P-1029,2026-06-28 16:00:00,completed
V-69,A-1015,P-2311,2026-08-08 10:00:00,completed
V-70,A-1015,P-1040,2026-07-07 15:00:00,completed
V-71,A-1015,P-2733,2026-08-02 11:00:00,completed
V-72,A-1015,P-2379,2026-07-07 09:00:00,cancelled
V-73,A-1015,P-2836,2026-05-22 14:00:00,cancelled
V-74,A-1016,P-1252,2026-06-12 12:00:00,completed
V-75,A-1016,P-1553,2026-08-04 12:00:00,cancelled
V-76,A-1016,P-1733,2026-05-31 09:00:00,completed
V-77,A-1016,P-2172,2026-07-21 15:00:00,cancelled
V-78,A-1016,P-2154,2026-08-02 13:00:00,completed
V-79,A-1017,P-1699,2026-07-23 15:00:00,completed
V-80,A-1017,P-2916,2026-06-18 12:00:00,completed
V-81,A-1018,P-1660,2026-06-12 11:00:00,completed
V-82,A-1018,P-1974,2026-08-18 17:00:00,completed
V-83,A-1018,P-2519,2026-06-21 17:00:00,completed
V-84,A-1018,P-2926,2026-05-09 10:00:00,cancelled
V-85,A-1019,P-2051,2026-08-01 11:00:00,completed
V-86,A-1020,P-1943,2026-07-30 10:00:00,completed
V-87,A-1020,P-1578,2026-08-14 10:00:00,completed
V-88,A-1020,P-1369,2026-05-22 16:00:00,completed
V-89,A-1020,P-2498,2026-05-28 09:00:00,completed
V-90,A-1020,P-1946,2026-06-12 11:00:00,completed
V-91,A-1021,P-2341,2026-07-31 11:00:00,completed
V-92,A-1021,P-1975,2026-07-02 11:00:00,completed
V-93,A-1021,P-1178,2026-08-05 15:00:00,completed
V-94,A-1021,P-1640,2026-05-17 13:00:00,completed
V-95,A-1022,P-2470,2026-06-04 16:00:00,completed
V-96,A-1022,P-1148,2026-07-13 17:00:00,completed
V-97,A-1022,P-1099,2026-08-02 16:00:00,completed
V-98,A-1022,P-1481,2026-07-21 13:00:00,completed
V-99,A-1022,P-2409,2026-07-15 15:00:00,completed
V-100,A-1023,P-2532,2026-07-10 11:00:00,completed
V-101,A-1023,P-2738,2026-08-06 11:00:00,cancelled
V-102,A-1023,P-2067,2026-07-14 15:00:00,completed
V-103,A-1024,P-2299,2026-07-19 15:00:00,completed
V-104,A-1024,P-1293,2026-07-24 15:00:00,completed
V-105,A-1024,P-2160,2026-05-27 11:00:00,completed
V-106,A-1025,P-1387,2026-05-17 13:00:00,completed
V-107,A-1025,P-2187,2026-07-28 14:00:00,completed
V-108,A-1025,P-2761,2026-05-10 12:00:00,completed
V-109,A-1026,P-2875,2026-05-25 11:00:00,cancelled
V-110,A-1026,P-1167,2026-06-24 10:00:00,completed
V-111,A-1026,P-1487,2026-07-28 13:00:00,completed
V-112,A-1027,P-1592,2026-06-07 16:00:00,completed
V-113,A-1027,P-1305,2026-07-16 14:00:00,completed
V-114,A-1027,P-1318,2026-07-14 09:00:00,completed
V-115,A-1028,P-2644,2026-05-31 16:00:00,completed
V-116,A-1029,P-2706,2026-06-26 09:00:00,completed
V-117,A-1029,P-2101,2026-07-30 09:00:00,completed
V-118,A-1029,P-2484,2026-07-02 16:00:00,completed
V-119,A-1029,P-2672,2026-07-09 10:00:00,completed
V-120,A-1029,P-2032,2026-07-24 14:00:00,completed
V-121,A-1029,P-1067,2026-05-17 09:00:00,cancelled
V-122,A-1030,P-1182,2026-08-13 17:00:00,completed
V-123,A-1030,P-2587,2026-05-18 17:00:00,completed
V-124,A-1030,P-1621,2026-05-14 15:00:00,completed
V-125,A-1030,P-2439,2026-07-05 17:00:00,completed
V-126,A-1031,P-2835,2026-07-25 09:00:00,completed
V-127,A-1031,P-1533,2026-05-24 17:00:00,completed
V-128,A-1031,P-1977,2026-06-11 12:00:00,completed
V-129,A-1031,P-2331,2026-06-11 17:00:00,completed
V-130,A-1031,P-1245,2026-07-10 10:00:00,completed
V-131,A-1031,P-1643,2026-07-03 17:00:00,completed
V-132,A-1031,P-1921,2026-08-09 11:00:00,completed
V-133,A-1032,P-2281,2026-07-27 09:00:00,completed
V-134,A-1032,P-2688,2026-08-10 09:00:00,completed
V-135,A-1032,P-2756,2026-08-04 12:00:00,completed
V-136,A-1032,P-2167,2026-06-24 14:00:00,completed
V-137,A-1032,P-1347,2026-08-10 13:00:00,completed
V-138,A-1033,P-2638,2026-06-19 16:00:00,completed
V-139,A-1033,P-1856,2026-07-31 14:00:00,completed
V-140,A-1033,P-1056,2026-08-05 12:00:00,completed
V-141,A-1033,P-1390,2026-07-29 11:00:00,completed
V-142,A-1033,P-2072,2026-08-17 16:00:00,completed
V-143,A-1034,P-2704,2026-05-26 16:00:00,completed
V-144,A-1034,P-2486,2026-08-05 09:00:00,completed
V-145,A-1036,P-1287,2026-05-08 11:00:00,completed
V-146,A-1036,P-2039,2026-07-08 15:00:00,completed
V-147,A-1036,P-1174,2026-07-25 14:00:00,completed
V-148,A-1036,P-1507,2026-08-15 10:00:00,completed
V-149,A-1036,P-1123,2026-05-11 09:00:00,completed
V-150,A-1036,P-2681,2026-05-14 14:00:00,completed
V-151,A-1036,P-1232,2026-07-29 13:00:00,completed
V-152,A-1037,P-2420,2026-05-23 11:00:00,completed
V-153,A-1037,P-1142,2026-07-21 11:00:00,completed
V-154,A-1037,P-2194,2026-05-06 17:00:00,cancelled
V-155,A-1037,P-2753,2026-05-19 14:00:00,completed
V-156,A-1038,P-2202,2026-05-09 13:00:00,completed
V-157,A-1038,P-1294,2026-07-22 09:00:00,completed
V-158,A-1038,P-2481,2026-08-10 10:00:00,completed
V-159,A-1038,P-2856,2026-05-28 14:00:00,completed
V-160,A-1039,P-2044,2026-07-25 14:00:00,completed
V-161,A-1039,P-2924,2026-05-23 10:00:00,completed
V-162,A-1039,P-2145,2026-06-07 13:00:00,completed
V-163,A-1039,P-2448,2026-06-21 15:00:00,cancelled
V-164,A-1039,P-2646,2026-06-15 13:00:00,completed
V-165,A-1039,P-1973,2026-07-18 15:00:00,completed
V-166,A-1039,P-1944,2026-05-20 12:00:00,completed
V-167,A-1039,P-2131,2026-06-05 16:00:00,completed
V-168,A-1040,P-1360,2026-07-24 16:00:00,completed
V-169,A-1040,P-2310,2026-05-23 09:00:00,completed
V-170,A-1040,P-1259,2026-06-07 11:00:00,completed
V-171,A-1041,P-2473,2026-06-10 16:00:00,completed
V-172,A-1041,P-1799,2026-07-25 10:00:00,completed
V-173,A-1041,P-2739,2026-07-15 10:00:00,completed
V-174,A-1041,P-2577,2026-06-24 10:00:00,completed
V-175,A-1042,P-1709,2026-08-06 10:00:00,completed
V-176,A-1042,P-1588,2026-05-25 11:00:00,completed
V-177,A-1043,P-1683,2026-06-25 13:00:00,completed
V-178,A-1043,P-1400,2026-06-04 10:00:00,completed
V-179,A-1044,P-2032,2026-06-02 14:00:00,cancelled
V-180,A-1044,P-1430,2026-07-06 17:00:00,cancelled
V-181,A-1045,P-1180,2026-06-14 13:00:00,completed
V-182,A-1046,P-1913,2026-05-10 15:00:00,completed
V-183,A-1046,P-2235,2026-07-20 09:00:00,completed
V-184,A-1046,P-1475,2026-08-11 15:00:00,completed
V-185,A-1046,P-1288,2026-08-07 11:00:00,completed
V-186,A-1047,P-2512,2026-06-15 13:00:00,completed
V-187,A-1047,P-1087,2026-05-23 17:00:00,completed
V-188,A-1047,P-2740,2026-07-07 15:00:00,completed
V-189,A-1047,P-2642,2026-06-29 13:00:00,completed
V-190,A-1048,P-2314,2026-07-16 11:00:00,completed
V-191,A-1048,P-2944,2026-08-11 16:00:00,completed
V-192,A-1049,P-1799,2026-05-10 17:00:00,completed
V-193,A-1049,P-2549,2026-07-21 13:00:00,completed
V-194,A-1049,P-1739,2026-06-24 12:00:00,cancelled
V-195,A-1049,P-2199,2026-06-06 15:00:00,completed
V-196,A-1050,P-2879,2026-07-10 16:00:00,completed
V-197,A-1050,P-2525,2026-08-10 12:00:00,completed
V-198,A-1050,P-2171,2026-08-01 11:00:00,completed
V-199,A-1051,P-2173,2026-07-13 17:00:00,completed
V-200,A-1051,P-2655,2026-05-11 14:00:00,completed
V-201,A-1051,P-2325,2026-08-03 16:00:00,completed
V-202,A-1051,P-1878,2026-07-25 16:00:00,completed
V-203,A-1051,P-1452,2026-08-10 15:00:00,completed
V-204,A-1051,P-1492,2026-06-13 15:00:00,completed
V-205,A-1052,P-2270,2026-07-04 12:00:00,completed
V-206,A-1052,P-1571,2026-06-26 11:00:00,completed
V-207,A-1052,P-2854,2026-08-11 13:00:00,completed
V-208,A-1053,P-1292,2026-07-01 09:00:00,completed
V-209,A-1053,P-1178,2026-08-03 17:00:00,cancelled
V-210,A-1053,P-2926,2026-06-08 10:00:00,completed
V-211,A-1053,P-1059,2026-07-08 15:00:00,completed
V-212,A-1054,P-2926,2026-07-07 16:00:00,completed
V-213,A-1054,P-1901,2026-05-10 14:00:00,completed
V-214,A-1054,P-2072,2026-07-01 15:00:00,completed
V-215,A-1054,P-2036,2026-06-04 13:00:00,completed
V-216,A-1055,P-1547,2026-08-09 16:00:00,completed
V-217,A-1055,P-2451,2026-08-08 16:00:00,cancelled
V-218,A-1055,P-1410,2026-08-01 09:00:00,completed
V-219,A-1056,P-2587,2026-07-24 11:00:00,completed
V-220,A-1056,P-1617,2026-05-23 16:00:00,cancelled
V-221,A-1057,P-1707,2026-05-27 11:00:00,completed
V-222,A-1058,P-1426,2026-07-07 14:00:00,completed
V-223,A-1058,P-1319,2026-07-25 10:00:00,cancelled
V-224,A-1058,P-2961,2026-08-08 13:00:00,completed
V-225,A-1058,P-2746,2026-07-17 13:00:00,completed
V-226,A-1058,P-2001,2026-06-01 09:00:00,completed
V-227,A-1059,P-2080,2026-05-16 13:00:00,completed
V-228,A-1059,P-2902,2026-05-18 09:00:00,completed
V-229,A-1059,P-1612,2026-07-08 12:00:00,completed
V-230,A-1060,P-2895,2026-07-16 15:00:00,completed
V-231,A-1060,P-2453,2026-07-18 16:00:00,completed
V-232,A-1061,P-1244,2026-05-14 09:00:00,completed
V-233,A-1061,P-2770,2026-07-19 17:00:00,completed
V-234,A-1061,P-1522,2026-06-03 14:00:00,completed
V-235,A-1062,P-2137,2026-06-26 17:00:00,completed
V-236,A-1062,P-2184,2026-05-15 14:00:00,completed
V-237,A-1062,P-1636,2026-06-20 15:00:00,completed
V-238,A-1062,P-2088,2026-07-24 10:00:00,completed
V-239,A-1062,P-1662,2026-06-21 15:00:00,cancelled
V-240,A-1063,P-2645,2026-08-01 15:00:00,completed
V-241,A-1063,P-2676,2026-07-11 09:00:00,completed
V-242,A-1063,P-1843,2026-08-15 12:00:00,completed
V-243,A-1064,P-2538,2026-06-12 12:00:00,completed
V-244,A-1064,P-2974,2026-06-04 14:00:00,completed
V-245,A-1064,P-1586,2026-06-12 11:00:00,completed
V-246,A-1065,P-1806,2026-07-12 17:00:00,completed
V-247,A-1065,P-1196,2026-08-02 12:00:00,completed
V-248,A-1065,P-1527,2026-06-25 11:00:00,completed
V-249,A-1066,P-2249,2026-08-01 16:00:00,completed
V-250,A-1066,P-2230,2026-06-22 16:00:00,completed
V-251,A-1066,P-1787,2026-05-22 10:00:00,completed
V-252,A-1066,P-2996,2026-07-12 13:00:00,completed
V-253,A-1067,P-1170,2026-06-04 15:00:00,completed
V-254,A-1067,P-2261,2026-07-13 13:00:00,completed
V-255,A-1067,P-2600,2026-05-04 13:00:00,cancelled
V-256,A-1067,P-2173,2026-07-12 16:00:00,completed
V-257,A-1067,P-2129,2026-07-01 14:00:00,completed
V-258,A-1067,P-1734,2026-06-05 14:00:00,completed
V-259,A-1068,P-2855,2026-07-25 14:00:00,completed
V-260,A-1068,P-1459,2026-06-26 14:00:00,completed
V-261,A-1068,P-2769,2026-05-20 09:00:00,completed
V-262,A-1068,P-1754,2026-07-29 12:00:00,completed
V-263,A-1069,P-2465,2026-05-16 11:00:00,cancelled
V-264,A-1069,P-2795,2026-05-28 11:00:00,cancelled
V-265,A-1069,P-1034,2026-05-26 15:00:00,completed
V-266,A-1070,P-1157,2026-06-16 09:00:00,completed
V-267,A-1070,P-1492,2026-08-11 14:00:00,completed
V-268,A-1071,P-2825,2026-05-16 10:00:00,cancelled
V-269,A-1071,P-1990,2026-06-15 13:00:00,completed
V-270,A-1071,P-2709,2026-07-23 16:00:00,completed
V-271,A-1072,P-1978,2026-06-05 10:00:00,completed
V-272,A-1072,P-1029,2026-05-28 13:00:00,cancelled
V-273,A-1072,P-2382,2026-07-12 10:00:00,completed
V-274,A-1072,P-2468,2026-07-04 17:00:00,completed
V-275,A-1072,P-1238,2026-07-25 16:00:00,completed
V-276,A-1073,P-2814,2026-06-07 12:00:00,completed
V-277,A-1073,P-1669,2026-06-23 15:00:00,completed
V-278,A-1073,P-2730,2026-07-30 13:00:00,completed
V-279,A-1073,P-1743,2026-08-02 12:00:00,completed
V-280,A-1074,P-2135,2026-05-07 14:00:00,completed
V-281,A-1074,P-1689,2026-06-11 14:00:00,completed
V-282,A-1074,P-2535,2026-06-23 16:00:00,completed
V-283,A-1075,P-2249,2026-07-20 09:00:00,completed
V-284,A-1075,P-1891,2026-06-19 14:00:00,completed
V-285,A-1075,P-1634,2026-05-31 12:00:00,cancelled
V-286,A-1076,P-1349,2026-06-14 12:00:00,completed
V-287,A-1076,P-1043,2026-07-27 16:00:00,cancelled
V-288,A-1076,P-1083,2026-06-23 09:00:00,completed
V-289,A-1076,P-2419,2026-08-05 15:00:00,completed
V-290,A-1076,P-1846,2026-06-25 12:00:00,completed
V-291,A-1077,P-2481,2026-06-22 17:00:00,completed
V-292,A-1077,P-2698,2026-06-18 15:00:00,cancelled
V-293,A-1077,P-1705,2026-05-25 12:00:00,completed
V-294,A-1077,P-1316,2026-06-29 17:00:00,completed
V-295,A-1077,P-2151,2026-07-26 12:00:00,completed
V-296,A-1078,P-1722,2026-06-13 15:00:00,completed
V-297,A-1078,P-2315,2026-06-07 14:00:00,completed
V-298,A-1078,P-1729,2026-05-06 15:00:00,completed
V-299,A-1078,P-1772,2026-07-31 09:00:00,completed
V-300,A-1078,P-2681,2026-08-12 16:00:00,completed
V-301,A-1079,P-1174,2026-07-23 11:00:00,completed
V-302,A-1080,P-2412,2026-06-21 16:00:00,cancelled
V-303,A-1080,P-2789,2026-06-11 17:00:00,completed
V-304,A-1081,P-1186,2026-06-30 13:00:00,cancelled
V-305,A-1081,P-2171,2026-07-26 17:00:00,completed
V-306,A-1081,P-2450,2026-06-19 16:00:00,completed
V-307,A-1081,P-1909,2026-07-01 10:00:00,cancelled
V-308,A-1082,P-2545,2026-08-10 15:00:00,completed
V-309,A-1082,P-2956,2026-05-27 09:00:00,completed
V-310,A-1082,P-1694,2026-07-25 12:00:00,completed
V-311,A-1082,P-2912,2026-06-23 15:00:00,completed
V-312,A-1083,P-1283,2026-05-13 09:00:00,completed
V-313,A-1084,P-2977,2026-06-27 14:00:00,completed
V-314,A-1084,P-1174,2026-07-17 12:00:00,completed
V-315,A-1084,P-1701,2026-08-12 17:00:00,completed
V-316,A-1084,P-2226,2026-07-21 10:00:00,completed
V-317,A-1084,P-1649,2026-06-08 14:00:00,completed
V-318,A-1085,P-2672,2026-07-20 17:00:00,completed
V-319,A-1085,P-1420,2026-05-14 10:00:00,completed
V-320,A-1085,P-2874,2026-05-13 12:00:00,completed
V-321,A-1086,P-1392,2026-07-11 11:00:00,completed
V-322,A-1086,P-1551,2026-08-05 11:00:00,cancelled
V-323,A-1087,P-1379,2026-06-01 13:00:00,completed
V-324,A-1087,P-2945,2026-06-28 13:00:00,completed
V-325,A-1087,P-1580,2026-07-15 09:00:00,completed
V-326,A-1087,P-1549,2026-06-15 09:00:00,completed
V-327,A-1088,P-2881,2026-06-30 15:00:00,completed
V-328,A-1088,P-1297,2026-06-17 15:00:00,completed
V-329,A-1088,P-1582,2026-08-08 16:00:00,completed
V-330,A-1089,P-1870,2026-06-13 09:00:00,completed
V-331,A-1089,P-2925,2026-08-11 14:00:00,cancelled
V-332,A-1089,P-2968,2026-07-30 12:00:00,completed
V-333,A-1090,P-2627,2026-07-03 13:00:00,cancelled
V-334,A-1090,P-2260,2026-05-29 15:00:00,completed
V-335,A-1091,P-1843,2026-07-05 16:00:00,completed
V-336,A-1091,P-2725,2026-06-15 16:00:00,cancelled
V-337,A-1092,P-1141,2026-05-16 10:00:00,completed
V-338,A-1092,P-1955,2026-07-15 11:00:00,completed
V-339,A-1092,P-1247,2026-07-11 15:00:00,completed
V-340,A-1093,P-2093,2026-07-17 11:00:00,completed
V-341,A-1093,P-1209,2026-07-15 17:00:00,completed
V-342,A-1093,P-2052,2026-05-22 12:00:00,completed
V-343,A-1093,P-2152,2026-08-07 15:00:00,completed
V-344,A-1093,P-1491,2026-06-07 12:00:00,completed
V-345,A-1093,P-2815,2026-05-03 17:00:00,completed
V-346,A-1094,P-1394,2026-08-06 13:00:00,completed
V-347,A-1094,P-2362,2026-05-13 16:00:00,completed
V-348,A-1094,P-2869,2026-06-23 12:00:00,completed
V-349,A-1094,P-1487,2026-05-16 13:00:00,completed
V-350,A-1095,P-2094,2026-05-30 11:00:00,completed
V-351,A-1096,P-2556,2026-08-01 17:00:00,completed
V-352,A-1096,P-2740,2026-07-21 16:00:00,completed
V-353,A-1096,P-1144,2026-07-08 10:00:00,completed
V-354,A-1097,P-2593,2026-08-07 16:00:00,completed
V-355,A-1097,P-1588,2026-06-13 12:00:00,completed
V-356,A-1097,P-2799,2026-05-10 14:00:00,completed
V-357,A-1097,P-1316,2026-05-27 14:00:00,completed
V-358,A-1098,P-1561,2026-08-14 17:00:00,cancelled
V-359,A-1098,P-2083,2026-07-16 14:00:00,completed
V-360,A-1098,P-1302,2026-07-21 16:00:00,cancelled
V-361,A-1098,P-1289,2026-07-18 09:00:00,completed
V-362,A-1098,P-1098,2026-06-15 17:00:00,completed
V-363,A-1099,P-1325,2026-08-06 17:00:00,completed
V-364,A-1099,P-1389,2026-08-08 17:00:00,completed
V-365,A-1099,P-1728,2026-08-01 14:00:00,completed
V-366,A-1099,P-1046,2026-08-08 09:00:00,completed
V-367,A-1099,P-1456,2026-08-11 14:00:00,completed
V-368,A-1099,P-2055,2026-06-15 10:00:00,completed
V-369,A-1100,P-2401,2026-08-08 12:00:00,completed
V-370,A-1100,P-2277,2026-05-09 14:00:00,completed
V-371,A-1100,P-1015,2026-06-01 12:00:00,completed
V-372,A-1100,P-2357,2026-05-28 15:00:00,cancelled
V-373,A-1100,P-1072,2026-05-27 09:00:00,completed
V-374,A-1101,P-1158,2026-08-07 09:00:00,completed
V-375,A-1102,P-2026,2026-05-18 11:00:00,completed
V-376,A-1102,P-1458,2026-06-30 14:00:00,completed
V-377,A-1102,P-1695,2026-05-22 16:00:00,completed
V-378,A-1102,P-1083,2026-06-16 12:00:00,completed
V-379,A-1102,P-1656,2026-08-12 14:00:00,completed
V-380,A-1102,P-2318,2026-08-01 10:00:00,completed
V-381,A-1103,P-1353,2026-06-16 12:00:00,cancelled
V-382,A-1104,P-2451,2026-06-20 11:00:00,completed
V-383,A-1104,P-1111,2026-07-30 12:00:00,completed
V-384,A-1104,P-2273,2026-05-15 13:00:00,completed
V-385,A-1104,P-1618,2026-07-31 11:00:00,completed
V-386,A-1104,P-1637,2026-06-11 17:00:00,completed
V-387,A-1105,P-1873,2026-06-22 10:00:00,completed
V-388,A-1105,P-1914,2026-07-21 10:00:00,completed
V-389,A-1105,P-1887,2026-08-12 14:00:00,completed
V-390,A-1106,P-2202,2026-05-10 15:00:00,completed
V-391,A-1106,P-2431,2026-05-26 16:00:00,completed
V-392,A-1106,P-2220,2026-07-27 09:00:00,completed
V-393,A-1106,P-1876,2026-05-11 10:00:00,cancelled
V-394,A-1106,P-1010,2026-07-21 10:00:00,completed
V-395,A-1107,P-1792,2026-07-21 12:00:00,completed
V-396,A-1107,P-1321,2026-06-07 14:00:00,completed
V-397,A-1108,P-2306,2026-07-25 14:00:00,completed
V-398,A-1108,P-1341,2026-07-01 16:00:00,cancelled
V-399,A-1108,P-1714,2026-05-16 14:00:00,completed
V-400,A-1108,P-2827,2026-06-08 09:00:00,completed
V-401,A-1108,P-2692,2026-07-01 11:00:00,completed
V-402,A-1108,P-1412,2026-07-11 15:00:00,completed
V-403,A-1108,P-2019,2026-07-20 11:00:00,completed
V-404,A-1109,P-1718,2026-05-13 09:00:00,completed
V-405,A-1109,P-2150,2026-06-15 16:00:00,completed
V-406,A-1109,P-1501,2026-07-09 09:00:00,completed
V-407,A-1110,P-2721,2026-05-22 17:00:00,completed
V-408,A-1110,P-2943,2026-05-16 13:00:00,completed
V-409,A-1110,P-1037,2026-07-09 17:00:00,completed
V-410,A-1110,P-1063,2026-07-27 11:00:00,completed
V-411,A-1111,P-1774,2026-08-03 12:00:00,completed
V-412,A-1111,P-1949,2026-08-11 14:00:00,completed
V-413,A-1111,P-1883,2026-05-27 14:00:00,completed
V-414,A-1112,P-2141,2026-07-19 14:00:00,completed
V-415,A-1112,P-1410,2026-07-06 09:00:00,completed
V-416,A-1112,P-2634,2026-06-22 16:00:00,cancelled
V-417,A-1113,P-1613,2026-06-07 11:00:00,completed
V-418,A-1113,P-2971,2026-07-30 17:00:00,cancelled
V-419,A-1114,P-2533,2026-07-29 11:00:00,completed
V-420,A-1114,P-1036,2026-05-29 15:00:00,completed
V-421,A-1114,P-2397,2026-06-11 15:00:00,completed
V-422,A-1115,P-2436,2026-07-07 10:00:00,completed
V-423,A-1115,P-2501,2026-05-10 15:00:00,completed
V-424,A-1115,P-2187,2026-05-15 17:00:00,completed
V-425,A-1115,P-1438,2026-08-03 17:00:00,cancelled
V-426,A-1115,P-2676,2026-08-02 14:00:00,completed
V-427,A-1115,P-1445,2026-05-23 14:00:00,completed
V-428,A-1116,P-2677,2026-06-27 15:00:00,completed
V-429,A-1116,P-2223,2026-06-17 16:00:00,completed
V-430,A-1116,P-2157,2026-07-10 11:00:00,completed
V-431,A-1117,P-1846,2026-05-12 13:00:00,completed
V-432,A-1117,P-1906,2026-07-30 14:00:00,cancelled
V-433,A-1117,P-2671,2026-06-24 10:00:00,completed
V-434,A-1117,P-2203,2026-06-04 15:00:00,completed
V-435,A-1117,P-1631,2026-07-31 13:00:00,completed
V-436,A-1119,P-2695,2026-05-29 12:00:00,completed
V-437,A-1119,P-1510,2026-05-12 15:00:00,completed
V-438,A-1119,P-1519,2026-07-04 17:00:00,completed
V-439,A-1120,P-2159,2026-08-10 16:00:00,completed
V-440,A-1120,P-1148,2026-05-21 12:00:00,completed
V-441,A-1121,P-1566,2026-07-25 10:00:00,cancelled
V-442,A-1121,P-2641,2026-08-01 16:00:00,completed
V-443,A-1121,P-2843,2026-06-08 15:00:00,completed
V-444,A-1122,P-1006,2026-05-07 16:00:00,completed
V-445,A-1122,P-1739,2026-05-25 11:00:00,completed
V-446,A-1122,P-2368,2026-06-11 11:00:00,cancelled
V-447,A-1123,P-1478,2026-05-30 16:00:00,completed
V-448,A-1123,P-2200,2026-06-06 17:00:00,completed
V-449,A-1123,P-1257,2026-07-23 12:00:00,completed
V-450,A-1124,P-1846,2026-06-16 15:00:00,completed
V-451,A-1124,P-1910,2026-05-18 17:00:00,completed
V-452,A-1124,P-1991,2026-06-05 11:00:00,completed
V-453,A-1125,P-1257,2026-05-11 10:00:00,completed
V-454,A-1125,P-1374,2026-05-30 10:00:00,completed
V-455,A-1125,P-2052,2026-06-21 13:00:00,completed
V-456,A-1126,P-1925,2026-07-02 12:00:00,cancelled
V-457,A-1126,P-1180,2026-06-30 14:00:00,completed
V-458,A-1126,P-1191,2026-08-08 12:00:00,completed
V-459,A-1127,P-2634,2026-07-03 13:00:00,completed
V-460,A-1127,P-2204,2026-05-31 15:00:00,completed
V-461,A-1127,P-2458,2026-05-17 15:00:00,completed
V-462,A-1128,P-1724,2026-06-22 17:00:00,completed
V-463,A-1128,P-1457,2026-06-09 17:00:00,completed
V-464,A-1128,P-2193,2026-08-13 12:00:00,completed
V-465,A-1129,P-2219,2026-07-07 09:00:00,completed
V-466,A-1129,P-1674,2026-06-16 17:00:00,completed
V-467,A-1129,P-2928,2026-05-26 11:00:00,completed
V-468,A-1129,P-2629,2026-05-26 11:00:00,completed
V-469,A-1129,P-2056,2026-06-06 10:00:00,cancelled
V-470,A-1130,P-1971,2026-05-23 12:00:00,completed
V-471,A-1130,P-2228,2026-05-18 14:00:00,completed
V-472,A-1130,P-1515,2026-05-13 09:00:00,cancelled
V-473,A-1131,P-1509,2026-05-28 17:00:00,completed
V-474,A-1132,P-1314,2026-05-18 12:00:00,completed
V-475,A-1132,P-1091,2026-06-26 17:00:00,cancelled
V-476,A-1133,P-2988,2026-07-27 17:00:00,cancelled
V-477,A-1133,P-2210,2026-05-13 09:00:00,completed
V-478,A-1133,P-2740,2026-08-10 13:00:00,completed
V-479,A-1133,P-2304,2026-06-18 12:00:00,completed
V-480,A-1133,P-2654,2026-05-30 12:00:00,cancelled
V-481,A-1134,P-1380,2026-07-07 15:00:00,completed
V-482,A-1134,P-2299,2026-08-11 09:00:00,completed
V-483,A-1134,P-1780,2026-05-30 14:00:00,completed
V-484,A-1134,P-1444,2026-06-24 09:00:00,cancelled
V-485,A-1135,P-1842,2026-08-10 16:00:00,completed
V-486,A-1135,P-2337,2026-07-10 17:00:00,completed
V-487,A-1136,P-1142,2026-07-21 14:00:00,completed
V-488,A-1136,P-2450,2026-07-21 10:00:00,cancelled
V-489,A-1136,P-2026,2026-07-23 17:00:00,completed
V-490,A-1136,P-2570,2026-05-31 10:00:00,completed
V-491,A-1137,P-2837,2026-06-17 12:00:00,cancelled
V-492,A-1137,P-2463,2026-08-05 15:00:00,completed
V-493,A-1137,P-1083,2026-05-19 09:00:00,cancelled
V-494,A-1138,P-2732,2026-05-25 13:00:00,completed
V-495,A-1138,P-2742,2026-05-30 12:00:00,completed
V-496,A-1138,P-2113,2026-08-03 13:00:00,completed
V-497,A-1138,P-1319,2026-07-05 10:00:00,completed
V-498,A-1138,P-1658,2026-07-07 13:00:00,completed
V-499,A-1138,P-1490,2026-05-26 13:00:00,completed
V-500,A-1138,P-2330,2026-08-08 12:00:00,completed
V-501,A-1138,P-2591,2026-07-08 10:00:00,completed
V-502,A-1138,P-2755,2026-06-18 11:00:00,completed
V-503,A-1138,P-2874,2026-06-20 16:00:00,completed
V-504,A-1139,P-2922,2026-05-17 14:00:00,completed
V-505,A-1139,P-1613,2026-07-05 13:00:00,completed
V-506,A-1139,P-2660,2026-08-03 15:00:00,completed
V-507,A-1139,P-2971,2026-05-21 14:00:00,completed
V-508,A-1139,P-2318,2026-05-15 10:00:00,cancelled
V-509,A-1140,P-2357,2026-07-08 17:00:00,completed
V-510,A-1140,P-2581,2026-05-26 10:00:00,completed
V-511,A-1140,P-2202,2026-07-15 17:00:00,completed
V-512,A-1140,P-1370,2026-05-09 09:00:00,completed
V-513,A-1140,P-2220,2026-06-09 15:00:00,completed
V-514,A-1140,P-1876,2026-06-28 17:00:00,completed
V-515,A-1140,P-1376,2026-06-01 15:00:00,completed
V-516,A-1140,P-2557,2026-07-13 09:00:00,completed
V-517,A-1141,P-2731,2026-07-13 13:00:00,completed
V-518,A-1141,P-2850,2026-07-01 13:00:00,completed
V-519,A-1141,P-1121,2026-06-16 13:00:00,completed
V-520,A-1142,P-2839,2026-08-15 15:00:00,completed
V-521,A-1142,P-2473,2026-05-29 15:00:00,completed
V-522,A-1142,P-1384,2026-06-04 09:00:00,completed
V-523,A-1143,P-1201,2026-07-09 09:00:00,completed
V-524,A-1143,P-2576,2026-07-21 13:00:00,completed
V-525,A-1143,P-2250,2026-06-12 15:00:00,completed
V-526,A-1143,P-1434,2026-05-19 16:00:00,completed
V-527,A-1144,P-1603,2026-08-09 13:00:00,completed
V-528,A-1144,P-2927,2026-06-14 14:00:00,completed
V-529,A-1144,P-2771,2026-06-23 15:00:00,completed
V-530,A-1144,P-2756,2026-06-19 12:00:00,completed
V-531,A-1145,P-1255,2026-07-09 12:00:00,completed
V-532,A-1145,P-1962,2026-07-14 16:00:00,completed
V-533,A-1145,P-1534,2026-05-20 12:00:00,completed
V-534,A-1145,P-1625,2026-05-14 15:00:00,completed
V-535,A-1146,P-2423,2026-06-03 11:00:00,completed
V-536,A-1146,P-2340,2026-07-24 13:00:00,completed
V-537,A-1146,P-2662,2026-07-04 15:00:00,completed
V-538,A-1146,P-2194,2026-06-02 12:00:00,completed
V-539,A-1147,P-2416,2026-05-14 12:00:00,completed
V-540,A-1147,P-1027,2026-07-04 13:00:00,completed
V-541,A-1147,P-2430,2026-05-20 15:00:00,completed
V-542,A-1147,P-2077,2026-06-17 15:00:00,completed
V-543,A-1147,P-2286,2026-06-21 09:00:00,cancelled
V-544,A-1148,P-2373,2026-05-14 17:00:00,completed
V-545,A-1148,P-1045,2026-05-11 15:00:00,completed
V-546,A-1148,P-2067,2026-08-10 16:00:00,completed
V-547,A-1149,P-2324,2026-07-23 14:00:00,completed
V-548,A-1149,P-2120,2026-05-15 11:00:00,completed
V-549,A-1149,P-2656,2026-05-19 13:00:00,completed
V-550,A-1149,P-1433,2026-05-22 14:00:00,completed
V-551,A-1149,P-1346,2026-08-05 13:00:00,completed
V-552,A-1150,P-2797,2026-07-19 15:00:00,completed
V-553,A-1150,P-2489,2026-05-18 17:00:00,cancelled
V-554,A-1151,P-1013,2026-06-07 09:00:00,cancelled
V-555,A-1151,P-1629,2026-07-02 15:00:00,completed
V-556,A-1151,P-2238,2026-07-21 15:00:00,completed
V-557,A-1151,P-1476,2026-06-25 15:00:00,completed
V-558,A-1152,P-2801,2026-06-29 13:00:00,completed
V-559,A-1152,P-2122,2026-07-05 15:00:00,completed
V-560,A-1153,P-2815,2026-08-03 17:00:00,completed
V-561,A-1153,P-2972,2026-06-23 10:00:00,completed
V-562,A-1153,P-1976,2026-07-28 16:00:00,completed
V-563,A-1153,P-2923,2026-05-11 10:00:00,completed
V-564,A-1153,P-2596,2026-05-20 12:00:00,cancelled
V-565,A-1154,P-2695,2026-06-21 11:00:00,completed
V-566,A-1154,P-2642,2026-08-06 17:00:00,completed
V-567,A-1154,P-1476,2026-07-01 17:00:00,completed
V-568,A-1155,P-1608,2026-08-09 10:00:00,completed
V-569,A-1155,P-1352,2026-05-16 09:00:00,completed
V-570,A-1155,P-2396,2026-05-16 10:00:00,cancelled
V-571,A-1155,P-2855,2026-07-08 11:00:00,completed
V-572,A-1155,P-1161,2026-06-29 15:00:00,completed
V-573,A-1156,P-2929,2026-07-12 16:00:00,completed
V-574,A-1157,P-1733,2026-07-06 12:00:00,completed
V-575,A-1158,P-1784,2026-06-26 13:00:00,completed
V-576,A-1158,P-2486,2026-06-18 11:00:00,completed
V-577,A-1159,P-2202,2026-07-11 13:00:00,cancelled
V-578,A-1159,P-2644,2026-07-11 14:00:00,completed
V-579,A-1159,P-1496,2026-07-30 14:00:00,cancelled
V-580,A-1159,P-2340,2026-06-10 16:00:00,completed
V-581,A-1160,P-2273,2026-05-26 14:00:00,cancelled
V-582,A-1160,P-1270,2026-07-01 09:00:00,completed
V-583,A-1160,P-1277,2026-06-08 15:00:00,completed
V-584,A-1160,P-1624,2026-06-20 10:00:00,cancelled
V-585,A-1161,P-1219,2026-06-13 11:00:00,cancelled
V-586,A-1161,P-1747,2026-06-27 11:00:00,completed
V-587,A-1161,P-1645,2026-06-11 12:00:00,completed
V-588,A-1161,P-1692,2026-06-18 16:00:00,completed
V-589,A-1161,P-2433,2026-07-11 10:00:00,completed
V-590,A-1161,P-1206,2026-08-07 14:00:00,completed
V-591,A-1161,P-1070,2026-07-16 17:00:00,completed
V-592,A-1162,P-2851,2026-05-05 11:00:00,completed
V-593,A-1162,P-2598,2026-07-19 14:00:00,completed
V-594,A-1162,P-1449,2026-07-25 13:00:00,completed
V-595,A-1162,P-2101,2026-07-23 10:00:00,completed
V-596,A-1162,P-2929,2026-05-27 12:00:00,cancelled
V-597,A-1163,P-2307,2026-06-09 16:00:00,completed
V-598,A-1163,P-1577,2026-06-14 12:00:00,completed
V-599,A-1163,P-1092,2026-08-02 17:00:00,completed
V-600,A-1163,P-2168,2026-07-29 15:00:00,completed
V-601,A-1163,P-1371,2026-06-05 10:00:00,cancelled
V-602,A-1164,P-1586,2026-05-06 09:00:00,completed
V-603,A-1164,P-2779,2026-08-09 16:00:00,cancelled
V-604,A-1164,P-2300,2026-06-14 11:00:00,completed
V-605,A-1164,P-2122,2026-08-08 10:00:00,completed
V-606,A-1164,P-1305,2026-08-01 17:00:00,completed
V-607,A-1164,P-2521,2026-07-24 13:00:00,cancelled
V-608,A-1164,P-2073,2026-06-01 12:00:00,completed
V-609,A-1165,P-2973,2026-07-26 17:00:00,completed
V-610,A-1165,P-2889,2026-06-15 14:00:00,completed
V-611,A-1165,P-1667,2026-05-12 16:00:00,completed
V-612,A-1166,P-2104,2026-05-15 15:00:00,completed
V-613,A-1166,P-1740,2026-07-24 13:00:00,completed
V-614,A-1166,P-1455,2026-07-30 16:00:00,completed
V-615,A-1166,P-2486,2026-08-05 10:00:00,completed
V-616,A-1167,P-2348,2026-07-02 10:00:00,cancelled
V-617,A-1167,P-1139,2026-06-13 11:00:00,completed
V-618,A-1167,P-2560,2026-06-20 16:00:00,completed
V-619,A-1167,P-2896,2026-06-13 09:00:00,completed
V-620,A-1169,P-2495,2026-06-08 09:00:00,completed
V-621,A-1169,P-1097,2026-08-17 13:00:00,cancelled
V-622,A-1169,P-1514,2026-05-14 14:00:00,completed
V-623,A-1169,P-1780,2026-07-11 13:00:00,completed
V-624,A-1169,P-2637,2026-06-10 11:00:00,completed
V-625,A-1170,P-2114,2026-07-03 12:00:00,completed
V-626,A-1170,P-1498,2026-06-13 14:00:00,cancelled
V-627,A-1170,P-1152,2026-07-30 11:00:00,cancelled
V-628,A-1171,P-2964,2026-07-08 09:00:00,completed
V-629,A-1171,P-2225,2026-08-03 17:00:00,completed
V-630,A-1171,P-1031,2026-06-29 13:00:00,completed
V-631,A-1171,P-1861,2026-06-13 15:00:00,completed
V-632,A-1172,P-1046,2026-08-15 10:00:00,completed
V-633,A-1172,P-1717,2026-08-01 16:00:00,completed
V-634,A-1172,P-2948,2026-07-14 09:00:00,completed
V-635,A-1173,P-1403,2026-05-17 11:00:00,completed
V-636,A-1173,P-1034,2026-06-26 11:00:00,completed
V-637,A-1173,P-1975,2026-08-08 15:00:00,completed
V-638,A-1174,P-2650,2026-07-15 16:00:00,cancelled
V-639,A-1175,P-2228,2026-07-31 11:00:00,completed
V-640,A-1175,P-2960,2026-08-05 17:00:00,completed
V-641,A-1175,P-1989,2026-07-26 17:00:00,completed
V-642,A-1175,P-1140,2026-08-12 14:00:00,completed
V-643,A-1175,P-2669,2026-07-12 13:00:00,completed
V-644,A-1176,P-1929,2026-07-26 11:00:00,completed
V-645,A-1176,P-1485,2026-07-01 14:00:00,completed
V-646,A-1176,P-1710,2026-08-16 14:00:00,completed
V-647,A-1176,P-2633,2026-06-16 11:00:00,completed
V-648,A-1177,P-2051,2026-07-31 09:00:00,completed
V-649,A-1177,P-2569,2026-07-13 13:00:00,completed
V-650,A-1177,P-2634,2026-05-20 16:00:00,cancelled
V-651,A-1177,P-1403,2026-07-07 09:00:00,cancelled
V-652,A-1178,P-2855,2026-07-25 14:00:00,completed
V-653,A-1178,P-2940,2026-05-12 15:00:00,cancelled
V-654,A-1179,P-2371,2026-08-06 17:00:00,completed
V-655,A-1179,P-2778,2026-08-08 15:00:00,cancelled
V-656,A-1180,P-1421,2026-07-27 12:00:00,cancelled
V-657,A-1180,P-1505,2026-06-12 12:00:00,completed
V-658,A-1180,P-2698,2026-05-24 10:00:00,completed
V-659,A-1180,P-2635,2026-06-11 10:00:00,completed
V-660,A-1182,P-1605,2026-07-21 11:00:00,completed
V-661,A-1182,P-2494,2026-08-03 13:00:00,completed
V-662,A-1183,P-1790,2026-05-15 09:00:00,cancelled
V-663,A-1183,P-1939,2026-05-10 14:00:00,completed
V-664,A-1183,P-1726,2026-08-02 10:00:00,completed
V-665,A-1184,P-2727,2026-07-09 15:00:00,completed
V-666,A-1184,P-DEMO-01,2026-05-12 10:00:00,completed
V-667,A-1184,P-1949,2026-06-24 10:00:00,completed
V-668,A-1184,P-2404,2026-07-15 16:00:00,cancelled
V-669,A-1185,P-1810,2026-05-19 13:00:00,cancelled
V-670,A-1185,P-2690,2026-05-29 17:00:00,completed
V-671,A-1185,P-1672,2026-07-22 14:00:00,completed
V-672,A-1185,P-1340,2026-06-06 09:00:00,completed
V-673,A-1185,P-1850,2026-06-08 14:00:00,completed
V-674,A-1186,P-1229,2026-08-01 12:00:00,completed
V-675,A-1186,P-1534,2026-07-03 12:00:00,completed
V-676,A-1186,P-2827,2026-07-30 17:00:00,completed
V-677,A-1188,P-1181,2026-07-30 14:00:00,cancelled
V-678,A-1188,P-1928,2026-07-21 15:00:00,completed
V-679,A-1188,P-2111,2026-07-30 13:00:00,completed
V-680,A-1188,P-2502,2026-08-07 10:00:00,completed
V-681,A-1189,P-2499,2026-05-19 09:00:00,completed
V-682,A-1189,P-1604,2026-08-03 17:00:00,completed
V-683,A-1189,P-1804,2026-07-06 11:00:00,completed
V-684,A-1189,P-2027,2026-06-29 16:00:00,completed
V-685,A-1190,P-1141,2026-07-23 17:00:00,completed
V-686,A-1190,P-2272,2026-06-12 11:00:00,completed
V-687,A-1190,P-2079,2026-06-28 10:00:00,completed
V-688,A-1190,P-1768,2026-05-12 13:00:00,completed
V-689,A-1190,P-1869,2026-07-05 15:00:00,completed
V-690,A-1191,P-1297,2026-07-07 17:00:00,completed
V-691,A-1191,P-1095,2026-07-10 11:00:00,completed
V-692,A-1191,P-1843,2026-08-13 15:00:00,completed
V-693,A-1192,P-1280,2026-06-12 10:00:00,cancelled
V-694,A-1192,P-2211,2026-05-18 10:00:00,completed
V-695,A-1192,P-1273,2026-05-11 10:00:00,completed
V-696,A-1192,P-1987,2026-06-20 09:00:00,completed
V-697,A-1193,P-2056,2026-07-25 12:00:00,completed
V-698,A-1193,P-1666,2026-05-21 16:00:00,completed
V-699,A-1193,P-2365,2026-05-27 12:00:00,completed
V-700,A-1194,P-2375,2026-06-14 16:00:00,completed
V-701,A-1194,P-2127,2026-07-24 12:00:00,completed
V-702,A-1195,P-2212,2026-07-02 15:00:00,completed
V-703,A-1195,P-1472,2026-08-04 15:00:00,completed
V-704,A-1195,P-1684,2026-05-30 14:00:00,completed
V-705,A-1196,P-2237,2026-06-17 16:00:00,completed
V-706,A-1196,P-1684,2026-07-05 10:00:00,completed
V-707,A-1196,P-1618,2026-07-24 15:00:00,completed
V-708,A-1196,P-1637,2026-06-28 11:00:00,completed
V-709,A-1196,P-2451,2026-08-13 09:00:00,cancelled
V-710,A-1197,P-1628,2026-07-06 11:00:00,completed
V-711,A-1197,P-2928,2026-07-31 16:00:00,completed
V-712,A-1197,P-2535,2026-06-06 17:00:00,completed
V-713,A-1197,P-1798,2026-05-11 17:00:00,completed
V-714,A-1197,P-1905,2026-06-03 12:00:00,cancelled
V-715,A-1198,P-1159,2026-08-17 09:00:00,completed
V-716,A-1198,P-2171,2026-07-13 11:00:00,completed
V-717,A-1199,P-1441,2026-07-19 14:00:00,completed
V-718,A-1199,P-1436,2026-06-15 15:00:00,completed
V-719,A-1199,P-2819,2026-07-25 11:00:00,completed
V-720,A-1199,P-1206,2026-07-29 17:00:00,completed
V-721,A-1199,P-1732,2026-05-08 16:00:00,completed
V-722,A-1199,P-2132,2026-07-29 16:00:00,completed
V-723,A-1199,P-1628,2026-05-31 12:00:00,completed
V-724,A-1200,P-2446,2026-07-15 16:00:00,completed
V-725,A-1200,P-2295,2026-06-16 15:00:00,cancelled
V-726,A-1200,P-1044,2026-08-12 14:00:00,completed
V-727,A-1200,P-2914,2026-05-24 10:00:00,completed
V-728,A-1200,P-1157,2026-08-04 13:00:00,cancelled
V-729,A-1201,P-2484,2026-08-11 16:00:00,completed
V-730,A-1201,P-1851,2026-06-09 17:00:00,completed
V-731,A-1201,P-2066,2026-06-07 10:00:00,cancelled
V-732,A-1202,P-2777,2026-07-09 09:00:00,completed
V-733,A-1202,P-2117,2026-05-24 15:00:00,completed
V-734,A-1203,P-1417,2026-06-24 13:00:00,completed
V-735,A-1203,P-1634,2026-05-31 12:00:00,completed
V-736,A-1203,P-1131,2026-07-19 09:00:00,completed
V-737,A-1203,P-1064,2026-06-19 16:00:00,completed
V-738,A-1203,P-2671,2026-07-08 16:00:00,cancelled
V-739,A-1203,P-1604,2026-07-29 11:00:00,completed
V-740,A-1204,P-1056,2026-07-18 10:00:00,completed
V-741,A-1204,P-2279,2026-05-18 13:00:00,completed
V-742,A-1205,P-1484,2026-05-22 12:00:00,completed
V-743,A-1205,P-1664,2026-07-11 10:00:00,cancelled
V-744,A-1205,P-1069,2026-05-28 14:00:00,completed
V-745,A-1206,P-1712,2026-06-15 10:00:00,cancelled
V-746,A-1206,P-2129,2026-08-16 14:00:00,completed
V-747,A-1206,P-1715,2026-05-21 13:00:00,completed
V-748,A-1207,P-2395,2026-07-21 12:00:00,completed
V-749,A-1207,P-2507,2026-07-26 14:00:00,cancelled
V-750,A-1208,P-2748,2026-07-27 10:00:00,completed
V-751,A-1208,P-2253,2026-05-28 11:00:00,completed
V-752,A-1208,P-1519,2026-08-01 11:00:00,completed
V-753,A-1208,P-2872,2026-05-17 14:00:00,completed
V-754,A-1208,P-1282,2026-05-30 11:00:00,completed
V-755,A-1209,P-1532,2026-05-17 14:00:00,completed
V-756,A-1209,P-1181,2026-06-11 17:00:00,cancelled
V-757,A-1209,P-1435,2026-05-19 10:00:00,completed
V-758,A-1209,P-2979,2026-06-27 10:00:00,completed
V-759,A-1209,P-1995,2026-07-19 10:00:00,completed
V-760,A-1210,P-1886,2026-08-12 09:00:00,completed
V-761,A-1210,P-2954,2026-05-09 16:00:00,completed
V-762,A-1210,P-2162,2026-06-12 16:00:00,completed
V-763,A-1210,P-2683,2026-07-22 13:00:00,completed
V-764,A-1211,P-2935,2026-05-04 14:00:00,cancelled
V-765,A-1211,P-1359,2026-07-09 17:00:00,completed
V-766,A-1211,P-1557,2026-05-26 13:00:00,completed
V-767,A-1211,P-1727,2026-05-17 10:00:00,completed
V-768,A-1212,P-1384,2026-07-26 16:00:00,completed
V-769,A-1212,P-1485,2026-05-24 14:00:00,cancelled
V-770,A-1212,P-2546,2026-06-03 14:00:00,cancelled
V-771,A-1212,P-2862,2026-05-24 16:00:00,cancelled
V-772,A-1212,P-1874,2026-06-24 09:00:00,cancelled
V-773,A-1213,P-1745,2026-08-10 17:00:00,completed
V-774,A-1213,P-2758,2026-05-20 15:00:00,completed
V-775,A-1213,P-2568,2026-08-01 15:00:00,cancelled
V-776,A-1213,P-1699,2026-05-19 15:00:00,cancelled
V-777,A-1215,P-1449,2026-07-09 09:00:00,completed
V-778,A-1215,P-1562,2026-05-17 11:00:00,completed
V-779,A-1215,P-1360,2026-07-23 09:00:00,completed
V-780,A-1216,P-1230,2026-06-08 14:00:00,cancelled
V-781,A-1216,P-1666,2026-08-05 14:00:00,completed
V-782,A-1217,P-2878,2026-06-17 15:00:00,completed
V-783,A-1217,P-1133,2026-05-25 11:00:00,completed
V-784,A-1217,P-2712,2026-08-06 17:00:00,completed
V-785,A-1217,P-1263,2026-07-20 12:00:00,completed
V-786,A-1217,P-2281,2026-05-22 16:00:00,completed
V-787,A-1218,P-1604,2026-07-29 14:00:00,completed
V-788,A-1218,P-1502,2026-05-08 10:00:00,completed
V-789,A-1218,P-1374,2026-06-21 17:00:00,completed
V-790,A-1218,P-1111,2026-07-07 14:00:00,completed
V-791,A-1219,P-1591,2026-05-09 09:00:00,completed
V-792,A-1219,P-2629,2026-07-28 12:00:00,completed
V-793,A-1219,P-2720,2026-07-07 17:00:00,completed
V-794,A-1220,P-1402,2026-07-21 16:00:00,completed
V-795,A-1220,P-2573,2026-06-13 14:00:00,completed
V-796,A-1220,P-2182,2026-07-30 14:00:00,completed
V-797,A-1221,P-2196,2026-06-30 17:00:00,completed
V-798,A-1221,P-1075,2026-06-08 11:00:00,completed
V-799,A-1221,P-2086,2026-08-08 16:00:00,cancelled
V-800,A-1221,P-2743,2026-06-01 10:00:00,completed
V-801,A-1222,P-2199,2026-06-21 11:00:00,completed
V-802,A-1222,P-1601,2026-08-09 09:00:00,completed
V-803,A-1222,P-2328,2026-07-10 17:00:00,completed
V-804,A-1222,P-2844,2026-07-17 10:00:00,completed
V-805,A-1223,P-1259,2026-05-31 17:00:00,completed
V-806,A-1223,P-1867,2026-05-28 16:00:00,completed
V-807,A-1224,P-1730,2026-05-19 12:00:00,completed
V-808,A-1224,P-1480,2026-06-29 17:00:00,cancelled
V-809,A-1224,P-2822,2026-08-07 09:00:00,completed
V-810,A-1224,P-2007,2026-05-10 17:00:00,completed
V-811,A-1225,P-2747,2026-06-14 15:00:00,completed
V-812,A-1225,P-1932,2026-07-05 13:00:00,completed
V-813,A-1226,P-2052,2026-06-03 12:00:00,completed
V-814,A-1226,P-2865,2026-06-02 09:00:00,completed
V-815,A-1226,P-2374,2026-05-22 12:00:00,completed
V-816,A-1227,P-2138,2026-05-28 15:00:00,completed
V-817,A-1227,P-1710,2026-06-06 10:00:00,completed
V-818,A-1227,P-1750,2026-05-09 13:00:00,completed
V-819,A-1228,P-1362,2026-07-13 12:00:00,completed
V-820,A-1228,P-1594,2026-08-17 10:00:00,cancelled
V-821,A-1228,P-2704,2026-07-28 10:00:00,completed
V-822,A-1228,P-1099,2026-07-25 10:00:00,completed
V-823,A-1229,P-2188,2026-08-08 13:00:00,completed
V-824,A-1229,P-2453,2026-06-03 16:00:00,completed
V-825,A-1230,P-1741,2026-05-30 12:00:00,completed
V-826,A-1230,P-2496,2026-07-26 10:00:00,completed
V-827,A-1230,P-1847,2026-08-10 15:00:00,completed
V-828,A-1231,P-2836,2026-06-15 17:00:00,completed
V-829,A-1231,P-1384,2026-06-26 17:00:00,completed
V-830,A-1231,P-1923,2026-07-07 13:00:00,completed
V-831,A-1231,P-2932,2026-05-22 17:00:00,completed
V-832,A-1231,P-2372,2026-08-01 11:00:00,cancelled
V-833,A-1232,P-2691,2026-07-03 16:00:00,completed
V-834,A-1232,P-1024,2026-07-27 14:00:00,completed
V-835,A-1233,P-2050,2026-05-16 13:00:00,completed
V-836,A-1233,P-2395,2026-06-17 17:00:00,completed
V-837,A-1233,P-2821,2026-05-24 17:00:00,completed
V-838,A-1234,P-1114,2026-05-31 14:00:00,cancelled
V-839,A-1234,P-2323,2026-08-04 13:00:00,completed
V-840,A-1235,P-1265,2026-07-04 13:00:00,completed
V-841,A-1235,P-1614,2026-06-08 12:00:00,cancelled
V-842,A-1235,P-1233,2026-07-28 11:00:00,completed
V-843,A-1235,P-2243,2026-06-25 15:00:00,completed
V-844,A-1235,P-1314,2026-06-17 17:00:00,completed
V-845,A-1236,P-1161,2026-08-03 10:00:00,completed
V-846,A-1236,P-2298,2026-06-28 09:00:00,completed
V-847,A-1236,P-2186,2026-07-31 10:00:00,completed
V-848,A-1237,P-1839,2026-07-13 09:00:00,completed
V-849,A-1237,P-2194,2026-05-21 17:00:00,completed
V-850,A-1237,P-2321,2026-08-06 15:00:00,completed
V-851,A-1237,P-2284,2026-05-23 11:00:00,completed
V-852,A-1238,P-2083,2026-06-02 09:00:00,completed
V-853,A-1238,P-1117,2026-05-11 15:00:00,cancelled
V-854,A-1238,P-2965,2026-05-11 09:00:00,completed
V-855,A-1239,P-2079,2026-05-16 11:00:00,cancelled
V-856,A-1239,P-1193,2026-05-17 14:00:00,completed
V-857,A-1239,P-1704,2026-07-19 16:00:00,completed
V-858,A-1239,P-1109,2026-06-20 13:00:00,completed
V-859,A-1239,P-2412,2026-06-04 16:00:00,completed
V-860,A-1240,P-1761,2026-07-21 11:00:00,cancelled
V-861,A-1240,P-1171,2026-06-08 14:00:00,completed
V-862,A-1240,P-2982,2026-08-06 09:00:00,completed
V-863,A-1240,P-1743,2026-06-09 16:00:00,cancelled
V-864,A-1240,P-2493,2026-06-04 10:00:00,completed
V-865,A-1241,P-1548,2026-07-18 10:00:00,completed
V-866,A-1241,P-2237,2026-05-09 17:00:00,completed
V-867,A-1241,P-2152,2026-05-06 11:00:00,completed
V-868,A-1242,P-2865,2026-05-20 09:00:00,completed
V-869,A-1242,P-1633,2026-07-27 11:00:00,cancelled
V-870,A-1243,P-2835,2026-05-11 15:00:00,completed
V-871,A-1243,P-1055,2026-07-18 16:00:00,completed
V-872,A-1243,P-2483,2026-05-13 12:00:00,completed
V-873,A-1243,P-1418,2026-05-25 14:00:00,cancelled
V-874,A-1244,P-2370,2026-06-06 10:00:00,completed
V-875,A-1245,P-2365,2026-07-03 13:00:00,cancelled
V-876,A-1245,P-2334,2026-05-08 17:00:00,completed
V-877,A-1246,P-2072,2026-07-28 10:00:00,completed
V-878,A-1246,P-1409,2026-07-06 17:00:00,completed
V-879,A-1246,P-2083,2026-07-03 16:00:00,completed
V-880,A-1246,P-2678,2026-06-18 16:00:00,cancelled
V-881,A-1246,P-1401,2026-06-11 09:00:00,cancelled
V-882,A-1247,P-1059,2026-08-14 10:00:00,completed
V-883,A-1247,P-2747,2026-05-03 10:00:00,completed
V-884,A-1247,P-1661,2026-05-19 15:00:00,completed
V-885,A-1248,P-2602,2026-07-20 15:00:00,completed
V-886,A-1248,P-2309,2026-07-25 11:00:00,cancelled
V-887,A-1248,P-2039,2026-06-12 17:00:00,completed
V-888,A-1249,P-1754,2026-08-08 12:00:00,completed
V-889,A-1249,P-1963,2026-07-28 09:00:00,completed
V-890,A-1249,P-2914,2026-08-08 11:00:00,completed
V-891,A-1249,P-2527,2026-07-04 10:00:00,completed
V-892,A-1250,P-1581,2026-05-25 17:00:00,completed
V-893,A-1250,P-2113,2026-07-16 12:00:00,completed
V-894,A-1250,P-2049,2026-06-11 13:00:00,completed
V-895,A-1251,P-1498,2026-05-14 15:00:00,cancelled
V-896,A-1251,P-1439,2026-07-23 10:00:00,completed
V-897,A-1251,P-1434,2026-08-17 09:00:00,completed
V-898,A-1251,P-1146,2026-07-21 10:00:00,cancelled
V-899,A-1252,P-2711,2026-08-13 17:00:00,completed
V-900,A-1252,P-2716,2026-08-07 13:00:00,completed
V-901,A-1252,P-2248,2026-07-23 12:00:00,cancelled
V-902,A-1252,P-2065,2026-07-20 15:00:00,completed
V-903,A-1252,P-2225,2026-06-01 16:00:00,completed
V-904,A-1253,P-2728,2026-06-11 13:00:00,completed
V-905,A-1253,P-2101,2026-05-16 09:00:00,completed
V-906,A-1253,P-1544,2026-05-28 11:00:00,completed
V-907,A-1253,P-1660,2026-06-16 09:00:00,completed
V-908,A-1254,P-2480,2026-05-26 13:00:00,completed
V-909,A-1254,P-2221,2026-05-14 16:00:00,completed
V-910,A-1254,P-1233,2026-06-04 15:00:00,completed
V-911,A-1254,P-1563,2026-07-15 10:00:00,completed
V-912,A-1255,P-1424,2026-06-05 17:00:00,completed
V-913,A-1255,P-2202,2026-06-03 12:00:00,completed
V-914,A-1256,P-1554,2026-05-20 10:00:00,cancelled
V-915,A-1257,P-1563,2026-07-22 09:00:00,completed
V-916,A-1257,P-1075,2026-08-07 09:00:00,completed
V-917,A-1257,P-2234,2026-05-29 10:00:00,completed
V-918,A-1257,P-2818,2026-06-16 11:00:00,completed
V-919,A-1257,P-2803,2026-06-10 13:00:00,completed
V-920,A-1257,P-1673,2026-07-09 11:00:00,completed
V-921,A-1257,P-1058,2026-06-14 16:00:00,completed
V-922,A-1258,P-1522,2026-06-08 14:00:00,completed
V-923,A-1258,P-2915,2026-07-20 10:00:00,completed
V-924,A-1258,P-1337,2026-08-03 13:00:00,completed
V-925,A-1258,P-2692,2026-06-21 11:00:00,completed
V-926,A-1258,P-1201,2026-08-14 09:00:00,completed
V-927,A-1259,P-1035,2026-07-21 15:00:00,cancelled
V-928,A-1259,P-2413,2026-07-13 17:00:00,completed
V-929,A-1259,P-2765,2026-06-22 10:00:00,completed
V-930,A-1259,P-1245,2026-06-29 12:00:00,cancelled
V-931,A-1260,P-2678,2026-05-17 14:00:00,completed
V-932,A-1260,P-1306,2026-06-28 17:00:00,completed
V-933,A-1260,P-2021,2026-07-27 14:00:00,completed
V-934,A-1260,P-1355,2026-06-17 17:00:00,completed
V-935,A-1260,P-2470,2026-05-19 15:00:00,completed
V-936,A-1260,P-2858,2026-08-06 17:00:00,completed
V-937,A-1261,P-2662,2026-06-03 17:00:00,completed
V-938,A-1261,P-2220,2026-06-17 13:00:00,completed
V-939,A-1261,P-2104,2026-05-27 15:00:00,completed
V-940,A-1261,P-1263,2026-08-07 15:00:00,cancelled
V-941,A-1262,P-2766,2026-08-04 10:00:00,completed
V-942,A-1262,P-2742,2026-05-11 09:00:00,cancelled
V-943,A-1262,P-2906,2026-08-16 10:00:00,completed
V-944,A-1263,P-1673,2026-07-06 14:00:00,completed
V-945,A-1263,P-2580,2026-05-08 09:00:00,completed
V-946,A-1263,P-2746,2026-05-09 17:00:00,completed
V-947,A-1264,P-2269,2026-06-29 09:00:00,completed
V-948,A-1264,P-2015,2026-05-20 16:00:00,completed
V-949,A-1264,P-1194,2026-05-28 09:00:00,cancelled
V-950,A-1264,P-2117,2026-07-28 09:00:00,completed
V-951,A-1264,P-2248,2026-06-27 16:00:00,completed
V-952,A-1265,P-1462,2026-06-03 15:00:00,completed
V-953,A-1265,P-2698,2026-05-17 16:00:00,completed
V-954,A-1266,P-1660,2026-07-18 12:00:00,completed
V-955,A-1266,P-1959,2026-05-22 15:00:00,completed
V-956,A-1266,P-1452,2026-05-19 14:00:00,completed
V-957,A-1266,P-2527,2026-07-05 09:00:00,completed
V-958,A-1266,P-2724,2026-06-23 14:00:00,completed
V-959,A-1267,P-2654,2026-07-11 12:00:00,completed
V-960,A-1267,P-2993,2026-06-12 12:00:00,completed
V-961,A-1267,P-1407,2026-07-11 09:00:00,completed
V-962,A-1267,P-2887,2026-05-22 15:00:00,completed
V-963,A-1267,P-2717,2026-07-22 16:00:00,completed
V-964,A-1268,P-1597,2026-07-27 13:00:00,completed
V-965,A-1268,P-1002,2026-08-07 14:00:00,completed
V-966,A-1269,P-2033,2026-06-15 14:00:00,completed
V-967,A-1269,P-2462,2026-08-06 10:00:00,completed
V-968,A-1269,P-2273,2026-06-21 12:00:00,completed
V-969,A-1269,P-2233,2026-07-05 16:00:00,completed
V-970,A-1270,P-1706,2026-05-25 13:00:00,completed
V-971,A-1270,P-1583,2026-08-11 17:00:00,completed
V-972,A-1270,P-1421,2026-06-21 15:00:00,completed
V-973,A-1270,P-2921,2026-08-06 11:00:00,completed
V-974,A-1270,P-2452,2026-08-02 13:00:00,completed
V-975,A-1271,P-2876,2026-06-07 14:00:00,completed
V-976,A-1271,P-2535,2026-05-27 11:00:00,completed
V-977,A-1271,P-1025,2026-07-22 10:00:00,completed
V-978,A-1272,P-2718,2026-05-27 09:00:00,completed
V-979,A-1272,P-2967,2026-06-22 16:00:00,completed
V-980,A-1272,P-1884,2026-05-24 14:00:00,completed
V-981,A-1272,P-1665,2026-07-12 10:00:00,completed
V-982,A-1273,P-2203,2026-07-12 16:00:00,completed
V-983,A-1273,P-2591,2026-05-26 13:00:00,completed
V-984,A-1273,P-2001,2026-07-23 17:00:00,completed
V-985,A-1273,P-1258,2026-08-02 15:00:00,cancelled
V-986,A-1274,P-2535,2026-08-06 10:00:00,completed
V-987,A-1274,P-1556,2026-05-02 10:00:00,completed
V-988,A-1274,P-1335,2026-06-15 12:00:00,cancelled
V-989,A-1275,P-1528,2026-07-30 10:00:00,completed
V-990,A-1275,P-1554,2026-05-11 16:00:00,completed
V-991,A-1275,P-1744,2026-07-14 13:00:00,completed
V-992,A-1275,P-2331,2026-06-01 16:00:00,completed
V-993,A-1276,P-1287,2026-06-28 16:00:00,completed
V-994,A-1276,P-2772,2026-07-20 13:00:00,cancelled
V-995,A-1277,P-2718,2026-07-10 15:00:00,completed
V-996,A-1277,P-1391,2026-06-29 16:00:00,completed
V-997,A-1277,P-1023,2026-06-13 10:00:00,cancelled
V-998,A-1277,P-1323,2026-07-04 17:00:00,completed
V-999,A-1279,P-1402,2026-07-14 17:00:00,completed
V-1000,A-1279,P-1620,2026-08-10 11:00:00,completed
V-1001,A-1279,P-2936,2026-05-22 10:00:00,completed
V-1002,A-1279,P-1542,2026-06-26 13:00:00,completed
V-1003,A-1279,P-1850,2026-06-13 17:00:00,cancelled
V-1004,A-1280,P-2912,2026-07-24 14:00:00,cancelled
V-1005,A-1280,P-2470,2026-05-19 13:00:00,completed
V-1006,A-1281,P-2300,2026-06-08 11:00:00,completed
V-1007,A-1281,P-1295,2026-08-11 10:00:00,completed
V-1008,A-1281,P-2743,2026-07-18 13:00:00,completed
V-1009,A-1282,P-1462,2026-08-08 10:00:00,completed
V-1010,A-1282,P-1037,2026-05-08 11:00:00,cancelled
V-1011,A-1282,P-2179,2026-05-08 12:00:00,completed
V-1012,A-1282,P-2917,2026-05-14 14:00:00,completed
V-1013,A-1283,P-1702,2026-06-10 17:00:00,completed
V-1014,A-1283,P-1676,2026-06-02 09:00:00,completed
V-1015,A-1283,P-1659,2026-05-12 17:00:00,completed
V-1016,A-1283,P-2158,2026-06-03 15:00:00,completed
V-1017,A-1283,P-1147,2026-06-25 12:00:00,completed
V-1018,A-1284,P-1020,2026-07-12 17:00:00,cancelled
V-1019,A-1284,P-2921,2026-06-05 14:00:00,completed
V-1020,A-1284,P-1611,2026-06-01 16:00:00,completed
V-1021,A-1284,P-2617,2026-08-04 15:00:00,completed
V-1022,A-1285,P-2145,2026-07-24 09:00:00,completed
V-1023,A-1285,P-1373,2026-06-04 17:00:00,completed
V-1024,A-1285,P-1593,2026-06-04 16:00:00,cancelled
V-1025,A-1286,P-2834,2026-06-15 17:00:00,completed
V-1026,A-1286,P-1499,2026-06-05 14:00:00,completed
V-1027,A-1286,P-1886,2026-05-11 12:00:00,completed
V-1028,A-1287,P-1804,2026-06-28 09:00:00,completed
V-1029,A-1288,P-1227,2026-08-12 15:00:00,completed
V-1030,A-1288,P-2480,2026-06-22 17:00:00,completed
V-1031,A-1288,P-2351,2026-05-11 15:00:00,cancelled
V-1032,A-1288,P-2471,2026-05-27 17:00:00,completed
V-1033,A-1288,P-2211,2026-06-01 11:00:00,completed
V-1034,A-1288,P-1338,2026-06-27 14:00:00,completed
V-1035,A-1288,P-1090,2026-07-05 09:00:00,completed
V-1036,A-1288,P-1247,2026-05-19 14:00:00,completed
V-1037,A-1288,P-2020,2026-06-16 13:00:00,completed
V-1038,A-1289,P-1124,2026-07-30 10:00:00,cancelled
V-1039,A-1289,P-1225,2026-05-17 13:00:00,completed
V-1040,A-1290,P-2626,2026-05-30 09:00:00,completed
V-1041,A-1290,P-2017,2026-07-12 10:00:00,completed
V-1042,A-1291,P-1523,2026-06-18 16:00:00,completed
V-1043,A-1291,P-1352,2026-05-19 09:00:00,completed
V-1044,A-1291,P-2269,2026-05-25 09:00:00,completed
V-1045,A-1291,P-1499,2026-05-31 12:00:00,completed
V-1046,A-1291,P-2738,2026-05-20 11:00:00,cancelled
V-1047,A-1291,P-2065,2026-07-09 13:00:00,completed
V-1048,A-1291,P-1759,2026-07-02 14:00:00,completed
V-1049,A-1292,P-1804,2026-07-01 11:00:00,completed
V-1050,A-1292,P-2382,2026-07-08 13:00:00,cancelled
V-1051,A-1293,P-2250,2026-07-14 13:00:00,completed
V-1052,A-1293,P-2566,2026-05-22 14:00:00,cancelled
V-1053,A-1293,P-2625,2026-06-27 12:00:00,completed
V-1054,A-1294,P-2174,2026-07-27 13:00:00,cancelled
V-1055,A-1294,P-2124,2026-05-12 09:00:00,completed
V-1056,A-1294,P-1301,2026-07-27 17:00:00,completed
V-1057,A-1294,P-2369,2026-06-12 15:00:00,completed
V-1058,A-1295,P-1941,2026-05-21 17:00:00,completed
V-1059,A-1295,P-1366,2026-05-16 10:00:00,completed
V-1060,A-1296,P-1278,2026-05-15 11:00:00,completed
V-1061,A-1296,P-1643,2026-06-11 14:00:00,completed
V-1062,A-1296,P-1656,2026-06-20 15:00:00,completed
V-1063,A-1296,P-2473,2026-08-02 14:00:00,completed
V-1064,A-1297,P-2848,2026-08-16 11:00:00,completed
V-1065,A-1297,P-1027,2026-05-15 17:00:00,completed
V-1066,A-1297,P-2101,2026-07-25 15:00:00,completed
V-1067,A-1297,P-2154,2026-07-05 14:00:00,completed
V-1068,A-1297,P-1754,2026-06-09 11:00:00,cancelled
V-1069,A-1298,P-2614,2026-07-04 10:00:00,completed
V-1070,A-1298,P-1889,2026-06-17 11:00:00,completed
V-1071,A-1298,P-1982,2026-07-03 11:00:00,completed
V-1072,A-1299,P-1281,2026-06-01 17:00:00,completed
V-1073,A-1300,P-2589,2026-07-18 10:00:00,completed
V-1074,A-1300,P-2918,2026-08-10 09:00:00,completed
V-1075,A-1300,P-2541,2026-07-25 12:00:00,completed
V-1076,A-1300,P-1642,2026-08-02 15:00:00,completed
V-1077,A-1300,P-1007,2026-07-19 12:00:00,completed
V-1078,A-1300,P-1117,2026-05-27 09:00:00,completed
V-1079,A-1301,P-2946,2026-06-05 13:00:00,cancelled
V-1080,A-1301,P-2525,2026-07-02 14:00:00,completed
V-1081,A-1301,P-1832,2026-05-21 17:00:00,completed
V-1082,A-1302,P-2270,2026-05-25 12:00:00,cancelled
V-1083,A-1302,P-2830,2026-05-10 14:00:00,completed
V-1084,A-1302,P-1912,2026-07-04 17:00:00,completed
V-1085,A-1302,P-1381,2026-07-09 15:00:00,completed
V-1086,A-1302,P-2620,2026-06-19 13:00:00,completed
V-1087,A-1303,P-2502,2026-07-11 16:00:00,completed
V-1088,A-1303,P-2450,2026-05-10 12:00:00,completed
V-1089,A-1303,P-1779,2026-05-25 10:00:00,cancelled
V-1090,A-1303,P-1723,2026-05-13 17:00:00,completed
V-1091,A-1304,P-1002,2026-06-30 14:00:00,completed
V-1092,A-1304,P-2359,2026-06-18 15:00:00,completed
V-1093,A-1304,P-2969,2026-05-09 16:00:00,cancelled
V-1094,A-1304,P-2521,2026-05-14 17:00:00,completed
V-1095,A-1304,P-1983,2026-06-20 12:00:00,completed
V-1096,A-1305,P-2277,2026-06-25 10:00:00,cancelled
V-1097,A-1305,P-1485,2026-07-07 11:00:00,completed
V-1098,A-1305,P-1579,2026-05-19 15:00:00,completed
V-1099,A-1305,P-1903,2026-05-17 16:00:00,completed
V-1100,A-1305,P-2256,2026-05-11 13:00:00,completed
V-1101,A-1305,P-2141,2026-06-19 13:00:00,completed
V-1102,A-1305,P-2107,2026-06-12 13:00:00,completed
V-1103,A-1306,P-1397,2026-06-02 10:00:00,completed
V-1104,A-1306,P-2976,2026-06-16 10:00:00,completed
V-1105,A-1306,P-2330,2026-06-06 09:00:00,cancelled
V-1106,A-1306,P-1557,2026-06-19 09:00:00,completed
V-1107,A-1307,P-1134,2026-08-14 09:00:00,completed
V-1108,A-1307,P-1981,2026-06-08 17:00:00,completed
V-1109,A-1307,P-1304,2026-07-16 09:00:00,completed
V-1110,A-1307,P-2449,2026-07-13 10:00:00,completed
V-1111,A-1307,P-2005,2026-06-23 17:00:00,completed
V-1112,A-1307,P-1807,2026-05-08 14:00:00,completed
V-1113,A-1308,P-1122,2026-06-02 13:00:00,completed
V-1114,A-1309,P-1654,2026-05-30 15:00:00,completed
V-1115,A-1309,P-1672,2026-07-17 15:00:00,completed
V-1116,A-1309,P-2821,2026-05-09 09:00:00,cancelled
V-1117,A-1309,P-2816,2026-08-08 13:00:00,completed
V-1118,A-1310,P-2238,2026-07-15 09:00:00,cancelled
V-1119,A-1310,P-1704,2026-05-10 14:00:00,completed
V-1120,A-1310,P-2134,2026-08-11 10:00:00,completed
V-1121,A-1310,P-2521,2026-08-06 16:00:00,completed
V-1122,A-1311,P-2512,2026-05-13 16:00:00,completed
V-1123,A-1311,P-2179,2026-05-16 12:00:00,completed
V-1124,A-1311,P-2209,2026-06-10 15:00:00,completed
V-1125,A-1311,P-2088,2026-06-07 14:00:00,completed
V-1126,A-1312,P-1268,2026-05-15 10:00:00,completed
V-1127,A-1312,P-1799,2026-05-07 16:00:00,completed
V-1128,A-1312,P-1404,2026-08-09 10:00:00,completed
V-1129,A-1312,P-1358,2026-08-17 11:00:00,completed
V-1130,A-1312,P-2206,2026-07-23 10:00:00,completed
V-1131,A-1313,P-2516,2026-05-10 17:00:00,completed
V-1132,A-1313,P-1823,2026-07-04 11:00:00,completed
V-1133,A-1313,P-2921,2026-07-03 10:00:00,completed
V-1134,A-1313,P-2361,2026-05-18 16:00:00,completed
V-1135,A-1314,P-2880,2026-07-14 11:00:00,completed
V-1136,A-1314,P-2693,2026-08-08 12:00:00,completed
V-1137,A-1314,P-2019,2026-05-05 17:00:00,completed
V-1138,A-1315,P-1780,2026-05-22 12:00:00,completed
V-1139,A-1315,P-2919,2026-05-30 12:00:00,completed
V-1140,A-1315,P-1544,2026-07-12 17:00:00,completed
V-1141,A-1315,P-2712,2026-06-11 09:00:00,completed
V-1142,A-1315,P-2950,2026-05-23 10:00:00,completed
V-1143,A-1316,P-1186,2026-07-31 17:00:00,completed
V-1144,A-1316,P-2115,2026-05-20 15:00:00,completed
V-1145,A-1317,P-1640,2026-07-09 10:00:00,completed
V-1146,A-1317,P-2124,2026-06-24 14:00:00,cancelled
V-1147,A-1317,P-1820,2026-07-14 17:00:00,completed
V-1148,A-1318,P-DEMO-01,2026-06-10 10:00:00,completed
V-1149,A-1318,P-2566,2026-06-28 11:00:00,completed
V-1150,A-1318,P-2472,2026-05-29 17:00:00,completed
V-1151,A-1318,P-2699,2026-06-26 17:00:00,completed
V-1152,A-1319,P-1817,2026-05-12 09:00:00,completed
V-1153,A-1319,P-1437,2026-07-21 17:00:00,completed
V-1154,A-1319,P-1892,2026-05-09 13:00:00,completed
V-1155,A-1319,P-2128,2026-07-08 16:00:00,completed
V-1156,A-1319,P-2706,2026-05-14 15:00:00,completed
V-1157,A-1320,P-1191,2026-06-10 14:00:00,completed
V-1158,A-1320,P-1271,2026-07-26 11:00:00,completed
V-1159,A-1320,P-2321,2026-06-29 13:00:00,completed
V-1160,A-1321,P-2206,2026-05-16 10:00:00,completed
V-1161,A-1321,P-1329,2026-06-14 16:00:00,cancelled
V-1162,A-1321,P-2101,2026-08-04 14:00:00,completed
V-1163,A-1321,P-2455,2026-08-05 15:00:00,completed
V-1164,A-1321,P-2095,2026-07-22 11:00:00,completed
V-1165,A-1321,P-2781,2026-07-26 16:00:00,cancelled
V-1166,A-1321,P-1950,2026-07-12 14:00:00,completed
V-1167,A-1321,P-1782,2026-06-23 13:00:00,cancelled
V-1168,A-1322,P-2688,2026-07-25 13:00:00,completed
V-1169,A-1322,P-2085,2026-06-19 09:00:00,completed
V-1170,A-1322,P-2093,2026-05-08 09:00:00,completed
V-1171,A-1323,P-1935,2026-06-10 15:00:00,completed
V-1172,A-1323,P-1685,2026-07-17 13:00:00,completed
V-1173,A-1323,P-1829,2026-08-04 17:00:00,completed
V-1174,A-1323,P-1217,2026-06-18 09:00:00,completed
V-1175,A-1324,P-1742,2026-06-06 12:00:00,completed
V-1176,A-1324,P-2710,2026-05-23 14:00:00,completed
V-1177,A-1325,P-2629,2026-06-05 12:00:00,completed
V-1178,A-1325,P-1637,2026-07-08 10:00:00,completed
V-1179,A-1326,P-1372,2026-07-26 10:00:00,completed
V-1180,A-1326,P-1619,2026-07-19 12:00:00,completed
V-1181,A-1326,P-1400,2026-07-11 13:00:00,completed
V-1182,A-1326,P-1422,2026-07-27 10:00:00,completed
V-1183,A-1327,P-2756,2026-08-01 16:00:00,completed
V-1184,A-1327,P-1818,2026-05-27 14:00:00,completed
V-1185,A-1327,P-2452,2026-07-20 12:00:00,completed
V-1186,A-1328,P-1343,2026-07-24 09:00:00,completed
V-1187,A-1328,P-1502,2026-07-06 11:00:00,completed
V-1188,A-1328,P-2608,2026-07-23 11:00:00,completed
V-1189,A-1328,P-1015,2026-06-22 16:00:00,completed
V-1190,A-1328,P-2890,2026-05-18 17:00:00,completed
V-1191,A-1328,P-2763,2026-05-14 14:00:00,completed
V-1192,A-1328,P-2779,2026-06-27 13:00:00,completed
V-1193,A-1329,P-2942,2026-08-13 15:00:00,completed
V-1194,A-1329,P-2483,2026-07-11 09:00:00,completed
V-1195,A-1329,P-2686,2026-05-25 09:00:00,completed
V-1196,A-1329,P-1832,2026-08-02 10:00:00,completed
V-1197,A-1329,P-1667,2026-08-10 13:00:00,cancelled
V-1198,A-1329,P-1559,2026-07-29 09:00:00,completed
V-1199,A-1329,P-2345,2026-07-03 16:00:00,completed
V-1200,A-1329,P-2753,2026-06-15 11:00:00,cancelled
V-1201,A-1329,P-2137,2026-05-07 09:00:00,completed
V-1202,A-1330,P-2215,2026-05-05 13:00:00,completed
V-1203,A-1330,P-2675,2026-05-14 12:00:00,completed
V-1204,A-1330,P-1481,2026-05-30 10:00:00,completed
V-1205,A-1330,P-2933,2026-07-18 12:00:00,completed
V-1206,A-1330,P-1407,2026-07-20 16:00:00,completed
V-1207,A-1331,P-1609,2026-07-18 12:00:00,completed
V-1208,A-1331,P-2702,2026-07-13 17:00:00,cancelled
V-1209,A-1331,P-2642,2026-05-15 10:00:00,completed
V-1210,A-1331,P-2943,2026-05-05 11:00:00,completed
V-1211,A-1331,P-1095,2026-06-18 17:00:00,completed
V-1212,A-1332,P-2532,2026-05-06 17:00:00,completed
V-1213,A-1332,P-1101,2026-05-22 13:00:00,completed
V-1214,A-1332,P-1954,2026-08-13 13:00:00,completed
V-1215,A-1332,P-2731,2026-06-01 14:00:00,cancelled
V-1216,A-1332,P-1404,2026-08-04 13:00:00,completed
V-1217,A-1332,P-2523,2026-05-23 15:00:00,completed
V-1218,A-1333,P-2845,2026-06-01 17:00:00,completed
V-1219,A-1333,P-2033,2026-05-22 13:00:00,completed
V-1220,A-1333,P-1933,2026-06-10 11:00:00,completed
V-1221,A-1333,P-2355,2026-08-08 09:00:00,completed
V-1222,A-1333,P-2469,2026-06-09 15:00:00,completed
V-1223,A-1334,P-1887,2026-05-31 17:00:00,completed
V-1224,A-1334,P-1912,2026-05-15 17:00:00,completed
V-1225,A-1334,P-1586,2026-07-05 12:00:00,completed
V-1226,A-1334,P-2108,2026-05-25 10:00:00,cancelled
V-1227,A-1335,P-2289,2026-06-11 12:00:00,completed
V-1228,A-1335,P-1654,2026-06-22 16:00:00,completed
V-1229,A-1335,P-1852,2026-06-30 09:00:00,completed
V-1230,A-1336,P-2376,2026-07-25 10:00:00,completed
V-1231,A-1336,P-2531,2026-05-05 09:00:00,completed
V-1232,A-1336,P-1626,2026-07-31 17:00:00,completed
V-1233,A-1336,P-1096,2026-07-09 09:00:00,completed
V-1234,A-1337,P-1243,2026-05-26 11:00:00,completed
V-1235,A-1337,P-2115,2026-06-30 10:00:00,cancelled
V-1236,A-1338,P-1463,2026-06-30 10:00:00,completed
V-1237,A-1338,P-1786,2026-07-10 13:00:00,completed
V-1238,A-1339,P-2940,2026-07-06 10:00:00,completed
V-1239,A-1339,P-1499,2026-06-12 11:00:00,completed
V-1240,A-1339,P-2015,2026-06-15 16:00:00,cancelled
V-1241,A-1340,P-1294,2026-08-07 17:00:00,completed
V-1242,A-1340,P-2845,2026-06-30 15:00:00,completed
V-1243,A-1340,P-1328,2026-06-19 10:00:00,completed
V-1244,A-1340,P-1039,2026-07-26 14:00:00,completed
V-1245,A-1341,P-2540,2026-06-06 09:00:00,completed
V-1246,A-1341,P-2282,2026-07-25 13:00:00,cancelled
V-1247,A-1341,P-1020,2026-07-03 17:00:00,completed
V-1248,A-1342,P-2347,2026-07-13 13:00:00,completed
V-1249,A-1342,P-2168,2026-07-13 11:00:00,completed
V-1250,A-1342,P-1974,2026-06-17 16:00:00,completed
V-1251,A-1342,P-1284,2026-08-16 10:00:00,completed
V-1252,A-1342,P-2020,2026-07-06 13:00:00,completed
V-1253,A-1343,P-1368,2026-08-03 17:00:00,completed
V-1254,A-1343,P-2959,2026-07-28 10:00:00,completed
V-1255,A-1343,P-2225,2026-07-13 10:00:00,completed
V-1256,A-1344,P-2235,2026-05-15 16:00:00,cancelled
V-1257,A-1344,P-1150,2026-07-01 16:00:00,completed
V-1258,A-1345,P-1668,2026-08-05 10:00:00,completed
V-1259,A-1345,P-2903,2026-07-11 10:00:00,completed
V-1260,A-1345,P-1544,2026-07-01 16:00:00,completed
V-1261,A-1346,P-1517,2026-07-01 11:00:00,completed
V-1262,A-1346,P-2296,2026-07-24 17:00:00,completed
V-1263,A-1346,P-2249,2026-05-28 09:00:00,completed
V-1264,A-1346,P-1818,2026-05-25 12:00:00,completed
V-1265,A-1346,P-2884,2026-07-08 09:00:00,completed
V-1266,A-1347,P-2504,2026-08-11 13:00:00,completed
V-1267,A-1347,P-2241,2026-06-20 09:00:00,completed
V-1268,A-1347,P-1230,2026-06-19 10:00:00,completed
V-1269,A-1348,P-1301,2026-05-17 09:00:00,cancelled
V-1270,A-1348,P-1004,2026-05-28 10:00:00,cancelled
V-1271,A-1348,P-1022,2026-05-07 12:00:00,completed
V-1272,A-1348,P-1359,2026-06-27 13:00:00,completed
V-1273,A-1350,P-2418,2026-05-20 16:00:00,completed
V-1274,A-1350,P-2862,2026-07-08 13:00:00,completed
V-1275,A-1351,P-1751,2026-08-13 16:00:00,cancelled
V-1276,A-1351,P-2616,2026-06-18 13:00:00,cancelled
V-1277,A-1352,P-2613,2026-06-28 12:00:00,completed
V-1278,A-1352,P-2141,2026-06-08 12:00:00,completed
V-1279,A-1353,P-2630,2026-06-14 09:00:00,completed
V-1280,A-1353,P-2466,2026-07-13 16:00:00,completed
V-1281,A-1353,P-2633,2026-05-31 14:00:00,completed
V-1282,A-1353,P-2585,2026-06-18 15:00:00,completed
V-1283,A-1354,P-2407,2026-07-02 11:00:00,completed
V-1284,A-1354,P-1309,2026-05-16 15:00:00,completed
V-1285,A-1354,P-2816,2026-07-11 16:00:00,completed
V-1286,A-1354,P-1523,2026-06-10 12:00:00,completed
V-1287,A-1355,P-2804,2026-06-11 17:00:00,completed
V-1288,A-1355,P-1208,2026-07-24 16:00:00,completed
V-1289,A-1355,P-2104,2026-07-17 09:00:00,completed
V-1290,A-1355,P-2846,2026-07-01 12:00:00,cancelled
V-1291,A-1356,P-2358,2026-05-25 10:00:00,completed
V-1292,A-1356,P-2705,2026-07-11 11:00:00,completed
V-1293,A-1356,P-2743,2026-07-11 14:00:00,completed
V-1294,A-1356,P-1319,2026-08-16 16:00:00,completed
V-1295,A-1358,P-2321,2026-07-13 17:00:00,cancelled
V-1296,A-1358,P-2882,2026-07-06 13:00:00,completed
V-1297,A-1358,P-2137,2026-05-25 14:00:00,cancelled
V-1298,A-1358,P-1058,2026-07-01 12:00:00,completed
V-1299,A-1358,P-2810,2026-07-21 17:00:00,completed
V-1300,A-1359,P-1628,2026-07-02 13:00:00,completed
V-1301,A-1359,P-2659,2026-08-03 14:00:00,completed
V-1302,A-1360,P-2741,2026-06-25 09:00:00,cancelled
V-1303,A-1360,P-1102,2026-07-31 10:00:00,completed
V-1304,A-1360,P-1973,2026-07-26 16:00:00,completed
V-1305,A-1360,P-2015,2026-05-31 11:00:00,completed
V-1306,A-1361,P-1028,2026-05-28 09:00:00,cancelled
V-1307,A-1362,P-2276,2026-05-19 13:00:00,cancelled
V-1308,A-1362,P-1942,2026-05-14 09:00:00,completed
V-1309,A-1362,P-1200,2026-07-07 13:00:00,completed
V-1310,A-1362,P-2222,2026-06-11 11:00:00,completed
V-1311,A-1363,P-2744,2026-05-12 14:00:00,completed
V-1312,A-1364,P-2022,2026-07-26 12:00:00,completed
V-1313,A-1364,P-2541,2026-07-17 17:00:00,completed
V-1314,A-1364,P-2074,2026-05-30 11:00:00,completed
V-1315,A-1365,P-1426,2026-06-12 12:00:00,completed
V-1316,A-1365,P-1696,2026-07-27 12:00:00,completed
V-1317,A-1365,P-2535,2026-07-12 13:00:00,completed
V-1318,A-1365,P-1776,2026-05-12 10:00:00,completed
V-1319,A-1366,P-1942,2026-05-13 10:00:00,completed
V-1320,A-1366,P-1528,2026-07-16 10:00:00,cancelled
V-1321,A-1366,P-1347,2026-06-03 11:00:00,completed
V-1322,A-1366,P-1240,2026-06-09 11:00:00,completed
V-1323,A-1366,P-2178,2026-08-04 13:00:00,cancelled
V-1324,A-1366,P-2747,2026-05-25 10:00:00,completed
V-1325,A-1366,P-2249,2026-07-20 16:00:00,completed
V-1326,A-1367,P-1267,2026-06-20 15:00:00,completed
V-1327,A-1367,P-2260,2026-06-03 12:00:00,completed
V-1328,A-1368,P-1913,2026-06-08 14:00:00,cancelled
V-1329,A-1368,P-2535,2026-08-06 14:00:00,completed
V-1330,A-1368,P-2360,2026-05-27 15:00:00,completed
V-1331,A-1368,P-1217,2026-06-15 15:00:00,completed
V-1332,A-1369,P-2041,2026-07-23 10:00:00,cancelled
V-1333,A-1369,P-1527,2026-07-14 12:00:00,completed
V-1334,A-1369,P-1555,2026-06-28 17:00:00,completed
V-1335,A-1369,P-2319,2026-08-17 16:00:00,completed
V-1336,A-1370,P-1146,2026-07-15 16:00:00,cancelled
V-1337,A-1370,P-2343,2026-05-20 17:00:00,completed
V-1338,A-1371,P-2373,2026-06-04 11:00:00,completed
V-1339,A-1371,P-2443,2026-06-02 12:00:00,completed
V-1340,A-1371,P-2602,2026-05-07 17:00:00,completed
V-1341,A-1372,P-1118,2026-07-10 16:00:00,completed
V-1342,A-1372,P-2828,2026-05-27 14:00:00,completed
V-1343,A-1372,P-2394,2026-08-01 17:00:00,completed
V-1344,A-1372,P-1624,2026-08-02 16:00:00,completed
V-1345,A-1373,P-1478,2026-08-05 09:00:00,completed
V-1346,A-1373,P-1376,2026-08-16 11:00:00,completed
V-1347,A-1373,P-1111,2026-08-14 10:00:00,completed
V-1348,A-1374,P-1224,2026-07-26 10:00:00,completed
V-1349,A-1374,P-2307,2026-06-16 17:00:00,completed
V-1350,A-1375,P-1687,2026-06-20 16:00:00,completed
V-1351,A-1375,P-2300,2026-06-01 16:00:00,completed
V-1352,A-1375,P-2732,2026-07-28 15:00:00,completed
V-1353,A-1375,P-1673,2026-05-23 15:00:00,completed
V-1354,A-1375,P-2314,2026-05-17 11:00:00,completed
V-1355,A-1376,P-1496,2026-07-09 14:00:00,completed
V-1356,A-1376,P-1067,2026-05-29 12:00:00,completed
V-1357,A-1376,P-1263,2026-07-23 12:00:00,completed
V-1358,A-1376,P-2128,2026-05-05 12:00:00,completed
V-1359,A-1376,P-1269,2026-05-30 09:00:00,completed
V-1360,A-1377,P-1070,2026-05-24 16:00:00,completed
V-1361,A-1377,P-1624,2026-06-25 17:00:00,completed
V-1362,A-1377,P-1358,2026-07-02 13:00:00,completed
V-1363,A-1377,P-2128,2026-06-25 10:00:00,completed
V-1364,A-1377,P-2208,2026-07-24 17:00:00,completed
V-1365,A-1378,P-2862,2026-07-31 16:00:00,cancelled
V-1366,A-1378,P-1752,2026-06-15 14:00:00,completed
V-1367,A-1379,P-2504,2026-05-26 11:00:00,completed
V-1368,A-1379,P-2278,2026-06-11 13:00:00,completed
V-1369,A-1379,P-2241,2026-08-12 17:00:00,completed
V-1370,A-1379,P-1229,2026-06-09 10:00:00,cancelled
V-1371,A-1380,P-2642,2026-08-16 16:00:00,completed
V-1372,A-1380,P-1037,2026-07-16 14:00:00,completed
V-1373,A-1380,P-2424,2026-05-28 09:00:00,completed
V-1374,A-1380,P-1206,2026-06-01 12:00:00,completed
V-1375,A-1381,P-2504,2026-07-10 09:00:00,completed
V-1376,A-1381,P-1666,2026-05-31 12:00:00,cancelled
V-1377,A-1381,P-2642,2026-07-07 09:00:00,completed
V-1378,A-1382,P-2995,2026-07-19 09:00:00,completed
V-1379,A-1382,P-2584,2026-06-14 12:00:00,completed
V-1380,A-1382,P-2597,2026-08-12 13:00:00,completed
V-1381,A-1383,P-1726,2026-07-19 11:00:00,completed
V-1382,A-1384,P-1846,2026-07-17 16:00:00,completed
V-1383,A-1384,P-2858,2026-08-12 10:00:00,completed
V-1384,A-1384,P-1996,2026-07-12 09:00:00,completed
V-1385,A-1384,P-1556,2026-06-05 09:00:00,completed
V-1386,A-1384,P-1769,2026-07-27 11:00:00,completed
V-1387,A-1384,P-1666,2026-05-16 14:00:00,completed
V-1388,A-1384,P-2329,2026-08-16 12:00:00,completed
V-1389,A-1385,P-1916,2026-07-21 15:00:00,completed
V-1390,A-1385,P-2598,2026-07-16 13:00:00,completed
V-1391,A-1385,P-1151,2026-05-08 16:00:00,completed
V-1392,A-1386,P-2535,2026-06-16 13:00:00,completed
V-1393,A-1386,P-2382,2026-07-13 09:00:00,completed
V-1394,A-1386,P-1627,2026-06-07 17:00:00,completed
V-1395,A-1386,P-2942,2026-06-02 09:00:00,completed
V-1396,A-1386,P-2793,2026-06-16 13:00:00,completed
V-1397,A-1387,P-1416,2026-07-30 09:00:00,completed
V-1398,A-1387,P-2727,2026-05-15 15:00:00,completed
V-1399,A-1387,P-2888,2026-05-22 11:00:00,completed
V-1400,A-1387,P-1861,2026-07-09 09:00:00,completed
V-1401,A-1387,P-1406,2026-05-29 14:00:00,completed
V-1402,A-1387,P-2711,2026-06-29 14:00:00,completed
V-1403,A-1388,P-1625,2026-06-13 11:00:00,completed
V-1404,A-1388,P-1810,2026-07-15 16:00:00,completed
V-1405,A-1388,P-1876,2026-05-16 16:00:00,completed
V-1406,A-1389,P-2038,2026-07-22 11:00:00,completed
V-1407,A-1389,P-1153,2026-05-07 12:00:00,completed
V-1408,A-1389,P-2691,2026-06-07 17:00:00,completed
V-1409,A-1390,P-1828,2026-08-07 09:00:00,completed
V-1410,A-1390,P-1391,2026-08-13 09:00:00,cancelled
V-1411,A-1391,P-2529,2026-06-23 14:00:00,cancelled
V-1412,A-1391,P-1955,2026-05-30 09:00:00,completed
V-1413,A-1391,P-1075,2026-05-06 10:00:00,completed
V-1414,A-1392,P-2861,2026-05-17 11:00:00,completed
V-1415,A-1392,P-2185,2026-07-10 15:00:00,completed
V-1416,A-1392,P-1483,2026-05-11 14:00:00,completed
V-1417,A-1393,P-1087,2026-05-30 10:00:00,completed
V-1418,A-1393,P-1359,2026-08-13 15:00:00,completed
V-1419,A-1393,P-2527,2026-05-10 15:00:00,completed
V-1420,A-1394,P-2970,2026-05-18 12:00:00,completed
V-1421,A-1394,P-2304,2026-05-20 12:00:00,completed
V-1422,A-1394,P-1912,2026-06-18 10:00:00,completed
V-1423,A-1394,P-1546,2026-06-02 12:00:00,completed
V-1424,A-1394,P-2388,2026-07-20 13:00:00,cancelled
V-1425,A-1395,P-2178,2026-06-21 15:00:00,completed
V-1426,A-1395,P-2372,2026-08-06 14:00:00,completed
V-1427,A-1395,P-1611,2026-06-08 13:00:00,cancelled
V-1428,A-1395,P-2901,2026-08-18 14:00:00,completed
V-1429,A-1395,P-2722,2026-05-27 12:00:00,completed
V-1430,A-1396,P-1738,2026-06-06 09:00:00,completed
V-1431,A-1396,P-2927,2026-06-17 15:00:00,completed
V-1432,A-1396,P-1315,2026-06-12 11:00:00,completed
V-1433,A-1397,P-1186,2026-06-22 16:00:00,completed
V-1434,A-1398,P-2324,2026-07-01 16:00:00,completed
V-1435,A-1398,P-1874,2026-07-20 12:00:00,completed
V-1436,A-1398,P-2204,2026-07-06 15:00:00,cancelled
V-1437,A-1398,P-1729,2026-05-29 16:00:00,completed
V-1438,A-1398,P-1092,2026-07-10 10:00:00,completed
V-1439,A-1399,P-1594,2026-07-15 10:00:00,completed
V-1440,A-1399,P-1133,2026-07-14 15:00:00,completed
V-1441,A-1399,P-1208,2026-06-17 11:00:00,completed
V-1442,A-1399,P-2827,2026-06-03 13:00:00,completed
V-1443,A-1400,P-1012,2026-07-14 16:00:00,completed
V-1444,A-1400,P-2899,2026-07-07 10:00:00,completed
V-1445,A-1400,P-2211,2026-05-22 10:00:00,completed
V-1446,A-1400,P-1540,2026-06-02 16:00:00,completed
V-1447,A-1401,P-2880,2026-05-30 16:00:00,completed
V-1448,A-1401,P-1166,2026-06-03 12:00:00,completed
V-1449,A-1401,P-1099,2026-07-22 14:00:00,completed
V-1450,A-1401,P-2752,2026-05-20 13:00:00,completed
V-1451,A-1402,P-1644,2026-08-07 14:00:00,completed
V-1452,A-1402,P-2448,2026-07-12 12:00:00,completed
V-1453,A-1402,P-1096,2026-08-09 10:00:00,completed
V-1454,A-1403,P-2137,2026-06-06 14:00:00,completed
V-1455,A-1403,P-1342,2026-06-04 12:00:00,completed
V-1456,A-1403,P-1649,2026-05-23 16:00:00,completed
V-1457,A-1403,P-1700,2026-08-13 16:00:00,completed
V-1458,A-1403,P-1137,2026-05-24 12:00:00,completed
V-1459,A-1404,P-1005,2026-08-02 17:00:00,completed
V-1460,A-1404,P-2879,2026-08-10 09:00:00,completed
V-1461,A-1404,P-1963,2026-06-04 12:00:00,completed
V-1462,A-1404,P-1880,2026-05-29 12:00:00,completed
V-1463,A-1404,P-2752,2026-07-27 15:00:00,completed
V-1464,A-1405,P-2670,2026-06-06 12:00:00,completed
V-1465,A-1405,P-1957,2026-08-09 14:00:00,completed
V-1466,A-1405,P-1842,2026-06-21 15:00:00,completed
V-1467,A-1405,P-2736,2026-07-29 15:00:00,completed
V-1468,A-1405,P-1204,2026-07-20 13:00:00,completed
V-1469,A-1406,P-2247,2026-05-08 17:00:00,completed
V-1470,A-1406,P-1237,2026-07-04 16:00:00,completed
V-1471,A-1406,P-2158,2026-07-16 10:00:00,completed
V-1472,A-1407,P-1514,2026-06-17 14:00:00,completed
V-1473,A-1407,P-2130,2026-07-06 11:00:00,completed
V-1474,A-1407,P-2495,2026-08-11 14:00:00,completed
V-1475,A-1407,P-2509,2026-07-16 11:00:00,completed
V-1476,A-1407,P-1974,2026-07-10 11:00:00,completed
V-1477,A-1407,P-2299,2026-06-10 14:00:00,cancelled
V-1478,A-1408,P-2494,2026-08-14 13:00:00,completed
V-1479,A-1408,P-2412,2026-08-15 13:00:00,completed
V-1480,A-1408,P-2521,2026-05-10 17:00:00,cancelled
V-1481,A-1408,P-2873,2026-07-09 10:00:00,completed
V-1482,A-1409,P-1001,2026-08-12 15:00:00,cancelled
V-1483,A-1409,P-2830,2026-08-09 12:00:00,completed
V-1484,A-1409,P-1902,2026-06-07 12:00:00,completed
V-1485,A-1410,P-1473,2026-07-14 11:00:00,completed
V-1486,A-1410,P-1724,2026-06-30 10:00:00,completed
V-1487,A-1410,P-2870,2026-08-15 17:00:00,completed
V-1488,A-1410,P-2165,2026-06-09 14:00:00,completed
V-1489,A-1410,P-1625,2026-07-12 11:00:00,completed
V-1490,A-1411,P-1528,2026-07-13 10:00:00,completed
V-1491,A-1411,P-1720,2026-05-31 11:00:00,completed
V-1492,A-1411,P-2232,2026-08-16 10:00:00,completed
V-1493,A-1412,P-1751,2026-07-10 13:00:00,completed
V-1494,A-1412,P-2497,2026-07-31 13:00:00,completed
V-1495,A-1412,P-2944,2026-06-04 15:00:00,completed
V-1496,A-1413,P-2927,2026-05-23 09:00:00,completed
V-1497,A-1414,P-1447,2026-06-30 12:00:00,cancelled
V-1498,A-1414,P-2617,2026-07-19 09:00:00,completed
V-1499,A-1414,P-2374,2026-07-13 09:00:00,completed
V-1500,A-1414,P-2369,2026-08-11 15:00:00,completed
V-1501,A-1414,P-1059,2026-08-03 17:00:00,completed
V-1502,A-1415,P-1370,2026-05-25 13:00:00,completed
V-1503,A-1415,P-2392,2026-07-11 12:00:00,completed
V-1504,A-1415,P-2243,2026-07-11 16:00:00,completed
V-1505,A-1415,P-2661,2026-06-01 14:00:00,completed
V-1506,A-1415,P-2679,2026-05-16 10:00:00,completed
V-1507,A-1416,P-1082,2026-07-05 17:00:00,completed
V-1508,A-1416,P-2734,2026-07-15 15:00:00,completed
V-1509,A-1416,P-2317,2026-07-13 17:00:00,completed
V-1510,A-1416,P-2478,2026-05-31 14:00:00,cancelled
V-1511,A-1416,P-2130,2026-05-20 09:00:00,completed
V-1512,A-1416,P-2216,2026-07-27 16:00:00,completed
V-1513,A-1417,P-1428,2026-08-17 13:00:00,completed
V-1514,A-1417,P-2997,2026-06-08 13:00:00,completed
V-1515,A-1417,P-2711,2026-07-18 09:00:00,completed
V-1516,A-1417,P-2908,2026-05-31 14:00:00,completed
V-1517,A-1418,P-1342,2026-07-07 10:00:00,completed
V-1518,A-1418,P-1901,2026-05-09 14:00:00,completed
V-1519,A-1418,P-2144,2026-05-17 16:00:00,completed
V-1520,A-1418,P-2607,2026-06-03 11:00:00,completed
V-1521,A-1418,P-2946,2026-08-02 17:00:00,completed
V-1522,A-1419,P-1012,2026-08-01 12:00:00,completed
V-1523,A-1419,P-2205,2026-07-18 17:00:00,completed
V-1524,A-1419,P-1281,2026-08-02 11:00:00,completed
V-1525,A-1419,P-1833,2026-06-27 10:00:00,completed
V-1526,A-1420,P-1580,2026-05-15 10:00:00,completed
V-1527,A-1420,P-2021,2026-05-26 14:00:00,completed
V-1528,A-1420,P-1331,2026-07-08 16:00:00,completed
V-1529,A-1420,P-1893,2026-08-09 12:00:00,completed
V-1530,A-1421,P-1492,2026-07-19 16:00:00,completed
V-1531,A-1421,P-1754,2026-07-29 16:00:00,completed
V-1532,A-1421,P-2851,2026-06-04 12:00:00,completed
V-1533,A-1421,P-2583,2026-06-04 15:00:00,completed
V-1534,A-1423,P-1192,2026-08-07 14:00:00,completed
V-1535,A-1423,P-1580,2026-07-19 14:00:00,completed
V-1536,A-1424,P-1283,2026-05-20 11:00:00,completed
V-1537,A-1424,P-2778,2026-07-17 10:00:00,completed
V-1538,A-1425,P-1675,2026-08-04 15:00:00,completed
V-1539,A-1425,P-1798,2026-05-24 13:00:00,completed
V-1540,A-1426,P-1587,2026-06-05 14:00:00,cancelled
V-1541,A-1426,P-2929,2026-07-18 12:00:00,completed
V-1542,A-1426,P-2442,2026-05-23 17:00:00,completed
V-1543,A-1426,P-2724,2026-06-15 13:00:00,completed
V-1544,A-1427,P-1634,2026-06-22 11:00:00,completed
V-1545,A-1427,P-2865,2026-05-21 10:00:00,completed
V-1546,A-1427,P-1286,2026-07-08 11:00:00,completed
V-1547,A-1427,P-2761,2026-06-10 14:00:00,cancelled
V-1548,A-1428,P-1617,2026-05-26 12:00:00,completed
V-1549,A-1428,P-1966,2026-08-13 14:00:00,cancelled
V-1550,A-1428,P-2543,2026-05-17 10:00:00,completed
V-1551,A-1428,P-1267,2026-07-17 09:00:00,completed
V-1552,A-1429,P-2197,2026-07-03 16:00:00,completed
V-1553,A-1429,P-1102,2026-06-22 14:00:00,completed
V-1554,A-1429,P-2821,2026-07-04 15:00:00,completed
V-1555,A-1430,P-1118,2026-05-09 09:00:00,completed
V-1556,A-1430,P-2637,2026-05-24 09:00:00,completed
V-1557,A-1430,P-2875,2026-05-22 14:00:00,completed
V-1558,A-1430,P-2218,2026-07-10 15:00:00,completed
V-1559,A-1430,P-1598,2026-05-16 16:00:00,completed
V-1560,A-1431,P-1839,2026-06-10 17:00:00,completed
V-1561,A-1431,P-1933,2026-05-13 14:00:00,completed
V-1562,A-1431,P-2147,2026-07-13 17:00:00,completed
V-1563,A-1431,P-2715,2026-08-09 12:00:00,completed
V-1564,A-1432,P-1528,2026-07-06 13:00:00,cancelled
V-1565,A-1432,P-2921,2026-05-18 13:00:00,completed
V-1566,A-1432,P-2722,2026-07-24 10:00:00,cancelled
V-1567,A-1432,P-1938,2026-07-09 15:00:00,cancelled
V-1568,A-1432,P-2305,2026-08-12 14:00:00,completed
V-1569,A-1432,P-1752,2026-07-26 14:00:00,completed
V-1570,A-1432,P-1120,2026-07-14 17:00:00,completed
V-1571,A-1433,P-1542,2026-06-07 16:00:00,completed
V-1572,A-1434,P-1884,2026-08-03 15:00:00,completed
V-1573,A-1434,P-2601,2026-05-17 16:00:00,completed
V-1574,A-1434,P-1814,2026-06-13 15:00:00,completed
V-1575,A-1434,P-2967,2026-08-05 12:00:00,completed
V-1576,A-1435,P-2748,2026-06-05 12:00:00,completed
V-1577,A-1435,P-1499,2026-08-11 12:00:00,completed
V-1578,A-1436,P-2920,2026-06-14 17:00:00,completed
V-1579,A-1436,P-2271,2026-05-12 11:00:00,completed
V-1580,A-1436,P-2765,2026-07-16 09:00:00,completed
V-1581,A-1436,P-1180,2026-06-27 14:00:00,completed
V-1582,A-1437,P-2540,2026-05-27 17:00:00,completed
V-1583,A-1438,P-2215,2026-07-30 10:00:00,completed
V-1584,A-1438,P-2811,2026-05-16 09:00:00,completed
V-1585,A-1439,P-1337,2026-07-28 14:00:00,completed
V-1586,A-1439,P-1773,2026-05-19 16:00:00,cancelled
V-1587,A-1439,P-1121,2026-06-07 16:00:00,completed
V-1588,A-1439,P-1497,2026-05-18 15:00:00,completed
V-1589,A-1440,P-2107,2026-08-04 17:00:00,completed
V-1590,A-1440,P-1740,2026-05-20 17:00:00,completed
V-1591,A-1441,P-2009,2026-07-13 10:00:00,cancelled
V-1592,A-1441,P-1530,2026-06-05 10:00:00,completed
V-1593,A-1441,P-1745,2026-07-01 14:00:00,completed
V-1594,A-1442,P-1367,2026-06-18 12:00:00,completed
V-1595,A-1442,P-1599,2026-07-07 16:00:00,completed
V-1596,A-1442,P-2450,2026-06-13 12:00:00,completed
V-1597,A-1443,P-2758,2026-08-11 13:00:00,completed
V-1598,A-1443,P-2503,2026-05-19 16:00:00,completed
V-1599,A-1444,P-2329,2026-07-03 12:00:00,completed
V-1600,A-1444,P-1573,2026-07-17 13:00:00,completed
V-1601,A-1444,P-1291,2026-07-01 15:00:00,completed
V-1602,A-1445,P-2003,2026-06-06 16:00:00,cancelled
V-1603,A-1445,P-2137,2026-06-19 15:00:00,cancelled
V-1604,A-1445,P-2051,2026-05-17 14:00:00,cancelled
V-1605,A-1446,P-2094,2026-07-22 11:00:00,completed
V-1606,A-1446,P-2618,2026-07-07 15:00:00,completed
V-1607,A-1446,P-2362,2026-07-06 13:00:00,completed
V-1608,A-1447,P-1278,2026-07-17 09:00:00,completed
V-1609,A-1447,P-2032,2026-07-23 11:00:00,completed
V-1610,A-1447,P-2657,2026-06-01 15:00:00,completed
V-1611,A-1447,P-2379,2026-08-14 14:00:00,completed
V-1612,A-1447,P-2264,2026-08-13 15:00:00,cancelled
V-1613,A-1448,P-2482,2026-06-13 10:00:00,completed
V-1614,A-1448,P-2018,2026-06-02 13:00:00,completed
V-1615,A-1448,P-1159,2026-06-04 11:00:00,completed
V-1616,A-1448,P-2924,2026-06-12 14:00:00,completed
V-1617,A-1448,P-2321,2026-05-15 10:00:00,completed
V-1618,A-1449,P-1804,2026-07-18 15:00:00,completed
V-1619,A-1449,P-1537,2026-06-23 09:00:00,completed
V-1620,A-1449,P-2027,2026-06-23 16:00:00,completed
V-1621,A-1450,P-2585,2026-05-11 10:00:00,completed
V-1622,A-1450,P-2941,2026-08-10 16:00:00,completed
V-1623,A-1451,P-2544,2026-06-13 13:00:00,completed
V-1624,A-1451,P-1643,2026-05-11 10:00:00,completed
V-1625,A-1451,P-2336,2026-06-09 10:00:00,completed
V-1626,A-1451,P-2039,2026-05-12 16:00:00,cancelled
V-1627,A-1451,P-1499,2026-06-30 17:00:00,completed
V-1628,A-1452,P-2314,2026-06-05 11:00:00,completed
V-1629,A-1452,P-1274,2026-05-27 10:00:00,completed
V-1630,A-1452,P-2851,2026-07-08 12:00:00,cancelled
V-1631,A-1453,P-1092,2026-08-17 13:00:00,completed
V-1632,A-1453,P-1970,2026-08-08 17:00:00,cancelled
V-1633,A-1454,P-1301,2026-07-01 12:00:00,completed
V-1634,A-1454,P-1604,2026-06-23 10:00:00,completed
V-1635,A-1455,P-2349,2026-06-30 11:00:00,completed
V-1636,A-1455,P-1700,2026-08-14 16:00:00,completed
V-1637,A-1455,P-1977,2026-07-08 15:00:00,completed
V-1638,A-1456,P-1942,2026-08-06 15:00:00,completed
V-1639,A-1456,P-2671,2026-05-12 14:00:00,completed
V-1640,A-1457,P-2454,2026-08-14 09:00:00,completed
V-1641,A-1457,P-2068,2026-06-22 12:00:00,completed
V-1642,A-1457,P-1312,2026-08-12 10:00:00,completed
V-1643,A-1457,P-1647,2026-06-08 15:00:00,completed
V-1644,A-1457,P-2039,2026-07-22 16:00:00,completed
V-1645,A-1458,P-1256,2026-07-22 11:00:00,completed
V-1646,A-1458,P-2232,2026-06-03 12:00:00,completed
V-1647,A-1458,P-1517,2026-06-23 15:00:00,completed
V-1648,A-1458,P-2957,2026-05-21 15:00:00,completed
V-1649,A-1459,P-1924,2026-06-23 12:00:00,completed
V-1650,A-1459,P-2068,2026-05-05 13:00:00,completed
V-1651,A-1460,P-1426,2026-07-10 14:00:00,completed
V-1652,A-1460,P-1964,2026-05-18 12:00:00,completed
V-1653,A-1460,P-1391,2026-08-05 17:00:00,completed
V-1654,A-1460,P-2040,2026-06-13 09:00:00,completed
V-1655,A-1460,P-2456,2026-06-01 15:00:00,completed
V-1656,A-1461,P-1942,2026-07-27 10:00:00,completed
V-1657,A-1461,P-2729,2026-06-15 13:00:00,completed
V-1658,A-1461,P-2932,2026-07-10 15:00:00,completed
V-1659,A-1461,P-2671,2026-06-25 13:00:00,completed
V-1660,A-1461,P-1200,2026-07-11 15:00:00,completed
V-1661,A-1462,P-2871,2026-06-20 13:00:00,completed
V-1662,A-1462,P-2889,2026-05-11 10:00:00,completed
V-1663,A-1462,P-2619,2026-07-17 10:00:00,completed
V-1664,A-1462,P-2733,2026-06-14 11:00:00,completed
V-1665,A-1463,P-1913,2026-08-07 16:00:00,cancelled
V-1666,A-1463,P-1009,2026-08-17 10:00:00,completed
V-1667,A-1463,P-1662,2026-07-14 16:00:00,completed
V-1668,A-1463,P-2360,2026-05-26 16:00:00,completed
V-1669,A-1464,P-2273,2026-06-04 10:00:00,completed
V-1670,A-1464,P-2297,2026-06-30 15:00:00,completed
V-1671,A-1464,P-2555,2026-06-20 12:00:00,completed
V-1672,A-1465,P-1070,2026-08-07 10:00:00,completed
V-1673,A-1465,P-2215,2026-05-15 17:00:00,completed
V-1674,A-1466,P-2580,2026-07-14 09:00:00,completed
V-1675,A-1466,P-2453,2026-07-29 11:00:00,completed
V-1676,A-1466,P-1763,2026-05-15 10:00:00,completed
V-1677,A-1467,P-2000,2026-06-28 16:00:00,cancelled
V-1678,A-1467,P-1512,2026-05-31 09:00:00,completed
V-1679,A-1468,P-1803,2026-07-11 14:00:00,completed
V-1680,A-1468,P-1391,2026-06-20 13:00:00,cancelled
V-1681,A-1469,P-1265,2026-07-13 12:00:00,cancelled
V-1682,A-1470,P-2515,2026-08-10 09:00:00,completed
V-1683,A-1470,P-1975,2026-06-03 10:00:00,completed
V-1684,A-1470,P-2905,2026-08-10 15:00:00,cancelled
V-1685,A-1471,P-2298,2026-05-21 14:00:00,completed
V-1686,A-1472,P-1203,2026-07-27 10:00:00,completed
V-1687,A-1472,P-1472,2026-07-30 15:00:00,completed
V-1688,A-1473,P-2483,2026-06-08 14:00:00,cancelled
V-1689,A-1473,P-1308,2026-06-15 17:00:00,cancelled
V-1690,A-1474,P-1556,2026-07-22 09:00:00,completed
V-1691,A-1475,P-1022,2026-06-04 17:00:00,completed
V-1692,A-1475,P-1634,2026-06-30 15:00:00,completed
V-1693,A-1475,P-1257,2026-07-31 12:00:00,completed
V-1694,A-1475,P-2744,2026-07-01 15:00:00,completed
V-1695,A-1475,P-2550,2026-07-25 09:00:00,completed
V-1696,A-1476,P-1480,2026-07-31 13:00:00,completed
V-1697,A-1476,P-2686,2026-07-14 12:00:00,cancelled
V-1698,A-1476,P-1913,2026-06-03 13:00:00,completed
V-1699,A-1477,P-1092,2026-05-20 15:00:00,completed
V-1700,A-1477,P-2047,2026-08-02 17:00:00,completed
V-1701,A-1477,P-1184,2026-07-01 15:00:00,cancelled
V-1702,A-1477,P-2843,2026-06-12 10:00:00,cancelled
V-1703,A-1477,P-1252,2026-05-13 12:00:00,completed
V-1704,A-1477,P-2822,2026-05-22 13:00:00,completed
V-1705,A-1477,P-1799,2026-08-03 11:00:00,completed
V-1706,A-1478,P-2216,2026-07-01 13:00:00,completed
V-1707,A-1478,P-2418,2026-06-06 12:00:00,completed
V-1708,A-1479,P-2482,2026-05-24 15:00:00,completed
V-1709,A-1479,P-1328,2026-07-23 10:00:00,completed
V-1710,A-1480,P-1663,2026-08-01 14:00:00,completed
V-1711,A-1480,P-2038,2026-08-04 16:00:00,completed
V-1712,A-1481,P-1020,2026-07-08 14:00:00,completed
V-1713,A-1481,P-1159,2026-05-31 12:00:00,completed
V-1714,A-1482,P-1989,2026-08-01 17:00:00,completed
V-1715,A-1482,P-1963,2026-08-07 09:00:00,completed
V-1716,A-1482,P-2600,2026-07-09 13:00:00,completed
V-1717,A-1482,P-1211,2026-05-08 14:00:00,completed
V-1718,A-1482,P-2751,2026-05-13 14:00:00,completed
V-1719,A-1482,P-2442,2026-06-24 16:00:00,completed
V-1720,A-1483,P-2077,2026-07-23 13:00:00,completed
V-1721,A-1484,P-2307,2026-06-26 15:00:00,completed
V-1722,A-1485,P-1223,2026-07-02 09:00:00,completed
V-1723,A-1485,P-1660,2026-06-21 17:00:00,completed
V-1724,A-1485,P-2760,2026-07-06 15:00:00,completed
V-1725,A-1485,P-1951,2026-07-08 16:00:00,completed
V-1726,A-1485,P-2251,2026-06-12 17:00:00,completed
V-1727,A-1485,P-1737,2026-07-14 14:00:00,cancelled
V-1728,A-1485,P-2399,2026-06-23 17:00:00,cancelled
V-1729,A-1486,P-1729,2026-06-28 15:00:00,completed
V-1730,A-1486,P-1974,2026-07-27 09:00:00,completed
V-1731,A-1486,P-1721,2026-05-25 14:00:00,completed
V-1732,A-1486,P-2531,2026-06-17 17:00:00,cancelled
V-1733,A-1486,P-2299,2026-07-05 17:00:00,completed
V-1734,A-1486,P-2830,2026-07-11 11:00:00,completed
V-1735,A-1487,P-1792,2026-05-21 14:00:00,completed
V-1736,A-1487,P-1443,2026-07-23 09:00:00,completed
V-1737,A-1488,P-2283,2026-07-30 14:00:00,completed
V-1738,A-1488,P-2476,2026-06-16 16:00:00,completed
V-1739,A-1488,P-1904,2026-05-23 13:00:00,completed
V-1740,A-1489,P-2191,2026-06-27 13:00:00,completed
V-1741,A-1489,P-2897,2026-08-02 14:00:00,completed
V-1742,A-1489,P-1959,2026-06-09 11:00:00,completed
V-1743,A-1490,P-1478,2026-07-24 13:00:00,cancelled
V-1744,A-1490,P-2251,2026-07-23 13:00:00,cancelled
V-1745,A-1490,P-2704,2026-06-08 16:00:00,completed
V-1746,A-1490,P-2729,2026-08-11 14:00:00,completed
V-1747,A-1491,P-1312,2026-08-14 17:00:00,completed
V-1748,A-1491,P-2601,2026-08-10 17:00:00,completed
V-1749,A-1491,P-2544,2026-05-23 15:00:00,cancelled
V-1750,A-1491,P-1109,2026-05-10 13:00:00,completed
V-1751,A-1491,P-1243,2026-08-17 11:00:00,completed
V-1752,A-1491,P-1597,2026-06-26 09:00:00,cancelled
V-1753,A-1491,P-1741,2026-06-11 09:00:00,completed
V-1754,A-1492,P-2492,2026-07-25 10:00:00,completed
V-1755,A-1492,P-1240,2026-07-11 09:00:00,completed
V-1756,A-1493,P-2612,2026-06-21 12:00:00,cancelled
V-1757,A-1493,P-1130,2026-07-24 12:00:00,cancelled
V-1758,A-1493,P-2192,2026-07-11 15:00:00,completed
V-1759,A-1493,P-1061,2026-05-15 16:00:00,completed
V-1760,A-1494,P-2325,2026-07-28 09:00:00,completed
V-1761,A-1494,P-1744,2026-07-14 09:00:00,completed
V-1762,A-1494,P-1028,2026-08-08 11:00:00,completed
V-1763,A-1495,P-2825,2026-07-28 09:00:00,completed
V-1764,A-1495,P-2145,2026-05-14 12:00:00,completed
V-1765,A-1495,P-2105,2026-06-08 12:00:00,completed
V-1766,A-1495,P-2233,2026-05-11 17:00:00,completed
V-1767,A-1495,P-2098,2026-05-10 11:00:00,completed
V-1768,A-1495,P-2137,2026-05-18 16:00:00,completed
V-1769,A-1496,P-1718,2026-06-17 15:00:00,completed
V-1770,A-1496,P-2617,2026-06-12 16:00:00,completed
V-1771,A-1497,P-1556,2026-06-16 09:00:00,completed
V-1772,A-1497,P-1968,2026-08-09 13:00:00,completed
V-1773,A-1497,P-1435,2026-07-31 11:00:00,completed
V-1774,A-1497,P-2966,2026-07-04 16:00:00,completed
V-1775,A-1497,P-1865,2026-08-16 17:00:00,cancelled
V-1776,A-1499,P-1932,2026-05-09 14:00:00,completed
V-1777,A-1499,P-1662,2026-06-17 16:00:00,completed
V-1778,A-1500,P-2068,2026-06-17 16:00:00,completed
V-1779,A-1500,P-1113,2026-05-26 09:00:00,completed
V-1780,A-1500,P-2488,2026-06-15 12:00:00,completed
V-1781,A-1500,P-1070,2026-08-01 12:00:00,completed
V-1782,A-1500,P-1701,2026-07-20 13:00:00,completed
V-1783,A-1500,P-2845,2026-06-06 15:00:00,completed
V-1784,A-1501,P-1000,2026-05-29 17:00:00,completed
V-1785,A-1501,P-1430,2026-07-13 15:00:00,completed
V-1786,A-1502,P-2573,2026-07-17 09:00:00,completed
V-1787,A-1502,P-1433,2026-08-02 15:00:00,completed
V-1788,A-1502,P-2205,2026-07-17 13:00:00,completed
V-1789,A-1502,P-1674,2026-06-04 15:00:00,cancelled
V-1790,A-1502,P-1774,2026-07-27 11:00:00,completed
V-1791,A-1502,P-2012,2026-06-16 14:00:00,completed
V-1792,A-1503,P-1679,2026-05-05 11:00:00,cancelled
V-1793,A-1504,P-2588,2026-06-04 15:00:00,completed
V-1794,A-1504,P-1642,2026-05-24 09:00:00,completed
V-1795,A-1504,P-1929,2026-07-02 12:00:00,completed
V-1796,A-1505,P-2986,2026-05-13 14:00:00,completed
V-1797,A-1505,P-1984,2026-05-18 14:00:00,cancelled
V-1798,A-1505,P-2659,2026-06-18 16:00:00,completed
V-1799,A-1506,P-2115,2026-05-20 16:00:00,completed
V-1800,A-1506,P-2637,2026-08-03 10:00:00,completed
V-1801,A-1507,P-2555,2026-06-09 15:00:00,completed
V-1802,A-1507,P-2375,2026-06-07 10:00:00,completed
V-1803,A-1507,P-2097,2026-08-03 15:00:00,completed
V-1804,A-1507,P-1481,2026-07-21 16:00:00,completed
V-1805,A-1507,P-1149,2026-05-27 15:00:00,completed
V-1806,A-1508,P-2761,2026-07-09 11:00:00,completed
V-1807,A-1508,P-2015,2026-06-28 10:00:00,completed
V-1808,A-1508,P-2596,2026-06-21 16:00:00,completed
V-1809,A-1508,P-1499,2026-07-02 09:00:00,completed
V-1810,A-1509,P-2279,2026-06-24 16:00:00,completed
V-1811,A-1509,P-1108,2026-06-08 17:00:00,completed
V-1812,A-1509,P-2491,2026-07-14 12:00:00,completed
V-1813,A-1509,P-2977,2026-05-29 11:00:00,completed
V-1814,A-1510,P-1956,2026-07-07 13:00:00,completed
V-1815,A-1510,P-2351,2026-06-29 17:00:00,cancelled
V-1816,A-1510,P-1671,2026-07-18 16:00:00,completed
V-1817,A-1511,P-2505,2026-06-14 14:00:00,completed
V-1818,A-1511,P-2816,2026-07-22 09:00:00,completed
V-1819,A-1511,P-2616,2026-06-08 09:00:00,completed
V-1820,A-1511,P-1894,2026-08-11 15:00:00,completed
V-1821,A-1511,P-1839,2026-07-09 16:00:00,completed
V-1822,A-1511,P-1122,2026-06-22 14:00:00,completed
V-1823,A-1512,P-2069,2026-07-31 11:00:00,completed
V-1824,A-1512,P-1651,2026-07-17 10:00:00,completed
V-1825,A-1512,P-2453,2026-05-14 10:00:00,completed
V-1826,A-1513,P-2132,2026-05-22 12:00:00,completed
V-1827,A-1513,P-1027,2026-08-09 11:00:00,completed
V-1828,A-1513,P-1402,2026-07-01 15:00:00,completed
V-1829,A-1513,P-1371,2026-07-11 16:00:00,cancelled
V-1830,A-1513,P-2421,2026-06-24 13:00:00,completed
V-1831,A-1514,P-2129,2026-06-12 09:00:00,completed
V-1832,A-1514,P-2588,2026-05-17 17:00:00,completed
V-1833,A-1514,P-1108,2026-05-14 11:00:00,completed
V-1834,A-1514,P-2196,2026-07-21 09:00:00,completed
V-1835,A-1514,P-2015,2026-06-01 11:00:00,cancelled
V-1836,A-1515,P-1800,2026-06-11 11:00:00,completed
V-1837,A-1516,P-2661,2026-08-13 12:00:00,completed
V-1838,A-1516,P-2664,2026-08-10 15:00:00,completed
V-1839,A-1516,P-2840,2026-07-12 14:00:00,completed
V-1840,A-1516,P-2766,2026-07-13 11:00:00,completed
V-1841,A-1517,P-2019,2026-08-06 11:00:00,completed
V-1842,A-1517,P-1112,2026-07-17 14:00:00,completed
V-1843,A-1517,P-2507,2026-05-16 14:00:00,cancelled
V-1844,A-1517,P-1809,2026-07-01 11:00:00,completed
V-1845,A-1517,P-2998,2026-07-01 13:00:00,completed
V-1846,A-1517,P-1776,2026-06-27 12:00:00,completed
V-1847,A-1518,P-1415,2026-06-29 13:00:00,completed
V-1848,A-1518,P-1504,2026-06-18 17:00:00,cancelled
V-1849,A-1518,P-2495,2026-05-28 11:00:00,completed
V-1850,A-1518,P-2154,2026-08-05 14:00:00,completed
V-1851,A-1518,P-2347,2026-07-11 11:00:00,completed
V-1852,A-1519,P-1438,2026-07-17 09:00:00,completed
V-1853,A-1519,P-1006,2026-06-14 11:00:00,completed
V-1854,A-1519,P-1444,2026-06-28 11:00:00,completed
V-1855,A-1519,P-1840,2026-07-27 12:00:00,completed
V-1856,A-1519,P-2226,2026-06-18 11:00:00,completed
V-1857,A-1519,P-1787,2026-07-15 14:00:00,completed
V-1858,A-1519,P-2725,2026-06-03 11:00:00,cancelled
V-1859,A-1520,P-2874,2026-06-11 14:00:00,completed
V-1860,A-1520,P-1813,2026-05-06 13:00:00,completed
V-1861,A-1520,P-1980,2026-06-26 12:00:00,completed
V-1862,A-1520,P-1086,2026-08-04 15:00:00,completed
V-1863,A-1520,P-2206,2026-07-07 14:00:00,completed
V-1864,A-1520,P-1471,2026-07-31 16:00:00,completed
V-1865,A-1520,P-1285,2026-07-28 16:00:00,completed
V-1866,A-1520,P-1563,2026-06-29 16:00:00,completed
V-1867,A-1521,P-2411,2026-08-11 15:00:00,completed
V-1868,A-1522,P-1637,2026-05-29 13:00:00,cancelled
V-1869,A-1522,P-2698,2026-08-03 12:00:00,completed
V-1870,A-1522,P-1395,2026-05-31 15:00:00,completed
V-1871,A-1523,P-2788,2026-06-07 09:00:00,cancelled
V-1872,A-1523,P-1840,2026-06-07 17:00:00,completed
V-1873,A-1524,P-2497,2026-06-06 15:00:00,completed
V-1874,A-1524,P-1371,2026-07-09 15:00:00,completed
V-1875,A-1524,P-2145,2026-05-25 10:00:00,completed
V-1876,A-1524,P-1514,2026-07-30 10:00:00,cancelled
V-1877,A-1524,P-2100,2026-05-19 15:00:00,completed
V-1878,A-1524,P-2560,2026-07-21 15:00:00,cancelled
V-1879,A-1525,P-1274,2026-07-31 10:00:00,cancelled
V-1880,A-1526,P-1001,2026-06-12 15:00:00,completed
V-1881,A-1526,P-2437,2026-07-02 14:00:00,completed
V-1882,A-1526,P-1838,2026-07-25 16:00:00,completed
V-1883,A-1527,P-2438,2026-07-01 14:00:00,completed
V-1884,A-1527,P-2979,2026-05-05 16:00:00,completed
V-1885,A-1528,P-1212,2026-06-23 15:00:00,completed
V-1886,A-1528,P-1293,2026-05-19 17:00:00,completed
V-1887,A-1528,P-1288,2026-07-20 14:00:00,completed
V-1888,A-1528,P-1577,2026-07-30 09:00:00,completed
V-1889,A-1528,P-1346,2026-06-02 11:00:00,cancelled
V-1890,A-1529,P-1662,2026-05-22 14:00:00,completed
V-1891,A-1529,P-1447,2026-06-02 17:00:00,completed
V-1892,A-1530,P-1551,2026-05-08 15:00:00,completed
V-1893,A-1531,P-2091,2026-06-01 09:00:00,completed
V-1894,A-1531,P-2004,2026-05-05 14:00:00,completed
V-1895,A-1531,P-2864,2026-06-05 15:00:00,completed
V-1896,A-1531,P-2246,2026-05-31 12:00:00,completed
V-1897,A-1532,P-2538,2026-08-14 16:00:00,completed
V-1898,A-1532,P-2583,2026-06-10 13:00:00,completed
V-1899,A-1532,P-1954,2026-07-24 16:00:00,completed
V-1900,A-1532,P-1848,2026-07-27 09:00:00,completed
V-1901,A-1532,P-2738,2026-05-12 15:00:00,completed
V-1902,A-1533,P-2767,2026-07-16 11:00:00,completed
V-1903,A-1533,P-1277,2026-05-22 17:00:00,completed
V-1904,A-1533,P-2617,2026-06-22 16:00:00,completed
V-1905,A-1534,P-2802,2026-05-24 16:00:00,completed
V-1906,A-1534,P-2603,2026-08-02 15:00:00,completed
V-1907,A-1534,P-2376,2026-07-30 14:00:00,completed
V-1908,A-1534,P-1626,2026-05-04 13:00:00,completed
V-1909,A-1535,P-1604,2026-05-18 09:00:00,completed
V-1910,A-1535,P-1792,2026-05-27 11:00:00,completed
V-1911,A-1535,P-1838,2026-05-10 15:00:00,cancelled
V-1912,A-1535,P-2688,2026-07-08 13:00:00,completed
V-1913,A-1535,P-2305,2026-06-13 10:00:00,completed
V-1914,A-1535,P-2729,2026-06-03 10:00:00,completed
V-1915,A-1536,P-1591,2026-06-23 12:00:00,completed
V-1916,A-1536,P-1957,2026-07-28 12:00:00,completed
V-1917,A-1536,P-1340,2026-07-24 12:00:00,completed
V-1918,A-1536,P-2870,2026-06-05 12:00:00,completed
V-1919,A-1537,P-2532,2026-06-02 17:00:00,completed
V-1920,A-1537,P-2182,2026-06-13 12:00:00,completed
V-1921,A-1537,P-1538,2026-08-13 10:00:00,completed
V-1922,A-1537,P-2331,2026-07-31 14:00:00,completed
V-1923,A-1537,P-2222,2026-07-14 15:00:00,cancelled
V-1924,A-1537,P-2373,2026-05-29 11:00:00,completed
V-1925,A-1538,P-1387,2026-07-06 10:00:00,completed
V-1926,A-1538,P-2187,2026-07-17 16:00:00,completed
V-1927,A-1538,P-1870,2026-05-24 11:00:00,completed
V-1928,A-1538,P-2245,2026-07-02 17:00:00,completed
V-1929,A-1539,P-2231,2026-06-23 12:00:00,completed
V-1930,A-1539,P-1714,2026-06-12 11:00:00,completed
V-1931,A-1539,P-2976,2026-05-16 11:00:00,completed
V-1932,A-1539,P-1859,2026-07-13 09:00:00,completed
V-1933,A-1539,P-2712,2026-06-19 17:00:00,cancelled
V-1934,A-1539,P-1998,2026-06-09 12:00:00,cancelled
V-1935,A-1539,P-2472,2026-06-08 09:00:00,completed
V-1936,A-1540,P-2974,2026-05-02 16:00:00,completed
V-1937,A-1540,P-1971,2026-06-14 11:00:00,cancelled
V-1938,A-1541,P-1478,2026-05-31 13:00:00,cancelled
V-1939,A-1541,P-1200,2026-06-07 15:00:00,completed
V-1940,A-1541,P-1735,2026-06-16 15:00:00,completed
V-1941,A-1541,P-1421,2026-05-12 16:00:00,cancelled
V-1942,A-1541,P-2175,2026-06-28 10:00:00,completed
V-1943,A-1541,P-2156,2026-06-28 14:00:00,completed
V-1944,A-1542,P-2223,2026-05-12 14:00:00,completed
V-1945,A-1542,P-1690,2026-07-18 16:00:00,completed
V-1946,A-1542,P-2368,2026-07-03 09:00:00,completed
V-1947,A-1542,P-1996,2026-07-28 11:00:00,cancelled
V-1948,A-1543,P-2184,2026-06-08 14:00:00,completed
V-1949,A-1543,P-1569,2026-05-25 17:00:00,completed
V-1950,A-1543,P-2318,2026-05-24 16:00:00,completed
V-1951,A-1543,P-2728,2026-06-20 13:00:00,completed
V-1952,A-1543,P-2154,2026-05-07 09:00:00,completed
V-1953,A-1544,P-2568,2026-07-16 12:00:00,cancelled
V-1954,A-1544,P-2760,2026-06-28 16:00:00,completed
V-1955,A-1544,P-2855,2026-06-08 12:00:00,completed
V-1956,A-1544,P-1656,2026-07-16 17:00:00,completed
V-1957,A-1544,P-1792,2026-08-12 11:00:00,completed
V-1958,A-1545,P-2786,2026-06-24 11:00:00,completed
V-1959,A-1546,P-1838,2026-08-08 10:00:00,completed
V-1960,A-1546,P-1224,2026-06-19 15:00:00,completed
V-1961,A-1546,P-1639,2026-06-27 12:00:00,completed
V-1962,A-1546,P-1284,2026-05-16 13:00:00,completed
V-1963,A-1547,P-2238,2026-07-14 10:00:00,completed
V-1964,A-1547,P-1896,2026-05-28 14:00:00,cancelled
V-1965,A-1548,P-2448,2026-05-24 10:00:00,completed
V-1966,A-1548,P-2709,2026-07-20 13:00:00,completed
V-1967,A-1548,P-2595,2026-06-25 12:00:00,completed
V-1968,A-1549,P-2769,2026-07-22 16:00:00,completed
V-1969,A-1549,P-1355,2026-06-21 16:00:00,completed
V-1970,A-1550,P-2270,2026-05-22 17:00:00,completed
V-1971,A-1550,P-2229,2026-08-05 15:00:00,completed
V-1972,A-1550,P-1342,2026-06-29 12:00:00,completed
V-1973,A-1550,P-1722,2026-05-09 11:00:00,completed
V-1974,A-1551,P-2469,2026-08-10 16:00:00,completed
V-1975,A-1551,P-2114,2026-06-14 13:00:00,completed
V-1976,A-1551,P-2900,2026-08-08 14:00:00,completed
V-1977,A-1551,P-2436,2026-05-31 10:00:00,completed
V-1978,A-1552,P-1867,2026-05-15 16:00:00,completed
V-1979,A-1552,P-2179,2026-07-07 16:00:00,completed
V-1980,A-1552,P-2730,2026-06-12 17:00:00,completed
V-1981,A-1552,P-2201,2026-08-07 15:00:00,completed
V-1982,A-1552,P-1609,2026-05-26 16:00:00,completed
V-1983,A-1552,P-1145,2026-06-04 09:00:00,completed
V-1984,A-1552,P-1359,2026-08-12 11:00:00,completed
V-1985,A-1553,P-2648,2026-05-15 15:00:00,completed
V-1986,A-1553,P-1785,2026-07-27 10:00:00,completed
V-1987,A-1554,P-1568,2026-07-23 11:00:00,completed
V-1988,A-1554,P-1358,2026-08-04 11:00:00,completed
V-1989,A-1554,P-2407,2026-05-26 16:00:00,completed
V-1990,A-1554,P-2517,2026-08-16 14:00:00,completed
V-1991,A-1554,P-2056,2026-05-14 12:00:00,completed
V-1992,A-1555,P-1501,2026-06-20 10:00:00,completed
V-1993,A-1555,P-2125,2026-05-09 15:00:00,completed
V-1994,A-1556,P-2372,2026-05-07 17:00:00,completed
V-1995,A-1556,P-1065,2026-06-07 14:00:00,completed
V-1996,A-1556,P-1000,2026-05-06 11:00:00,completed
V-1997,A-1557,P-2320,2026-06-08 10:00:00,completed
V-1998,A-1557,P-1755,2026-05-16 17:00:00,completed
V-1999,A-1558,P-2248,2026-08-07 14:00:00,completed
V-2000,A-1558,P-1610,2026-06-13 14:00:00,completed
V-2001,A-1558,P-2542,2026-06-09 14:00:00,completed
V-2002,A-1560,P-2828,2026-05-31 15:00:00,completed
V-2003,A-1560,P-1428,2026-08-03 15:00:00,cancelled
V-2004,A-1560,P-2341,2026-05-13 13:00:00,completed
V-2005,A-1561,P-2266,2026-06-07 11:00:00,completed
V-2006,A-1561,P-1062,2026-05-23 11:00:00,completed
V-2007,A-1561,P-1011,2026-06-12 10:00:00,completed
V-2008,A-1561,P-1122,2026-06-27 10:00:00,completed
V-2009,A-1562,P-1359,2026-08-03 11:00:00,completed
V-2010,A-1562,P-1883,2026-06-28 17:00:00,completed
V-2011,A-1563,P-2253,2026-06-08 13:00:00,completed
V-2012,A-1563,P-2962,2026-08-04 16:00:00,completed
V-2013,A-1563,P-1462,2026-06-23 10:00:00,completed
V-2014,A-1563,P-2184,2026-08-01 12:00:00,completed
V-2015,A-1564,P-1151,2026-07-01 15:00:00,completed
V-2016,A-1564,P-1878,2026-07-14 14:00:00,completed
V-2017,A-1564,P-1599,2026-06-24 15:00:00,cancelled
V-2018,A-1564,P-1113,2026-06-25 13:00:00,completed
V-2019,A-1564,P-1916,2026-07-22 14:00:00,completed
V-2020,A-1565,P-1727,2026-07-02 13:00:00,completed
V-2021,A-1565,P-2993,2026-07-20 10:00:00,completed
V-2022,A-1565,P-1271,2026-06-11 10:00:00,completed
V-2023,A-1566,P-1286,2026-07-23 10:00:00,completed
V-2024,A-1566,P-1432,2026-05-03 11:00:00,completed
V-2025,A-1566,P-2958,2026-05-25 12:00:00,completed
V-2026,A-1567,P-1182,2026-06-07 16:00:00,completed
V-2027,A-1567,P-1965,2026-06-12 15:00:00,completed
V-2028,A-1567,P-2116,2026-08-14 11:00:00,completed
V-2029,A-1567,P-2241,2026-05-13 12:00:00,completed
V-2030,A-1568,P-2079,2026-07-29 15:00:00,completed
V-2031,A-1568,P-2645,2026-08-05 15:00:00,completed
V-2032,A-1568,P-2001,2026-08-05 09:00:00,completed
V-2033,A-1568,P-2080,2026-06-16 09:00:00,completed
V-2034,A-1568,P-2518,2026-07-05 15:00:00,completed
V-2035,A-1568,P-2981,2026-07-02 09:00:00,completed
V-2036,A-1569,P-2505,2026-05-08 13:00:00,completed
V-2037,A-1569,P-1656,2026-07-13 12:00:00,completed
V-2038,A-1569,P-2026,2026-07-02 15:00:00,completed
V-2039,A-1570,P-2050,2026-07-18 12:00:00,completed
V-2040,A-1570,P-2018,2026-06-29 11:00:00,completed
V-2041,A-1570,P-2092,2026-08-09 14:00:00,completed
V-2042,A-1570,P-2454,2026-08-11 17:00:00,completed
V-2043,A-1571,P-2895,2026-05-08 09:00:00,completed
V-2044,A-1572,P-1489,2026-06-19 12:00:00,completed
V-2045,A-1572,P-2718,2026-07-31 09:00:00,completed
V-2046,A-1572,P-1932,2026-07-02 16:00:00,completed
V-2047,A-1573,P-1104,2026-06-15 13:00:00,completed
V-2048,A-1573,P-2325,2026-08-06 17:00:00,completed
V-2049,A-1573,P-1127,2026-08-06 10:00:00,cancelled
V-2050,A-1573,P-2196,2026-08-16 15:00:00,completed
V-2051,A-1573,P-2052,2026-08-03 11:00:00,completed
V-2052,A-1573,P-1976,2026-07-12 14:00:00,completed
V-2053,A-1574,P-2173,2026-08-11 17:00:00,completed
V-2054,A-1574,P-2208,2026-05-28 17:00:00,completed
V-2055,A-1574,P-1737,2026-06-08 12:00:00,completed
V-2056,A-1575,P-1274,2026-08-05 11:00:00,completed
V-2057,A-1575,P-1536,2026-08-05 09:00:00,completed
V-2058,A-1576,P-1571,2026-05-24 10:00:00,completed
V-2059,A-1576,P-1228,2026-07-23 14:00:00,completed
V-2060,A-1576,P-1137,2026-07-01 14:00:00,completed
V-2061,A-1576,P-2956,2026-07-18 12:00:00,cancelled
V-2062,A-1576,P-2387,2026-05-27 10:00:00,cancelled
V-2063,A-1577,P-1929,2026-05-10 10:00:00,completed
V-2064,A-1577,P-1743,2026-06-02 14:00:00,cancelled
V-2065,A-1577,P-1755,2026-07-11 10:00:00,completed
V-2066,A-1577,P-1898,2026-05-11 11:00:00,completed
V-2067,A-1577,P-2493,2026-07-10 13:00:00,completed
V-2068,A-1578,P-1493,2026-08-04 10:00:00,completed
V-2069,A-1578,P-2965,2026-07-27 11:00:00,completed
V-2070,A-1578,P-2227,2026-05-12 16:00:00,completed
V-2071,A-1578,P-2986,2026-07-12 12:00:00,completed
V-2072,A-1579,P-1443,2026-06-03 13:00:00,completed
V-2073,A-1579,P-1641,2026-05-28 15:00:00,completed
V-2074,A-1579,P-1887,2026-05-28 09:00:00,completed
V-2075,A-1579,P-2908,2026-07-13 10:00:00,completed
V-2076,A-1579,P-1677,2026-06-05 16:00:00,completed
V-2077,A-1580,P-2359,2026-08-15 17:00:00,completed
V-2078,A-1581,P-2359,2026-05-21 15:00:00,completed
V-2079,A-1582,P-1925,2026-08-03 17:00:00,completed
V-2080,A-1582,P-1678,2026-05-25 16:00:00,cancelled
V-2081,A-1582,P-1246,2026-07-31 11:00:00,completed
V-2082,A-1582,P-1555,2026-06-10 14:00:00,completed
V-2083,A-1582,P-1151,2026-08-03 17:00:00,completed
V-2084,A-1582,P-2356,2026-07-23 14:00:00,completed
V-2085,A-1583,P-1983,2026-05-21 11:00:00,completed
V-2086,A-1583,P-1886,2026-06-08 12:00:00,completed
V-2087,A-1584,P-2443,2026-06-13 13:00:00,completed
V-2088,A-1584,P-2832,2026-05-14 16:00:00,completed
V-2089,A-1584,P-1287,2026-07-14 13:00:00,completed
V-2090,A-1584,P-1683,2026-08-17 11:00:00,completed
V-2091,A-1585,P-1480,2026-07-28 15:00:00,cancelled
V-2092,A-1585,P-1644,2026-07-02 12:00:00,completed
V-2093,A-1585,P-2432,2026-07-01 15:00:00,completed
V-2094,A-1586,P-2714,2026-06-13 12:00:00,completed
V-2095,A-1586,P-1275,2026-05-09 13:00:00,completed
V-2096,A-1586,P-1367,2026-05-16 11:00:00,completed
V-2097,A-1587,P-1634,2026-05-08 14:00:00,completed
V-2098,A-1587,P-2492,2026-05-25 16:00:00,cancelled
V-2099,A-1587,P-2414,2026-06-29 17:00:00,completed
V-2100,A-1588,P-1132,2026-07-21 13:00:00,completed
V-2101,A-1588,P-1963,2026-05-11 15:00:00,completed
V-2102,A-1588,P-2131,2026-05-20 12:00:00,completed
V-2103,A-1589,P-1569,2026-06-12 15:00:00,completed
V-2104,A-1589,P-2866,2026-06-22 15:00:00,completed
V-2105,A-1589,P-2404,2026-08-13 11:00:00,cancelled
V-2106,A-1590,P-2982,2026-06-30 14:00:00,completed
V-2107,A-1590,P-1404,2026-06-07 10:00:00,cancelled
V-2108,A-1590,P-1643,2026-06-03 17:00:00,completed
V-2109,A-1591,P-1470,2026-05-03 13:00:00,completed
V-2110,A-1591,P-1400,2026-08-14 15:00:00,completed
V-2111,A-1591,P-2009,2026-05-10 15:00:00,completed
V-2112,A-1592,P-2522,2026-05-06 11:00:00,cancelled
V-2113,A-1592,P-1033,2026-07-26 13:00:00,completed
V-2114,A-1593,P-1061,2026-08-01 10:00:00,completed
V-2115,A-1593,P-2880,2026-07-18 12:00:00,completed
V-2116,A-1593,P-2976,2026-08-13 13:00:00,completed
V-2117,A-1593,P-1617,2026-08-10 10:00:00,completed
V-2118,A-1594,P-2820,2026-05-31 11:00:00,completed
V-2119,A-1594,P-2782,2026-05-22 16:00:00,completed
V-2120,A-1594,P-1057,2026-06-10 14:00:00,completed
V-2121,A-1594,P-1148,2026-07-27 11:00:00,completed
V-2122,A-1595,P-1041,2026-06-16 13:00:00,cancelled
V-2123,A-1595,P-1901,2026-05-24 14:00:00,completed
V-2124,A-1595,P-2967,2026-06-08 16:00:00,completed
V-2125,A-1595,P-2414,2026-06-04 16:00:00,completed
V-2126,A-1596,P-1804,2026-06-01 12:00:00,completed
V-2127,A-1596,P-2232,2026-06-13 14:00:00,completed
V-2128,A-1596,P-1374,2026-07-14 10:00:00,completed
V-2129,A-1596,P-1257,2026-05-14 10:00:00,completed
V-2130,A-1596,P-2900,2026-06-24 16:00:00,completed
V-2131,A-1596,P-2174,2026-06-22 17:00:00,completed
V-2132,A-1596,P-2369,2026-05-21 14:00:00,completed
V-2133,A-1597,P-1804,2026-06-28 12:00:00,completed
V-2134,A-1597,P-2369,2026-06-28 14:00:00,completed
V-2135,A-1597,P-2076,2026-08-02 16:00:00,completed
V-2136,A-1597,P-2661,2026-08-04 14:00:00,completed
V-2137,A-1598,P-2672,2026-06-06 13:00:00,completed
V-2138,A-1599,P-2636,2026-07-03 15:00:00,completed
V-2139,A-1599,P-2974,2026-06-04 16:00:00,completed
V-2140,A-1600,P-1548,2026-05-14 15:00:00,completed
V-2141,A-1601,P-1150,2026-08-14 17:00:00,completed
V-2142,A-1601,P-2458,2026-06-08 10:00:00,cancelled
V-2143,A-1602,P-2689,2026-06-10 17:00:00,completed
V-2144,A-1603,P-2123,2026-06-05 11:00:00,completed
V-2145,A-1603,P-2279,2026-08-10 10:00:00,completed
V-2146,A-1603,P-1021,2026-08-02 16:00:00,completed
V-2147,A-1603,P-1319,2026-07-25 10:00:00,completed
V-2148,A-1603,P-1330,2026-05-19 16:00:00,completed
V-2149,A-1603,P-1470,2026-07-02 09:00:00,cancelled
V-2150,A-1603,P-2986,2026-06-20 10:00:00,completed
V-2151,A-1604,P-1818,2026-06-08 12:00:00,completed
V-2152,A-1604,P-2306,2026-07-10 11:00:00,completed
V-2153,A-1605,P-2469,2026-06-22 11:00:00,completed
V-2154,A-1605,P-1088,2026-05-27 16:00:00,completed
V-2155,A-1605,P-2472,2026-05-04 12:00:00,completed
V-2156,A-1605,P-2528,2026-07-06 14:00:00,completed
V-2157,A-1606,P-1164,2026-06-01 12:00:00,completed
V-2158,A-1606,P-1419,2026-07-19 13:00:00,cancelled
V-2159,A-1606,P-2649,2026-07-03 12:00:00,completed
V-2160,A-1607,P-1739,2026-07-09 10:00:00,completed
V-2161,A-1607,P-2083,2026-06-12 13:00:00,completed
V-2162,A-1608,P-1089,2026-06-22 16:00:00,completed
V-2163,A-1608,P-2163,2026-06-09 12:00:00,completed
V-2164,A-1608,P-1628,2026-05-30 15:00:00,completed
V-2165,A-1608,P-2246,2026-07-27 10:00:00,completed
V-2166,A-1609,P-2408,2026-06-11 12:00:00,completed
V-2167,A-1609,P-1028,2026-05-17 17:00:00,completed
V-2168,A-1609,P-1168,2026-07-08 15:00:00,completed
V-2169,A-1609,P-1413,2026-08-13 09:00:00,completed
V-2170,A-1609,P-2744,2026-05-18 09:00:00,cancelled
V-2171,A-1609,P-1879,2026-05-10 16:00:00,completed
V-2172,A-1610,P-2067,2026-07-23 13:00:00,completed
V-2173,A-1610,P-2215,2026-08-06 15:00:00,completed
V-2174,A-1610,P-2399,2026-07-22 09:00:00,completed
V-2175,A-1610,P-1159,2026-05-22 09:00:00,completed
V-2176,A-1611,P-2908,2026-06-12 14:00:00,cancelled
V-2177,A-1611,P-1670,2026-08-01 16:00:00,completed
V-2178,A-1611,P-1815,2026-06-04 16:00:00,completed
V-2179,A-1611,P-2162,2026-07-13 09:00:00,completed
V-2180,A-1611,P-2669,2026-05-14 09:00:00,completed
V-2181,A-1612,P-2047,2026-06-13 17:00:00,completed
V-2182,A-1612,P-2857,2026-07-09 17:00:00,completed
V-2183,A-1612,P-1357,2026-06-14 14:00:00,completed
V-2184,A-1612,P-1542,2026-06-29 13:00:00,completed
V-2185,A-1612,P-2119,2026-07-27 17:00:00,completed
V-2186,A-1612,P-2406,2026-05-13 12:00:00,completed
V-2187,A-1613,P-2983,2026-08-09 17:00:00,completed
V-2188,A-1613,P-1251,2026-05-12 15:00:00,completed
V-2189,A-1613,P-1277,2026-06-27 15:00:00,completed
V-2190,A-1614,P-1230,2026-05-30 14:00:00,completed
V-2191,A-1614,P-1245,2026-06-22 12:00:00,completed
V-2192,A-1615,P-1627,2026-07-30 14:00:00,completed
V-2193,A-1615,P-1482,2026-07-09 17:00:00,cancelled
V-2194,A-1616,P-1455,2026-07-10 15:00:00,completed
V-2195,A-1616,P-1615,2026-08-02 12:00:00,completed
V-2196,A-1616,P-1891,2026-05-31 14:00:00,completed
V-2197,A-1616,P-2363,2026-08-01 09:00:00,cancelled
V-2198,A-1616,P-1754,2026-05-29 17:00:00,completed
V-2199,A-1616,P-1958,2026-06-30 15:00:00,completed
V-2200,A-1616,P-1460,2026-05-09 16:00:00,completed
V-2201,A-1617,P-2472,2026-07-09 15:00:00,completed
V-2202,A-1617,P-1589,2026-07-30 09:00:00,completed
V-2203,A-1617,P-2431,2026-05-08 16:00:00,completed
V-2204,A-1618,P-1081,2026-07-19 15:00:00,completed
V-2205,A-1619,P-2220,2026-06-12 15:00:00,cancelled
V-2206,A-1619,P-2948,2026-08-01 09:00:00,completed
V-2207,A-1619,P-2033,2026-06-03 17:00:00,completed
V-2208,A-1620,P-1920,2026-06-11 09:00:00,completed
V-2209,A-1621,P-2055,2026-08-03 09:00:00,completed
V-2210,A-1621,P-1321,2026-07-01 17:00:00,completed
V-2211,A-1621,P-2742,2026-08-17 13:00:00,completed
V-2212,A-1622,P-1194,2026-08-09 11:00:00,cancelled
V-2213,A-1622,P-2954,2026-05-31 09:00:00,completed
V-2214,A-1622,P-1562,2026-06-02 13:00:00,completed
V-2215,A-1623,P-2436,2026-08-08 13:00:00,completed
V-2216,A-1623,P-2964,2026-05-09 15:00:00,completed
V-2217,A-1624,P-2521,2026-06-02 09:00:00,completed
V-2218,A-1624,P-1124,2026-05-18 10:00:00,completed
V-2219,A-1624,P-1760,2026-05-17 14:00:00,completed
V-2220,A-1624,P-1212,2026-06-22 15:00:00,completed
V-2221,A-1625,P-2068,2026-08-10 17:00:00,completed
V-2222,A-1625,P-1720,2026-05-31 11:00:00,completed
V-2223,A-1626,P-1698,2026-05-16 15:00:00,cancelled
V-2224,A-1626,P-2713,2026-07-22 17:00:00,completed
V-2225,A-1626,P-2640,2026-07-12 17:00:00,completed
V-2226,A-1626,P-1563,2026-07-21 11:00:00,completed
V-2227,A-1627,P-2641,2026-05-27 11:00:00,completed
V-2228,A-1627,P-2657,2026-05-27 11:00:00,completed
V-2229,A-1627,P-1787,2026-07-07 09:00:00,completed
V-2230,A-1627,P-2596,2026-06-30 16:00:00,completed
V-2231,A-1627,P-2368,2026-08-04 12:00:00,completed
V-2232,A-1628,P-1478,2026-05-05 12:00:00,completed
V-2233,A-1628,P-1661,2026-06-27 16:00:00,completed
V-2234,A-1628,P-2771,2026-05-07 12:00:00,completed
V-2235,A-1628,P-1347,2026-07-30 15:00:00,completed
V-2236,A-1630,P-1031,2026-08-06 09:00:00,completed
V-2237,A-1630,P-2784,2026-07-18 12:00:00,completed
V-2238,A-1630,P-2080,2026-05-08 12:00:00,completed
V-2239,A-1630,P-2692,2026-07-27 15:00:00,completed
V-2240,A-1631,P-2101,2026-06-09 17:00:00,completed
V-2241,A-1631,P-2851,2026-05-31 14:00:00,completed
V-2242,A-1631,P-1083,2026-06-15 11:00:00,completed
V-2243,A-1631,P-1382,2026-06-29 09:00:00,completed
V-2244,A-1632,P-2919,2026-07-14 10:00:00,completed
V-2245,A-1632,P-2948,2026-07-07 13:00:00,cancelled
V-2246,A-1632,P-2180,2026-08-14 15:00:00,completed
V-2247,A-1632,P-1237,2026-05-26 10:00:00,completed
V-2248,A-1632,P-2610,2026-07-18 10:00:00,completed
V-2249,A-1632,P-1208,2026-06-30 14:00:00,completed
V-2250,A-1632,P-1765,2026-07-18 14:00:00,completed
V-2251,A-1633,P-2606,2026-08-06 10:00:00,completed
V-2252,A-1633,P-1767,2026-06-24 15:00:00,completed
V-2253,A-1633,P-1733,2026-06-15 12:00:00,cancelled
V-2254,A-1634,P-2835,2026-06-15 14:00:00,completed
V-2255,A-1634,P-1899,2026-07-27 10:00:00,completed
V-2256,A-1634,P-1620,2026-06-26 10:00:00,completed
V-2257,A-1634,P-1074,2026-06-19 12:00:00,completed
V-2258,A-1634,P-1754,2026-06-20 17:00:00,completed
V-2259,A-1634,P-2044,2026-06-13 12:00:00,completed
V-2260,A-1634,P-1863,2026-06-21 17:00:00,cancelled
V-2261,A-1634,P-1307,2026-05-19 10:00:00,cancelled
V-2262,A-1635,P-1026,2026-07-11 12:00:00,completed
V-2263,A-1635,P-1159,2026-08-01 17:00:00,completed
V-2264,A-1635,P-1186,2026-07-17 12:00:00,completed
V-2265,A-1635,P-2111,2026-05-30 16:00:00,completed
V-2266,A-1635,P-2529,2026-07-07 13:00:00,completed
V-2267,A-1636,P-2882,2026-06-08 11:00:00,completed
V-2268,A-1636,P-1888,2026-08-06 17:00:00,completed
V-2269,A-1636,P-2908,2026-06-04 14:00:00,completed
V-2270,A-1637,P-2174,2026-06-16 11:00:00,completed
V-2271,A-1637,P-1257,2026-05-23 14:00:00,completed
V-2272,A-1637,P-2801,2026-08-06 17:00:00,completed
V-2273,A-1638,P-1427,2026-07-16 13:00:00,completed
V-2274,A-1639,P-1628,2026-06-23 11:00:00,completed
V-2275,A-1639,P-1912,2026-07-20 12:00:00,completed
V-2276,A-1639,P-1622,2026-08-11 11:00:00,completed
V-2277,A-1639,P-2966,2026-06-15 15:00:00,completed
V-2278,A-1639,P-1675,2026-07-10 13:00:00,completed
V-2279,A-1640,P-1352,2026-06-17 17:00:00,completed
V-2280,A-1640,P-1051,2026-07-10 16:00:00,completed
V-2281,A-1641,P-2477,2026-05-19 09:00:00,completed
V-2282,A-1641,P-1409,2026-06-01 15:00:00,completed
V-2283,A-1641,P-1646,2026-06-27 12:00:00,completed
V-2284,A-1641,P-2672,2026-08-07 12:00:00,cancelled
V-2285,A-1641,P-1621,2026-06-12 14:00:00,completed
V-2286,A-1642,P-1010,2026-06-12 17:00:00,completed
V-2287,A-1642,P-1582,2026-06-27 09:00:00,completed
V-2288,A-1642,P-1830,2026-07-23 14:00:00,completed
V-2289,A-1643,P-1676,2026-05-21 09:00:00,completed
V-2290,A-1643,P-1114,2026-07-31 13:00:00,cancelled
V-2291,A-1644,P-2983,2026-06-08 16:00:00,cancelled
V-2292,A-1644,P-1300,2026-06-07 15:00:00,completed
V-2293,A-1644,P-2349,2026-05-20 09:00:00,completed
V-2294,A-1644,P-1376,2026-06-06 11:00:00,completed
V-2295,A-1645,P-2881,2026-07-26 11:00:00,cancelled
V-2296,A-1645,P-2802,2026-07-05 13:00:00,completed
V-2297,A-1646,P-1323,2026-08-13 13:00:00,completed
V-2298,A-1647,P-1744,2026-05-28 17:00:00,completed
V-2299,A-1647,P-1717,2026-05-27 12:00:00,cancelled
V-2300,A-1647,P-2801,2026-06-20 17:00:00,completed
V-2301,A-1648,P-1376,2026-06-16 13:00:00,completed
V-2302,A-1648,P-2431,2026-07-11 13:00:00,completed
V-2303,A-1648,P-1796,2026-05-07 11:00:00,completed
V-2304,A-1649,P-2596,2026-06-14 16:00:00,completed
V-2305,A-1649,P-2547,2026-08-14 10:00:00,completed
V-2306,A-1649,P-1418,2026-05-16 16:00:00,completed
V-2307,A-1650,P-1413,2026-08-01 10:00:00,completed
V-2308,A-1650,P-1915,2026-06-05 13:00:00,completed
V-2309,A-1650,P-2715,2026-05-20 10:00:00,completed
V-2310,A-1650,P-1680,2026-06-23 10:00:00,completed
V-2311,A-1651,P-2837,2026-06-14 15:00:00,completed
V-2312,A-1651,P-2419,2026-06-09 11:00:00,cancelled
V-2313,A-1651,P-1210,2026-07-23 12:00:00,completed
V-2314,A-1651,P-1711,2026-06-09 14:00:00,completed
V-2315,A-1651,P-2776,2026-06-16 10:00:00,completed
V-2316,A-1651,P-1367,2026-06-06 14:00:00,completed
V-2317,A-1652,P-2695,2026-05-15 13:00:00,completed
V-2318,A-1652,P-1358,2026-05-15 13:00:00,completed
V-2319,A-1652,P-2720,2026-06-28 17:00:00,completed
V-2320,A-1652,P-1721,2026-08-07 09:00:00,completed
V-2321,A-1653,P-2745,2026-07-27 17:00:00,completed
V-2322,A-1654,P-2570,2026-05-29 17:00:00,completed
V-2323,A-1654,P-1907,2026-06-15 12:00:00,completed
V-2324,A-1654,P-1656,2026-06-18 15:00:00,completed
V-2325,A-1654,P-2104,2026-05-16 15:00:00,cancelled
V-2326,A-1655,P-1928,2026-06-30 13:00:00,completed
V-2327,A-1655,P-2272,2026-05-09 09:00:00,completed
V-2328,A-1656,P-2208,2026-07-23 09:00:00,cancelled
V-2329,A-1656,P-1460,2026-05-27 10:00:00,completed
V-2330,A-1656,P-2131,2026-05-17 14:00:00,completed
V-2331,A-1657,P-1637,2026-06-27 10:00:00,completed
V-2332,A-1657,P-1396,2026-08-01 16:00:00,completed
V-2333,A-1658,P-1187,2026-06-17 09:00:00,completed
V-2334,A-1658,P-2875,2026-06-03 14:00:00,completed
V-2335,A-1658,P-2974,2026-07-08 10:00:00,completed
V-2336,A-1658,P-1263,2026-05-17 12:00:00,completed
V-2337,A-1658,P-1269,2026-07-25 14:00:00,completed
V-2338,A-1659,P-2399,2026-06-06 17:00:00,completed
V-2339,A-1659,P-2516,2026-06-21 13:00:00,completed
V-2340,A-1659,P-2443,2026-07-10 17:00:00,cancelled
V-2341,A-1659,P-1806,2026-06-05 15:00:00,completed
V-2342,A-1660,P-2638,2026-05-12 13:00:00,completed
V-2343,A-1660,P-1016,2026-07-18 15:00:00,cancelled
V-2344,A-1660,P-1946,2026-07-22 12:00:00,cancelled
V-2345,A-1660,P-2072,2026-08-07 16:00:00,completed
V-2346,A-1661,P-2637,2026-05-07 17:00:00,cancelled
V-2347,A-1662,P-2838,2026-06-29 13:00:00,completed
V-2348,A-1662,P-2102,2026-06-24 15:00:00,completed
V-2349,A-1662,P-1811,2026-08-13 09:00:00,completed
V-2350,A-1662,P-2675,2026-08-06 11:00:00,completed
V-2351,A-1662,P-1407,2026-08-05 09:00:00,completed
V-2352,A-1662,P-2939,2026-05-30 17:00:00,completed
V-2353,A-1663,P-2499,2026-07-10 11:00:00,completed
V-2354,A-1663,P-1546,2026-07-31 11:00:00,completed
V-2355,A-1664,P-2589,2026-06-29 12:00:00,completed
V-2356,A-1664,P-2152,2026-05-30 11:00:00,completed
V-2357,A-1664,P-1717,2026-08-04 09:00:00,completed
V-2358,A-1665,P-1909,2026-06-23 16:00:00,completed
V-2359,A-1665,P-2715,2026-06-21 11:00:00,completed
V-2360,A-1666,P-1093,2026-07-28 11:00:00,cancelled
V-2361,A-1667,P-2612,2026-07-13 13:00:00,cancelled
V-2362,A-1667,P-2002,2026-06-09 13:00:00,completed
V-2363,A-1667,P-1618,2026-06-07 12:00:00,completed
V-2364,A-1667,P-2141,2026-08-11 16:00:00,completed
V-2365,A-1667,P-2089,2026-08-11 11:00:00,completed
V-2366,A-1668,P-1000,2026-07-04 15:00:00,completed
V-2367,A-1668,P-1331,2026-07-19 10:00:00,completed
V-2368,A-1669,P-2335,2026-05-18 09:00:00,completed
V-2369,A-1669,P-1105,2026-07-01 12:00:00,completed
V-2370,A-1669,P-1179,2026-07-23 17:00:00,completed
V-2371,A-1670,P-2153,2026-08-07 16:00:00,completed
V-2372,A-1670,P-2778,2026-06-12 10:00:00,completed
V-2373,A-1670,P-2307,2026-05-11 17:00:00,completed
V-2374,A-1671,P-2474,2026-05-16 15:00:00,cancelled
V-2375,A-1671,P-2568,2026-08-02 14:00:00,completed
V-2376,A-1671,P-1642,2026-06-16 12:00:00,completed
V-2377,A-1671,P-2298,2026-06-18 14:00:00,completed
V-2378,A-1672,P-1683,2026-08-06 11:00:00,cancelled
V-2379,A-1672,P-1152,2026-06-28 10:00:00,completed
V-2380,A-1672,P-2475,2026-08-04 17:00:00,completed
V-2381,A-1673,P-1527,2026-07-12 09:00:00,cancelled
V-2382,A-1673,P-1902,2026-05-30 13:00:00,completed
V-2383,A-1673,P-1177,2026-07-18 10:00:00,completed
V-2384,A-1674,P-1863,2026-07-27 10:00:00,completed
V-2385,A-1674,P-2010,2026-05-09 16:00:00,completed
V-2386,A-1674,P-1605,2026-06-16 17:00:00,completed
V-2387,A-1675,P-2883,2026-07-31 17:00:00,completed
V-2388,A-1675,P-2208,2026-06-08 10:00:00,completed
V-2389,A-1675,P-2499,2026-06-26 11:00:00,completed
V-2390,A-1675,P-2671,2026-06-02 16:00:00,completed
V-2391,A-1676,P-2545,2026-06-20 13:00:00,completed
V-2392,A-1676,P-1118,2026-05-26 09:00:00,completed
V-2393,A-1676,P-1626,2026-07-28 12:00:00,completed
V-2394,A-1676,P-2725,2026-08-11 13:00:00,completed
V-2395,A-1676,P-2035,2026-06-13 17:00:00,completed
V-2396,A-1676,P-2478,2026-07-21 11:00:00,completed
V-2397,A-1677,P-2229,2026-07-14 16:00:00,completed
V-2398,A-1677,P-1846,2026-07-31 17:00:00,completed
V-2399,A-1677,P-1774,2026-07-26 16:00:00,completed
V-2400,A-1677,P-1275,2026-05-24 16:00:00,completed
V-2401,A-1677,P-2609,2026-07-02 11:00:00,completed
V-2402,A-1677,P-1092,2026-05-27 10:00:00,completed
V-2403,A-1678,P-2431,2026-08-16 15:00:00,completed
V-2404,A-1678,P-2827,2026-07-11 16:00:00,completed
V-2405,A-1678,P-1074,2026-07-02 11:00:00,completed
V-2406,A-1678,P-2505,2026-08-08 10:00:00,completed
V-2407,A-1679,P-2924,2026-06-08 11:00:00,completed
V-2408,A-1679,P-1184,2026-05-12 15:00:00,completed
V-2409,A-1679,P-2645,2026-08-04 15:00:00,completed
V-2410,A-1679,P-1001,2026-08-10 13:00:00,completed
V-2411,A-1679,P-1342,2026-08-16 15:00:00,completed
V-2412,A-1680,P-1974,2026-05-25 10:00:00,completed
V-2413,A-1680,P-2008,2026-07-05 12:00:00,completed
V-2414,A-1681,P-1680,2026-05-30 15:00:00,completed
V-2415,A-1681,P-2758,2026-08-10 12:00:00,completed
V-2416,A-1681,P-2196,2026-07-17 15:00:00,completed
V-2417,A-1681,P-2220,2026-06-02 14:00:00,cancelled
V-2418,A-1682,P-2035,2026-07-28 14:00:00,completed
V-2419,A-1682,P-1887,2026-06-18 13:00:00,completed
V-2420,A-1683,P-1468,2026-06-20 17:00:00,completed
V-2421,A-1683,P-1104,2026-07-08 10:00:00,completed
V-2422,A-1683,P-1590,2026-07-31 10:00:00,cancelled
V-2423,A-1683,P-1374,2026-07-02 15:00:00,completed
V-2424,A-1683,P-1552,2026-06-26 11:00:00,completed
V-2425,A-1684,P-2864,2026-05-17 15:00:00,completed
V-2426,A-1684,P-1381,2026-07-08 14:00:00,completed
V-2427,A-1685,P-1373,2026-05-25 16:00:00,completed
V-2428,A-1685,P-2825,2026-06-26 10:00:00,completed
V-2429,A-1686,P-1006,2026-07-16 12:00:00,completed
V-2430,A-1686,P-2986,2026-05-06 10:00:00,cancelled
V-2431,A-1686,P-2453,2026-06-21 14:00:00,completed
V-2432,A-1687,P-1728,2026-07-08 16:00:00,completed
V-2433,A-1687,P-1204,2026-05-08 09:00:00,completed
V-2434,A-1687,P-2670,2026-05-19 16:00:00,completed
V-2435,A-1687,P-1097,2026-05-28 12:00:00,completed
V-2436,A-1688,P-1876,2026-08-08 17:00:00,completed
V-2437,A-1688,P-DEMO-02,2026-07-09 11:00:00,completed
V-2438,A-1688,P-1385,2026-06-23 17:00:00,completed
V-2439,A-1688,P-2644,2026-08-02 10:00:00,completed
V-2440,A-1689,P-2693,2026-07-04 12:00:00,completed
V-2441,A-1689,P-1789,2026-08-05 12:00:00,completed
V-2442,A-1689,P-1297,2026-05-14 12:00:00,cancelled
V-2443,A-1689,P-2161,2026-07-07 12:00:00,completed
V-2444,A-1689,P-2913,2026-08-02 17:00:00,completed
V-2445,A-1690,P-1679,2026-07-27 16:00:00,completed
V-2446,A-1690,P-2679,2026-05-24 14:00:00,completed
V-2447,A-1691,P-2753,2026-05-30 14:00:00,completed
V-2448,A-1691,P-1534,2026-07-24 11:00:00,completed
V-2449,A-1691,P-1087,2026-06-22 15:00:00,completed
V-2450,A-1691,P-1276,2026-06-19 15:00:00,completed
V-2451,A-1692,P-1266,2026-07-16 09:00:00,cancelled
V-2452,A-1692,P-1949,2026-05-11 12:00:00,completed
V-2453,A-1692,P-2615,2026-05-11 14:00:00,completed
V-2454,A-1692,P-1367,2026-06-28 13:00:00,completed
V-2455,A-1692,P-1261,2026-07-05 10:00:00,completed
V-2456,A-1693,P-1093,2026-07-10 11:00:00,completed
V-2457,A-1693,P-1466,2026-08-06 17:00:00,completed
V-2458,A-1694,P-2737,2026-08-05 16:00:00,completed
V-2459,A-1694,P-1881,2026-07-19 13:00:00,completed
V-2460,A-1694,P-2554,2026-06-09 17:00:00,completed
V-2461,A-1694,P-1670,2026-08-02 09:00:00,completed
V-2462,A-1695,P-1125,2026-05-18 12:00:00,completed
V-2463,A-1695,P-2377,2026-07-30 13:00:00,completed
V-2464,A-1695,P-2907,2026-06-04 15:00:00,completed
V-2465,A-1695,P-1827,2026-05-30 13:00:00,completed
V-2466,A-1696,P-2094,2026-05-27 16:00:00,completed
V-2467,A-1696,P-1615,2026-05-16 10:00:00,completed
V-2468,A-1696,P-2813,2026-08-06 12:00:00,completed
V-2469,A-1697,P-2756,2026-07-05 10:00:00,completed
V-2470,A-1697,P-1737,2026-07-26 10:00:00,completed
V-2471,A-1697,P-1823,2026-07-14 16:00:00,completed
V-2472,A-1697,P-2027,2026-08-08 14:00:00,completed
V-2473,A-1697,P-2550,2026-08-01 14:00:00,completed
V-2474,A-1698,P-1342,2026-06-30 14:00:00,completed
V-2475,A-1698,P-2440,2026-07-27 10:00:00,completed
V-2476,A-1698,P-2320,2026-08-02 16:00:00,completed
V-2477,A-1699,P-2605,2026-07-07 13:00:00,completed
V-2478,A-1699,P-2561,2026-07-13 12:00:00,completed
V-2479,A-1699,P-2021,2026-08-15 14:00:00,completed
V-2480,A-1699,P-2629,2026-06-02 17:00:00,completed
V-2481,A-1700,P-1090,2026-08-08 11:00:00,completed
V-2482,A-1700,P-1425,2026-06-01 09:00:00,completed
V-2483,A-1700,P-2154,2026-08-11 17:00:00,cancelled
V-2484,A-1700,P-2931,2026-07-16 16:00:00,completed
V-2485,A-1700,P-1996,2026-06-16 11:00:00,completed
V-2486,A-1700,P-2358,2026-08-09 14:00:00,completed
V-2487,A-1701,P-2082,2026-07-01 11:00:00,completed
V-2488,A-1701,P-1588,2026-06-18 09:00:00,cancelled
V-2489,A-1701,P-1555,2026-06-26 13:00:00,completed
V-2490,A-1701,P-2408,2026-05-29 11:00:00,completed
V-2491,A-1702,P-2429,2026-05-09 10:00:00,completed
V-2492,A-1702,P-2047,2026-05-31 13:00:00,completed
V-2493,A-1702,P-1103,2026-06-08 16:00:00,completed
V-2494,A-1702,P-2203,2026-06-24 13:00:00,cancelled
V-2495,A-1702,P-2012,2026-06-29 13:00:00,completed
V-2496,A-1702,P-1081,2026-05-13 10:00:00,completed
V-2497,A-1702,P-1852,2026-07-10 10:00:00,completed
V-2498,A-1702,P-2510,2026-06-05 10:00:00,completed
V-2499,A-1703,P-1999,2026-05-30 17:00:00,completed
V-2500,A-1703,P-2712,2026-06-11 14:00:00,cancelled
V-2501,A-1703,P-2945,2026-05-22 14:00:00,completed
V-2502,A-1704,P-2492,2026-06-11 11:00:00,completed
V-2503,A-1704,P-1028,2026-05-24 09:00:00,completed
V-2504,A-1704,P-1759,2026-08-05 16:00:00,completed
V-2505,A-1705,P-2544,2026-06-23 10:00:00,completed
V-2506,A-1705,P-2026,2026-08-02 16:00:00,completed
V-2507,A-1705,P-1799,2026-06-07 10:00:00,completed
V-2508,A-1705,P-2149,2026-06-15 10:00:00,completed
V-2509,A-1705,P-2462,2026-05-31 11:00:00,completed
V-2510,A-1705,P-2472,2026-05-20 16:00:00,completed
V-2511,A-1706,P-2379,2026-05-08 13:00:00,completed
V-2512,A-1706,P-2153,2026-05-07 16:00:00,cancelled
V-2513,A-1706,P-2187,2026-07-19 15:00:00,completed
V-2514,A-1706,P-1137,2026-05-07 14:00:00,completed
V-2515,A-1706,P-1421,2026-06-17 12:00:00,completed
V-2516,A-1707,P-2997,2026-07-24 16:00:00,completed
V-2517,A-1707,P-1527,2026-07-17 09:00:00,cancelled
V-2518,A-1708,P-2223,2026-07-11 13:00:00,completed
V-2519,A-1709,P-2521,2026-07-30 15:00:00,completed
V-2520,A-1710,P-1022,2026-06-07 17:00:00,completed
V-2521,A-1710,P-2865,2026-07-21 10:00:00,completed
V-2522,A-1710,P-1200,2026-06-01 16:00:00,completed
V-2523,A-1710,P-1834,2026-05-12 15:00:00,completed
V-2524,A-1710,P-2379,2026-08-14 15:00:00,completed
V-2525,A-1710,P-1491,2026-07-14 10:00:00,completed
V-2526,A-1710,P-2082,2026-05-16 14:00:00,completed
V-2527,A-1711,P-1617,2026-07-09 13:00:00,completed
V-2528,A-1711,P-1570,2026-06-18 13:00:00,completed
V-2529,A-1711,P-2933,2026-07-26 14:00:00,completed
V-2530,A-1711,P-2411,2026-07-07 11:00:00,completed
V-2531,A-1712,P-2040,2026-07-23 10:00:00,completed
V-2532,A-1712,P-1787,2026-07-29 13:00:00,completed
V-2533,A-1713,P-1317,2026-05-15 13:00:00,completed
V-2534,A-1713,P-1244,2026-06-13 15:00:00,completed
V-2535,A-1713,P-1778,2026-05-12 09:00:00,completed
V-2536,A-1714,P-1277,2026-07-02 10:00:00,completed
V-2537,A-1714,P-2811,2026-08-08 10:00:00,completed
V-2538,A-1714,P-1689,2026-07-28 12:00:00,completed
V-2539,A-1714,P-1393,2026-08-09 13:00:00,completed
V-2540,A-1714,P-1849,2026-06-12 14:00:00,cancelled
V-2541,A-1714,P-1524,2026-05-13 11:00:00,completed
V-2542,A-1715,P-1363,2026-05-13 09:00:00,cancelled
V-2543,A-1715,P-2830,2026-06-20 11:00:00,completed
V-2544,A-1716,P-1333,2026-07-11 16:00:00,completed
V-2545,A-1716,P-1769,2026-06-18 15:00:00,completed
V-2546,A-1717,P-1465,2026-07-13 12:00:00,completed
V-2547,A-1717,P-2139,2026-07-08 11:00:00,completed
V-2548,A-1718,P-2862,2026-07-06 11:00:00,cancelled
V-2549,A-1718,P-2795,2026-08-11 09:00:00,completed
V-2550,A-1718,P-2871,2026-05-05 12:00:00,cancelled
V-2551,A-1719,P-1043,2026-06-16 13:00:00,completed
V-2552,A-1719,P-1908,2026-08-07 17:00:00,cancelled
V-2553,A-1719,P-1946,2026-07-25 16:00:00,completed
V-2554,A-1719,P-1188,2026-07-11 09:00:00,completed
V-2555,A-1719,P-2568,2026-06-30 11:00:00,cancelled
V-2556,A-1719,P-2878,2026-05-10 17:00:00,completed
V-2557,A-1719,P-1185,2026-05-19 13:00:00,completed
V-2558,A-1720,P-2671,2026-06-17 10:00:00,completed
V-2559,A-1720,P-2341,2026-05-14 16:00:00,completed
V-2560,A-1720,P-1583,2026-05-22 14:00:00,completed
V-2561,A-1720,P-2052,2026-08-04 15:00:00,completed
V-2562,A-1720,P-1021,2026-06-04 09:00:00,completed
V-2563,A-1721,P-1949,2026-06-30 17:00:00,cancelled
V-2564,A-1721,P-2252,2026-07-06 15:00:00,completed
V-2565,A-1721,P-2509,2026-05-04 16:00:00,completed
V-2566,A-1721,P-2142,2026-08-10 15:00:00,completed
V-2567,A-1721,P-2031,2026-07-25 15:00:00,completed
V-2568,A-1722,P-1107,2026-05-20 09:00:00,completed
V-2569,A-1723,P-2797,2026-06-16 10:00:00,completed
V-2570,A-1723,P-1942,2026-08-08 09:00:00,completed
V-2571,A-1723,P-2225,2026-06-08 12:00:00,completed
V-2572,A-1723,P-2268,2026-07-04 10:00:00,completed
V-2573,A-1724,P-2543,2026-05-14 11:00:00,cancelled
V-2574,A-1724,P-1452,2026-06-10 12:00:00,completed
V-2575,A-1724,P-1391,2026-05-10 17:00:00,completed
V-2576,A-1724,P-2506,2026-05-17 13:00:00,cancelled
V-2577,A-1724,P-2781,2026-06-13 13:00:00,completed
V-2578,A-1724,P-1982,2026-07-09 13:00:00,cancelled
V-2579,A-1725,P-1661,2026-07-30 16:00:00,completed
V-2580,A-1725,P-2372,2026-05-20 10:00:00,completed
V-2581,A-1726,P-2154,2026-06-25 12:00:00,completed
V-2582,A-1726,P-2994,2026-05-09 11:00:00,completed
V-2583,A-1726,P-1553,2026-07-19 11:00:00,completed
V-2584,A-1726,P-1147,2026-08-10 10:00:00,completed
V-2585,A-1727,P-2373,2026-06-29 13:00:00,completed
V-2586,A-1727,P-1350,2026-06-30 11:00:00,completed
V-2587,A-1727,P-2886,2026-07-14 17:00:00,completed
V-2588,A-1728,P-2433,2026-08-06 13:00:00,completed
V-2589,A-1728,P-1142,2026-06-02 09:00:00,completed
V-2590,A-1728,P-2427,2026-08-03 10:00:00,completed
V-2591,A-1729,P-2750,2026-06-02 17:00:00,completed
V-2592,A-1729,P-2111,2026-07-04 17:00:00,completed
V-2593,A-1729,P-2039,2026-06-09 17:00:00,completed
V-2594,A-1729,P-2026,2026-07-22 11:00:00,completed
V-2595,A-1730,P-1795,2026-08-12 15:00:00,completed
V-2596,A-1731,P-1217,2026-06-08 16:00:00,cancelled
V-2597,A-1731,P-1458,2026-08-10 10:00:00,completed
V-2598,A-1732,P-2039,2026-06-30 16:00:00,completed
V-2599,A-1732,P-2197,2026-08-11 15:00:00,completed
V-2600,A-1733,P-1758,2026-07-03 12:00:00,completed
V-2601,A-1733,P-2766,2026-05-24 11:00:00,completed
V-2602,A-1733,P-1190,2026-05-11 10:00:00,completed
V-2603,A-1734,P-1701,2026-07-10 09:00:00,cancelled
V-2604,A-1734,P-1244,2026-08-01 11:00:00,completed
V-2605,A-1734,P-1277,2026-06-23 12:00:00,completed
V-2606,A-1735,P-2657,2026-06-23 16:00:00,completed
V-2607,A-1735,P-1864,2026-06-10 09:00:00,completed
V-2608,A-1735,P-2532,2026-06-02 10:00:00,completed
V-2609,A-1735,P-2957,2026-08-05 09:00:00,cancelled
V-2610,A-1735,P-2053,2026-05-20 11:00:00,completed
V-2611,A-1735,P-1806,2026-08-07 15:00:00,completed
V-2612,A-1736,P-1465,2026-07-27 11:00:00,completed
V-2613,A-1736,P-1105,2026-07-04 09:00:00,completed
V-2614,A-1736,P-2144,2026-08-08 16:00:00,completed
V-2615,A-1736,P-1227,2026-05-26 10:00:00,completed
V-2616,A-1737,P-2579,2026-05-21 15:00:00,completed
V-2617,A-1737,P-2056,2026-06-01 13:00:00,completed
V-2618,A-1737,P-1073,2026-07-08 14:00:00,completed
V-2619,A-1737,P-2228,2026-07-09 16:00:00,completed
V-2620,A-1737,P-1048,2026-07-26 17:00:00,completed
V-2621,A-1738,P-2433,2026-08-13 09:00:00,completed
V-2622,A-1738,P-1423,2026-05-13 10:00:00,completed
V-2623,A-1738,P-2251,2026-08-04 15:00:00,completed
V-2624,A-1738,P-1119,2026-07-31 16:00:00,completed
V-2625,A-1738,P-1747,2026-05-31 15:00:00,cancelled
V-2626,A-1739,P-1912,2026-08-02 13:00:00,completed
V-2627,A-1739,P-1957,2026-08-04 12:00:00,completed
V-2628,A-1739,P-2512,2026-06-18 14:00:00,completed
V-2629,A-1739,P-1451,2026-07-25 12:00:00,completed
V-2630,A-1739,P-2821,2026-07-26 16:00:00,completed
V-2631,A-1740,P-1802,2026-07-10 09:00:00,completed
V-2632,A-1740,P-2804,2026-08-02 10:00:00,completed
V-2633,A-1740,P-2423,2026-08-02 14:00:00,completed
V-2634,A-1741,P-1996,2026-06-14 17:00:00,completed
V-2635,A-1742,P-2366,2026-06-17 15:00:00,completed
V-2636,A-1742,P-1177,2026-05-30 10:00:00,completed
V-2637,A-1743,P-2381,2026-07-24 14:00:00,completed
V-2638,A-1743,P-2744,2026-05-30 10:00:00,completed
V-2639,A-1743,P-2237,2026-07-25 11:00:00,completed
V-2640,A-1743,P-2716,2026-07-05 17:00:00,completed
V-2641,A-1744,P-2673,2026-07-21 09:00:00,completed
V-2642,A-1744,P-1253,2026-06-09 15:00:00,cancelled
V-2643,A-1744,P-1002,2026-05-12 10:00:00,completed
V-2644,A-1744,P-2840,2026-08-01 12:00:00,completed
V-2645,A-1744,P-1091,2026-08-08 14:00:00,completed
V-2646,A-1744,P-1319,2026-07-20 09:00:00,completed
V-2647,A-1745,P-1345,2026-07-11 11:00:00,completed
V-2648,A-1745,P-2539,2026-05-19 17:00:00,completed
V-2649,A-1745,P-1381,2026-05-17 14:00:00,completed
V-2650,A-1746,P-1269,2026-08-08 12:00:00,cancelled
V-2651,A-1746,P-2273,2026-05-20 14:00:00,completed
V-2652,A-1746,P-2469,2026-07-01 09:00:00,cancelled
V-2653,A-1746,P-2474,2026-06-18 11:00:00,completed
V-2654,A-1747,P-1414,2026-08-13 12:00:00,completed
V-2655,A-1747,P-2096,2026-08-05 14:00:00,cancelled
V-2656,A-1747,P-1861,2026-05-14 09:00:00,completed
V-2657,A-1747,P-2927,2026-05-14 16:00:00,completed
V-2658,A-1748,P-1871,2026-07-03 15:00:00,completed
V-2659,A-1748,P-1019,2026-07-28 13:00:00,completed
V-2660,A-1748,P-1966,2026-06-27 15:00:00,completed
V-2661,A-1748,P-2587,2026-07-18 12:00:00,cancelled
V-2662,A-1748,P-1259,2026-07-23 13:00:00,cancelled
V-2663,A-1749,P-1319,2026-07-20 14:00:00,cancelled
V-2664,A-1750,P-1639,2026-06-27 12:00:00,completed
V-2665,A-1750,P-2896,2026-08-07 16:00:00,completed
V-2666,A-1750,P-2299,2026-07-04 11:00:00,completed
V-2667,A-1750,P-2857,2026-05-14 13:00:00,completed
V-2668,A-1750,P-1103,2026-06-30 10:00:00,completed
V-2669,A-1750,P-2498,2026-08-07 11:00:00,completed
V-2670,A-1750,P-1346,2026-08-03 09:00:00,completed
V-2671,A-1751,P-2981,2026-06-17 13:00:00,completed
V-2672,A-1751,P-2583,2026-07-04 17:00:00,completed
V-2673,A-1751,P-1774,2026-08-03 10:00:00,completed
V-2674,A-1751,P-1959,2026-05-30 14:00:00,completed
V-2675,A-1751,P-2123,2026-07-16 14:00:00,cancelled
V-2676,A-1751,P-2173,2026-08-06 10:00:00,completed
V-2677,A-1751,P-1295,2026-05-18 15:00:00,cancelled
V-2678,A-1751,P-1698,2026-06-04 10:00:00,completed
V-2679,A-1752,P-1088,2026-05-28 16:00:00,cancelled
V-2680,A-1752,P-2562,2026-07-26 14:00:00,cancelled
V-2681,A-1752,P-2109,2026-05-10 12:00:00,completed
V-2682,A-1752,P-2472,2026-06-11 09:00:00,completed
V-2683,A-1752,P-2462,2026-05-14 11:00:00,cancelled
V-2684,A-1752,P-1498,2026-07-19 10:00:00,completed
V-2685,A-1753,P-1735,2026-08-13 09:00:00,completed
V-2686,A-1753,P-2276,2026-07-11 15:00:00,completed
V-2687,A-1753,P-1195,2026-07-18 17:00:00,completed
V-2688,A-1753,P-1844,2026-05-19 13:00:00,completed
V-2689,A-1753,P-1891,2026-06-11 11:00:00,completed
V-2690,A-1754,P-1577,2026-07-05 16:00:00,completed
V-2691,A-1754,P-1291,2026-05-27 16:00:00,completed
V-2692,A-1755,P-2771,2026-08-08 11:00:00,completed
V-2693,A-1755,P-1673,2026-06-18 17:00:00,completed
V-2694,A-1755,P-1548,2026-08-04 14:00:00,completed
V-2695,A-1756,P-2846,2026-06-14 12:00:00,completed
V-2696,A-1756,P-2462,2026-06-20 17:00:00,completed
V-2697,A-1756,P-1410,2026-06-08 15:00:00,cancelled
V-2698,A-1756,P-2589,2026-07-15 15:00:00,completed
V-2699,A-1756,P-1917,2026-06-18 15:00:00,cancelled
V-2700,A-1756,P-1785,2026-06-12 17:00:00,completed
V-2701,A-1757,P-1925,2026-05-20 15:00:00,completed
V-2702,A-1757,P-2852,2026-07-26 11:00:00,cancelled
V-2703,A-1758,P-1963,2026-05-20 10:00:00,cancelled
V-2704,A-1758,P-1663,2026-07-26 09:00:00,completed
V-2705,A-1759,P-1998,2026-07-20 14:00:00,completed
V-2706,A-1759,P-2637,2026-07-23 14:00:00,completed
V-2707,A-1759,P-1328,2026-08-06 14:00:00,completed
V-2708,A-1759,P-2181,2026-07-02 11:00:00,completed
V-2709,A-1760,P-1797,2026-05-26 15:00:00,completed
V-2710,A-1760,P-2920,2026-07-19 14:00:00,cancelled
V-2711,A-1760,P-1290,2026-06-28 14:00:00,completed
V-2712,A-1760,P-2030,2026-05-30 13:00:00,completed
V-2713,A-1761,P-1430,2026-06-02 11:00:00,completed
V-2714,A-1761,P-2889,2026-06-21 13:00:00,completed
V-2715,A-1761,P-1949,2026-07-18 16:00:00,completed
V-2716,A-1761,P-1199,2026-06-03 14:00:00,cancelled
V-2717,A-1761,P-2380,2026-07-01 12:00:00,completed
V-2718,A-1761,P-2932,2026-06-02 09:00:00,completed
V-2719,A-1762,P-1444,2026-07-05 11:00:00,completed
V-2720,A-1762,P-2021,2026-07-19 11:00:00,completed
V-2721,A-1762,P-2591,2026-06-19 09:00:00,completed
V-2722,A-1763,P-1958,2026-06-09 12:00:00,completed
V-2723,A-1763,P-2809,2026-05-16 15:00:00,completed
V-2724,A-1764,P-1507,2026-07-06 10:00:00,completed
V-2725,A-1764,P-2606,2026-06-03 16:00:00,completed
V-2726,A-1764,P-1848,2026-06-20 15:00:00,completed
V-2727,A-1764,P-2602,2026-05-10 11:00:00,completed
V-2728,A-1765,P-1341,2026-06-30 11:00:00,completed
V-2729,A-1765,P-1412,2026-05-23 13:00:00,completed
V-2730,A-1765,P-1362,2026-07-13 15:00:00,completed
V-2731,A-1765,P-1586,2026-07-06 12:00:00,completed
V-2732,A-1765,P-1724,2026-05-19 13:00:00,completed
V-2733,A-1766,P-1591,2026-05-13 15:00:00,cancelled
V-2734,A-1766,P-1429,2026-07-25 16:00:00,completed
V-2735,A-1766,P-1527,2026-06-16 10:00:00,completed
V-2736,A-1766,P-1626,2026-06-29 10:00:00,completed
V-2737,A-1766,P-1137,2026-06-04 12:00:00,completed
V-2738,A-1766,P-1286,2026-07-04 09:00:00,completed
V-2739,A-1767,P-2420,2026-08-13 11:00:00,completed
V-2740,A-1767,P-2222,2026-05-25 14:00:00,completed
V-2741,A-1767,P-1552,2026-05-17 11:00:00,completed
V-2742,A-1767,P-2602,2026-05-07 14:00:00,completed
V-2743,A-1768,P-2550,2026-05-22 12:00:00,completed
V-2744,A-1768,P-2715,2026-06-01 09:00:00,completed
V-2745,A-1768,P-2995,2026-07-05 15:00:00,completed
V-2746,A-1768,P-2510,2026-06-22 13:00:00,completed
V-2747,A-1769,P-DEMO-02,2026-06-17 11:00:00,completed
V-2748,A-1769,P-1116,2026-07-31 10:00:00,completed
V-2749,A-1769,P-1525,2026-07-02 13:00:00,completed
V-2750,A-1769,P-2038,2026-06-10 09:00:00,completed
V-2751,A-1769,P-1605,2026-08-09 11:00:00,cancelled
V-2752,A-1770,P-2310,2026-05-20 13:00:00,completed
V-2753,A-1770,P-1407,2026-05-12 09:00:00,completed
V-2754,A-1770,P-1811,2026-07-22 15:00:00,completed
V-2755,A-1770,P-2143,2026-05-11 13:00:00,completed
V-2756,A-1770,P-2125,2026-08-03 16:00:00,completed
V-2757,A-1770,P-2841,2026-06-20 14:00:00,completed
V-2758,A-1771,P-1309,2026-05-15 12:00:00,completed
V-2759,A-1771,P-2653,2026-07-23 15:00:00,cancelled
V-2760,A-1771,P-1683,2026-06-02 12:00:00,completed
V-2761,A-1772,P-2812,2026-08-04 09:00:00,completed
V-2762,A-1772,P-2716,2026-05-20 12:00:00,completed
V-2763,A-1772,P-2410,2026-05-22 16:00:00,completed
V-2764,A-1773,P-1799,2026-05-13 10:00:00,completed
V-2765,A-1773,P-1793,2026-06-21 15:00:00,completed
V-2766,A-1773,P-2053,2026-06-02 13:00:00,completed
V-2767,A-1773,P-1523,2026-08-17 09:00:00,completed
V-2768,A-1774,P-1263,2026-06-02 16:00:00,completed
V-2769,A-1775,P-1527,2026-06-28 14:00:00,cancelled
V-2770,A-1775,P-1089,2026-08-16 17:00:00,completed
V-2771,A-1776,P-1856,2026-05-22 14:00:00,completed
V-2772,A-1776,P-2036,2026-08-07 11:00:00,completed
V-2773,A-1776,P-1259,2026-05-15 15:00:00,completed
V-2774,A-1776,P-1088,2026-06-06 14:00:00,completed
V-2775,A-1776,P-2876,2026-05-16 17:00:00,completed
V-2776,A-1777,P-1283,2026-08-13 09:00:00,completed
V-2777,A-1777,P-1628,2026-06-30 09:00:00,cancelled
V-2778,A-1778,P-2797,2026-05-10 17:00:00,completed
V-2779,A-1778,P-2751,2026-05-04 09:00:00,completed
V-2780,A-1779,P-2883,2026-06-26 16:00:00,completed
V-2781,A-1779,P-1820,2026-05-15 15:00:00,completed
V-2782,A-1779,P-2175,2026-07-22 14:00:00,completed
V-2783,A-1779,P-2567,2026-05-20 09:00:00,completed
V-2784,A-1779,P-1229,2026-05-31 16:00:00,completed
V-2785,A-1780,P-1248,2026-07-07 15:00:00,completed
V-2786,A-1782,P-1486,2026-07-23 10:00:00,completed
V-2787,A-1782,P-1154,2026-07-15 16:00:00,completed
V-2788,A-1783,P-2164,2026-07-05 11:00:00,completed
V-2789,A-1783,P-1758,2026-08-06 09:00:00,completed
V-2790,A-1783,P-1262,2026-06-11 16:00:00,completed
V-2791,A-1783,P-1388,2026-05-15 14:00:00,completed
V-2792,A-1784,P-2639,2026-05-24 14:00:00,completed
V-2793,A-1785,P-1901,2026-06-28 11:00:00,cancelled
V-2794,A-1785,P-1252,2026-05-30 17:00:00,completed
V-2795,A-1785,P-2247,2026-05-29 13:00:00,completed
V-2796,A-1785,P-2821,2026-06-20 10:00:00,completed
V-2797,A-1786,P-2498,2026-05-16 13:00:00,completed
V-2798,A-1786,P-2211,2026-06-18 17:00:00,cancelled
V-2799,A-1786,P-2896,2026-08-13 15:00:00,completed
V-2800,A-1786,P-2926,2026-06-26 12:00:00,completed
V-2801,A-1786,P-2713,2026-05-14 13:00:00,completed
V-2802,A-1788,P-2608,2026-07-29 12:00:00,completed
V-2803,A-1788,P-1998,2026-05-24 11:00:00,completed
V-2804,A-1788,P-2810,2026-05-21 17:00:00,cancelled
V-2805,A-1788,P-2176,2026-06-07 11:00:00,completed
V-2806,A-1788,P-1074,2026-05-19 14:00:00,completed
V-2807,A-1789,P-1937,2026-08-15 13:00:00,completed
V-2808,A-1789,P-2691,2026-05-14 12:00:00,completed
V-2809,A-1789,P-2899,2026-06-13 13:00:00,completed
V-2810,A-1789,P-2054,2026-05-10 14:00:00,completed
V-2811,A-1790,P-1101,2026-05-20 16:00:00,completed
V-2812,A-1790,P-2524,2026-08-03 09:00:00,completed
V-2813,A-1790,P-2886,2026-06-26 09:00:00,completed
V-2814,A-1790,P-1848,2026-06-22 17:00:00,completed
V-2815,A-1791,P-2118,2026-08-03 09:00:00,completed
V-2816,A-1791,P-1930,2026-05-05 12:00:00,completed
V-2817,A-1792,P-1965,2026-07-05 17:00:00,completed
V-2818,A-1793,P-1960,2026-07-01 14:00:00,completed
V-2819,A-1793,P-2104,2026-07-05 16:00:00,completed
V-2820,A-1793,P-2999,2026-06-30 14:00:00,completed
V-2821,A-1793,P-1473,2026-07-24 14:00:00,cancelled
V-2822,A-1794,P-2992,2026-08-07 13:00:00,completed
V-2823,A-1794,P-1324,2026-06-20 12:00:00,completed
V-2824,A-1794,P-2400,2026-08-08 16:00:00,completed
V-2825,A-1794,P-1984,2026-05-30 15:00:00,completed
V-2826,A-1794,P-2018,2026-06-02 14:00:00,cancelled
V-2827,A-1795,P-1136,2026-07-03 14:00:00,completed
V-2828,A-1795,P-2141,2026-07-17 13:00:00,completed
V-2829,A-1796,P-1841,2026-07-26 11:00:00,completed
V-2830,A-1796,P-1374,2026-08-10 15:00:00,completed
V-2831,A-1797,P-1127,2026-07-28 11:00:00,completed
V-2832,A-1798,P-2888,2026-07-11 11:00:00,completed
V-2833,A-1798,P-2935,2026-08-13 14:00:00,completed
V-2834,A-1798,P-2009,2026-07-24 10:00:00,completed
V-2835,A-1799,P-2427,2026-05-13 13:00:00,cancelled
V-2836,A-1799,P-1827,2026-06-25 17:00:00,completed
V-2837,A-1799,P-2742,2026-07-20 09:00:00,completed
V-2838,A-1799,P-2241,2026-05-28 14:00:00,completed
V-2839,A-1799,P-2829,2026-08-12 13:00:00,completed
V-2840,A-1799,P-1769,2026-08-12 11:00:00,completed
V-2841,A-1800,P-1099,2026-07-29 14:00:00,completed
V-2842,A-1800,P-1408,2026-05-24 11:00:00,completed
V-2843,A-1800,P-2552,2026-06-08 15:00:00,completed
V-2844,A-1800,P-2101,2026-07-14 09:00:00,completed
V-2845,A-1800,P-2930,2026-05-21 12:00:00,completed
V-2846,A-1800,P-2691,2026-07-05 12:00:00,completed
V-2847,A-1800,P-1896,2026-08-09 16:00:00,completed
V-2848,A-1801,P-1850,2026-06-04 15:00:00,completed
V-2849,A-1801,P-1340,2026-07-04 12:00:00,completed
V-2850,A-1801,P-2830,2026-05-08 13:00:00,completed
V-2851,A-1802,P-2583,2026-05-24 17:00:00,completed
V-2852,A-1802,P-2425,2026-06-30 14:00:00,completed
V-2853,A-1803,P-1596,2026-05-25 09:00:00,completed
V-2854,A-1803,P-1146,2026-05-20 13:00:00,completed
V-2855,A-1804,P-2858,2026-06-02 10:00:00,completed
V-2856,A-1805,P-2441,2026-06-20 15:00:00,completed
V-2857,A-1805,P-1095,2026-05-26 13:00:00,completed
V-2858,A-1805,P-1480,2026-06-28 14:00:00,completed
V-2859,A-1805,P-1438,2026-06-27 12:00:00,completed
V-2860,A-1805,P-2572,2026-07-30 13:00:00,cancelled
V-2861,A-1806,P-1455,2026-07-11 09:00:00,completed
V-2862,A-1806,P-1730,2026-05-10 09:00:00,cancelled
V-2863,A-1806,P-1717,2026-07-09 16:00:00,completed
V-2864,A-1806,P-1891,2026-07-12 12:00:00,completed
V-2865,A-1807,P-2630,2026-07-31 10:00:00,completed
V-2866,A-1807,P-1757,2026-07-09 13:00:00,completed
V-2867,A-1808,P-1347,2026-07-15 13:00:00,completed
V-2868,A-1808,P-1958,2026-05-16 16:00:00,cancelled
V-2869,A-1808,P-2082,2026-07-18 16:00:00,completed
V-2870,A-1808,P-2178,2026-07-02 09:00:00,cancelled
V-2871,A-1808,P-2932,2026-07-19 10:00:00,completed
V-2872,A-1809,P-1191,2026-06-10 14:00:00,completed
V-2873,A-1809,P-1844,2026-07-20 14:00:00,completed
V-2874,A-1809,P-2237,2026-05-30 09:00:00,completed
V-2875,A-1809,P-1069,2026-05-12 14:00:00,completed
V-2876,A-1810,P-1993,2026-08-11 09:00:00,completed
V-2877,A-1810,P-2381,2026-05-09 11:00:00,completed
V-2878,A-1810,P-2307,2026-07-01 12:00:00,cancelled
V-2879,A-1810,P-2424,2026-06-02 15:00:00,cancelled
V-2880,A-1811,P-2973,2026-07-09 15:00:00,completed
V-2881,A-1811,P-1272,2026-07-16 14:00:00,completed
V-2882,A-1811,P-2363,2026-06-13 10:00:00,completed
V-2883,A-1811,P-1817,2026-07-16 09:00:00,completed
V-2884,A-1812,P-1733,2026-06-05 11:00:00,completed
V-2885,A-1812,P-2450,2026-06-05 13:00:00,completed
V-2886,A-1812,P-2402,2026-06-15 13:00:00,completed
V-2887,A-1812,P-2120,2026-05-10 10:00:00,completed
V-2888,A-1813,P-2823,2026-06-04 12:00:00,completed
V-2889,A-1813,P-1147,2026-05-16 09:00:00,completed
V-2890,A-1813,P-1701,2026-08-11 17:00:00,completed
V-2891,A-1814,P-1452,2026-05-18 16:00:00,completed
V-2892,A-1814,P-1445,2026-05-28 17:00:00,completed
V-2893,A-1814,P-1918,2026-07-07 13:00:00,completed
V-2894,A-1814,P-1386,2026-07-15 14:00:00,completed
V-2895,A-1814,P-2710,2026-07-04 13:00:00,completed
V-2896,A-1814,P-2445,2026-06-08 12:00:00,cancelled
V-2897,A-1815,P-1324,2026-06-16 09:00:00,completed
V-2898,A-1815,P-2864,2026-08-14 15:00:00,completed
V-2899,A-1815,P-2107,2026-06-09 17:00:00,completed
V-2900,A-1816,P-2048,2026-05-17 10:00:00,cancelled
V-2901,A-1816,P-2384,2026-07-27 14:00:00,cancelled
V-2902,A-1816,P-1873,2026-08-11 13:00:00,completed
V-2903,A-1816,P-1378,2026-07-21 17:00:00,completed
V-2904,A-1817,P-2298,2026-07-31 16:00:00,completed
V-2905,A-1817,P-1503,2026-05-17 16:00:00,completed
V-2906,A-1817,P-2812,2026-06-07 09:00:00,completed
V-2907,A-1818,P-2506,2026-05-08 11:00:00,cancelled
V-2908,A-1818,P-1223,2026-07-10 12:00:00,completed
V-2909,A-1819,P-1209,2026-07-01 11:00:00,completed
V-2910,A-1819,P-1724,2026-07-08 16:00:00,completed
V-2911,A-1819,P-2483,2026-05-05 17:00:00,completed
V-2912,A-1820,P-1049,2026-06-21 11:00:00,completed
V-2913,A-1820,P-1862,2026-07-03 09:00:00,cancelled
V-2914,A-1821,P-2312,2026-05-11 17:00:00,completed
V-2915,A-1821,P-2909,2026-05-13 10:00:00,completed
V-2916,A-1821,P-2019,2026-07-09 09:00:00,completed
V-2917,A-1821,P-1669,2026-07-06 10:00:00,completed
V-2918,A-1821,P-2693,2026-05-30 12:00:00,completed
V-2919,A-1821,P-1187,2026-06-13 14:00:00,completed
V-2920,A-1822,P-1066,2026-05-29 10:00:00,completed
V-2921,A-1822,P-1947,2026-07-11 12:00:00,completed
V-2922,A-1822,P-1923,2026-06-27 10:00:00,completed
V-2923,A-1822,P-2055,2026-05-21 13:00:00,completed
V-2924,A-1823,P-1181,2026-06-02 12:00:00,completed
V-2925,A-1823,P-1236,2026-06-09 17:00:00,completed
V-2926,A-1823,P-1667,2026-07-11 15:00:00,completed
V-2927,A-1823,P-1158,2026-06-22 13:00:00,completed
V-2928,A-1823,P-1763,2026-07-21 10:00:00,completed
V-2929,A-1824,P-2219,2026-05-21 13:00:00,completed
V-2930,A-1825,P-1141,2026-08-11 15:00:00,completed
V-2931,A-1825,P-2752,2026-07-15 16:00:00,completed
V-2932,A-1825,P-2114,2026-08-13 17:00:00,completed
V-2933,A-1826,P-1316,2026-07-29 14:00:00,completed
V-2934,A-1826,P-1605,2026-06-09 13:00:00,completed
V-2935,A-1826,P-1667,2026-08-14 10:00:00,completed
V-2936,A-1826,P-DEMO-02,2026-05-20 11:00:00,cancelled
V-2937,A-1826,P-1238,2026-07-20 15:00:00,completed
V-2938,A-1827,P-1200,2026-07-06 16:00:00,completed
V-2939,A-1827,P-2029,2026-08-12 10:00:00,completed
V-2940,A-1827,P-1279,2026-05-10 17:00:00,completed
V-2941,A-1828,P-2092,2026-05-31 09:00:00,completed
V-2942,A-1828,P-2182,2026-06-17 14:00:00,completed
V-2943,A-1828,P-1741,2026-06-10 15:00:00,cancelled
V-2944,A-1828,P-1316,2026-08-02 10:00:00,completed
V-2945,A-1829,P-2695,2026-07-09 17:00:00,completed
V-2946,A-1829,P-2873,2026-06-12 13:00:00,completed
V-2947,A-1829,P-2555,2026-05-04 13:00:00,completed
V-2948,A-1829,P-1098,2026-06-26 17:00:00,completed
V-2949,A-1830,P-1090,2026-05-30 11:00:00,completed
V-2950,A-1830,P-1633,2026-05-12 14:00:00,completed
V-2951,A-1830,P-2408,2026-07-21 13:00:00,completed
V-2952,A-1831,P-2857,2026-06-14 11:00:00,completed
V-2953,A-1831,P-1413,2026-05-10 16:00:00,cancelled
V-2954,A-1832,P-1774,2026-07-27 10:00:00,completed
V-2955,A-1832,P-1514,2026-05-30 15:00:00,completed
V-2956,A-1833,P-2600,2026-05-16 16:00:00,completed
V-2957,A-1833,P-1062,2026-07-30 16:00:00,completed
V-2958,A-1834,P-2114,2026-05-04 12:00:00,completed
V-2959,A-1834,P-2440,2026-06-12 13:00:00,completed
V-2960,A-1834,P-1591,2026-07-15 15:00:00,completed
V-2961,A-1834,P-2164,2026-05-28 13:00:00,completed
V-2962,A-1835,P-2531,2026-06-04 09:00:00,completed
V-2963,A-1835,P-2853,2026-08-13 12:00:00,completed
V-2964,A-1835,P-2304,2026-06-10 14:00:00,completed
V-2965,A-1835,P-2821,2026-07-20 10:00:00,completed
V-2966,A-1835,P-1629,2026-08-10 15:00:00,completed
V-2967,A-1837,P-2604,2026-07-15 16:00:00,completed
V-2968,A-1837,P-2075,2026-06-11 17:00:00,completed
V-2969,A-1837,P-1862,2026-05-09 12:00:00,completed
V-2970,A-1838,P-2147,2026-07-08 14:00:00,cancelled
V-2971,A-1838,P-1872,2026-08-09 14:00:00,completed
V-2972,A-1838,P-2764,2026-06-17 12:00:00,completed
V-2973,A-1839,P-2397,2026-07-22 15:00:00,completed
V-2974,A-1839,P-1958,2026-07-31 15:00:00,completed
V-2975,A-1839,P-1079,2026-06-26 17:00:00,completed
V-2976,A-1839,P-2117,2026-08-06 14:00:00,completed
V-2977,A-1839,P-2550,2026-05-26 14:00:00,completed
V-2978,A-1839,P-2722,2026-05-16 16:00:00,completed
V-2979,A-1840,P-2264,2026-06-21 13:00:00,cancelled
V-2980,A-1840,P-2886,2026-07-25 16:00:00,completed
V-2981,A-1840,P-1459,2026-07-22 14:00:00,completed
V-2982,A-1840,P-1757,2026-06-16 10:00:00,completed
V-2983,A-1840,P-1504,2026-07-15 12:00:00,completed
V-2984,A-1840,P-1737,2026-05-15 17:00:00,completed
V-2985,A-1841,P-2993,2026-05-25 09:00:00,completed
V-2986,A-1841,P-2010,2026-06-06 09:00:00,completed
V-2987,A-1841,P-1850,2026-05-18 11:00:00,completed
V-2988,A-1841,P-1124,2026-06-16 13:00:00,completed
V-2989,A-1842,P-1895,2026-07-02 10:00:00,completed
V-2990,A-1842,P-2737,2026-08-13 09:00:00,completed
V-2991,A-1842,P-2908,2026-07-16 17:00:00,completed
V-2992,A-1842,P-2979,2026-06-14 15:00:00,completed
V-2993,A-1843,P-2464,2026-05-10 17:00:00,completed
V-2994,A-1843,P-1366,2026-08-19 15:00:00,completed
V-2995,A-1843,P-2198,2026-07-23 13:00:00,completed
V-2996,A-1844,P-2399,2026-06-15 13:00:00,completed
V-2997,A-1845,P-2039,2026-05-23 14:00:00,completed
V-2998,A-1845,P-1026,2026-07-29 15:00:00,completed
V-2999,A-1846,P-2076,2026-07-13 13:00:00,completed
V-3000,A-1846,P-2152,2026-05-31 11:00:00,completed
V-3001,A-1846,P-1455,2026-06-12 17:00:00,cancelled
V-3002,A-1847,P-2511,2026-06-25 13:00:00,completed
V-3003,A-1848,P-1136,2026-06-01 15:00:00,completed
V-3004,A-1848,P-2933,2026-07-10 15:00:00,completed
V-3005,A-1848,P-2895,2026-06-25 17:00:00,completed
V-3006,A-1849,P-1639,2026-06-07 12:00:00,completed
V-3007,A-1849,P-2326,2026-08-09 12:00:00,completed
V-3008,A-1850,P-2866,2026-07-12 11:00:00,completed
V-3009,A-1850,P-1524,2026-05-24 14:00:00,completed
V-3010,A-1850,P-1284,2026-06-01 09:00:00,completed
V-3011,A-1850,P-2566,2026-07-20 13:00:00,completed
V-3012,A-1850,P-2095,2026-05-21 15:00:00,completed
V-3013,A-1850,P-1531,2026-07-05 10:00:00,cancelled
V-3014,A-1851,P-2270,2026-06-11 10:00:00,completed
V-3015,A-1851,P-1664,2026-08-05 14:00:00,completed
V-3016,A-1852,P-2654,2026-08-14 10:00:00,completed
V-3017,A-1852,P-2198,2026-05-17 10:00:00,cancelled
V-3018,A-1853,P-1541,2026-07-24 09:00:00,completed
V-3019,A-1853,P-2319,2026-08-10 16:00:00,completed
V-3020,A-1853,P-2152,2026-05-24 13:00:00,completed
V-3021,A-1853,P-1726,2026-08-11 10:00:00,completed
V-3022,A-1853,P-1823,2026-05-09 12:00:00,completed
V-3023,A-1854,P-1474,2026-06-17 14:00:00,completed
V-3024,A-1854,P-2718,2026-08-12 17:00:00,completed
V-3025,A-1854,P-2582,2026-05-06 12:00:00,completed
V-3026,A-1854,P-2783,2026-07-25 10:00:00,completed
V-3027,A-1854,P-2338,2026-05-13 11:00:00,completed
V-3028,A-1854,P-1007,2026-05-17 17:00:00,completed
V-3029,A-1855,P-2619,2026-05-29 17:00:00,completed
V-3030,A-1855,P-1170,2026-08-06 17:00:00,cancelled
V-3031,A-1855,P-2016,2026-08-17 11:00:00,completed
V-3032,A-1856,P-1183,2026-05-11 12:00:00,completed
V-3033,A-1856,P-1284,2026-06-10 14:00:00,completed
V-3034,A-1856,P-2404,2026-05-28 09:00:00,completed
V-3035,A-1857,P-2343,2026-06-29 10:00:00,completed
V-3036,A-1857,P-1548,2026-06-05 16:00:00,completed
V-3037,A-1857,P-1205,2026-06-25 14:00:00,completed
V-3038,A-1858,P-1926,2026-05-13 17:00:00,completed
V-3039,A-1858,P-2590,2026-06-20 10:00:00,completed
V-3040,A-1858,P-2844,2026-08-04 16:00:00,completed
V-3041,A-1858,P-1735,2026-08-09 11:00:00,completed
V-3042,A-1858,P-2129,2026-05-10 15:00:00,completed
V-3043,A-1858,P-2813,2026-05-15 10:00:00,completed
V-3044,A-1859,P-1314,2026-06-09 17:00:00,completed
V-3045,A-1859,P-2661,2026-06-04 11:00:00,completed
V-3046,A-1859,P-2967,2026-07-06 11:00:00,completed
V-3047,A-1859,P-2888,2026-06-19 10:00:00,completed
V-3048,A-1860,P-1310,2026-07-28 11:00:00,completed
V-3049,A-1860,P-1057,2026-05-10 15:00:00,completed
V-3050,A-1860,P-2051,2026-08-01 11:00:00,completed
V-3051,A-1860,P-1562,2026-06-06 09:00:00,completed
V-3052,A-1861,P-2560,2026-07-11 15:00:00,completed
V-3053,A-1861,P-2310,2026-05-30 10:00:00,completed
V-3054,A-1861,P-2360,2026-07-18 10:00:00,completed
V-3055,A-1861,P-2415,2026-05-03 14:00:00,completed
V-3056,A-1861,P-1086,2026-05-11 11:00:00,completed
V-3057,A-1861,P-2365,2026-05-10 10:00:00,completed
V-3058,A-1862,P-1106,2026-06-22 09:00:00,completed
V-3059,A-1862,P-2076,2026-07-20 16:00:00,completed
V-3060,A-1862,P-2961,2026-07-25 16:00:00,completed
V-3061,A-1862,P-2651,2026-08-09 14:00:00,completed
V-3062,A-1863,P-1176,2026-07-12 11:00:00,completed
V-3063,A-1863,P-2739,2026-07-10 16:00:00,completed
V-3064,A-1863,P-1219,2026-06-07 10:00:00,completed
V-3065,A-1864,P-1070,2026-05-22 15:00:00,completed
V-3066,A-1864,P-2819,2026-07-01 13:00:00,completed
V-3067,A-1864,P-1627,2026-06-03 09:00:00,completed
V-3068,A-1864,P-2811,2026-08-03 11:00:00,completed
V-3069,A-1865,P-2055,2026-07-10 13:00:00,completed
V-3070,A-1865,P-1391,2026-06-03 14:00:00,completed
V-3071,A-1865,P-1973,2026-08-11 15:00:00,completed
V-3072,A-1865,P-1321,2026-06-07 15:00:00,completed
V-3073,A-1865,P-2968,2026-05-27 15:00:00,completed
V-3074,A-1865,P-1441,2026-07-25 10:00:00,completed
V-3075,A-1866,P-1158,2026-06-18 11:00:00,completed
V-3076,A-1867,P-2046,2026-07-17 10:00:00,completed
V-3077,A-1868,P-1585,2026-05-22 16:00:00,cancelled
V-3078,A-1868,P-1132,2026-07-14 09:00:00,completed
V-3079,A-1869,P-2291,2026-05-13 14:00:00,completed
V-3080,A-1869,P-1734,2026-07-01 11:00:00,cancelled
V-3081,A-1869,P-1833,2026-06-06 11:00:00,completed
V-3082,A-1870,P-2715,2026-05-23 13:00:00,completed
V-3083,A-1870,P-2142,2026-07-05 14:00:00,completed
V-3084,A-1870,P-2713,2026-06-24 17:00:00,completed
V-3085,A-1870,P-1029,2026-05-21 11:00:00,completed
V-3086,A-1870,P-1718,2026-06-05 14:00:00,completed
V-3087,A-1871,P-2606,2026-07-24 12:00:00,completed
V-3088,A-1871,P-2369,2026-05-21 15:00:00,completed
V-3089,A-1871,P-1512,2026-08-12 14:00:00,completed
V-3090,A-1871,P-1548,2026-06-30 13:00:00,completed
V-3091,A-1871,P-2722,2026-05-03 09:00:00,completed
V-3092,A-1871,P-2859,2026-05-25 12:00:00,completed
V-3093,A-1871,P-2744,2026-06-11 13:00:00,cancelled
V-3094,A-1871,P-2502,2026-07-20 11:00:00,completed
V-3095,A-1872,P-1210,2026-07-03 16:00:00,completed
V-3096,A-1872,P-2338,2026-08-04 11:00:00,completed
V-3097,A-1872,P-1307,2026-05-17 17:00:00,cancelled
V-3098,A-1872,P-2461,2026-08-11 12:00:00,completed
V-3099,A-1872,P-1540,2026-05-21 09:00:00,completed
V-3100,A-1872,P-1153,2026-07-08 15:00:00,completed
V-3101,A-1873,P-2186,2026-08-10 09:00:00,completed
V-3102,A-1873,P-1658,2026-07-16 11:00:00,completed
V-3103,A-1873,P-2405,2026-08-11 13:00:00,completed
V-3104,A-1873,P-1770,2026-05-24 13:00:00,completed
V-3105,A-1873,P-1894,2026-05-12 13:00:00,completed
V-3106,A-1873,P-1021,2026-05-24 11:00:00,completed
V-3107,A-1873,P-2085,2026-07-13 15:00:00,completed
V-3108,A-1874,P-1692,2026-06-16 11:00:00,completed
V-3109,A-1874,P-2681,2026-05-06 13:00:00,completed
V-3110,A-1874,P-2240,2026-05-26 09:00:00,cancelled
V-3111,A-1874,P-2916,2026-05-11 14:00:00,completed
V-3112,A-1874,P-1741,2026-05-03 14:00:00,completed
V-3113,A-1874,P-2284,2026-08-12 12:00:00,completed
V-3114,A-1874,P-2999,2026-05-31 17:00:00,completed
V-3115,A-1875,P-2421,2026-08-08 09:00:00,completed
V-3116,A-1875,P-1870,2026-08-07 12:00:00,completed
V-3117,A-1875,P-2055,2026-07-27 13:00:00,completed
V-3118,A-1875,P-1501,2026-05-18 11:00:00,cancelled
V-3119,A-1876,P-1149,2026-06-16 12:00:00,completed
V-3120,A-1876,P-2822,2026-08-02 10:00:00,completed
V-3121,A-1877,P-2222,2026-07-15 09:00:00,completed
V-3122,A-1877,P-1687,2026-07-17 13:00:00,completed
V-3123,A-1877,P-1954,2026-05-26 10:00:00,completed
V-3124,A-1877,P-1397,2026-08-15 11:00:00,completed
V-3125,A-1877,P-2538,2026-06-07 17:00:00,completed
V-3126,A-1878,P-2010,2026-06-27 10:00:00,completed
V-3127,A-1878,P-2845,2026-05-17 12:00:00,cancelled
V-3128,A-1879,P-2675,2026-06-05 17:00:00,completed
V-3129,A-1879,P-1206,2026-06-23 15:00:00,completed
V-3130,A-1879,P-2835,2026-07-04 11:00:00,completed
V-3131,A-1879,P-1740,2026-05-18 13:00:00,completed
V-3132,A-1880,P-1171,2026-05-13 12:00:00,completed
V-3133,A-1880,P-2716,2026-07-05 17:00:00,completed
V-3134,A-1880,P-2432,2026-05-22 10:00:00,completed
V-3135,A-1880,P-2161,2026-08-03 09:00:00,completed
V-3136,A-1881,P-2067,2026-06-08 09:00:00,cancelled
V-3137,A-1881,P-2243,2026-05-21 14:00:00,completed
V-3138,A-1881,P-2223,2026-06-12 16:00:00,completed
V-3139,A-1881,P-1101,2026-07-22 17:00:00,completed
V-3140,A-1881,P-1470,2026-07-03 12:00:00,completed
V-3141,A-1881,P-1903,2026-05-08 11:00:00,completed
V-3142,A-1882,P-1772,2026-08-11 14:00:00,completed
V-3143,A-1882,P-1733,2026-08-05 14:00:00,completed
V-3144,A-1882,P-2475,2026-05-17 10:00:00,completed
V-3145,A-1883,P-2426,2026-05-19 12:00:00,completed
V-3146,A-1883,P-1039,2026-05-23 13:00:00,completed
V-3147,A-1883,P-1466,2026-05-28 09:00:00,completed
V-3148,A-1883,P-2709,2026-06-30 17:00:00,completed
V-3149,A-1883,P-1085,2026-07-12 14:00:00,completed
V-3150,A-1884,P-1725,2026-06-01 17:00:00,cancelled
V-3151,A-1884,P-2241,2026-06-06 10:00:00,completed
V-3152,A-1884,P-1206,2026-07-14 16:00:00,completed
V-3153,A-1884,P-1666,2026-06-28 16:00:00,cancelled
V-3154,A-1884,P-1482,2026-05-22 17:00:00,completed
V-3155,A-1885,P-1207,2026-08-07 13:00:00,completed
V-3156,A-1885,P-2467,2026-07-08 13:00:00,completed
V-3157,A-1885,P-1100,2026-08-05 17:00:00,cancelled
V-3158,A-1885,P-2613,2026-05-27 16:00:00,completed
V-3159,A-1885,P-1335,2026-06-17 16:00:00,completed
V-3160,A-1885,P-2470,2026-06-04 10:00:00,completed
V-3161,A-1886,P-1661,2026-05-17 10:00:00,completed
V-3162,A-1887,P-1184,2026-06-17 09:00:00,completed
V-3163,A-1887,P-2845,2026-05-08 12:00:00,completed
V-3164,A-1887,P-1525,2026-06-30 17:00:00,completed
V-3165,A-1887,P-1121,2026-08-02 11:00:00,completed
V-3166,A-1887,P-1497,2026-05-19 14:00:00,completed
V-3167,A-1887,P-2346,2026-05-27 14:00:00,cancelled
V-3168,A-1888,P-1198,2026-05-05 16:00:00,completed
V-3169,A-1888,P-2645,2026-06-20 17:00:00,completed
V-3170,A-1888,P-2287,2026-05-08 14:00:00,completed
V-3171,A-1888,P-1688,2026-06-27 09:00:00,completed
V-3172,A-1888,P-2445,2026-08-03 09:00:00,completed
V-3173,A-1889,P-2744,2026-06-29 12:00:00,cancelled
V-3174,A-1889,P-1292,2026-05-18 17:00:00,completed
V-3175,A-1890,P-1681,2026-06-06 12:00:00,completed
V-3176,A-1890,P-1503,2026-06-12 15:00:00,completed
V-3177,A-1890,P-2090,2026-07-15 10:00:00,completed
V-3178,A-1890,P-1218,2026-05-23 15:00:00,completed
V-3179,A-1890,P-1836,2026-07-21 12:00:00,completed
V-3180,A-1890,P-1336,2026-06-23 10:00:00,cancelled
V-3181,A-1891,P-1366,2026-06-12 13:00:00,completed
V-3182,A-1891,P-2194,2026-05-14 12:00:00,completed
V-3183,A-1892,P-1353,2026-05-12 16:00:00,completed
V-3184,A-1892,P-1427,2026-08-14 16:00:00,completed
V-3185,A-1892,P-1073,2026-08-04 14:00:00,completed
V-3186,A-1892,P-2910,2026-06-29 12:00:00,completed
V-3187,A-1893,P-2417,2026-06-11 16:00:00,cancelled
V-3188,A-1893,P-2643,2026-06-16 12:00:00,completed
V-3189,A-1893,P-2597,2026-08-04 17:00:00,completed
V-3190,A-1894,P-2792,2026-07-08 14:00:00,completed
V-3191,A-1894,P-2307,2026-08-08 10:00:00,completed
V-3192,A-1895,P-2988,2026-07-18 17:00:00,completed
V-3193,A-1895,P-1185,2026-07-05 16:00:00,completed
V-3194,A-1895,P-2834,2026-06-10 11:00:00,cancelled
V-3195,A-1895,P-1473,2026-07-26 09:00:00,completed
V-3196,A-1895,P-1873,2026-05-17 13:00:00,completed
V-3197,A-1895,P-2670,2026-05-24 15:00:00,completed
V-3198,A-1896,P-2521,2026-06-26 17:00:00,completed
V-3199,A-1896,P-2514,2026-07-20 12:00:00,completed
V-3200,A-1896,P-1598,2026-07-14 11:00:00,completed
V-3201,A-1896,P-1745,2026-07-10 10:00:00,completed
V-3202,A-1897,P-1470,2026-05-06 10:00:00,completed
V-3203,A-1897,P-2768,2026-08-16 14:00:00,completed
V-3204,A-1897,P-1563,2026-07-19 10:00:00,completed
V-3205,A-1898,P-2064,2026-07-10 12:00:00,completed
V-3206,A-1899,P-1281,2026-06-08 10:00:00,cancelled
V-3207,A-1899,P-1327,2026-08-15 13:00:00,completed
V-3208,A-1899,P-1035,2026-05-07 14:00:00,completed
V-3209,A-1900,P-1548,2026-05-18 17:00:00,completed
V-3210,A-1900,P-1703,2026-06-16 14:00:00,completed
V-3211,A-1900,P-2948,2026-06-01 17:00:00,completed
V-3212,A-1900,P-1301,2026-08-05 16:00:00,completed
V-3213,A-1900,P-1706,2026-07-19 14:00:00,completed
V-3214,A-1900,P-1615,2026-07-29 11:00:00,completed
V-3215,A-1901,P-2324,2026-05-11 11:00:00,completed
V-3216,A-1901,P-1902,2026-07-13 12:00:00,completed
V-3217,A-1901,P-1090,2026-06-25 12:00:00,completed
V-3218,A-1901,P-1144,2026-07-18 12:00:00,completed
V-3219,A-1901,P-2159,2026-07-26 12:00:00,completed
V-3220,A-1903,P-1389,2026-07-04 16:00:00,completed
V-3221,A-1903,P-2948,2026-06-03 14:00:00,completed
V-3222,A-1904,P-2811,2026-06-12 10:00:00,completed
V-3223,A-1904,P-1475,2026-06-25 14:00:00,completed
V-3224,A-1904,P-2510,2026-05-25 15:00:00,completed
V-3225,A-1904,P-1073,2026-07-27 16:00:00,completed
V-3226,A-1904,P-2509,2026-06-22 17:00:00,completed
V-3227,A-1905,P-2292,2026-05-14 17:00:00,completed
V-3228,A-1905,P-1926,2026-07-25 12:00:00,completed
V-3229,A-1906,P-2585,2026-06-15 16:00:00,completed
V-3230,A-1906,P-2309,2026-07-13 12:00:00,completed
V-3231,A-1906,P-2062,2026-06-11 16:00:00,completed
V-3232,A-1906,P-1957,2026-07-13 16:00:00,completed
V-3233,A-1907,P-1095,2026-06-20 16:00:00,completed
V-3234,A-1907,P-2057,2026-06-10 16:00:00,completed
V-3235,A-1907,P-1787,2026-07-03 14:00:00,completed
V-3236,A-1908,P-2660,2026-07-10 15:00:00,completed
V-3237,A-1908,P-2577,2026-07-02 10:00:00,completed
V-3238,A-1908,P-2097,2026-06-10 09:00:00,completed
V-3239,A-1908,P-2116,2026-07-03 16:00:00,completed
V-3240,A-1909,P-2045,2026-05-17 10:00:00,completed
V-3241,A-1909,P-1106,2026-05-25 17:00:00,completed
V-3242,A-1909,P-1705,2026-07-24 16:00:00,completed
V-3243,A-1909,P-2969,2026-07-28 14:00:00,completed
V-3244,A-1909,P-1105,2026-05-10 14:00:00,completed
V-3245,A-1910,P-1388,2026-05-10 13:00:00,completed
V-3246,A-1910,P-1870,2026-06-03 09:00:00,completed
V-3247,A-1910,P-1244,2026-06-16 10:00:00,completed
V-3248,A-1911,P-1592,2026-08-05 14:00:00,cancelled
V-3249,A-1911,P-1294,2026-05-15 13:00:00,completed
V-3250,A-1912,P-2187,2026-06-28 13:00:00,completed
V-3251,A-1912,P-1959,2026-07-08 14:00:00,completed
V-3252,A-1912,P-1369,2026-06-17 14:00:00,completed
V-3253,A-1912,P-1963,2026-07-05 15:00:00,completed
V-3254,A-1912,P-2914,2026-08-13 11:00:00,completed
V-3255,A-1912,P-2064,2026-07-08 15:00:00,cancelled
V-3256,A-1912,P-1001,2026-06-12 14:00:00,completed
V-3257,A-1913,P-1023,2026-07-15 11:00:00,completed
V-3258,A-1914,P-1639,2026-06-12 16:00:00,completed
V-3259,A-1914,P-1504,2026-06-22 10:00:00,completed
V-3260,A-1915,P-2286,2026-05-06 09:00:00,completed
V-3261,A-1915,P-2695,2026-06-09 09:00:00,cancelled
V-3262,A-1915,P-1854,2026-07-10 11:00:00,completed
V-3263,A-1915,P-2383,2026-07-11 11:00:00,completed
V-3264,A-1916,P-2956,2026-07-04 15:00:00,completed
V-3265,A-1917,P-2641,2026-07-19 10:00:00,cancelled
V-3266,A-1917,P-2705,2026-07-18 17:00:00,completed
V-3267,A-1917,P-1743,2026-07-02 14:00:00,completed
V-3268,A-1917,P-2869,2026-06-03 16:00:00,completed
V-3269,A-1917,P-1755,2026-08-16 15:00:00,completed
V-3270,A-1917,P-1776,2026-05-13 16:00:00,completed
V-3271,A-1918,P-2637,2026-06-25 14:00:00,completed
V-3272,A-1918,P-2559,2026-06-09 09:00:00,completed
V-3273,A-1919,P-2648,2026-07-23 13:00:00,completed
V-3274,A-1919,P-1179,2026-06-20 13:00:00,completed
V-3275,A-1919,P-1241,2026-05-21 09:00:00,completed
V-3276,A-1919,P-1160,2026-08-10 11:00:00,completed
V-3277,A-1919,P-2216,2026-07-29 16:00:00,completed
V-3278,A-1919,P-2021,2026-06-16 13:00:00,completed
V-3279,A-1919,P-2219,2026-05-08 10:00:00,completed
V-3280,A-1919,P-2986,2026-06-22 12:00:00,completed
V-3281,A-1920,P-1152,2026-06-17 15:00:00,completed
V-3282,A-1920,P-2996,2026-08-03 13:00:00,completed
V-3283,A-1920,P-1316,2026-06-14 13:00:00,cancelled
V-3284,A-1921,P-1114,2026-06-12 16:00:00,completed
V-3285,A-1922,P-1274,2026-07-14 11:00:00,completed
V-3286,A-1922,P-1432,2026-06-09 16:00:00,completed
V-3287,A-1922,P-2038,2026-06-01 14:00:00,completed
V-3288,A-1923,P-2119,2026-07-24 10:00:00,completed
V-3289,A-1923,P-2809,2026-05-30 09:00:00,completed
V-3290,A-1923,P-2978,2026-06-23 15:00:00,completed
V-3291,A-1924,P-2220,2026-07-09 17:00:00,completed
V-3292,A-1924,P-2763,2026-06-03 16:00:00,completed
V-3293,A-1925,P-2860,2026-08-13 16:00:00,cancelled
V-3294,A-1925,P-2060,2026-05-07 13:00:00,completed
V-3295,A-1925,P-1552,2026-05-06 09:00:00,completed
V-3296,A-1926,P-1276,2026-06-05 10:00:00,completed
V-3297,A-1926,P-2654,2026-08-16 11:00:00,completed
V-3298,A-1926,P-1662,2026-07-02 09:00:00,completed
V-3299,A-1926,P-1563,2026-06-29 15:00:00,cancelled
V-3300,A-1927,P-1608,2026-06-20 15:00:00,completed
V-3301,A-1927,P-1315,2026-05-27 15:00:00,completed
V-3302,A-1927,P-2133,2026-05-25 14:00:00,completed
V-3303,A-1928,P-1561,2026-07-10 14:00:00,cancelled
V-3304,A-1928,P-2639,2026-05-14 12:00:00,completed
V-3305,A-1928,P-2903,2026-06-22 09:00:00,completed
V-3306,A-1928,P-1405,2026-06-29 15:00:00,cancelled
V-3307,A-1929,P-2592,2026-07-28 16:00:00,cancelled
V-3308,A-1929,P-1566,2026-08-10 10:00:00,cancelled
V-3309,A-1929,P-2387,2026-06-16 14:00:00,completed
V-3310,A-1930,P-1533,2026-05-18 11:00:00,completed
V-3311,A-1930,P-2953,2026-06-15 15:00:00,completed
V-3312,A-1931,P-2814,2026-07-14 12:00:00,completed
V-3313,A-1932,P-1262,2026-06-09 09:00:00,completed
V-3314,A-1932,P-2284,2026-07-17 15:00:00,completed
V-3315,A-1933,P-1758,2026-06-25 14:00:00,completed
V-3316,A-1933,P-2646,2026-07-15 12:00:00,completed
V-3317,A-1934,P-1157,2026-05-15 10:00:00,completed
V-3318,A-1935,P-2675,2026-05-18 14:00:00,completed
V-3319,A-1935,P-2572,2026-07-22 15:00:00,completed
V-3320,A-1935,P-1057,2026-06-04 14:00:00,cancelled
V-3321,A-1936,P-2811,2026-08-05 12:00:00,completed
V-3322,A-1936,P-2087,2026-07-07 11:00:00,completed
V-3323,A-1936,P-1354,2026-08-16 13:00:00,completed
V-3324,A-1936,P-1675,2026-05-15 16:00:00,completed
V-3325,A-1937,P-2590,2026-06-07 12:00:00,completed
V-3326,A-1937,P-2795,2026-06-08 12:00:00,completed
V-3327,A-1938,P-1631,2026-05-09 13:00:00,cancelled
V-3328,A-1939,P-2912,2026-08-07 12:00:00,completed
V-3329,A-1939,P-1730,2026-06-21 16:00:00,completed
V-3330,A-1939,P-1563,2026-07-21 12:00:00,completed
V-3331,A-1940,P-2564,2026-06-12 10:00:00,completed
V-3332,A-1940,P-1785,2026-06-28 17:00:00,completed
V-3333,A-1940,P-2377,2026-06-07 10:00:00,cancelled
V-3334,A-1940,P-1966,2026-08-11 14:00:00,completed
V-3335,A-1940,P-1817,2026-06-16 15:00:00,completed
V-3336,A-1940,P-2922,2026-07-27 16:00:00,completed
V-3337,A-1941,P-2694,2026-07-23 11:00:00,cancelled
V-3338,A-1942,P-1663,2026-07-23 17:00:00,completed
V-3339,A-1942,P-1452,2026-06-17 09:00:00,completed
V-3340,A-1942,P-1488,2026-07-11 09:00:00,completed
V-3341,A-1943,P-1640,2026-06-25 17:00:00,completed
V-3342,A-1943,P-2688,2026-05-19 11:00:00,completed
V-3343,A-1943,P-2970,2026-07-01 17:00:00,completed
V-3344,A-1943,P-1478,2026-06-01 09:00:00,completed
V-3345,A-1944,P-2055,2026-07-31 13:00:00,completed
V-3346,A-1944,P-2632,2026-05-21 17:00:00,completed
V-3347,A-1944,P-2134,2026-07-31 10:00:00,completed
V-3348,A-1945,P-2974,2026-07-23 09:00:00,completed
V-3349,A-1945,P-1502,2026-08-09 09:00:00,cancelled
V-3350,A-1946,P-2887,2026-07-10 12:00:00,completed
V-3351,A-1946,P-1981,2026-05-03 14:00:00,completed
V-3352,A-1946,P-1500,2026-07-06 11:00:00,completed
V-3353,A-1947,P-2026,2026-06-14 17:00:00,completed
V-3354,A-1948,P-1437,2026-07-19 15:00:00,completed
V-3355,A-1948,P-1707,2026-08-10 11:00:00,completed
V-3356,A-1949,P-2920,2026-06-08 16:00:00,completed
V-3357,A-1949,P-1590,2026-07-09 12:00:00,completed
V-3358,A-1949,P-2237,2026-06-19 11:00:00,completed
V-3359,A-1950,P-1592,2026-06-30 12:00:00,completed
V-3360,A-1950,P-2226,2026-07-29 12:00:00,completed
V-3361,A-1950,P-1095,2026-06-02 16:00:00,completed
V-3362,A-1951,P-2324,2026-07-21 10:00:00,completed
V-3363,A-1951,P-2984,2026-07-19 16:00:00,completed
V-3364,A-1952,P-2901,2026-07-12 10:00:00,completed
V-3365,A-1952,P-2627,2026-06-12 16:00:00,completed
V-3366,A-1952,P-2054,2026-07-17 17:00:00,completed
V-3367,A-1952,P-1640,2026-05-12 13:00:00,completed
V-3368,A-1953,P-1206,2026-05-28 15:00:00,completed
V-3369,A-1953,P-1969,2026-06-29 09:00:00,completed
V-3370,A-1953,P-2845,2026-07-15 14:00:00,completed
V-3371,A-1954,P-2263,2026-06-06 17:00:00,completed
V-3372,A-1955,P-2283,2026-06-22 16:00:00,completed
V-3373,A-1955,P-1591,2026-07-08 09:00:00,completed
V-3374,A-1955,P-2776,2026-07-31 17:00:00,completed
V-3375,A-1955,P-2192,2026-07-08 13:00:00,completed
V-3376,A-1956,P-2051,2026-05-22 11:00:00,completed
V-3377,A-1956,P-1536,2026-06-17 10:00:00,completed
V-3378,A-1956,P-2104,2026-08-12 12:00:00,completed
V-3379,A-1956,P-2147,2026-08-07 17:00:00,completed
V-3380,A-1957,P-2633,2026-06-15 13:00:00,completed
V-3381,A-1957,P-2751,2026-06-12 10:00:00,completed
V-3382,A-1957,P-1499,2026-05-28 17:00:00,completed
V-3383,A-1957,P-1989,2026-05-24 14:00:00,completed
V-3384,A-1957,P-2817,2026-07-28 09:00:00,completed
V-3385,A-1958,P-1945,2026-07-24 09:00:00,completed
V-3386,A-1958,P-1491,2026-05-14 17:00:00,completed
V-3387,A-1958,P-2735,2026-07-20 16:00:00,completed
V-3388,A-1959,P-1298,2026-06-22 15:00:00,cancelled
V-3389,A-1959,P-2295,2026-08-01 17:00:00,completed
V-3390,A-1960,P-2431,2026-05-27 17:00:00,completed
V-3391,A-1960,P-2458,2026-06-11 09:00:00,completed
V-3392,A-1960,P-2699,2026-06-25 12:00:00,completed
V-3393,A-1960,P-1133,2026-07-05 17:00:00,completed
V-3394,A-1961,P-1719,2026-05-15 12:00:00,completed
V-3395,A-1961,P-2366,2026-05-29 17:00:00,completed
V-3396,A-1961,P-1570,2026-08-02 16:00:00,completed
V-3397,A-1961,P-2619,2026-05-09 15:00:00,cancelled
V-3398,A-1962,P-1044,2026-05-17 17:00:00,completed
V-3399,A-1962,P-2283,2026-07-16 17:00:00,completed
V-3400,A-1962,P-2741,2026-05-19 12:00:00,completed
V-3401,A-1962,P-1662,2026-06-12 11:00:00,completed
V-3402,A-1963,P-2256,2026-06-29 12:00:00,completed
V-3403,A-1964,P-1829,2026-06-26 15:00:00,completed
V-3404,A-1964,P-1892,2026-05-08 16:00:00,cancelled
V-3405,A-1964,P-2955,2026-08-10 16:00:00,completed
V-3406,A-1964,P-2435,2026-08-01 17:00:00,completed
V-3407,A-1965,P-1009,2026-06-06 17:00:00,completed
V-3408,A-1965,P-1581,2026-05-04 17:00:00,completed
V-3409,A-1965,P-1533,2026-05-31 16:00:00,completed
V-3410,A-1965,P-2595,2026-05-26 16:00:00,completed
V-3411,A-1965,P-2646,2026-06-25 13:00:00,completed
V-3412,A-1965,P-2481,2026-05-15 10:00:00,completed
V-3413,A-1966,P-2921,2026-06-01 10:00:00,cancelled
V-3414,A-1966,P-2859,2026-08-06 16:00:00,completed
V-3415,A-1967,P-2429,2026-05-13 15:00:00,cancelled
V-3416,A-1967,P-2434,2026-06-13 11:00:00,completed
V-3417,A-1967,P-2329,2026-06-24 10:00:00,completed
V-3418,A-1968,P-1925,2026-07-25 14:00:00,completed
V-3419,A-1968,P-2020,2026-06-11 16:00:00,completed
V-3420,A-1968,P-1774,2026-05-31 10:00:00,completed
V-3421,A-1968,P-2247,2026-05-24 14:00:00,completed
V-3422,A-1969,P-2259,2026-05-09 10:00:00,completed
V-3423,A-1969,P-2589,2026-06-21 13:00:00,completed
V-3424,A-1970,P-2437,2026-07-31 10:00:00,completed
V-3425,A-1970,P-2995,2026-08-13 15:00:00,completed
V-3426,A-1970,P-1204,2026-05-10 16:00:00,completed
V-3427,A-1970,P-2011,2026-07-07 16:00:00,completed
V-3428,A-1971,P-1936,2026-07-18 17:00:00,completed
V-3429,A-1971,P-2887,2026-06-30 17:00:00,completed
V-3430,A-1972,P-1350,2026-07-12 09:00:00,completed
V-3431,A-1972,P-2537,2026-07-16 10:00:00,completed
V-3432,A-1972,P-2331,2026-05-11 16:00:00,completed
V-3433,A-1972,P-1864,2026-05-29 13:00:00,completed
V-3434,A-1972,P-1181,2026-07-21 17:00:00,completed
V-3435,A-1972,P-1924,2026-07-04 16:00:00,completed
V-3436,A-1972,P-2775,2026-07-08 17:00:00,completed
V-3437,A-1972,P-2792,2026-06-06 13:00:00,completed
V-3438,A-1973,P-2765,2026-06-17 13:00:00,completed
V-3439,A-1973,P-2871,2026-06-05 10:00:00,completed
V-3440,A-1973,P-1465,2026-05-22 12:00:00,completed
V-3441,A-1973,P-2306,2026-06-14 16:00:00,completed
V-3442,A-1974,P-2914,2026-07-10 10:00:00,completed
V-3443,A-1974,P-1040,2026-05-17 10:00:00,cancelled
V-3444,A-1975,P-1858,2026-05-10 11:00:00,cancelled
V-3445,A-1975,P-2010,2026-05-20 11:00:00,completed
V-3446,A-1975,P-2899,2026-05-06 13:00:00,completed
V-3447,A-1976,P-2216,2026-07-25 14:00:00,completed
V-3448,A-1976,P-1478,2026-08-09 12:00:00,completed
V-3449,A-1976,P-2287,2026-08-03 10:00:00,cancelled
V-3450,A-1976,P-2190,2026-08-11 16:00:00,completed
V-3451,A-1977,P-2143,2026-07-30 13:00:00,completed
V-3452,A-1978,P-2356,2026-07-31 11:00:00,completed
V-3453,A-1978,P-1461,2026-07-08 12:00:00,completed
V-3454,A-1978,P-1270,2026-08-06 13:00:00,completed
V-3455,A-1978,P-2845,2026-07-15 11:00:00,completed
V-3456,A-1978,P-2856,2026-06-12 15:00:00,completed
V-3457,A-1979,P-1176,2026-06-06 14:00:00,cancelled
V-3458,A-1979,P-2107,2026-05-25 10:00:00,completed
V-3459,A-1979,P-2103,2026-06-23 13:00:00,completed
V-3460,A-1980,P-2462,2026-07-18 13:00:00,completed
V-3461,A-1980,P-2932,2026-07-22 15:00:00,completed
V-3462,A-1980,P-2974,2026-08-11 12:00:00,completed
V-3463,A-1980,P-2670,2026-07-09 10:00:00,completed
V-3464,A-1980,P-1592,2026-07-08 09:00:00,completed
V-3465,A-1980,P-2787,2026-07-15 17:00:00,completed
V-3466,A-1980,P-2889,2026-06-21 13:00:00,completed
V-3467,A-1982,P-1710,2026-08-02 14:00:00,completed
V-3468,A-1982,P-2814,2026-06-28 13:00:00,cancelled
V-3469,A-1982,P-1216,2026-06-01 15:00:00,completed
V-3470,A-1982,P-2146,2026-05-25 14:00:00,completed
V-3471,A-1982,P-2669,2026-06-09 12:00:00,completed
V-3472,A-1982,P-1953,2026-07-10 11:00:00,completed
V-3473,A-1982,P-2415,2026-07-03 10:00:00,completed
V-3474,A-1983,P-1852,2026-07-01 14:00:00,completed
V-3475,A-1983,P-1801,2026-06-05 11:00:00,completed
V-3476,A-1983,P-2609,2026-06-06 09:00:00,completed
V-3477,A-1983,P-1275,2026-08-08 10:00:00,completed
V-3478,A-1983,P-2881,2026-05-26 17:00:00,completed
V-3479,A-1983,P-2842,2026-08-10 10:00:00,completed
V-3480,A-1983,P-1910,2026-07-21 15:00:00,completed
V-3481,A-1984,P-1992,2026-05-29 09:00:00,completed
V-3482,A-1985,P-1342,2026-05-29 11:00:00,cancelled
V-3483,A-1985,P-2950,2026-08-07 14:00:00,completed
V-3484,A-1985,P-2055,2026-08-01 15:00:00,completed
V-3485,A-1985,P-1796,2026-08-06 16:00:00,completed
V-3486,A-1985,P-2085,2026-06-06 17:00:00,completed
V-3487,A-1986,P-1664,2026-05-19 15:00:00,completed
V-3488,A-1986,P-1388,2026-05-24 15:00:00,completed
V-3489,A-1986,P-2426,2026-05-13 11:00:00,completed
V-3490,A-1987,P-1059,2026-07-02 17:00:00,completed
V-3491,A-1987,P-1635,2026-07-16 13:00:00,completed
V-3492,A-1987,P-2656,2026-06-30 16:00:00,completed
V-3493,A-1987,P-2848,2026-07-17 12:00:00,completed
V-3494,A-1987,P-2029,2026-06-12 14:00:00,completed
V-3495,A-1988,P-2922,2026-06-20 13:00:00,completed
V-3496,A-1988,P-1715,2026-06-09 15:00:00,completed
V-3497,A-1989,P-1591,2026-07-15 12:00:00,completed
V-3498,A-1989,P-1359,2026-07-09 13:00:00,completed
V-3499,A-1989,P-2802,2026-05-18 09:00:00,completed
V-3500,A-1990,P-2259,2026-06-01 09:00:00,completed
V-3501,A-1990,P-2372,2026-06-04 17:00:00,completed
V-3502,A-1990,P-2889,2026-08-16 16:00:00,completed
V-3503,A-1990,P-1726,2026-05-31 11:00:00,completed
V-3504,A-1990,P-1972,2026-07-14 16:00:00,completed
V-3505,A-1990,P-1136,2026-05-10 13:00:00,cancelled
V-3506,A-1990,P-1975,2026-06-24 10:00:00,completed
V-3507,A-1991,P-1950,2026-07-13 11:00:00,completed
V-3508,A-1991,P-2096,2026-05-18 13:00:00,completed
V-3509,A-1991,P-2011,2026-07-03 11:00:00,completed
V-3510,A-1991,P-1700,2026-05-19 11:00:00,cancelled
V-3511,A-1991,P-1530,2026-07-22 09:00:00,completed
V-3512,A-1991,P-1031,2026-07-22 12:00:00,completed
V-3513,A-1992,P-2256,2026-07-03 15:00:00,completed
V-3514,A-1992,P-2361,2026-07-18 09:00:00,completed
V-3515,A-1992,P-1804,2026-06-18 15:00:00,completed
V-3516,A-1992,P-2005,2026-08-05 14:00:00,completed
V-3517,A-1993,P-1973,2026-05-31 16:00:00,completed
V-3518,A-1993,P-1598,2026-05-04 16:00:00,cancelled
V-3519,A-1993,P-1391,2026-06-17 09:00:00,completed
V-3520,A-1993,P-2536,2026-07-03 17:00:00,cancelled
V-3521,A-1994,P-1447,2026-05-26 17:00:00,completed
V-3522,A-1994,P-2408,2026-07-06 10:00:00,cancelled
V-3523,A-1994,P-2362,2026-07-30 09:00:00,completed
V-3524,A-1995,P-1641,2026-06-09 09:00:00,completed
V-3525,A-1995,P-1161,2026-08-14 09:00:00,completed
V-3526,A-1996,P-2535,2026-05-23 16:00:00,completed
V-3527,A-1996,P-1183,2026-07-01 09:00:00,completed
V-3528,A-1997,P-2730,2026-06-25 17:00:00,completed
V-3529,A-1997,P-1166,2026-07-27 17:00:00,completed
V-3530,A-1997,P-2572,2026-07-12 09:00:00,completed
V-3531,A-1998,P-2040,2026-06-26 11:00:00,completed
V-3532,A-1999,P-1227,2026-06-07 17:00:00,completed
V-3533,A-1999,P-2870,2026-06-23 11:00:00,cancelled
V-3534,A-1999,P-1730,2026-07-15 14:00:00,completed
